model_type,curve_type,class_name,precision,recall,samples_per_class,fold
RandomForest,per_class,B,0.11271133375078271,1.0,30,5
RandomForest,per_class,B,0.12276844938028275,0.9996913580246913,30,5
RandomForest,per_class,B,0.1375589447300225,0.9993827160493827,30,5
RandomForest,per_class,B,0.15452591354191544,0.9984567901234568,30,5
RandomForest,per_class,B,0.17340916407339843,0.9975308641975309,30,5
RandomForest,per_class,B,0.1931892991800826,0.9962962962962963,30,5
RandomForest,per_class,B,0.21272378939023584,0.9938271604938271,30,5
RandomForest,per_class,B,0.23252610208816704,0.9898148148148148,30,5
RandomForest,per_class,B,0.25220820189274445,0.987037037037037,30,5
RandomForest,per_class,B,0.2714735677194177,0.9842592592592593,30,5
RandomForest,per_class,B,0.28936131552648314,0.9830246913580247,30,5
RandomForest,per_class,B,0.3064096385542169,0.9811728395061728,30,5
RandomForest,per_class,B,0.3204609785685402,0.9783950617283951,30,5
RandomForest,per_class,B,0.3353509610279282,0.9746913580246913,30,5
RandomForest,per_class,B,0.34870317002881845,0.9709876543209877,30,5
RandomForest,per_class,B,0.36153757358882604,0.9666666666666667,30,5
RandomForest,per_class,B,0.3746543224720452,0.9617283950617284,30,5
RandomForest,per_class,B,0.38467271146441434,0.9558641975308642,30,5
RandomForest,per_class,B,0.3957102491651682,0.950925925925926,30,5
RandomForest,per_class,B,0.40658904472082563,0.9484567901234567,30,5
RandomForest,per_class,B,0.4160991555434487,0.9429012345679012,30,5
RandomForest,per_class,B,0.42843040473840077,0.9376543209876543,30,5
RandomForest,per_class,B,0.4379973954565186,0.9342592592592592,30,5
RandomForest,per_class,B,0.4472980997624703,0.9299382716049382,30,5
RandomForest,per_class,B,0.4561083219230184,0.9253086419753086,30,5
RandomForest,per_class,B,0.4650398873768184,0.9175925925925926,30,5
RandomForest,per_class,B,0.4739625060086525,0.912962962962963,30,5
RandomForest,per_class,B,0.48192376901684936,0.9092592592592592,30,5
RandomForest,per_class,B,0.4899699097291876,0.9046296296296297,30,5
RandomForest,per_class,B,0.49701619778346123,0.8996913580246914,30,5
RandomForest,per_class,B,0.504087667420421,0.8944444444444445,30,5
RandomForest,per_class,B,0.5121821091943802,0.8888888888888888,30,5
RandomForest,per_class,B,0.518920876335325,0.8845679012345679,30,5
RandomForest,per_class,B,0.5254518627812615,0.879320987654321,30,5
RandomForest,per_class,B,0.5306466729147141,0.8737654320987654,30,5
RandomForest,per_class,B,0.5365946875597172,0.8666666666666667,30,5
RandomForest,per_class,B,0.5429961089494163,0.8614197530864197,30,5
RandomForest,per_class,B,0.5507533703409992,0.8574074074074074,30,5
RandomForest,per_class,B,0.5563167439048963,0.8521604938271605,30,5
RandomForest,per_class,B,0.5611555009219422,0.8453703703703703,30,5
RandomForest,per_class,B,0.5680917622523461,0.8407407407407408,30,5
RandomForest,per_class,B,0.5744364100382816,0.8336419753086419,30,5
RandomForest,per_class,B,0.5791639592809184,0.8253086419753086,30,5
RandomForest,per_class,B,0.5848558221439577,0.8200617283950618,30,5
RandomForest,per_class,B,0.5917955615332885,0.8148148148148148,30,5
RandomForest,per_class,B,0.5959137343927355,0.8101851851851852,30,5
RandomForest,per_class,B,0.6009681881051175,0.8046296296296296,30,5
RandomForest,per_class,B,0.6046783625730994,0.7978395061728395,30,5
RandomForest,per_class,B,0.6095759885659838,0.7898148148148149,30,5
RandomForest,per_class,B,0.6146412176854312,0.7851851851851852,30,5
RandomForest,per_class,B,0.6180572547100562,0.7796296296296297,30,5
RandomForest,per_class,B,0.6225149105367793,0.7731481481481481,30,5
RandomForest,per_class,B,0.627046084109796,0.7685185185185185,30,5
RandomForest,per_class,B,0.6312963436461263,0.7620370370370371,30,5
RandomForest,per_class,B,0.6350478159731197,0.7583333333333333,30,5
RandomForest,per_class,B,0.64080988693137,0.7521604938271605,30,5
RandomForest,per_class,B,0.6459727053786459,0.7450617283950617,30,5
RandomForest,per_class,B,0.6520555404301661,0.7391975308641975,30,5
RandomForest,per_class,B,0.6560773480662984,0.7330246913580247,30,5
RandomForest,per_class,B,0.6606691031768344,0.7253086419753086,30,5
RandomForest,per_class,B,0.6659982812947579,0.7175925925925926,30,5
RandomForest,per_class,B,0.6710258645742516,0.7126543209876544,30,5
RandomForest,per_class,B,0.6751254057244025,0.7061728395061728,30,5
RandomForest,per_class,B,0.6795795795795796,0.6984567901234567,30,5
RandomForest,per_class,B,0.6832468721391517,0.6910493827160494,30,5
RandomForest,per_class,B,0.6863777089783282,0.6842592592592592,30,5
RandomForest,per_class,B,0.6913385826771653,0.6774691358024691,30,5
RandomForest,per_class,B,0.6949314631813834,0.6728395061728395,30,5
RandomForest,per_class,B,0.701400195376099,0.6648148148148149,30,5
RandomForest,per_class,B,0.7063492063492064,0.6592592592592592,30,5
RandomForest,per_class,B,0.7119784656796769,0.6530864197530865,30,5
RandomForest,per_class,B,0.7152611812905428,0.6466049382716049,30,5
RandomForest,per_class,B,0.7186958029830038,0.6395061728395062,30,5
RandomForest,per_class,B,0.7220063581773225,0.6308641975308642,30,5
RandomForest,per_class,B,0.725314183123878,0.6234567901234568,30,5
RandomForest,per_class,B,0.7316270566727605,0.6175925925925926,30,5
RandomForest,per_class,B,0.7371364653243848,0.6101851851851852,30,5
RandomForest,per_class,B,0.7418498862774829,0.6040123456790123,30,5
RandomForest,per_class,B,0.7452866487110427,0.5978395061728395,30,5
RandomForest,per_class,B,0.7474509803921568,0.5882716049382716,30,5
RandomForest,per_class,B,0.7522088353413655,0.5780864197530864,30,5
RandomForest,per_class,B,0.7552104617899469,0.5703703703703704,30,5
RandomForest,per_class,B,0.758347245409015,0.5608024691358025,30,5
RandomForest,per_class,B,0.7612383375742154,0.5540123456790124,30,5
RandomForest,per_class,B,0.7638948728996122,0.5472222222222223,30,5
RandomForest,per_class,B,0.7668711656441718,0.5401234567901234,30,5
RandomForest,per_class,B,0.7703005832211754,0.5299382716049382,30,5
RandomForest,per_class,B,0.7748858447488585,0.5237654320987655,30,5
RandomForest,per_class,B,0.7777262180974478,0.5172839506172839,30,5
RandomForest,per_class,B,0.7828139754485364,0.5117283950617284,30,5
RandomForest,per_class,B,0.7833173537871524,0.504320987654321,30,5
RandomForest,per_class,B,0.7895762299074525,0.5003086419753087,30,5
RandomForest,per_class,B,0.7936507936507936,0.49382716049382713,30,5
RandomForest,per_class,B,0.7974683544303798,0.4861111111111111,30,5
RandomForest,per_class,B,0.8047520661157025,0.4808641975308642,30,5
RandomForest,per_class,B,0.8054823405376911,0.47160493827160493,30,5
RandomForest,per_class,B,0.8099084544964997,0.4641975308641975,30,5
RandomForest,per_class,B,0.8154269972451791,0.4567901234567901,30,5
RandomForest,per_class,B,0.8174204355108877,0.45185185185185184,30,5
RandomForest,per_class,B,0.8193732193732194,0.44382716049382714,30,5
RandomForest,per_class,B,0.8226744186046512,0.4367283950617284,30,5
RandomForest,per_class,B,0.8281622911694511,0.4283950617283951,30,5
RandomForest,per_class,B,0.8324192565508836,0.42160493827160495,30,5
RandomForest,per_class,B,0.8338480543545398,0.4166666666666667,30,5
RandomForest,per_class,B,0.8399495904221802,0.41141975308641976,30,5
RandomForest,per_class,B,0.8419023136246787,0.404320987654321,30,5
RandomForest,per_class,B,0.8462557985420809,0.3941358024691358,30,5
RandomForest,per_class,B,0.8500340831629175,0.3848765432098765,30,5
RandomForest,per_class,B,0.8557422969187675,0.3771604938271605,30,5
RandomForest,per_class,B,0.8589835361488904,0.37037037037037035,30,5
RandomForest,per_class,B,0.8635693215339233,0.36141975308641977,30,5
RandomForest,per_class,B,0.865909090909091,0.3527777777777778,30,5
RandomForest,per_class,B,0.8714953271028038,0.3453703703703704,30,5
RandomForest,per_class,B,0.8734987990392313,0.3367283950617284,30,5
RandomForest,per_class,B,0.8758223684210527,0.3287037037037037,30,5
RandomForest,per_class,B,0.8746824724809483,0.31882716049382714,30,5
RandomForest,per_class,B,0.8767482517482518,0.3095679012345679,30,5
RandomForest,per_class,B,0.8801431127012522,0.3037037037037037,30,5
RandomForest,per_class,B,0.8898225957049486,0.2941358024691358,30,5
RandomForest,per_class,B,0.8931665062560153,0.28641975308641976,30,5
RandomForest,per_class,B,0.8972332015810277,0.2802469135802469,30,5
RandomForest,per_class,B,0.9035897435897436,0.2719135802469136,30,5
RandomForest,per_class,B,0.9046610169491526,0.26358024691358023,30,5
RandomForest,per_class,B,0.906318082788671,0.25679012345679014,30,5
RandomForest,per_class,B,0.9103291713961408,0.24753086419753087,30,5
RandomForest,per_class,B,0.9131985731272295,0.23703703703703705,30,5
RandomForest,per_class,B,0.9211514392991239,0.2271604938271605,30,5
RandomForest,per_class,B,0.9283819628647215,0.21604938271604937,30,5
RandomForest,per_class,B,0.9279778393351801,0.20679012345679013,30,5
RandomForest,per_class,B,0.9289772727272727,0.20185185185185187,30,5
RandomForest,per_class,B,0.9316493313521546,0.1935185185185185,30,5
RandomForest,per_class,B,0.9390625,0.18549382716049384,30,5
RandomForest,per_class,B,0.9426229508196722,0.17746913580246915,30,5
RandomForest,per_class,B,0.9468267581475128,0.17037037037037037,30,5
RandomForest,per_class,B,0.9475587703435805,0.1617283950617284,30,5
RandomForest,per_class,B,0.9483747609942639,0.15308641975308643,30,5
RandomForest,per_class,B,0.9484126984126984,0.14753086419753086,30,5
RandomForest,per_class,B,0.9558823529411765,0.1404320987654321,30,5
RandomForest,per_class,B,0.9598214285714286,0.13271604938271606,30,5
RandomForest,per_class,B,0.9571428571428572,0.12407407407407407,30,5
RandomForest,per_class,B,0.9577114427860697,0.11882716049382716,30,5
RandomForest,per_class,B,0.9652406417112299,0.11141975308641976,30,5
RandomForest,per_class,B,0.9661971830985916,0.10586419753086419,30,5
RandomForest,per_class,B,0.9700598802395209,0.1,30,5
RandomForest,per_class,B,0.9743589743589743,0.09382716049382717,30,5
RandomForest,per_class,B,0.9759450171821306,0.08765432098765433,30,5
RandomForest,per_class,B,0.9737827715355806,0.08024691358024691,30,5
RandomForest,per_class,B,0.9714285714285714,0.0734567901234568,30,5
RandomForest,per_class,B,0.9821428571428571,0.06790123456790123,30,5
RandomForest,per_class,B,1.0,0.062037037037037036,30,5
RandomForest,per_class,B,1.0,0.05648148148148148,30,5
RandomForest,per_class,B,1.0,0.05185185185185185,30,5
RandomForest,per_class,B,1.0,0.04845679012345679,30,5
RandomForest,per_class,B,1.0,0.043209876543209874,30,5
RandomForest,per_class,B,1.0,0.03827160493827161,30,5
RandomForest,per_class,B,1.0,0.03302469135802469,30,5
RandomForest,per_class,B,1.0,0.030246913580246913,30,5
RandomForest,per_class,B,1.0,0.027777777777777776,30,5
RandomForest,per_class,B,1.0,0.023765432098765433,30,5
RandomForest,per_class,B,1.0,0.019753086419753086,30,5
RandomForest,per_class,B,1.0,0.016358024691358025,30,5
RandomForest,per_class,B,1.0,0.013271604938271606,30,5
RandomForest,per_class,B,1.0,0.012037037037037037,30,5
RandomForest,per_class,B,1.0,0.011419753086419753,30,5
RandomForest,per_class,B,1.0,0.008950617283950617,30,5
RandomForest,per_class,B,1.0,0.0070987654320987656,30,5
RandomForest,per_class,B,1.0,0.0049382716049382715,30,5
RandomForest,per_class,B,1.0,0.004320987654320987,30,5
RandomForest,per_class,B,1.0,0.0033950617283950617,30,5
RandomForest,per_class,B,1.0,0.0030864197530864196,30,5
RandomForest,per_class,B,1.0,0.0021604938271604936,30,5
RandomForest,per_class,B,1.0,0.0015432098765432098,30,5
RandomForest,per_class,B,1.0,0.0006172839506172839,30,5
RandomForest,per_class,B,1.0,0.00030864197530864197,30,5
RandomForest,per_class,B,1.0,0.0,30,5
RandomForest,per_class,CD4 T,0.26076671536909485,1.0,30,5
RandomForest,per_class,CD4 T,0.26761870760442696,1.0,30,5
RandomForest,per_class,CD4 T,0.2786519361678384,0.999332977588047,30,5
RandomForest,per_class,CD4 T,0.2913747470029581,0.9986659551760939,30,5
RandomForest,per_class,CD4 T,0.3064741117584311,0.9965314834578441,30,5
RandomForest,per_class,CD4 T,0.3226449432359823,0.9933297758804696,30,5
RandomForest,per_class,CD4 T,0.3393085787451985,0.9898612593383138,30,5
RandomForest,per_class,CD4 T,0.3567017272990447,0.9862593383137673,30,5
RandomForest,per_class,CD4 T,0.3751085235687656,0.9798559231590181,30,5
RandomForest,per_class,CD4 T,0.3934903271002856,0.974119530416222,30,5
RandomForest,per_class,CD4 T,0.4113205404791643,0.9665154749199573,30,5
RandomForest,per_class,CD4 T,0.4298355754857997,0.9590448239060833,30,5
RandomForest,per_class,CD4 T,0.44891270091396157,0.9501067235859125,30,5
RandomForest,per_class,CD4 T,0.4701383346634743,0.9430362860192102,30,5
RandomForest,per_class,CD4 T,0.48965324384787473,0.9343649946638207,30,5
RandomForest,per_class,CD4 T,0.5098457016899338,0.9256937033084311,30,5
RandomForest,per_class,CD4 T,0.5293936120968986,0.9154215581643543,30,5
RandomForest,per_class,CD4 T,0.5481445549357264,0.9044823906083245,30,5
RandomForest,per_class,CD4 T,0.567336214933469,0.8930096051227321,30,5
RandomForest,per_class,CD4 T,0.5852212389380531,0.8822038420490929,30,5
RandomForest,per_class,CD4 T,0.603180473372781,0.8703308431163287,30,5
RandomForest,per_class,CD4 T,0.6183095879861379,0.8568569903948773,30,5
RandomForest,per_class,CD4 T,0.6323794276565939,0.8431163287086446,30,5
RandomForest,per_class,CD4 T,0.646099511789758,0.8297758804695837,30,5
RandomForest,per_class,CD4 T,0.660271610260832,0.8172358591248666,30,5
RandomForest,per_class,CD4 T,0.6708607059347511,0.8037620064034151,30,5
RandomForest,per_class,CD4 T,0.6841618497109827,0.78948772678762,30,5
RandomForest,per_class,CD4 T,0.6971223021582734,0.7756136606189968,30,5
RandomForest,per_class,CD4 T,0.7087523277467411,0.7616061899679829,30,5
RandomForest,per_class,CD4 T,0.7193792484288829,0.7482657417289221,30,5
RandomForest,per_class,CD4 T,0.7326153437042946,0.7350586979722519,30,5
RandomForest,per_class,CD4 T,0.7430067521014193,0.7193169690501601,30,5
RandomForest,per_class,CD4 T,0.7539558089807555,0.7055763073639274,30,5
RandomForest,per_class,CD4 T,0.7644980865469532,0.6929028815368197,30,5
RandomForest,per_class,CD4 T,0.7731284236153378,0.6778281750266809,30,5
RandomForest,per_class,CD4 T,0.7824716267339218,0.6622198505869797,30,5
RandomForest,per_class,CD4 T,0.7932503276539974,0.6459445037353255,30,5
RandomForest,per_class,CD4 T,0.7978795018512286,0.6324706510138741,30,5
RandomForest,per_class,CD4 T,0.8044081916001389,0.6183297758804696,30,5
RandomForest,per_class,CD4 T,0.8087019057892845,0.6000533617929562,30,5
RandomForest,per_class,CD4 T,0.8150342529161266,0.5872465314834578,30,5
RandomForest,per_class,CD4 T,0.8211971025543271,0.5747065101387406,30,5
RandomForest,per_class,CD4 T,0.8286671924290221,0.5606990394877268,30,5
RandomForest,per_class,CD4 T,0.8345648604269293,0.5424226254002135,30,5
RandomForest,per_class,CD4 T,0.8387234042553191,0.525880469583778,30,5
RandomForest,per_class,CD4 T,0.8440246045694201,0.5125400213447172,30,5
RandomForest,per_class,CD4 T,0.849271402550091,0.49759871931696903,30,5
RandomForest,per_class,CD4 T,0.8526290969111059,0.4823906083244397,30,5
RandomForest,per_class,CD4 T,0.8564837299660029,0.4705176093916756,30,5
RandomForest,per_class,CD4 T,0.8608520292412403,0.4555763073639274,30,5
RandomForest,per_class,CD4 T,0.8659276854051201,0.4377001067235859,30,5
RandomForest,per_class,CD4 T,0.8683127572016461,0.42222518676627535,30,5
RandomForest,per_class,CD4 T,0.8708297690333618,0.4074172892209178,30,5
RandomForest,per_class,CD4 T,0.8734778734778734,0.3923425827107791,30,5
RandomForest,per_class,CD4 T,0.8774313059586292,0.37913553895410884,30,5
RandomForest,per_class,CD4 T,0.8784174975876488,0.36432764140875135,30,5
RandomForest,per_class,CD4 T,0.8807370184254606,0.3507203842049093,30,5
RandomForest,per_class,CD4 T,0.8827464788732394,0.3344450373532551,30,5
RandomForest,per_class,CD4 T,0.884643644379133,0.32123799359658484,30,5
RandomForest,per_class,CD4 T,0.8857252789534437,0.3070971184631804,30,5
RandomForest,per_class,CD4 T,0.8892929292929292,0.2936232657417289,30,5
RandomForest,per_class,CD4 T,0.890114552397115,0.27988260405549625,30,5
RandomForest,per_class,CD4 T,0.8935123042505593,0.26640875133404485,30,5
RandomForest,per_class,CD4 T,0.8971830985915493,0.2549359658484525,30,5
RandomForest,per_class,CD4 T,0.897587395371738,0.24319637139807898,30,5
RandomForest,per_class,CD4 T,0.8998435054773083,0.23012273212379936,30,5
RandomForest,per_class,CD4 T,0.8986856516976999,0.21891675560298826,30,5
RandomForest,per_class,CD4 T,0.8996519721577726,0.20691035218783352,30,5
RandomForest,per_class,CD4 T,0.8999393571861735,0.19797225186766276,30,5
RandomForest,per_class,CD4 T,0.9033909149072297,0.18836712913553896,30,5
RandomForest,per_class,CD4 T,0.9026666666666666,0.18062966915688367,30,5
RandomForest,per_class,CD4 T,0.9031802120141342,0.17049092849519745,30,5
RandomForest,per_class,CD4 T,0.9045488441461595,0.1618196371398079,30,5
RandomForest,per_class,CD4 T,0.9097444089456869,0.15194770544290287,30,5
RandomForest,per_class,CD4 T,0.9101694915254237,0.14327641408751335,30,5
RandomForest,per_class,CD4 T,0.9154545454545454,0.1343383137673426,30,5
RandomForest,per_class,CD4 T,0.9138431752178122,0.12593383137673425,30,5
RandomForest,per_class,CD4 T,0.9176225234619395,0.11739594450373532,30,5
RandomForest,per_class,CD4 T,0.9173184357541899,0.10952508004268943,30,5
RandomForest,per_class,CD4 T,0.9230769230769231,0.10245464247598719,30,5
RandomForest,per_class,CD4 T,0.9224904701397713,0.09685165421558165,30,5
RandomForest,per_class,CD4 T,0.9285714285714286,0.09018143009605123,30,5
RandomForest,per_class,CD4 T,0.9322533136966127,0.08444503735325506,30,5
RandomForest,per_class,CD4 T,0.9371069182389937,0.07950907150480256,30,5
RandomForest,per_class,CD4 T,0.9376053962900506,0.07417289220917823,30,5
RandomForest,per_class,CD4 T,0.9381818181818182,0.0688367129135539,30,5
RandomForest,per_class,CD4 T,0.9381044487427466,0.06470117395944504,30,5
RandomForest,per_class,CD4 T,0.9414225941422594,0.06003201707577375,30,5
RandomForest,per_class,CD4 T,0.945054945054945,0.05736392742796158,30,5
RandomForest,per_class,CD4 T,0.9498806682577565,0.05309498399146211,30,5
RandomForest,per_class,CD4 T,0.9448818897637795,0.048025613660619,30,5
RandomForest,per_class,CD4 T,0.9449275362318841,0.04348986125933831,30,5
RandomForest,per_class,CD4 T,0.9446254071661238,0.03868729989327641,30,5
RandomForest,per_class,CD4 T,0.9479166666666666,0.03641942369263607,30,5
RandomForest,per_class,CD4 T,0.9442379182156134,0.03388473852721451,30,5
RandomForest,per_class,CD4 T,0.943089430894309,0.030949839914621132,30,5
RandomForest,per_class,CD4 T,0.9457013574660633,0.02788153681963714,30,5
RandomForest,per_class,CD4 T,0.9405940594059405,0.02534685165421558,30,5
RandomForest,per_class,CD4 T,0.946524064171123,0.023612593383137672,30,5
RandomForest,per_class,CD4 T,0.9590643274853801,0.021878335112059766,30,5
RandomForest,per_class,CD4 T,0.9536423841059603,0.0192102454642476,30,5
RandomForest,per_class,CD4 T,0.9485294117647058,0.017209178228388473,30,5
RandomForest,per_class,CD4 T,0.944,0.01574172892209178,30,5
RandomForest,per_class,CD4 T,0.9391304347826087,0.0144076840981857,30,5
RandomForest,per_class,CD4 T,0.9313725490196079,0.01267342582710779,30,5
RandomForest,per_class,CD4 T,0.9195402298850575,0.010672358591248666,30,5
RandomForest,per_class,CD4 T,0.9178082191780822,0.008938100320170757,30,5
RandomForest,per_class,CD4 T,0.9104477611940298,0.008137673425827108,30,5
RandomForest,per_class,CD4 T,0.9166666666666666,0.0073372465314834575,30,5
RandomForest,per_class,CD4 T,0.9230769230769231,0.0064034151547491995,30,5
RandomForest,per_class,CD4 T,0.9166666666666666,0.005869797225186766,30,5
RandomForest,per_class,CD4 T,0.9047619047619048,0.005069370330843116,30,5
RandomForest,per_class,CD4 T,0.8947368421052632,0.004535752401280683,30,5
RandomForest,per_class,CD4 T,0.9285714285714286,0.0034685165421558164,30,5
RandomForest,per_class,CD4 T,0.9166666666666666,0.002934898612593383,30,5
RandomForest,per_class,CD4 T,0.9047619047619048,0.002534685165421558,30,5
RandomForest,per_class,CD4 T,0.9444444444444444,0.0022678762006403414,30,5
RandomForest,per_class,CD4 T,0.9230769230769231,0.0016008537886872999,30,5
RandomForest,per_class,CD4 T,0.875,0.0009338313767342582,30,5
RandomForest,per_class,CD4 T,1.0,0.0005336179295624333,30,5
RandomForest,per_class,CD4 T,1.0,0.00026680896478121667,30,5
RandomForest,per_class,CD4 T,1.0,0.00013340448239060833,30,5
RandomForest,per_class,CD4 T,1.0,0.0,30,5
RandomForest,per_class,CD8 T,0.12224309469143534,1.0,30,5
RandomForest,per_class,CD8 T,0.1382267327511604,1.0,30,5
RandomForest,per_class,CD8 T,0.15594905250077665,1.0,30,5
RandomForest,per_class,CD8 T,0.17380551983381146,1.0,30,5
RandomForest,per_class,CD8 T,0.1919838145231846,0.9991462720546386,30,5
RandomForest,per_class,CD8 T,0.20997485331098073,0.99800796812749,30,5
RandomForest,per_class,CD8 T,0.22846515270164447,0.9963005122367672,30,5
RandomForest,per_class,CD8 T,0.24735984123609045,0.9931701764371087,30,5
RandomForest,per_class,CD8 T,0.2677898299869221,0.9906089926010244,30,5
RandomForest,per_class,CD8 T,0.28884080885412333,0.9877632327831531,30,5
RandomForest,per_class,CD8 T,0.31024582809976675,0.9840637450199203,30,5
RandomForest,per_class,CD8 T,0.33482664589014416,0.9783722253841776,30,5
RandomForest,per_class,CD8 T,0.36091177712114814,0.9732498577120091,30,5
RandomForest,per_class,CD8 T,0.3873279490387897,0.9689812179852021,30,5
RandomForest,per_class,CD8 T,0.4124012158054711,0.9652817302219693,30,5
RandomForest,per_class,CD8 T,0.43950039032006244,0.9612976664769494,30,5
RandomForest,per_class,CD8 T,0.46538355026308503,0.956459874786568,30,5
RandomForest,per_class,CD8 T,0.4914033798677443,0.9516220830961867,30,5
RandomForest,per_class,CD8 T,0.5154942671211652,0.9467842914058053,30,5
RandomForest,per_class,CD8 T,0.5367515820217427,0.9413773477518498,30,5
RandomForest,per_class,CD8 T,0.5593680992016307,0.9371087080250426,30,5
RandomForest,per_class,CD8 T,0.5810402982424996,0.9314171883893,30,5
RandomForest,per_class,CD8 T,0.5988222304011778,0.9260102447353443,30,5
RandomForest,per_class,CD8 T,0.615955826351866,0.9206033010813888,30,5
RandomForest,per_class,CD8 T,0.6361660079051383,0.9160500853727945,30,5
RandomForest,per_class,CD8 T,0.6541445487954267,0.9117814456459875,30,5
RandomForest,per_class,CD8 T,0.6689741976085588,0.9075128059191804,30,5
RandomForest,per_class,CD8 T,0.6838362068965518,0.9029595902105862,30,5
RandomForest,per_class,CD8 T,0.6974324922532094,0.8966989186112692,30,5
RandomForest,per_class,CD8 T,0.7089180624717066,0.8912919749573136,30,5
RandomForest,per_class,CD8 T,0.7199630314232902,0.8867387592487194,30,5
RandomForest,per_class,CD8 T,0.7285983066792098,0.8816163915765509,30,5
RandomForest,per_class,CD8 T,0.7384320306880844,0.8764940239043825,30,5
RandomForest,per_class,CD8 T,0.7471320478398829,0.8710870802504269,30,5
RandomForest,per_class,CD8 T,0.7531629868518978,0.8639726807057484,30,5
RandomForest,per_class,CD8 T,0.7617966187231895,0.859134889015367,30,5
RandomForest,per_class,CD8 T,0.7687179487179487,0.8531587933978372,30,5
RandomForest,per_class,CD8 T,0.7766510660426417,0.8500284575981787,30,5
RandomForest,per_class,CD8 T,0.7834697649854766,0.8443369379624359,30,5
RandomForest,per_class,CD8 T,0.787046908315565,0.840352874217416,30,5
RandomForest,per_class,CD8 T,0.7941176470588235,0.8375071143995447,30,5
RandomForest,per_class,CD8 T,0.8002739726027397,0.8312464428002276,30,5
RandomForest,per_class,CD8 T,0.804149377593361,0.8272623790552077,30,5
RandomForest,per_class,CD8 T,0.8097506304286916,0.8224245873648264,30,5
RandomForest,per_class,CD8 T,0.8164772727272728,0.8178713716562322,30,5
RandomForest,per_class,CD8 T,0.821110152430256,0.8124644280022766,30,5
RandomForest,per_class,CD8 T,0.8289473684210527,0.8067729083665338,30,5
RandomForest,per_class,CD8 T,0.8308780200353565,0.8025042686397268,30,5
RandomForest,per_class,CD8 T,0.8343777976723367,0.7956744450768355,30,5
RandomForest,per_class,CD8 T,0.8389140271493213,0.7914058053500285,30,5
RandomForest,per_class,CD8 T,0.841897233201581,0.7879908935685828,30,5
RandomForest,per_class,CD8 T,0.8485969781066913,0.7831531018782015,30,5
RandomForest,per_class,CD8 T,0.8522443890274314,0.778030734206033,30,5
RandomForest,per_class,CD8 T,0.8575039494470774,0.7723392145702903,30,5
RandomForest,per_class,CD8 T,0.8615828260173022,0.7652248150256118,30,5
RandomForest,per_class,CD8 T,0.8628275638951796,0.7589641434262948,30,5
RandomForest,per_class,CD8 T,0.8668852459016393,0.7524188958451906,30,5
RandomForest,per_class,CD8 T,0.8706038487060385,0.746727376209448,30,5
RandomForest,per_class,CD8 T,0.8747901980530379,0.7416050085372795,30,5
RandomForest,per_class,CD8 T,0.8787878787878788,0.734490608992601,30,5
RandomForest,per_class,CD8 T,0.8826777087646653,0.7279453614114969,30,5
RandomForest,per_class,CD8 T,0.8876836948915325,0.721969265793967,30,5
RandomForest,per_class,CD8 T,0.8918439716312057,0.7157085941946499,30,5
RandomForest,per_class,CD8 T,0.8927161822748475,0.7080250426863973,30,5
RandomForest,per_class,CD8 T,0.8939558450959102,0.7029026750142288,30,5
RandomForest,per_class,CD8 T,0.8980564723138981,0.6969265793966989,30,5
RandomForest,per_class,CD8 T,0.9004827330115113,0.6900967558338076,30,5
RandomForest,per_class,CD8 T,0.9041509433962264,0.6818440523619806,30,5
RandomForest,per_class,CD8 T,0.9055449330783939,0.6738759248719408,30,5
RandomForest,per_class,CD8 T,0.9079968944099379,0.6656232214001139,30,5
RandomForest,per_class,CD8 T,0.9111285882815572,0.6593625498007968,30,5
RandomForest,per_class,CD8 T,0.9125748502994012,0.6505406943653955,30,5
RandomForest,per_class,CD8 T,0.9161603888213852,0.6437108708025042,30,5
RandomForest,per_class,CD8 T,0.9181743421052632,0.6354581673306773,30,5
RandomForest,per_class,CD8 T,0.9200836820083682,0.6257825839499146,30,5
RandomForest,per_class,CD8 T,0.9224872231686542,0.6163915765509391,30,5
RandomForest,per_class,CD8 T,0.9265341400172861,0.610130904951622,30,5
RandomForest,per_class,CD8 T,0.9280670785525155,0.5984632896983495,30,5
RandomForest,per_class,CD8 T,0.9301487156376747,0.5873648264086511,30,5
RandomForest,per_class,CD8 T,0.9310344827586207,0.5762663631189527,30,5
RandomForest,per_class,CD8 T,0.9330837622835751,0.5674445076835515,30,5
RandomForest,per_class,CD8 T,0.9350835322195704,0.5574843483210017,30,5
RandomForest,per_class,CD8 T,0.9374090247452693,0.549800796812749,30,5
RandomForest,per_class,CD8 T,0.9395740465577018,0.5398406374501992,30,5
RandomForest,per_class,CD8 T,0.9403437815975733,0.5293113261240752,30,5
RandomForest,per_class,CD8 T,0.9426059979317477,0.518782014797951,30,5
RandomForest,per_class,CD8 T,0.9466173361522199,0.5096755833807627,30,5
RandomForest,per_class,CD8 T,0.9462654486835035,0.5011383039271485,30,5
RandomForest,per_class,CD8 T,0.9473106476399561,0.49117814456459874,30,5
RandomForest,per_class,CD8 T,0.9491051454138703,0.48292544109277175,30,5
RandomForest,per_class,CD8 T,0.9508290451686678,0.4732498577120091,30,5
RandomForest,per_class,CD8 T,0.951518691588785,0.4635742743312464,30,5
RandomForest,per_class,CD8 T,0.953405017921147,0.4541832669322709,30,5
RandomForest,per_class,CD8 T,0.9558011049723757,0.4430848036425726,30,5
RandomForest,per_class,CD8 T,0.957286432160804,0.43369379624359705,30,5
RandomForest,per_class,CD8 T,0.9585760517799353,0.42145702902675014,30,5
RandomForest,per_class,CD8 T,0.9578947368421052,0.41434262948207173,30,5
RandomForest,per_class,CD8 T,0.9579158316633266,0.4080819578827547,30,5
RandomForest,per_class,CD8 T,0.9604095563139932,0.40039840637450197,30,5
RandomForest,per_class,CD8 T,0.9616457461645747,0.39243027888446214,30,5
RandomForest,per_class,CD8 T,0.9613457408732999,0.38218554354012524,30,5
RandomForest,per_class,CD8 T,0.9625275532696547,0.3727945361411497,30,5
RandomForest,per_class,CD8 T,0.9638009049773756,0.3636881047239613,30,5
RandomForest,per_class,CD8 T,0.9649532710280374,0.35258964143426297,30,5
RandomForest,per_class,CD8 T,0.9661290322580646,0.3409220261809903,30,5
RandomForest,per_class,CD8 T,0.9668874172185431,0.3323847467273762,30,5
RandomForest,per_class,CD8 T,0.9685374149659864,0.32413204325554923,30,5
RandomForest,per_class,CD8 T,0.9711033274956217,0.31559476380193513,30,5
RandomForest,per_class,CD8 T,0.972875226039783,0.3062037564029596,30,5
RandomForest,per_class,CD8 T,0.974671669793621,0.2956744450768355,30,5
RandomForest,per_class,CD8 T,0.9757045675413022,0.2857142857142857,30,5
RandomForest,per_class,CD8 T,0.9767206477732794,0.2746158224245874,30,5
RandomForest,per_class,CD8 T,0.9779874213836478,0.26550939100739895,30,5
RandomForest,per_class,CD8 T,0.978021978021978,0.2532726237905521,30,5
RandomForest,per_class,CD8 T,0.9804372842347526,0.24245873648264085,30,5
RandomForest,per_class,CD8 T,0.9810201660735468,0.23534433693796245,30,5
RandomForest,per_class,CD8 T,0.98125,0.22339214570290267,30,5
RandomForest,per_class,CD8 T,0.9805194805194806,0.21485486624928857,30,5
RandomForest,per_class,CD8 T,0.9806362378976486,0.20176437108708026,30,5
RandomForest,per_class,CD8 T,0.9811866859623734,0.192942515651679,30,5
RandomForest,per_class,CD8 T,0.9819548872180451,0.18582811610700056,30,5
RandomForest,per_class,CD8 T,0.9825396825396825,0.1761525327262379,30,5
RandomForest,per_class,CD8 T,0.9851239669421488,0.16960728514513376,30,5
RandomForest,per_class,CD8 T,0.9861111111111112,0.1616391576550939,30,5
RandomForest,per_class,CD8 T,0.9871559633027523,0.1531018782014798,30,5
RandomForest,per_class,CD8 T,0.9865125240847784,0.14570290267501423,30,5
RandomForest,per_class,CD8 T,0.9858870967741935,0.13915765509391007,30,5
RandomForest,per_class,CD8 T,0.9848156182212582,0.12919749573136027,30,5
RandomForest,per_class,CD8 T,0.9838709677419355,0.12151394422310757,30,5
RandomForest,per_class,CD8 T,0.9829683698296837,0.11496869664200342,30,5
RandomForest,per_class,CD8 T,0.9822335025380711,0.11013090495162209,30,5
RandomForest,per_class,CD8 T,0.9812834224598931,0.10443938531587935,30,5
RandomForest,per_class,CD8 T,0.9797687861271677,0.0964712578258395,30,5
RandomForest,per_class,CD8 T,0.9814241486068112,0.09021058622652248,30,5
RandomForest,per_class,CD8 T,0.9798657718120806,0.08309618668184406,30,5
RandomForest,per_class,CD8 T,0.9776951672862454,0.07484348321001708,30,5
RandomForest,per_class,CD8 T,0.9801587301587301,0.07029026750142288,30,5
RandomForest,per_class,CD8 T,0.9790794979079498,0.0665907797381901,30,5
RandomForest,per_class,CD8 T,0.9768518518518519,0.06004553215708594,30,5
RandomForest,per_class,CD8 T,0.98,0.055776892430278883,30,5
RandomForest,per_class,CD8 T,0.9781420765027322,0.050939100739897554,30,5
RandomForest,per_class,CD8 T,0.9757575757575757,0.045816733067729085,30,5
RandomForest,per_class,CD8 T,0.9803921568627451,0.042686397268070574,30,5
RandomForest,per_class,CD8 T,0.9782608695652174,0.03841775754126352,30,5
RandomForest,per_class,CD8 T,0.9767441860465116,0.035856573705179286,30,5
RandomForest,per_class,CD8 T,0.9747899159663865,0.033010813887307915,30,5
RandomForest,per_class,CD8 T,0.9716981132075472,0.029311326124075127,30,5
RandomForest,per_class,CD8 T,0.9696969696969697,0.02731929425156517,30,5
RandomForest,per_class,CD8 T,0.9655172413793104,0.02390438247011952,30,5
RandomForest,per_class,CD8 T,0.9605263157894737,0.020774046670461014,30,5
RandomForest,per_class,CD8 T,0.9558823529411765,0.018497438816163916,30,5
RandomForest,per_class,CD8 T,0.95,0.016220830961866817,30,5
RandomForest,per_class,CD8 T,0.9444444444444444,0.014513375071143995,30,5
RandomForest,per_class,CD8 T,0.9347826086956522,0.012236767216846899,30,5
RandomForest,per_class,CD8 T,0.9428571428571428,0.009391007398975526,30,5
RandomForest,per_class,CD8 T,0.9333333333333333,0.00796812749003984,30,5
RandomForest,per_class,CD8 T,0.96,0.006829823562891292,30,5
RandomForest,per_class,CD8 T,0.9473684210526315,0.005122367672168469,30,5
RandomForest,per_class,CD8 T,0.9333333333333333,0.00398406374501992,30,5
RandomForest,per_class,CD8 T,1.0,0.0028457598178713715,30,5
RandomForest,per_class,CD8 T,1.0,0.0025611838360842347,30,5
RandomForest,per_class,CD8 T,1.0,0.00199203187250996,30,5
RandomForest,per_class,CD8 T,1.0,0.0014228799089356858,30,5
RandomForest,per_class,CD8 T,1.0,0.0008537279453614115,30,5
RandomForest,per_class,CD8 T,1.0,0.0002845759817871372,30,5
RandomForest,per_class,CD8 T,1.0,0.0,30,5
RandomForest,per_class,DC,0.06703541362276491,1.0,30,5
RandomForest,per_class,DC,0.06855943359305511,1.0,30,5
RandomForest,per_class,DC,0.07182794095720889,1.0,30,5
RandomForest,per_class,DC,0.07677589093518297,0.9994810586403736,30,5
RandomForest,per_class,DC,0.08279157876609118,0.9979242345614946,30,5
RandomForest,per_class,DC,0.08967098797210651,0.99429164504411,30,5
RandomForest,per_class,DC,0.09722647088814113,0.9896211728074727,30,5
RandomForest,per_class,DC,0.10538888888888889,0.9844317592112092,30,5
RandomForest,per_class,DC,0.11538696849189355,0.9787234042553191,30,5
RandomForest,per_class,DC,0.12621293800539082,0.9719771665801764,30,5
RandomForest,per_class,DC,0.1383081615951194,0.9647119875454073,30,5
RandomForest,per_class,DC,0.14956777034741478,0.9517384535547483,30,5
RandomForest,per_class,DC,0.1633091592801504,0.9465490399584847,30,5
RandomForest,per_class,DC,0.17666015625,0.9387649195640893,30,5
RandomForest,per_class,DC,0.18983050847457628,0.9299429164504411,30,5
RandomForest,per_class,DC,0.2033976124885216,0.9195640892579139,30,5
RandomForest,per_class,DC,0.21796778190830235,0.9128178515827712,30,5
RandomForest,per_class,DC,0.23200213703753172,0.9014011416709912,30,5
RandomForest,per_class,DC,0.2470554438379776,0.892579138557343,30,5
RandomForest,per_class,DC,0.2601688411358404,0.879605604566684,30,5
RandomForest,per_class,DC,0.2766447368421053,0.8728593668915413,30,5
RandomForest,per_class,DC,0.2901762345140464,0.8629994810586403,30,5
RandomForest,per_class,DC,0.30492107706592386,0.8521017125064868,30,5
RandomForest,per_class,DC,0.31940357072787917,0.8448365334717177,30,5
RandomForest,per_class,DC,0.3346481212372846,0.8365334717176959,30,5
RandomForest,per_class,DC,0.3500439753737907,0.8261546445251686,30,5
RandomForest,per_class,DC,0.3666744566487497,0.8142189932537623,30,5
RandomForest,per_class,DC,0.38026089096726556,0.8017644006227296,30,5
RandomForest,per_class,DC,0.3944430018177097,0.7882719252724442,30,5
RandomForest,per_class,DC,0.4078227571115974,0.7737415672029061,30,5
RandomForest,per_class,DC,0.42149236531259004,0.7592112091333679,30,5
RandomForest,per_class,DC,0.4366838748861221,0.7462376751427089,30,5
RandomForest,per_class,DC,0.4514066496163683,0.7327451997924235,30,5
RandomForest,per_class,DC,0.4627016129032258,0.7145822522055008,30,5
RandomForest,per_class,DC,0.4763083451202263,0.6990140114167099,30,5
RandomForest,per_class,DC,0.4896142433234421,0.6850025947067981,30,5
RandomForest,per_class,DC,0.5040840140023337,0.6725480020757655,30,5
RandomForest,per_class,DC,0.5177333876885446,0.6590555267254801,30,5
RandomForest,per_class,DC,0.5331621737270005,0.6466009340944473,30,5
RandomForest,per_class,DC,0.5487086542818306,0.6284379865075247,30,5
RandomForest,per_class,DC,0.5664435946462715,0.6149455111572393,30,5
RandomForest,per_class,DC,0.5834170854271357,0.6024909185262065,30,5
RandomForest,per_class,DC,0.5991538868323638,0.5879605604566684,30,5
RandomForest,per_class,DC,0.613674263479711,0.5729112610275039,30,5
RandomForest,per_class,DC,0.6240557815223707,0.5573430202387131,30,5
RandomForest,per_class,DC,0.6327513546056592,0.5454073689673067,30,5
RandomForest,per_class,DC,0.6415452818239392,0.5256875973015049,30,5
RandomForest,per_class,DC,0.6564376250833889,0.5106382978723404,30,5
RandomForest,per_class,DC,0.6605633802816901,0.4867669953295278,30,5
RandomForest,per_class,DC,0.6698741672834937,0.4696419304618578,30,5
RandomForest,per_class,DC,0.6775446775446775,0.45251686559418786,30,5
RandomForest,per_class,DC,0.6914805624483044,0.4338349766476388,30,5
RandomForest,per_class,DC,0.6996527777777778,0.41826673585884794,30,5
RandomForest,per_class,DC,0.708941605839416,0.40321743642968344,30,5
RandomForest,per_class,DC,0.7152575315840622,0.3819408406850026,30,5
RandomForest,per_class,DC,0.7167338709677419,0.3689673066943435,30,5
RandomForest,per_class,DC,0.7254487856388595,0.35651271406331086,30,5
RandomForest,per_class,DC,0.7366666666666667,0.34405812143227815,30,5
RandomForest,per_class,DC,0.7523584905660378,0.3310845874416191,30,5
RandomForest,per_class,DC,0.7644836272040302,0.31499740529320186,30,5
RandomForest,per_class,DC,0.773209549071618,0.30254281266216915,30,5
RandomForest,per_class,DC,0.7908961593172119,0.2885313959522574,30,5
RandomForest,per_class,DC,0.8042488619119879,0.275038920601972,30,5
RandomForest,per_class,DC,0.8112,0.26310326933056566,30,5
RandomForest,per_class,DC,0.8188034188034188,0.2485729112610275,30,5
RandomForest,per_class,DC,0.8308823529411765,0.23456149455111572,30,5
RandomForest,per_class,DC,0.8384615384615385,0.22625843279709393,30,5
RandomForest,per_class,DC,0.8486707566462167,0.21536066424494033,30,5
RandomForest,per_class,DC,0.8533916849015317,0.20238713025428126,30,5
RandomForest,per_class,DC,0.8640552995391705,0.19460300985988582,30,5
RandomForest,per_class,DC,0.8734793187347932,0.18629994810586403,30,5
RandomForest,per_class,DC,0.8857142857142857,0.1769590036325895,30,5
RandomForest,per_class,DC,0.8950276243093923,0.16813700051894137,30,5
RandomForest,per_class,DC,0.8962536023054755,0.16139076284379866,30,5
RandomForest,per_class,DC,0.9009287925696594,0.1510119356512714,30,5
RandomForest,per_class,DC,0.896774193548387,0.1442656979761287,30,5
RandomForest,per_class,DC,0.8983050847457628,0.137519460300986,30,5
RandomForest,per_class,DC,0.8992805755395683,0.12973533990659056,30,5
RandomForest,per_class,DC,0.9098039215686274,0.12039439543331604,30,5
RandomForest,per_class,DC,0.919831223628692,0.11312921639854696,30,5
RandomForest,per_class,DC,0.9166666666666666,0.10275038920601973,30,5
RandomForest,per_class,DC,0.9174757281553398,0.09807991696938247,30,5
RandomForest,per_class,DC,0.9179487179487179,0.09289050337311884,30,5
RandomForest,per_class,DC,0.9195402298850575,0.08303061754021795,30,5
RandomForest,per_class,DC,0.9308176100628931,0.07680332122470161,30,5
RandomForest,per_class,DC,0.9315068493150684,0.07057602490918526,30,5
RandomForest,per_class,DC,0.9485294117647058,0.06694343539180073,30,5
RandomForest,per_class,DC,0.9538461538461539,0.06434872859366891,30,5
RandomForest,per_class,DC,0.952,0.06175402179553711,30,5
RandomForest,per_class,DC,0.9482758620689655,0.05708354955889985,30,5
RandomForest,per_class,DC,0.9622641509433962,0.052932018681888945,30,5
RandomForest,per_class,DC,0.9696969696969697,0.049818370524130774,30,5
RandomForest,per_class,DC,0.967391304347826,0.04618578100674624,30,5
RandomForest,per_class,DC,0.9764705882352941,0.043072132848988066,30,5
RandomForest,per_class,DC,0.9873417721518988,0.040477426050856254,30,5
RandomForest,per_class,DC,0.9861111111111112,0.03684483653347172,30,5
RandomForest,per_class,DC,0.9848484848484849,0.033731188375713546,30,5
RandomForest,per_class,DC,0.9836065573770492,0.031136481577581733,30,5
RandomForest,per_class,DC,0.9821428571428571,0.028541774779449924,30,5
RandomForest,per_class,DC,1.0,0.026466009340944473,30,5
RandomForest,per_class,DC,1.0,0.024909185262065387,30,5
RandomForest,per_class,DC,1.0,0.022314478463933574,30,5
RandomForest,per_class,DC,1.0,0.020238713025428127,30,5
RandomForest,per_class,DC,1.0,0.017644006227296314,30,5
RandomForest,per_class,DC,1.0,0.017125064867669952,30,5
RandomForest,per_class,DC,1.0,0.01660612350804359,30,5
RandomForest,per_class,DC,1.0,0.014530358069538143,30,5
RandomForest,per_class,DC,1.0,0.012454592631032694,30,5
RandomForest,per_class,DC,1.0,0.010897768552153606,30,5
RandomForest,per_class,DC,1.0,0.00934094447327452,30,5
RandomForest,per_class,DC,1.0,0.008303061754021795,30,5
RandomForest,per_class,DC,1.0,0.007265179034769071,30,5
RandomForest,per_class,DC,1.0,0.006746237675142709,30,5
RandomForest,per_class,DC,1.0,0.005708354955889984,30,5
RandomForest,per_class,DC,1.0,0.005189413596263622,30,5
RandomForest,per_class,DC,1.0,0.0036325895173845357,30,5
RandomForest,per_class,DC,1.0,0.002594706798131811,30,5
RandomForest,per_class,DC,1.0,0.0020757654385054488,30,5
RandomForest,per_class,DC,1.0,0.0015568240788790867,30,5
RandomForest,per_class,DC,1.0,0.0005189413596263622,30,5
RandomForest,per_class,DC,1.0,0.0,30,5
RandomForest,per_class,Endothelial,0.06056494816670145,1.0,30,5
RandomForest,per_class,Endothelial,0.07509847205990564,0.996553704767375,30,5
RandomForest,per_class,Endothelial,0.09662215239591516,0.9890867317633544,30,5
RandomForest,per_class,Endothelial,0.12030446120233984,0.980470993681792,30,5
RandomForest,per_class,Endothelial,0.14621094424305195,0.9730040206777714,30,5
RandomForest,per_class,Endothelial,0.17326478149100258,0.967834577828834,30,5
RandomForest,per_class,Endothelial,0.19829424307036247,0.961516369902355,30,5
RandomForest,per_class,Endothelial,0.22305429259160203,0.95807007466973,30,5
RandomForest,per_class,Endothelial,0.24728463026335368,0.9546237794371051,30,5
RandomForest,per_class,Endothelial,0.2726076948372246,0.9523262492820218,30,5
RandomForest,per_class,Endothelial,0.29728270649631094,0.9488799540493968,30,5
RandomForest,per_class,Endothelial,0.3197437390797903,0.9460080413555428,30,5
RandomForest,per_class,Endothelial,0.3408239700374532,0.9408385985066055,30,5
RandomForest,per_class,Endothelial,0.36138175376439324,0.9373923032739805,30,5
RandomForest,per_class,Endothelial,0.3833294089945844,0.9350947731188972,30,5
RandomForest,per_class,Endothelial,0.40432943518288134,0.9333716255025847,30,5
RandomForest,per_class,Endothelial,0.4258724744161637,0.9322228604250431,30,5
RandomForest,per_class,Endothelial,0.44362342638204705,0.9310740953475014,30,5
RandomForest,per_class,Endothelial,0.4621103803259937,0.9282021826536473,30,5
RandomForest,per_class,Endothelial,0.47738693467336685,0.9276278001148766,30,5
RandomForest,per_class,Endothelial,0.49174816625916873,0.9241815048822516,30,5
RandomForest,per_class,Endothelial,0.5058231035568146,0.9230327398047099,30,5
RandomForest,per_class,Endothelial,0.5219512195121951,0.9218839747271683,30,5
RandomForest,per_class,Endothelial,0.533288948069241,0.9201608271108558,30,5
RandomForest,per_class,Endothelial,0.548099965765149,0.919586444572085,30,5
RandomForest,per_class,Endothelial,0.559915907498248,0.9178632969557725,30,5
RandomForest,per_class,Endothelial,0.5726096333572969,0.9149913842619184,30,5
RandomForest,per_class,Endothelial,0.5838532110091743,0.9138426191843768,30,5
RandomForest,per_class,Endothelial,0.5966892400300978,0.9109707064905227,30,5
RandomForest,per_class,Endothelial,0.6073619631901841,0.909821941412981,30,5
RandomForest,per_class,Endothelial,0.6171294485725459,0.9063756461803562,30,5
RandomForest,per_class,Endothelial,0.6263910969793323,0.9052268811028145,30,5
RandomForest,per_class,Endothelial,0.6350423899878885,0.903503733486502,30,5
RandomForest,per_class,Endothelial,0.6437064370643707,0.9017805858701895,30,5
RandomForest,per_class,Endothelial,0.6515025041736227,0.8966111430212521,30,5
RandomForest,per_class,Endothelial,0.6589081675835802,0.8943136128661688,30,5
RandomForest,per_class,Endothelial,0.6660936828534594,0.8902929350947731,30,5
RandomForest,per_class,Endothelial,0.6751313485113836,0.8856978747846066,30,5
RandomForest,per_class,Endothelial,0.6825255669186305,0.8816771970132108,30,5
RandomForest,per_class,Endothelial,0.6856757970363718,0.8770821367030442,30,5
RandomForest,per_class,Endothelial,0.6937101185050136,0.8742102240091901,30,5
RandomForest,per_class,Endothelial,0.7000461467466543,0.871338311315336,30,5
RandomForest,per_class,Endothelial,0.7060747663551402,0.867892016082711,30,5
RandomForest,per_class,Endothelial,0.7134030418250951,0.8621481906950029,30,5
RandomForest,per_class,Endothelial,0.7170989433237271,0.8575531303848363,30,5
RandomForest,per_class,Endothelial,0.7238188017535314,0.8535324526134406,30,5
RandomForest,per_class,Endothelial,0.7308263236021771,0.8483630097645032,30,5
RandomForest,per_class,Endothelial,0.7369477911646586,0.8431935669155658,30,5
RandomForest,per_class,Endothelial,0.7415103902686264,0.8403216542217117,30,5
RandomForest,per_class,Endothelial,0.7459016393442623,0.8363009764503159,30,5
RandomForest,per_class,Endothelial,0.7505175983436853,0.832854681217691,30,5
RandomForest,per_class,Endothelial,0.756544502617801,0.8299827685238369,30,5
RandomForest,per_class,Endothelial,0.762962962962963,0.8282596209075244,30,5
RandomForest,per_class,Endothelial,0.7680384820951363,0.8253877082136704,30,5
RandomForest,per_class,Endothelial,0.7708108108108108,0.8190695002871913,30,5
RandomForest,per_class,Endothelial,0.7739463601532567,0.8121769098219415,30,5
RandomForest,per_class,Endothelial,0.7801221543586896,0.8070074669730041,30,5
RandomForest,per_class,Endothelial,0.7829500841278744,0.8018380241240666,30,5
RandomForest,per_class,Endothelial,0.7870056497175141,0.8001148765077541,30,5
RandomForest,per_class,Endothelial,0.7893242475865985,0.7983917288914417,30,5
RandomForest,per_class,Endothelial,0.7937966685812752,0.7937966685812752,30,5
RandomForest,per_class,Endothelial,0.7972027972027972,0.7857553130384837,30,5
RandomForest,per_class,Endothelial,0.8025928108426635,0.7823090178058587,30,5
RandomForest,per_class,Endothelial,0.8042831647828673,0.7765651924181505,30,5
RandomForest,per_class,Endothelial,0.8085490668272125,0.7713957495692131,30,5
RandomForest,per_class,Endothelial,0.8110571081409478,0.7668006892590465,30,5
RandomForest,per_class,Endothelial,0.8155459592843923,0.7593337162550259,30,5
RandomForest,per_class,Endothelial,0.8199376947040499,0.7558874210224009,30,5
RandomForest,per_class,Endothelial,0.8256475047378395,0.7507179781734635,30,5
RandomForest,per_class,Endothelial,0.8301404853128991,0.7466973004020678,30,5
RandomForest,per_class,Endothelial,0.8330097087378641,0.7392303273980471,30,5
RandomForest,per_class,Endothelial,0.8372549019607843,0.7357840321654222,30,5
RandomForest,per_class,Endothelial,0.8413014608233732,0.7277426766226307,30,5
RandomForest,per_class,Endothelial,0.8452702702702702,0.7185525560022975,30,5
RandomForest,per_class,Endothelial,0.8506224066390041,0.7064905226881103,30,5
RandomForest,per_class,Endothelial,0.8543417366946778,0.7007466973004021,30,5
RandomForest,per_class,Endothelial,0.8551236749116607,0.6950028719126938,30,5
RandomForest,per_class,Endothelial,0.8580645161290322,0.6875358989086732,30,5
RandomForest,per_class,Endothelial,0.8596237337192475,0.6823664560597358,30,5
RandomForest,per_class,Endothelial,0.8643695014662757,0.6771970132107984,30,5
RandomForest,per_class,Endothelial,0.8666666666666667,0.672027570361861,30,5
RandomForest,per_class,Endothelial,0.8691099476439791,0.6674325100516945,30,5
RandomForest,per_class,Endothelial,0.8700906344410876,0.6616886846639862,30,5
RandomForest,per_class,Endothelial,0.8722264728385616,0.6547960941987364,30,5
RandomForest,per_class,Endothelial,0.8732612055641422,0.6490522688110282,30,5
RandomForest,per_class,Endothelial,0.8738244514106583,0.6404365307294658,30,5
RandomForest,per_class,Endothelial,0.8758893280632412,0.6364158529580701,30,5
RandomForest,per_class,Endothelial,0.8814102564102564,0.6318207926479035,30,5
RandomForest,per_class,Endothelial,0.8819725141471302,0.6266513497989661,30,5
RandomForest,per_class,Endothelial,0.8834555827220864,0.6226306720275704,30,5
RandomForest,per_class,Endothelial,0.8891645988420182,0.617461229178633,30,5
RandomForest,per_class,Endothelial,0.8916876574307305,0.6099942561746123,30,5
RandomForest,per_class,Endothelial,0.8975234842015372,0.6036760482481333,30,5
RandomForest,per_class,Endothelial,0.8986135181975736,0.5956346927053418,30,5
RandomForest,per_class,Endothelial,0.9012345679012346,0.5870189546237794,30,5
RandomForest,per_class,Endothelial,0.9033989266547406,0.5801263641585296,30,5
RandomForest,per_class,Endothelial,0.9058823529411765,0.5749569213095922,30,5
RandomForest,per_class,Endothelial,0.9092575618698442,0.5697874784606548,30,5
RandomForest,per_class,Endothelial,0.9107806691449815,0.562894887995405,30,5
RandomForest,per_class,Endothelial,0.9128397375820057,0.55944859276278,30,5
RandomForest,per_class,Endothelial,0.9137931034482759,0.5479609419873636,30,5
RandomForest,per_class,Endothelial,0.91796875,0.539919586444572,30,5
RandomForest,per_class,Endothelial,0.9215491559086395,0.5330269959793222,30,5
RandomForest,per_class,Endothelial,0.9251769464105156,0.5255600229753016,30,5
RandomForest,per_class,Endothelial,0.9277605779153767,0.5163699023549684,30,5
RandomForest,per_class,Endothelial,0.9310344827586207,0.5117748420448018,30,5
RandomForest,per_class,Endothelial,0.9353813559322034,0.5071797817346353,30,5
RandomForest,per_class,Endothelial,0.9363538295577131,0.49856404365307294,30,5
RandomForest,per_class,Endothelial,0.9383938393839384,0.48994830557151064,30,5
RandomForest,per_class,Endothelial,0.9377085650723026,0.4842044801838024,30,5
RandomForest,per_class,Endothelial,0.9399092970521542,0.4761631246410109,30,5
RandomForest,per_class,Endothelial,0.9444444444444444,0.46869615163699024,30,5
RandomForest,per_class,Endothelial,0.9460726846424384,0.46352670878805285,30,5
RandomForest,per_class,Endothelial,0.9474313022700119,0.45548535324526135,30,5
RandomForest,per_class,Endothelial,0.9464720194647201,0.446869615163699,30,5
RandomForest,per_class,Endothelial,0.9465838509316771,0.43767949454336585,30,5
RandomForest,per_class,Endothelial,0.9483627204030227,0.43251005169442847,30,5
RandomForest,per_class,Endothelial,0.9499358151476252,0.4250430786904078,30,5
RandomForest,per_class,Endothelial,0.9489528795811518,0.4164273406088455,30,5
RandomForest,per_class,Endothelial,0.9503355704697987,0.4066628374497415,30,5
RandomForest,per_class,Endothelial,0.9514563106796117,0.39402642159678347,30,5
RandomForest,per_class,Endothelial,0.9515669515669516,0.3836875358989087,30,5
RandomForest,per_class,Endothelial,0.9559471365638766,0.3739230327398047,30,5
RandomForest,per_class,Endothelial,0.9567809239940388,0.3687535898908673,30,5
RandomForest,per_class,Endothelial,0.9574468085106383,0.36186099942561745,30,5
RandomForest,per_class,Endothelial,0.9596899224806201,0.3555427914991384,30,5
RandomForest,per_class,Endothelial,0.9600638977635783,0.34520390580126364,30,5
RandomForest,per_class,Endothelial,0.9604612850082372,0.33486502010338887,30,5
RandomForest,per_class,Endothelial,0.967741935483871,0.3273980470993682,30,5
RandomForest,per_class,Endothelial,0.9704861111111112,0.3210798391728891,30,5
RandomForest,per_class,Endothelial,0.9697508896797153,0.3130384836300976,30,5
RandomForest,per_class,Endothelial,0.9756554307116105,0.29925330269959793,30,5
RandomForest,per_class,Endothelial,0.9788461538461538,0.29236071223434806,30,5
RandomForest,per_class,Endothelial,0.9822134387351779,0.2854681217690982,30,5
RandomForest,per_class,Endothelial,0.9818181818181818,0.27914991384261917,30,5
RandomForest,per_class,Endothelial,0.9831932773109243,0.2688110281447444,30,5
RandomForest,per_class,Endothelial,0.9828326180257511,0.2630672027570362,30,5
RandomForest,per_class,Endothelial,0.9819004524886877,0.24928202182653647,30,5
RandomForest,per_class,Endothelial,0.9836448598130841,0.24181504882251578,30,5
RandomForest,per_class,Endothelial,0.9831730769230769,0.23492245835726594,30,5
RandomForest,per_class,Endothelial,0.9825436408977556,0.22630672027570362,30,5
RandomForest,per_class,Endothelial,0.9844155844155844,0.2176909821941413,30,5
RandomForest,per_class,Endothelial,0.9837837837837838,0.20907524411257897,30,5
RandomForest,per_class,Endothelial,0.9883720930232558,0.19529006318207925,30,5
RandomForest,per_class,Endothelial,0.9880239520958084,0.18954623779437105,30,5
RandomForest,per_class,Endothelial,0.987460815047022,0.18093049971280872,30,5
RandomForest,per_class,Endothelial,0.9900990099009901,0.1723147616312464,30,5
RandomForest,per_class,Endothelial,0.9895833333333334,0.1636990235496841,30,5
RandomForest,per_class,Endothelial,0.9927536231884058,0.15738081562320505,30,5
RandomForest,per_class,Endothelial,0.9924242424242424,0.1504882251579552,30,5
RandomForest,per_class,Endothelial,0.991869918699187,0.1401493394600804,30,5
RandomForest,per_class,Endothelial,0.991304347826087,0.13095921883974726,30,5
RandomForest,per_class,Endothelial,0.9909502262443439,0.12578977599080987,30,5
RandomForest,per_class,Endothelial,0.9900990099009901,0.11487650775416428,30,5
RandomForest,per_class,Endothelial,0.9894179894179894,0.1074095347501436,30,5
RandomForest,per_class,Endothelial,0.9888268156424581,0.10166570936243538,30,5
RandomForest,per_class,Endothelial,0.9882352941176471,0.09649626651349799,30,5
RandomForest,per_class,Endothelial,0.9873417721518988,0.08960367604824813,30,5
RandomForest,per_class,Endothelial,0.9862068965517241,0.08213670304422746,30,5
RandomForest,per_class,Endothelial,0.9849624060150376,0.0752441125789776,30,5
RandomForest,per_class,Endothelial,0.9916666666666667,0.06835152211372775,30,5
RandomForest,per_class,Endothelial,0.991304347826087,0.06547960941987363,30,5
RandomForest,per_class,Endothelial,1.0,0.05686387133831131,30,5
RandomForest,per_class,Endothelial,1.0,0.05284319356691557,30,5
RandomForest,per_class,Endothelial,1.0,0.04767375071797817,30,5
RandomForest,per_class,Endothelial,1.0,0.045376220562894885,30,5
RandomForest,per_class,Endothelial,1.0,0.04192992533026996,30,5
RandomForest,per_class,Endothelial,1.0,0.03848363009764503,30,5
RandomForest,per_class,Endothelial,1.0,0.035611717403790925,30,5
RandomForest,per_class,Endothelial,1.0,0.030442274554853533,30,5
RandomForest,per_class,Endothelial,1.0,0.026995979322228605,30,5
RandomForest,per_class,Endothelial,1.0,0.023549684089603676,30,5
RandomForest,per_class,Endothelial,1.0,0.02125215393452039,30,5
RandomForest,per_class,Endothelial,1.0,0.01665709362435382,30,5
RandomForest,per_class,Endothelial,1.0,0.014359563469270534,30,5
RandomForest,per_class,Endothelial,1.0,0.012062033314187249,30,5
RandomForest,per_class,Endothelial,1.0,0.0080413555427915,30,5
RandomForest,per_class,Endothelial,1.0,0.007466973004020678,30,5
RandomForest,per_class,Endothelial,1.0,0.005743825387708214,30,5
RandomForest,per_class,Endothelial,1.0,0.005169442848937392,30,5
RandomForest,per_class,Endothelial,1.0,0.00402067777139575,30,5
RandomForest,per_class,Endothelial,1.0,0.0034462952326249283,30,5
RandomForest,per_class,Endothelial,1.0,0.0022975301550832855,30,5
RandomForest,per_class,Endothelial,1.0,0.0005743825387708214,30,5
RandomForest,per_class,Endothelial,1.0,0.0,30,5
RandomForest,per_class,Epithelial,0.015654351909830933,1.0,30,5
RandomForest,per_class,Epithelial,0.016951706471784827,1.0,30,5
RandomForest,per_class,Epithelial,0.018984137698278773,1.0,30,5
RandomForest,per_class,Epithelial,0.021687792182755794,1.0,30,5
RandomForest,per_class,Epithelial,0.025033377837116153,1.0,30,5
RandomForest,per_class,Epithelial,0.02922457462008053,1.0,30,5
RandomForest,per_class,Epithelial,0.03435901351454532,1.0,30,5
RandomForest,per_class,Epithelial,0.04058075570385066,1.0,30,5
RandomForest,per_class,Epithelial,0.04808206004915055,1.0,30,5
RandomForest,per_class,Epithelial,0.0575668414992964,1.0,30,5
RandomForest,per_class,Epithelial,0.06870229007633588,1.0,30,5
RandomForest,per_class,Epithelial,0.08093525179856115,1.0,30,5
RandomForest,per_class,Epithelial,0.09482576557550158,0.9977777777777778,30,5
RandomForest,per_class,Epithelial,0.11133200795228629,0.9955555555555555,30,5
RandomForest,per_class,Epithelial,0.1311619718309859,0.9933333333333333,30,5
RandomForest,per_class,Epithelial,0.1548856548856549,0.9933333333333333,30,5
RandomForest,per_class,Epithelial,0.17712914834066373,0.9844444444444445,30,5
RandomForest,per_class,Epithelial,0.20118343195266272,0.9822222222222222,30,5
RandomForest,per_class,Epithelial,0.22663913267940114,0.9755555555555555,30,5
RandomForest,per_class,Epithelial,0.25157955198161974,0.9733333333333334,30,5
RandomForest,per_class,Epithelial,0.2786259541984733,0.9733333333333334,30,5
RandomForest,per_class,Epithelial,0.2997256515775034,0.9711111111111111,30,5
RandomForest,per_class,Epithelial,0.3198231392778187,0.9644444444444444,30,5
RandomForest,per_class,Epithelial,0.33752950432730133,0.9533333333333334,30,5
RandomForest,per_class,Epithelial,0.35049019607843135,0.9533333333333334,30,5
RandomForest,per_class,Epithelial,0.3626373626373626,0.9533333333333334,30,5
RandomForest,per_class,Epithelial,0.3708838821490468,0.9511111111111111,30,5
RandomForest,per_class,Epithelial,0.37787610619469025,0.9488888888888889,30,5
RandomForest,per_class,Epithelial,0.38330341113105926,0.9488888888888889,30,5
RandomForest,per_class,Epithelial,0.3886861313868613,0.9466666666666667,30,5
RandomForest,per_class,Epithelial,0.3955431754874652,0.9466666666666667,30,5
RandomForest,per_class,Epithelial,0.39981185324553153,0.9444444444444444,30,5
RandomForest,per_class,Epithelial,0.40132200188857414,0.9444444444444444,30,5
RandomForest,per_class,Epithelial,0.4051477597712107,0.9444444444444444,30,5
RandomForest,per_class,Epithelial,0.40826128722382327,0.9444444444444444,30,5
RandomForest,per_class,Epithelial,0.41205053449951407,0.9422222222222222,30,5
RandomForest,per_class,Epithelial,0.4147058823529412,0.94,30,5
RandomForest,per_class,Epithelial,0.41839762611275966,0.94,30,5
RandomForest,per_class,Epithelial,0.4213147410358566,0.94,30,5
RandomForest,per_class,Epithelial,0.423,0.94,30,5
RandomForest,per_class,Epithelial,0.4290060851926978,0.94,30,5
RandomForest,per_class,Epithelial,0.4328205128205128,0.9377777777777778,30,5
RandomForest,per_class,Epithelial,0.43523316062176165,0.9333333333333333,30,5
RandomForest,per_class,Epithelial,0.440713536201469,0.9333333333333333,30,5
RandomForest,per_class,Epithelial,0.44538706256627786,0.9333333333333333,30,5
RandomForest,per_class,Epithelial,0.4505376344086022,0.9311111111111111,30,5
RandomForest,per_class,Epithelial,0.4543478260869565,0.9288888888888889,30,5
RandomForest,per_class,Epithelial,0.45673603504928806,0.9266666666666666,30,5
RandomForest,per_class,Epithelial,0.4602649006622517,0.9266666666666666,30,5
RandomForest,per_class,Epithelial,0.4654017857142857,0.9266666666666666,30,5
RandomForest,per_class,Epithelial,0.4701240135287486,0.9266666666666666,30,5
RandomForest,per_class,Epithelial,0.477116704805492,0.9266666666666666,30,5
RandomForest,per_class,Epithelial,0.4793103448275862,0.9266666666666666,30,5
RandomForest,per_class,Epithelial,0.4843205574912892,0.9266666666666666,30,5
RandomForest,per_class,Epithelial,0.4899645808736718,0.9222222222222223,30,5
RandomForest,per_class,Epithelial,0.49700598802395207,0.9222222222222223,30,5
RandomForest,per_class,Epithelial,0.501813784764208,0.9222222222222223,30,5
RandomForest,per_class,Epithelial,0.5060975609756098,0.9222222222222223,30,5
RandomForest,per_class,Epithelial,0.5124069478908189,0.9177777777777778,30,5
RandomForest,per_class,Epithelial,0.5144291091593476,0.9111111111111111,30,5
RandomForest,per_class,Epithelial,0.5216284987277354,0.9111111111111111,30,5
RandomForest,per_class,Epithelial,0.5264516129032258,0.9066666666666666,30,5
RandomForest,per_class,Epithelial,0.530638852672751,0.9044444444444445,30,5
RandomForest,per_class,Epithelial,0.533508541392904,0.9022222222222223,30,5
RandomForest,per_class,Epithelial,0.5402144772117963,0.8955555555555555,30,5
RandomForest,per_class,Epithelial,0.5427408412483039,0.8888888888888888,30,5
RandomForest,per_class,Epithelial,0.5462068965517242,0.88,30,5
RandomForest,per_class,Epithelial,0.5481171548117155,0.8733333333333333,30,5
RandomForest,per_class,Epithelial,0.5522598870056498,0.8688888888888889,30,5
RandomForest,per_class,Epithelial,0.5571428571428572,0.8666666666666667,30,5
RandomForest,per_class,Epithelial,0.5608695652173913,0.86,30,5
RandomForest,per_class,Epithelial,0.5684830633284241,0.8577777777777778,30,5
RandomForest,per_class,Epithelial,0.5772113943028486,0.8555555555555555,30,5
RandomForest,per_class,Epithelial,0.5847328244274809,0.8511111111111112,30,5
RandomForest,per_class,Epithelial,0.58887171561051,0.8466666666666667,30,5
RandomForest,per_class,Epithelial,0.5940438871473355,0.8422222222222222,30,5
RandomForest,per_class,Epithelial,0.5987261146496815,0.8355555555555556,30,5
RandomForest,per_class,Epithelial,0.6068515497553018,0.8266666666666667,30,5
RandomForest,per_class,Epithelial,0.6110183639398998,0.8133333333333334,30,5
RandomForest,per_class,Epithelial,0.6198630136986302,0.8044444444444444,30,5
RandomForest,per_class,Epithelial,0.6293706293706294,0.8,30,5
RandomForest,per_class,Epithelial,0.644404332129964,0.7933333333333333,30,5
RandomForest,per_class,Epithelial,0.6477064220183486,0.7844444444444445,30,5
RandomForest,per_class,Epithelial,0.6529080675422139,0.7733333333333333,30,5
RandomForest,per_class,Epithelial,0.6603053435114504,0.7688888888888888,30,5
RandomForest,per_class,Epithelial,0.669921875,0.7622222222222222,30,5
RandomForest,per_class,Epithelial,0.6876267748478702,0.7533333333333333,30,5
RandomForest,per_class,Epithelial,0.6953781512605042,0.7355555555555555,30,5
RandomForest,per_class,Epithelial,0.7006507592190889,0.7177777777777777,30,5
RandomForest,per_class,Epithelial,0.7054945054945055,0.7133333333333334,30,5
RandomForest,per_class,Epithelial,0.7078651685393258,0.7,30,5
RandomForest,per_class,Epithelial,0.7159353348729792,0.6888888888888889,30,5
RandomForest,per_class,Epithelial,0.7274881516587678,0.6822222222222222,30,5
RandomForest,per_class,Epithelial,0.7334963325183375,0.6666666666666666,30,5
RandomForest,per_class,Epithelial,0.7329974811083123,0.6466666666666666,30,5
RandomForest,per_class,Epithelial,0.7333333333333333,0.6355555555555555,30,5
RandomForest,per_class,Epithelial,0.7315789473684211,0.6177777777777778,30,5
RandomForest,per_class,Epithelial,0.7324324324324324,0.6022222222222222,30,5
RandomForest,per_class,Epithelial,0.7465181058495822,0.5955555555555555,30,5
RandomForest,per_class,Epithelial,0.7621776504297995,0.5911111111111111,30,5
RandomForest,per_class,Epithelial,0.7676470588235295,0.58,30,5
RandomForest,per_class,Epithelial,0.7757575757575758,0.5688888888888889,30,5
RandomForest,per_class,Epithelial,0.7801857585139319,0.56,30,5
RandomForest,per_class,Epithelial,0.7879746835443038,0.5533333333333333,30,5
RandomForest,per_class,Epithelial,0.7941176470588235,0.54,30,5
RandomForest,per_class,Epithelial,0.8041237113402062,0.52,30,5
RandomForest,per_class,Epithelial,0.8071428571428572,0.5022222222222222,30,5
RandomForest,per_class,Epithelial,0.8102189781021898,0.49333333333333335,30,5
RandomForest,per_class,Epithelial,0.8127340823970037,0.4822222222222222,30,5
RandomForest,per_class,Epithelial,0.8062015503875969,0.4622222222222222,30,5
RandomForest,per_class,Epithelial,0.816,0.4533333333333333,30,5
RandomForest,per_class,Epithelial,0.819672131147541,0.4444444444444444,30,5
RandomForest,per_class,Epithelial,0.8208333333333333,0.43777777777777777,30,5
RandomForest,per_class,Epithelial,0.8114035087719298,0.4111111111111111,30,5
RandomForest,per_class,Epithelial,0.8153153153153153,0.4022222222222222,30,5
RandomForest,per_class,Epithelial,0.8301886792452831,0.39111111111111113,30,5
RandomForest,per_class,Epithelial,0.8405797101449275,0.38666666666666666,30,5
RandomForest,per_class,Epithelial,0.84,0.37333333333333335,30,5
RandomForest,per_class,Epithelial,0.8375634517766497,0.36666666666666664,30,5
RandomForest,per_class,Epithelial,0.8368421052631579,0.35333333333333333,30,5
RandomForest,per_class,Epithelial,0.8287292817679558,0.3333333333333333,30,5
RandomForest,per_class,Epithelial,0.8323699421965318,0.32,30,5
RandomForest,per_class,Epithelial,0.8363636363636363,0.30666666666666664,30,5
RandomForest,per_class,Epithelial,0.8322981366459627,0.29777777777777775,30,5
RandomForest,per_class,Epithelial,0.8289473684210527,0.28,30,5
RandomForest,per_class,Epithelial,0.8194444444444444,0.26222222222222225,30,5
RandomForest,per_class,Epithelial,0.8248175182481752,0.2511111111111111,30,5
RandomForest,per_class,Epithelial,0.823076923076923,0.23777777777777778,30,5
RandomForest,per_class,Epithelial,0.8292682926829268,0.22666666666666666,30,5
RandomForest,per_class,Epithelial,0.8407079646017699,0.2111111111111111,30,5
RandomForest,per_class,Epithelial,0.8490566037735849,0.2,30,5
RandomForest,per_class,Epithelial,0.85,0.18888888888888888,30,5
RandomForest,per_class,Epithelial,0.8404255319148937,0.17555555555555555,30,5
RandomForest,per_class,Epithelial,0.8604651162790697,0.16444444444444445,30,5
RandomForest,per_class,Epithelial,0.8571428571428571,0.16,30,5
RandomForest,per_class,Epithelial,0.88,0.14666666666666667,30,5
RandomForest,per_class,Epithelial,0.8955223880597015,0.13333333333333333,30,5
RandomForest,per_class,Epithelial,0.9193548387096774,0.12666666666666668,30,5
RandomForest,per_class,Epithelial,0.9298245614035088,0.11777777777777777,30,5
RandomForest,per_class,Epithelial,0.9259259259259259,0.1111111111111111,30,5
RandomForest,per_class,Epithelial,0.92,0.10222222222222223,30,5
RandomForest,per_class,Epithelial,0.9090909090909091,0.08888888888888889,30,5
RandomForest,per_class,Epithelial,0.8947368421052632,0.07555555555555556,30,5
RandomForest,per_class,Epithelial,0.9142857142857143,0.07111111111111111,30,5
RandomForest,per_class,Epithelial,0.9,0.06,30,5
RandomForest,per_class,Epithelial,0.9230769230769231,0.05333333333333334,30,5
RandomForest,per_class,Epithelial,0.9545454545454546,0.04666666666666667,30,5
RandomForest,per_class,Epithelial,0.9473684210526315,0.04,30,5
RandomForest,per_class,Epithelial,1.0,0.03333333333333333,30,5
RandomForest,per_class,Epithelial,1.0,0.024444444444444446,30,5
RandomForest,per_class,Epithelial,1.0,0.02,30,5
RandomForest,per_class,Epithelial,1.0,0.015555555555555555,30,5
RandomForest,per_class,Epithelial,1.0,0.013333333333333334,30,5
RandomForest,per_class,Epithelial,1.0,0.008888888888888889,30,5
RandomForest,per_class,Epithelial,1.0,0.006666666666666667,30,5
RandomForest,per_class,Epithelial,1.0,0.0044444444444444444,30,5
RandomForest,per_class,Epithelial,1.0,0.0022222222222222222,30,5
RandomForest,per_class,Epithelial,1.0,0.0,30,5
RandomForest,per_class,Lymphatic,0.02622973631113894,1.0,30,5
RandomForest,per_class,Lymphatic,0.027685980759344937,1.0,30,5
RandomForest,per_class,Lymphatic,0.03051025775907417,1.0,30,5
RandomForest,per_class,Lymphatic,0.034658699149620775,1.0,30,5
RandomForest,per_class,Lymphatic,0.040153575427931534,0.9986737400530504,30,5
RandomForest,per_class,Lymphatic,0.04715090795241077,0.9986737400530504,30,5
RandomForest,per_class,Lymphatic,0.05534323092753197,0.9986737400530504,30,5
RandomForest,per_class,Lymphatic,0.06515703626583377,0.9960212201591512,30,5
RandomForest,per_class,Lymphatic,0.07692307692307693,0.9960212201591512,30,5
RandomForest,per_class,Lymphatic,0.08971291866028708,0.9946949602122016,30,5
RandomForest,per_class,Lymphatic,0.1045422781271838,0.9920424403183024,30,5
RandomForest,per_class,Lymphatic,0.12280413725168281,0.9920424403183024,30,5
RandomForest,per_class,Lymphatic,0.14096499526963102,0.9880636604774535,30,5
RandomForest,per_class,Lymphatic,0.16035490153646398,0.9827586206896551,30,5
RandomForest,per_class,Lymphatic,0.18415150760029902,0.980106100795756,30,5
RandomForest,per_class,Lymphatic,0.20804988662131518,0.9734748010610079,30,5
RandomForest,per_class,Lymphatic,0.23580645161290323,0.9694960212201591,30,5
RandomForest,per_class,Lymphatic,0.26451378809869375,0.96684350132626,30,5
RandomForest,per_class,Lymphatic,0.29473684210526313,0.9655172413793104,30,5
RandomForest,per_class,Lymphatic,0.32295373665480426,0.9628647214854111,30,5
RandomForest,per_class,Lymphatic,0.3556650246305419,0.9575596816976127,30,5
RandomForest,per_class,Lymphatic,0.38982133188955065,0.9549071618037135,30,5
RandomForest,per_class,Lymphatic,0.41608796296296297,0.9535809018567639,30,5
RandomForest,per_class,Lymphatic,0.45157232704402517,0.9522546419098143,30,5
RandomForest,per_class,Lymphatic,0.48278190411883865,0.9482758620689655,30,5
RandomForest,per_class,Lymphatic,0.5122126436781609,0.9456233421750663,30,5
RandomForest,per_class,Lymphatic,0.5325355272999253,0.9442970822281167,30,5
RandomForest,per_class,Lymphatic,0.558523173605656,0.9429708222811671,30,5
RandomForest,per_class,Lymphatic,0.5818330605564648,0.9429708222811671,30,5
RandomForest,per_class,Lymphatic,0.599320882852292,0.9363395225464191,30,5
RandomForest,per_class,Lymphatic,0.6205985915492958,0.9350132625994695,30,5
RandomForest,per_class,Lymphatic,0.6367753623188406,0.9323607427055703,30,5
RandomForest,per_class,Lymphatic,0.6539179104477612,0.9297082228116711,30,5
RandomForest,per_class,Lymphatic,0.6657142857142857,0.9270557029177718,30,5
RandomForest,per_class,Lymphatic,0.6753875968992248,0.9244031830238727,30,5
RandomForest,per_class,Lymphatic,0.6881827209533267,0.9190981432360743,30,5
RandomForest,per_class,Lymphatic,0.6962663975782039,0.9151193633952255,30,5
RandomForest,per_class,Lymphatic,0.7037793667007151,0.9137931034482759,30,5
RandomForest,per_class,Lymphatic,0.7085062240663901,0.9058355437665783,30,5
RandomForest,per_class,Lymphatic,0.720168954593453,0.9045092838196287,30,5
RandomForest,per_class,Lymphatic,0.732470334412082,0.9005305039787799,30,5
RandomForest,per_class,Lymphatic,0.7423245614035088,0.8978779840848806,30,5
RandomForest,per_class,Lymphatic,0.7541899441340782,0.8952254641909815,30,5
RandomForest,per_class,Lymphatic,0.7630385487528345,0.8925729442970822,30,5
RandomForest,per_class,Lymphatic,0.7700228832951945,0.8925729442970822,30,5
RandomForest,per_class,Lymphatic,0.779976717112922,0.8885941644562334,30,5
RandomForest,per_class,Lymphatic,0.7874852420306966,0.8846153846153846,30,5
RandomForest,per_class,Lymphatic,0.7926102502979738,0.8819628647214854,30,5
RandomForest,per_class,Lymphatic,0.7973462002412546,0.876657824933687,30,5
RandomForest,per_class,Lymphatic,0.8048780487804879,0.8753315649867374,30,5
RandomForest,per_class,Lymphatic,0.8071253071253072,0.8713527851458885,30,5
RandomForest,per_class,Lymphatic,0.8119551681195517,0.8647214854111406,30,5
RandomForest,per_class,Lymphatic,0.8163522012578617,0.8607427055702918,30,5
RandomForest,per_class,Lymphatic,0.8263090676883781,0.8580901856763926,30,5
RandomForest,per_class,Lymphatic,0.8313878080415046,0.850132625994695,30,5
RandomForest,per_class,Lymphatic,0.8359580052493438,0.8448275862068966,30,5
RandomForest,per_class,Lymphatic,0.8492597577388964,0.8368700265251989,30,5
RandomForest,per_class,Lymphatic,0.854421768707483,0.8328912466843501,30,5
RandomForest,per_class,Lymphatic,0.8620689655172413,0.8289124668435013,30,5
RandomForest,per_class,Lymphatic,0.8669467787114846,0.8209549071618037,30,5
RandomForest,per_class,Lymphatic,0.8725212464589235,0.8169761273209549,30,5
RandomForest,per_class,Lymphatic,0.8742857142857143,0.8116710875331565,30,5
RandomForest,per_class,Lymphatic,0.880057803468208,0.8076923076923077,30,5
RandomForest,per_class,Lymphatic,0.8856304985337243,0.8010610079575596,30,5
RandomForest,per_class,Lymphatic,0.8925373134328358,0.7931034482758621,30,5
RandomForest,per_class,Lymphatic,0.8983308042488619,0.7851458885941645,30,5
RandomForest,per_class,Lymphatic,0.900611620795107,0.7811671087533156,30,5
RandomForest,per_class,Lymphatic,0.9041731066460588,0.7758620689655172,30,5
RandomForest,per_class,Lymphatic,0.9066874027993779,0.773209549071618,30,5
RandomForest,per_class,Lymphatic,0.9086614173228347,0.7652519893899205,30,5
RandomForest,per_class,Lymphatic,0.9092356687898089,0.7572944297082228,30,5
RandomForest,per_class,Lymphatic,0.9123376623376623,0.7453580901856764,30,5
RandomForest,per_class,Lymphatic,0.9139072847682119,0.7320954907161804,30,5
RandomForest,per_class,Lymphatic,0.9206081081081081,0.7228116710875332,30,5
RandomForest,per_class,Lymphatic,0.9259896729776248,0.713527851458886,30,5
RandomForest,per_class,Lymphatic,0.9299474605954466,0.7042440318302388,30,5
RandomForest,per_class,Lymphatic,0.9355992844364938,0.6936339522546419,30,5
RandomForest,per_class,Lymphatic,0.9385171790235082,0.6883289124668435,30,5
RandomForest,per_class,Lymphatic,0.9407407407407408,0.6737400530503979,30,5
RandomForest,per_class,Lymphatic,0.941398865784499,0.6604774535809018,30,5
RandomForest,per_class,Lymphatic,0.9457364341085271,0.6472148541114059,30,5
RandomForest,per_class,Lymphatic,0.9465346534653465,0.6339522546419099,30,5
RandomForest,per_class,Lymphatic,0.9470468431771895,0.616710875331565,30,5
RandomForest,per_class,Lymphatic,0.9461697722567288,0.6061007957559682,30,5
RandomForest,per_class,Lymphatic,0.9475890985324947,0.5994694960212201,30,5
RandomForest,per_class,Lymphatic,0.9481641468682506,0.5822281167108754,30,5
RandomForest,per_class,Lymphatic,0.9510022271714922,0.5663129973474801,30,5
RandomForest,per_class,Lymphatic,0.954337899543379,0.5543766578249337,30,5
RandomForest,per_class,Lymphatic,0.9533799533799534,0.5424403183023873,30,5
RandomForest,per_class,Lymphatic,0.9544364508393285,0.5278514588859416,30,5
RandomForest,per_class,Lymphatic,0.9537712895377128,0.519893899204244,30,5
RandomForest,per_class,Lymphatic,0.9573934837092731,0.506631299734748,30,5
RandomForest,per_class,Lymphatic,0.9585492227979274,0.4907161803713528,30,5
RandomForest,per_class,Lymphatic,0.9625668449197861,0.47745358090185674,30,5
RandomForest,per_class,Lymphatic,0.9695290858725761,0.46419098143236076,30,5
RandomForest,per_class,Lymphatic,0.971830985915493,0.45755968169761274,30,5
RandomForest,per_class,Lymphatic,0.9738372093023255,0.4442970822281167,30,5
RandomForest,per_class,Lymphatic,0.9734513274336283,0.4376657824933687,30,5
RandomForest,per_class,Lymphatic,0.9723926380368099,0.4204244031830239,30,5
RandomForest,per_class,Lymphatic,0.9710610932475884,0.4005305039787798,30,5
RandomForest,per_class,Lymphatic,0.9735099337748344,0.38992042440318303,30,5
RandomForest,per_class,Lymphatic,0.9761092150170648,0.3793103448275862,30,5
RandomForest,per_class,Lymphatic,0.9819494584837545,0.36074270557029176,30,5
RandomForest,per_class,Lymphatic,0.9851301115241635,0.35145888594164454,30,5
RandomForest,per_class,Lymphatic,0.9844961240310077,0.33687002652519893,30,5
RandomForest,per_class,Lymphatic,0.9839357429718876,0.3249336870026525,30,5
RandomForest,per_class,Lymphatic,0.9827586206896551,0.30238726790450926,30,5
RandomForest,per_class,Lymphatic,0.9821428571428571,0.2917771883289125,30,5
RandomForest,per_class,Lymphatic,0.985781990521327,0.27586206896551724,30,5
RandomForest,per_class,Lymphatic,0.9849246231155779,0.259946949602122,30,5
RandomForest,per_class,Lymphatic,0.9836065573770492,0.23872679045092837,30,5
RandomForest,per_class,Lymphatic,0.9880952380952381,0.22015915119363394,30,5
RandomForest,per_class,Lymphatic,0.9875,0.20954907161803712,30,5
RandomForest,per_class,Lymphatic,0.9862068965517241,0.1896551724137931,30,5
RandomForest,per_class,Lymphatic,0.9852941176470589,0.17771883289124668,30,5
RandomForest,per_class,Lymphatic,0.984251968503937,0.16578249336870027,30,5
RandomForest,per_class,Lymphatic,0.9826086956521739,0.14986737400530503,30,5
RandomForest,per_class,Lymphatic,0.9819819819819819,0.14456233421750664,30,5
RandomForest,per_class,Lymphatic,0.9801980198019802,0.1312997347480106,30,5
RandomForest,per_class,Lymphatic,0.9791666666666666,0.1246684350132626,30,5
RandomForest,per_class,Lymphatic,0.9782608695652174,0.11936339522546419,30,5
RandomForest,per_class,Lymphatic,0.9764705882352941,0.11007957559681697,30,5
RandomForest,per_class,Lymphatic,0.9746835443037974,0.10212201591511937,30,5
RandomForest,per_class,Lymphatic,0.9710144927536232,0.08885941644562334,30,5
RandomForest,per_class,Lymphatic,0.9850746268656716,0.08753315649867374,30,5
RandomForest,per_class,Lymphatic,0.9833333333333333,0.07824933687002653,30,5
RandomForest,per_class,Lymphatic,0.9824561403508771,0.07427055702917772,30,5
RandomForest,per_class,Lymphatic,1.0,0.07161803713527852,30,5
RandomForest,per_class,Lymphatic,1.0,0.0649867374005305,30,5
RandomForest,per_class,Lymphatic,1.0,0.058355437665782495,30,5
RandomForest,per_class,Lymphatic,1.0,0.05570291777188329,30,5
RandomForest,per_class,Lymphatic,1.0,0.050397877984084884,30,5
RandomForest,per_class,Lymphatic,1.0,0.046419098143236075,30,5
RandomForest,per_class,Lymphatic,1.0,0.04509283819628647,30,5
RandomForest,per_class,Lymphatic,1.0,0.042440318302387266,30,5
RandomForest,per_class,Lymphatic,1.0,0.03580901856763926,30,5
RandomForest,per_class,Lymphatic,1.0,0.034482758620689655,30,5
RandomForest,per_class,Lymphatic,1.0,0.033156498673740056,30,5
RandomForest,per_class,Lymphatic,1.0,0.027851458885941646,30,5
RandomForest,per_class,Lymphatic,1.0,0.025198938992042442,30,5
RandomForest,per_class,Lymphatic,1.0,0.021220159151193633,30,5
RandomForest,per_class,Lymphatic,1.0,0.01989389920424403,30,5
RandomForest,per_class,Lymphatic,1.0,0.017241379310344827,30,5
RandomForest,per_class,Lymphatic,1.0,0.014588859416445624,30,5
RandomForest,per_class,Lymphatic,1.0,0.010610079575596816,30,5
RandomForest,per_class,Lymphatic,1.0,0.009283819628647215,30,5
RandomForest,per_class,Lymphatic,1.0,0.007957559681697613,30,5
RandomForest,per_class,Lymphatic,1.0,0.006631299734748011,30,5
RandomForest,per_class,Lymphatic,1.0,0.005305039787798408,30,5
RandomForest,per_class,Lymphatic,1.0,0.002652519893899204,30,5
RandomForest,per_class,Lymphatic,1.0,0.001326259946949602,30,5
RandomForest,per_class,Lymphatic,1.0,0.0,30,5
RandomForest,per_class,M1,0.021568218186878173,1.0,30,5
RandomForest,per_class,M1,0.02274227862959431,1.0,30,5
RandomForest,per_class,M1,0.024945682787478878,1.0,30,5
RandomForest,per_class,M1,0.028221584960626336,1.0,30,5
RandomForest,per_class,M1,0.03262471058724479,1.0,30,5
RandomForest,per_class,M1,0.03835446953294154,1.0,30,5
RandomForest,per_class,M1,0.04522576409657889,1.0,30,5
RandomForest,per_class,M1,0.05299262562167724,0.9967741935483871,30,5
RandomForest,per_class,M1,0.062279552554670964,0.9967741935483871,30,5
RandomForest,per_class,M1,0.072213133909792,0.9967741935483871,30,5
RandomForest,per_class,M1,0.08203696316979125,0.9951612903225806,30,5
RandomForest,per_class,M1,0.09307948020550015,0.9935483870967742,30,5
RandomForest,per_class,M1,0.10458404074702886,0.9935483870967742,30,5
RandomForest,per_class,M1,0.11515378844711177,0.9903225806451613,30,5
RandomForest,per_class,M1,0.12546353522867737,0.9822580645161291,30,5
RandomForest,per_class,M1,0.13559322033898305,0.9806451612903225,30,5
RandomForest,per_class,M1,0.14556354916067146,0.9790322580645161,30,5
RandomForest,per_class,M1,0.15572715572715573,0.9758064516129032,30,5
RandomForest,per_class,M1,0.16507242415960646,0.9741935483870968,30,5
RandomForest,per_class,M1,0.17324877486307294,0.9693548387096774,30,5
RandomForest,per_class,M1,0.18077039733090688,0.9612903225806452,30,5
RandomForest,per_class,M1,0.18751979727589485,0.9548387096774194,30,5
RandomForest,per_class,M1,0.19601328903654486,0.9516129032258065,30,5
RandomForest,per_class,M1,0.20164891789762968,0.9467741935483871,30,5
RandomForest,per_class,M1,0.2090032154340836,0.9435483870967742,30,5
RandomForest,per_class,M1,0.21410209327947116,0.9403225806451613,30,5
RandomForest,per_class,M1,0.2204933586337761,0.9370967741935484,30,5
RandomForest,per_class,M1,0.2261858094864759,0.9306451612903226,30,5
RandomForest,per_class,M1,0.23253936213161083,0.9290322580645162,30,5
RandomForest,per_class,M1,0.23687474162877223,0.9241935483870968,30,5
RandomForest,per_class,M1,0.2413793103448276,0.9145161290322581,30,5
RandomForest,per_class,M1,0.24726477024070023,0.9112903225806451,30,5
RandomForest,per_class,M1,0.2517953321364452,0.9048387096774193,30,5
RandomForest,per_class,M1,0.25857275254865614,0.9,30,5
RandomForest,per_class,M1,0.2625059552167699,0.8887096774193548,30,5
RandomForest,per_class,M1,0.26820866141732286,0.8790322580645161,30,5
RandomForest,per_class,M1,0.2740628166160081,0.8725806451612903,30,5
RandomForest,per_class,M1,0.2807933194154488,0.867741935483871,30,5
RandomForest,per_class,M1,0.2848743987172635,0.8596774193548387,30,5
RandomForest,per_class,M1,0.2892425905598244,0.85,30,5
RandomForest,per_class,M1,0.2960045019696117,0.8483870967741935,30,5
RandomForest,per_class,M1,0.30017251293847036,0.8419354838709677,30,5
RandomForest,per_class,M1,0.30591715976331363,0.8338709677419355,30,5
RandomForest,per_class,M1,0.3127672571777642,0.8258064516129032,30,5
RandomForest,per_class,M1,0.3198992443324937,0.8193548387096774,30,5
RandomForest,per_class,M1,0.32790091264667537,0.8112903225806452,30,5
RandomForest,per_class,M1,0.33444592790387184,0.8080645161290323,30,5
RandomForest,per_class,M1,0.34111187371310914,0.8016129032258065,30,5
RandomForest,per_class,M1,0.3479181369089626,0.7951612903225806,30,5
RandomForest,per_class,M1,0.3532846715328467,0.7806451612903226,30,5
RandomForest,per_class,M1,0.35714285714285715,0.7661290322580645,30,5
RandomForest,per_class,M1,0.3637770897832817,0.7580645161290323,30,5
RandomForest,per_class,M1,0.36909527622097676,0.7435483870967742,30,5
RandomForest,per_class,M1,0.37644151565074135,0.7370967741935484,30,5
RandomForest,per_class,M1,0.3873720136518771,0.7322580645161291,30,5
RandomForest,per_class,M1,0.39015817223198596,0.7161290322580646,30,5
RandomForest,per_class,M1,0.3944043321299639,0.7048387096774194,30,5
RandomForest,per_class,M1,0.39981447124304265,0.6951612903225807,30,5
RandomForest,per_class,M1,0.40576923076923077,0.6806451612903226,30,5
RandomForest,per_class,M1,0.41106719367588934,0.6709677419354839,30,5
RandomForest,per_class,M1,0.41896024464831805,0.6629032258064517,30,5
RandomForest,per_class,M1,0.43083421330517424,0.6580645161290323,30,5
RandomForest,per_class,M1,0.4387308533916849,0.646774193548387,30,5
RandomForest,per_class,M1,0.44808126410835214,0.6403225806451613,30,5
RandomForest,per_class,M1,0.4542294322132097,0.632258064516129,30,5
RandomForest,per_class,M1,0.4644149577804584,0.6209677419354839,30,5
RandomForest,per_class,M1,0.4688279301745636,0.6064516129032258,30,5
RandomForest,per_class,M1,0.47538860103626945,0.5919354838709677,30,5
RandomForest,per_class,M1,0.4819277108433735,0.5806451612903226,30,5
RandomForest,per_class,M1,0.4896265560165975,0.5709677419354838,30,5
RandomForest,per_class,M1,0.49927849927849927,0.5580645161290323,30,5
RandomForest,per_class,M1,0.5112443778110944,0.55,30,5
RandomForest,per_class,M1,0.5138036809815951,0.5403225806451613,30,5
RandomForest,per_class,M1,0.5238095238095238,0.532258064516129,30,5
RandomForest,per_class,M1,0.5220949263502455,0.5145161290322581,30,5
RandomForest,per_class,M1,0.5277310924369748,0.5064516129032258,30,5
RandomForest,per_class,M1,0.5368421052631579,0.4935483870967742,30,5
RandomForest,per_class,M1,0.5355191256830601,0.47419354838709676,30,5
RandomForest,per_class,M1,0.5365853658536586,0.4612903225806452,30,5
RandomForest,per_class,M1,0.5431861804222649,0.45645161290322583,30,5
RandomForest,per_class,M1,0.5487077534791253,0.44516129032258067,30,5
RandomForest,per_class,M1,0.5461847389558233,0.43870967741935485,30,5
RandomForest,per_class,M1,0.5527950310559007,0.4306451612903226,30,5
RandomForest,per_class,M1,0.5579399141630901,0.41935483870967744,30,5
RandomForest,per_class,M1,0.565410199556541,0.4112903225806452,30,5
RandomForest,per_class,M1,0.5711009174311926,0.40161290322580645,30,5
RandomForest,per_class,M1,0.5781990521327014,0.3935483870967742,30,5
RandomForest,per_class,M1,0.5785536159600998,0.3741935483870968,30,5
RandomForest,per_class,M1,0.5850515463917526,0.36612903225806454,30,5
RandomForest,per_class,M1,0.587012987012987,0.36451612903225805,30,5
RandomForest,per_class,M1,0.5978552278820375,0.3596774193548387,30,5
RandomForest,per_class,M1,0.5943661971830986,0.3403225806451613,30,5
RandomForest,per_class,M1,0.5953079178885631,0.32741935483870965,30,5
RandomForest,per_class,M1,0.6,0.3193548387096774,30,5
RandomForest,per_class,M1,0.6089743589743589,0.3064516129032258,30,5
RandomForest,per_class,M1,0.6143790849673203,0.3032258064516129,30,5
RandomForest,per_class,M1,0.6271186440677966,0.29838709677419356,30,5
RandomForest,per_class,M1,0.6334519572953736,0.2870967741935484,30,5
RandomForest,per_class,M1,0.6227106227106227,0.27419354838709675,30,5
RandomForest,per_class,M1,0.631578947368421,0.2709677419354839,30,5
RandomForest,per_class,M1,0.6346153846153846,0.2661290322580645,30,5
RandomForest,per_class,M1,0.6296296296296297,0.2467741935483871,30,5
RandomForest,per_class,M1,0.6297872340425532,0.23870967741935484,30,5
RandomForest,per_class,M1,0.6266666666666667,0.22741935483870968,30,5
RandomForest,per_class,M1,0.6401869158878505,0.22096774193548388,30,5
RandomForest,per_class,M1,0.6386138613861386,0.20806451612903226,30,5
RandomForest,per_class,M1,0.640625,0.19838709677419356,30,5
RandomForest,per_class,M1,0.644808743169399,0.19032258064516128,30,5
RandomForest,per_class,M1,0.6551724137931034,0.18387096774193548,30,5
RandomForest,per_class,M1,0.6545454545454545,0.17419354838709677,30,5
RandomForest,per_class,M1,0.6601307189542484,0.1629032258064516,30,5
RandomForest,per_class,M1,0.6666666666666666,0.15161290322580645,30,5
RandomForest,per_class,M1,0.6691176470588235,0.14677419354838708,30,5
RandomForest,per_class,M1,0.6923076923076923,0.14516129032258066,30,5
RandomForest,per_class,M1,0.6929824561403509,0.12741935483870967,30,5
RandomForest,per_class,M1,0.7142857142857143,0.12096774193548387,30,5
RandomForest,per_class,M1,0.7142857142857143,0.11290322580645161,30,5
RandomForest,per_class,M1,0.717391304347826,0.1064516129032258,30,5
RandomForest,per_class,M1,0.725,0.0935483870967742,30,5
RandomForest,per_class,M1,0.7297297297297297,0.08709677419354839,30,5
RandomForest,per_class,M1,0.7285714285714285,0.08225806451612903,30,5
RandomForest,per_class,M1,0.7164179104477612,0.07741935483870968,30,5
RandomForest,per_class,M1,0.746031746031746,0.07580645161290323,30,5
RandomForest,per_class,M1,0.7333333333333333,0.07096774193548387,30,5
RandomForest,per_class,M1,0.7413793103448276,0.06935483870967742,30,5
RandomForest,per_class,M1,0.75,0.06774193548387097,30,5
RandomForest,per_class,M1,0.7547169811320755,0.06451612903225806,30,5
RandomForest,per_class,M1,0.7872340425531915,0.05967741935483871,30,5
RandomForest,per_class,M1,0.7954545454545454,0.056451612903225805,30,5
RandomForest,per_class,M1,0.7857142857142857,0.0532258064516129,30,5
RandomForest,per_class,M1,0.7692307692307693,0.04838709677419355,30,5
RandomForest,per_class,M1,0.7567567567567568,0.04516129032258064,30,5
RandomForest,per_class,M1,0.78125,0.04032258064516129,30,5
RandomForest,per_class,M1,0.8214285714285714,0.037096774193548385,30,5
RandomForest,per_class,M1,0.8518518518518519,0.037096774193548385,30,5
RandomForest,per_class,M1,0.875,0.03387096774193549,30,5
RandomForest,per_class,M1,0.8695652173913043,0.03225806451612903,30,5
RandomForest,per_class,M1,0.8636363636363636,0.03064516129032258,30,5
RandomForest,per_class,M1,0.8421052631578947,0.025806451612903226,30,5
RandomForest,per_class,M1,0.8333333333333334,0.024193548387096774,30,5
RandomForest,per_class,M1,0.8,0.01935483870967742,30,5
RandomForest,per_class,M1,0.7857142857142857,0.017741935483870968,30,5
RandomForest,per_class,M1,0.75,0.014516129032258065,30,5
RandomForest,per_class,M1,0.8181818181818182,0.014516129032258065,30,5
RandomForest,per_class,M1,0.8,0.012903225806451613,30,5
RandomForest,per_class,M1,0.8571428571428571,0.00967741935483871,30,5
RandomForest,per_class,M1,1.0,0.00967741935483871,30,5
RandomForest,per_class,M1,1.0,0.008064516129032258,30,5
RandomForest,per_class,M1,1.0,0.004838709677419355,30,5
RandomForest,per_class,M1,1.0,0.0032258064516129032,30,5
RandomForest,per_class,M1,1.0,0.0016129032258064516,30,5
RandomForest,per_class,M1,1.0,0.0,30,5
RandomForest,per_class,M2,0.05068531273916371,1.0,30,5
RandomForest,per_class,M2,0.05449581089168163,1.0,30,5
RandomForest,per_class,M2,0.061583329811065554,1.0,30,5
RandomForest,per_class,M2,0.07063503614224033,0.9993136582017845,30,5
RandomForest,per_class,M2,0.08101322323271774,0.9965682910089224,30,5
RandomForest,per_class,M2,0.09176753913429242,0.9938229238160604,30,5
RandomForest,per_class,M2,0.10353734663126929,0.9903912148249828,30,5
RandomForest,per_class,M2,0.11648600550072803,0.9883321894303363,30,5
RandomForest,per_class,M2,0.12996914140497368,0.9828414550446122,30,5
RandomForest,per_class,M2,0.14479959411466262,0.9794097460535347,30,5
RandomForest,per_class,M2,0.16084942957189655,0.9773507206588882,30,5
RandomForest,per_class,M2,0.17787554996857322,0.9711736444749485,30,5
RandomForest,per_class,M2,0.19599109131403117,0.9663692518874399,30,5
RandomForest,per_class,M2,0.21425294387521027,0.9615648592999314,30,5
RandomForest,per_class,M2,0.2333221589004358,0.9553877831159918,30,5
RandomForest,per_class,M2,0.25104072398190047,0.9519560741249142,30,5
RandomForest,per_class,M2,0.2696673189823875,0.9457789979409746,30,5
RandomForest,per_class,M2,0.28764234500210883,0.9361702127659575,30,5
RandomForest,per_class,M2,0.3060257278266757,0.9306794783802333,30,5
RandomForest,per_class,M2,0.32116439990455736,0.9238160603980783,30,5
RandomForest,per_class,M2,0.33744959677419356,0.9190116678105696,30,5
RandomForest,per_class,M2,0.35528781793842035,0.9107755662319835,30,5
RandomForest,per_class,M2,0.37169386606640403,0.9066575154426905,30,5
RandomForest,per_class,M2,0.3841642228739003,0.8991077556623198,30,5
RandomForest,per_class,M2,0.39742410303587855,0.8894989704873026,30,5
RandomForest,per_class,M2,0.40975765306122447,0.8819492107069321,30,5
RandomForest,per_class,M2,0.4234592445328032,0.8771448181194235,30,5
RandomForest,per_class,M2,0.43523316062176165,0.8647906657515443,30,5
RandomForest,per_class,M2,0.4446027787673673,0.8565545641729582,30,5
RandomForest,per_class,M2,0.45501097293343085,0.853809196980096,30,5
RandomForest,per_class,M2,0.4694032687191182,0.8476321207961565,30,5
RandomForest,per_class,M2,0.48,0.8400823610157858,30,5
RandomForest,per_class,M2,0.4937221547185095,0.8366506520247083,30,5
RandomForest,per_class,M2,0.5047817047817048,0.8332189430336308,30,5
RandomForest,per_class,M2,0.5139067180145486,0.824296499656829,30,5
RandomForest,per_class,M2,0.5240405822673136,0.8153740562800275,30,5
RandomForest,per_class,M2,0.5344202898550725,0.8098833218943033,30,5
RandomForest,per_class,M2,0.5435086086551885,0.8016472203157172,30,5
RandomForest,per_class,M2,0.5522673031026253,0.7940974605353466,30,5
RandomForest,per_class,M2,0.5634492895639392,0.789293067947838,30,5
RandomForest,per_class,M2,0.5743073047858942,0.7824296499656829,30,5
RandomForest,per_class,M2,0.5882658359293873,0.7776252573781743,30,5
RandomForest,per_class,M2,0.6018172100481026,0.7728208647906658,30,5
RandomForest,per_class,M2,0.6133113311331133,0.7652711050102952,30,5
RandomForest,per_class,M2,0.6209039548022599,0.7542896362388469,30,5
RandomForest,per_class,M2,0.6295652173913043,0.7453671928620453,30,5
RandomForest,per_class,M2,0.638525564803805,0.7371310912834592,30,5
RandomForest,per_class,M2,0.6502132845825715,0.7323266986959506,30,5
RandomForest,per_class,M2,0.6633165829145728,0.7247769389155799,30,5
RandomForest,per_class,M2,0.6722797927461139,0.7124227865477007,30,5
RandomForest,per_class,M2,0.6793080505655356,0.700754975978037,30,5
RandomForest,per_class,M2,0.6880546075085324,0.6918325326012355,30,5
RandomForest,per_class,M2,0.6969909027291813,0.6835964310226493,30,5
RandomForest,per_class,M2,0.7036506800286327,0.6746739876458476,30,5
RandomForest,per_class,M2,0.7112417340191036,0.664378860672615,30,5
RandomForest,per_class,M2,0.7171945701357466,0.6527110501029513,30,5
RandomForest,per_class,M2,0.7278382581648523,0.6424159231297186,30,5
RandomForest,per_class,M2,0.7352472089314195,0.6328071379547014,30,5
RandomForest,per_class,M2,0.741042345276873,0.6245710363761153,30,5
RandomForest,per_class,M2,0.743993371996686,0.6163349347975292,30,5
RandomForest,per_class,M2,0.7489469250210615,0.6101578586135896,30,5
RandomForest,per_class,M2,0.7556131260794473,0.6005490734385724,30,5
RandomForest,per_class,M2,0.7588652482269503,0.5875085792724777,30,5
RandomForest,per_class,M2,0.7614259597806216,0.5717227179135209,30,5
RandomForest,per_class,M2,0.771050141911069,0.5593685655456417,30,5
RandomForest,per_class,M2,0.7809152872444012,0.55044612216884,30,5
RandomForest,per_class,M2,0.7872763419483101,0.543582704186685,30,5
RandomForest,per_class,M2,0.7900608519269777,0.5346602608098833,30,5
RandomForest,per_class,M2,0.7947916666666667,0.5236787920384351,30,5
RandomForest,per_class,M2,0.7965921192758253,0.5133836650652025,30,5
RandomForest,per_class,M2,0.8039647577092511,0.5010295126973233,30,5
RandomForest,per_class,M2,0.8082959641255605,0.4948524365133837,30,5
RandomForest,per_class,M2,0.8106235565819861,0.48181194234728897,30,5
RandomForest,per_class,M2,0.8148148148148148,0.46808510638297873,30,5
RandomForest,per_class,M2,0.8157248157248157,0.4557309540150995,30,5
RandomForest,per_class,M2,0.8268015170670038,0.4488675360329444,30,5
RandomForest,per_class,M2,0.8283870967741935,0.44063143445435826,30,5
RandomForest,per_class,M2,0.8326693227091634,0.4303363074811256,30,5
RandomForest,per_class,M2,0.8367626886145405,0.4186684969114619,30,5
RandomForest,per_class,M2,0.8373751783166904,0.40288263555250514,30,5
RandomForest,per_class,M2,0.8387573964497042,0.3891557995881949,30,5
RandomForest,per_class,M2,0.8404255319148937,0.3795470144131778,30,5
RandomForest,per_class,M2,0.8510971786833855,0.37268359643102267,30,5
RandomForest,per_class,M2,0.8576051779935275,0.363761153054221,30,5
RandomForest,per_class,M2,0.8580968280467446,0.35277968428277284,30,5
RandomForest,per_class,M2,0.8605851979345955,0.34317089910775567,30,5
RandomForest,per_class,M2,0.8640429338103757,0.33150308853809196,30,5
RandomForest,per_class,M2,0.8696461824953445,0.3205216197666438,30,5
RandomForest,per_class,M2,0.8764705882352941,0.30679478380233355,30,5
RandomForest,per_class,M2,0.8797595190380761,0.3013040494166095,30,5
RandomForest,per_class,M2,0.888421052631579,0.2896362388469458,30,5
RandomForest,per_class,M2,0.8900862068965517,0.2834591626630062,30,5
RandomForest,per_class,M2,0.89086859688196,0.27453671928620454,30,5
RandomForest,per_class,M2,0.8943661971830986,0.26149622512010984,30,5
RandomForest,per_class,M2,0.8956310679611651,0.25326012354152366,30,5
RandomForest,per_class,M2,0.898989898989899,0.24433768016472204,30,5
RandomForest,per_class,M2,0.9013333333333333,0.23198352779684284,30,5
RandomForest,per_class,M2,0.8985915492957747,0.2189430336307481,30,5
RandomForest,per_class,M2,0.8997050147492626,0.20933424845573095,30,5
RandomForest,per_class,M2,0.9059561128526645,0.19835277968428278,30,5
RandomForest,per_class,M2,0.9150326797385621,0.19217570350034316,30,5
RandomForest,per_class,M2,0.918918918918919,0.18668496911461907,30,5
RandomForest,per_class,M2,0.9184397163120568,0.17776252573781742,30,5
RandomForest,per_class,M2,0.9182156133828996,0.1695264241592313,30,5
RandomForest,per_class,M2,0.918918918918919,0.1633493479752917,30,5
RandomForest,per_class,M2,0.9153225806451613,0.15579958819492107,30,5
RandomForest,per_class,M2,0.927038626609442,0.14824982841455045,30,5
RandomForest,per_class,M2,0.9400921658986175,0.1400137268359643,30,5
RandomForest,per_class,M2,0.9408866995073891,0.13109128345916266,30,5
RandomForest,per_class,M2,0.9375,0.12354152367879204,30,5
RandomForest,per_class,M2,0.9367816091954023,0.11187371310912834,30,5
RandomForest,per_class,M2,0.9401197604790419,0.10775566231983527,30,5
RandomForest,per_class,M2,0.9419354838709677,0.10020590253946465,30,5
RandomForest,per_class,M2,0.9513888888888888,0.09402882635552505,30,5
RandomForest,per_class,M2,0.9548872180451128,0.08716540837336993,30,5
RandomForest,per_class,M2,0.9590163934426229,0.08030199039121483,30,5
RandomForest,per_class,M2,0.9565217391304348,0.07549759780370624,30,5
RandomForest,per_class,M2,0.9553571428571429,0.07343857240905971,30,5
RandomForest,per_class,M2,0.9629629629629629,0.07137954701441318,30,5
RandomForest,per_class,M2,0.9716981132075472,0.07069320521619767,30,5
RandomForest,per_class,M2,0.9693877551020408,0.06520247083047358,30,5
RandomForest,per_class,M2,0.9791666666666666,0.06451612903225806,30,5
RandomForest,per_class,M2,0.989247311827957,0.06314344543582705,30,5
RandomForest,per_class,M2,1.0,0.05833905284831846,30,5
RandomForest,per_class,M2,1.0,0.050102951269732326,30,5
RandomForest,per_class,M2,1.0,0.041866849691146193,30,5
RandomForest,per_class,M2,1.0,0.03706245710363761,30,5
RandomForest,per_class,M2,1.0,0.031571722717913524,30,5
RandomForest,per_class,M2,1.0,0.030199039121482498,30,5
RandomForest,per_class,M2,1.0,0.026767330130404943,30,5
RandomForest,per_class,M2,1.0,0.024021962937542895,30,5
RandomForest,per_class,M2,1.0,0.02196293754289636,30,5
RandomForest,per_class,M2,1.0,0.016472203157172273,30,5
RandomForest,per_class,M2,1.0,0.014413177762525738,30,5
RandomForest,per_class,M2,1.0,0.013040494166094716,30,5
RandomForest,per_class,M2,1.0,0.01029512697323267,30,5
RandomForest,per_class,M2,1.0,0.008922443376801648,30,5
RandomForest,per_class,M2,1.0,0.0075497597803706245,30,5
RandomForest,per_class,M2,1.0,0.00549073438572409,30,5
RandomForest,per_class,M2,1.0,0.004804392587508579,30,5
RandomForest,per_class,M2,1.0,0.004118050789293068,30,5
RandomForest,per_class,M2,1.0,0.002745367192862045,30,5
RandomForest,per_class,M2,1.0,0.002059025394646534,30,5
RandomForest,per_class,M2,1.0,0.0013726835964310226,30,5
RandomForest,per_class,M2,1.0,0.0006863417982155113,30,5
RandomForest,per_class,M2,1.0,0.0,30,5
RandomForest,per_class,Mast,0.023133653377861267,1.0,30,5
RandomForest,per_class,Mast,0.025198938992042442,1.0,30,5
RandomForest,per_class,Mast,0.02865020895265176,1.0,30,5
RandomForest,per_class,Mast,0.03413056867173065,1.0,30,5
RandomForest,per_class,Mast,0.04241612450567674,1.0,30,5
RandomForest,per_class,Mast,0.054552912223133715,1.0,30,5
RandomForest,per_class,Mast,0.07073715562174236,1.0,30,5
RandomForest,per_class,Mast,0.09224580385629075,1.0,30,5
RandomForest,per_class,Mast,0.11877120914449009,1.0,30,5
RandomForest,per_class,Mast,0.151033386327504,1.0,30,5
RandomForest,per_class,Mast,0.1840575698865209,1.0,30,5
RandomForest,per_class,Mast,0.21682425823280077,1.0,30,5
RandomForest,per_class,Mast,0.25314046440807003,1.0,30,5
RandomForest,per_class,Mast,0.28504072010287185,1.0,30,5
RandomForest,per_class,Mast,0.31606463878326996,1.0,30,5
RandomForest,per_class,Mast,0.3426069036579083,1.0,30,5
RandomForest,per_class,Mast,0.36659316427783906,1.0,30,5
RandomForest,per_class,Mast,0.3871720116618076,0.9984962406015038,30,5
RandomForest,per_class,Mast,0.40636474908200737,0.9984962406015038,30,5
RandomForest,per_class,Mast,0.42591404746632455,0.9984962406015038,30,5
RandomForest,per_class,Mast,0.4379128137384412,0.9969924812030075,30,5
RandomForest,per_class,Mast,0.4531784005468216,0.9969924812030075,30,5
RandomForest,per_class,Mast,0.46554149085794655,0.9954887218045113,30,5
RandomForest,per_class,Mast,0.47760115606936415,0.9939849624060151,30,5
RandomForest,per_class,Mast,0.4903560830860534,0.9939849624060151,30,5
RandomForest,per_class,Mast,0.5007575757575757,0.9939849624060151,30,5
RandomForest,per_class,Mast,0.5088803088803089,0.9909774436090225,30,5
RandomForest,per_class,Mast,0.5197160883280757,0.9909774436090225,30,5
RandomForest,per_class,Mast,0.5301689460981497,0.9909774436090225,30,5
RandomForest,per_class,Mast,0.5397215397215397,0.9909774436090225,30,5
RandomForest,per_class,Mast,0.5466666666666666,0.9864661654135338,30,5
RandomForest,per_class,Mast,0.5550847457627118,0.9849624060150376,30,5
RandomForest,per_class,Mast,0.5600343053173242,0.9819548872180451,30,5
RandomForest,per_class,Mast,0.5699300699300699,0.9804511278195489,30,5
RandomForest,per_class,Mast,0.5805877114870882,0.9804511278195489,30,5
RandomForest,per_class,Mast,0.5866425992779783,0.9774436090225563,30,5
RandomForest,per_class,Mast,0.5959595959595959,0.9759398496240601,30,5
RandomForest,per_class,Mast,0.6043030869971936,0.9714285714285714,30,5
RandomForest,per_class,Mast,0.6129032258064516,0.9714285714285714,30,5
RandomForest,per_class,Mast,0.6216216216216216,0.968421052631579,30,5
RandomForest,per_class,Mast,0.6301369863013698,0.968421052631579,30,5
RandomForest,per_class,Mast,0.6362735381565907,0.9654135338345865,30,5
RandomForest,per_class,Mast,0.6464646464646465,0.9624060150375939,30,5
RandomForest,per_class,Mast,0.6503067484662577,0.956390977443609,30,5
RandomForest,per_class,Mast,0.6617954070981211,0.9533834586466166,30,5
RandomForest,per_class,Mast,0.6680761099365751,0.9503759398496241,30,5
RandomForest,per_class,Mast,0.677765843179377,0.9488721804511279,30,5
RandomForest,per_class,Mast,0.6825568797399784,0.9473684210526315,30,5
RandomForest,per_class,Mast,0.688183807439825,0.9458646616541353,30,5
RandomForest,per_class,Mast,0.6927312775330396,0.9458646616541353,30,5
RandomForest,per_class,Mast,0.6954595791805094,0.9443609022556391,30,5
RandomForest,per_class,Mast,0.7005586592178771,0.9428571428571428,30,5
RandomForest,per_class,Mast,0.7052154195011338,0.9353383458646617,30,5
RandomForest,per_class,Mast,0.7123130034522439,0.9308270676691729,30,5
RandomForest,per_class,Mast,0.7182770663562281,0.9278195488721804,30,5
RandomForest,per_class,Mast,0.7215041128084606,0.9233082706766917,30,5
RandomForest,per_class,Mast,0.726303317535545,0.9218045112781955,30,5
RandomForest,per_class,Mast,0.732934131736527,0.9203007518796993,30,5
RandomForest,per_class,Mast,0.7352587244283996,0.9187969924812031,30,5
RandomForest,per_class,Mast,0.7417783191230207,0.9157894736842105,30,5
RandomForest,per_class,Mast,0.7484586929716399,0.912781954887218,30,5
RandomForest,per_class,Mast,0.7543640897755611,0.9097744360902256,30,5
RandomForest,per_class,Mast,0.7578419071518193,0.9082706766917293,30,5
RandomForest,per_class,Mast,0.7620253164556962,0.9052631578947369,30,5
RandomForest,per_class,Mast,0.7662835249042146,0.9022556390977443,30,5
RandomForest,per_class,Mast,0.7709137709137709,0.9007518796992481,30,5
RandomForest,per_class,Mast,0.7717250324254216,0.8947368421052632,30,5
RandomForest,per_class,Mast,0.7798165137614679,0.8947368421052632,30,5
RandomForest,per_class,Mast,0.7823218997361477,0.8917293233082707,30,5
RandomForest,per_class,Mast,0.785809906291834,0.8827067669172932,30,5
RandomForest,per_class,Mast,0.7872628726287263,0.8736842105263158,30,5
RandomForest,per_class,Mast,0.7931506849315069,0.8706766917293233,30,5
RandomForest,per_class,Mast,0.7950138504155124,0.8631578947368421,30,5
RandomForest,per_class,Mast,0.8,0.8601503759398497,30,5
RandomForest,per_class,Mast,0.8042253521126761,0.8586466165413534,30,5
RandomForest,per_class,Mast,0.8111587982832618,0.8526315789473684,30,5
RandomForest,per_class,Mast,0.8147612156295224,0.8466165413533835,30,5
RandomForest,per_class,Mast,0.8205882352941176,0.8390977443609022,30,5
RandomForest,per_class,Mast,0.8237037037037037,0.8360902255639098,30,5
RandomForest,per_class,Mast,0.8253731343283582,0.8315789473684211,30,5
RandomForest,per_class,Mast,0.8285714285714286,0.8285714285714286,30,5
RandomForest,per_class,Mast,0.8351145038167939,0.8225563909774436,30,5
RandomForest,per_class,Mast,0.8403100775193798,0.8150375939849624,30,5
RandomForest,per_class,Mast,0.8435054773082942,0.8105263157894737,30,5
RandomForest,per_class,Mast,0.8505564387917329,0.8045112781954887,30,5
RandomForest,per_class,Mast,0.8580645161290322,0.8,30,5
RandomForest,per_class,Mast,0.8585365853658536,0.793984962406015,30,5
RandomForest,per_class,Mast,0.8637110016420362,0.7909774436090226,30,5
RandomForest,per_class,Mast,0.865,0.7804511278195488,30,5
RandomForest,per_class,Mast,0.8648648648648649,0.7699248120300752,30,5
RandomForest,per_class,Mast,0.8640275387263339,0.7548872180451128,30,5
RandomForest,per_class,Mast,0.8691099476439791,0.7488721804511278,30,5
RandomForest,per_class,Mast,0.8770053475935828,0.7398496240601504,30,5
RandomForest,per_class,Mast,0.8790613718411552,0.7323308270676692,30,5
RandomForest,per_class,Mast,0.8844036697247707,0.724812030075188,30,5
RandomForest,per_class,Mast,0.8895131086142322,0.7142857142857143,30,5
RandomForest,per_class,Mast,0.8897338403041825,0.7037593984962406,30,5
RandomForest,per_class,Mast,0.8953488372093024,0.6947368421052632,30,5
RandomForest,per_class,Mast,0.9,0.6902255639097744,30,5
RandomForest,per_class,Mast,0.9043824701195219,0.6827067669172933,30,5
RandomForest,per_class,Mast,0.9092741935483871,0.6781954887218045,30,5
RandomForest,per_class,Mast,0.9154639175257732,0.6676691729323309,30,5
RandomForest,per_class,Mast,0.9166666666666666,0.6616541353383458,30,5
RandomForest,per_class,Mast,0.9216101694915254,0.6541353383458647,30,5
RandomForest,per_class,Mast,0.9321663019693655,0.6406015037593985,30,5
RandomForest,per_class,Mast,0.9336283185840708,0.6345864661654136,30,5
RandomForest,per_class,Mast,0.9349775784753364,0.6270676691729323,30,5
RandomForest,per_class,Mast,0.9363636363636364,0.6195488721804512,30,5
RandomForest,per_class,Mast,0.9445727482678984,0.6150375939849624,30,5
RandomForest,per_class,Mast,0.9482352941176471,0.606015037593985,30,5
RandomForest,per_class,Mast,0.9521531100478469,0.5984962406015037,30,5
RandomForest,per_class,Mast,0.9536585365853658,0.58796992481203,30,5
RandomForest,per_class,Mast,0.9532019704433498,0.5819548872180451,30,5
RandomForest,per_class,Mast,0.9567430025445293,0.5654135338345865,30,5
RandomForest,per_class,Mast,0.9554973821989529,0.5488721804511278,30,5
RandomForest,per_class,Mast,0.9543010752688172,0.5338345864661654,30,5
RandomForest,per_class,Mast,0.9553072625698324,0.5142857142857142,30,5
RandomForest,per_class,Mast,0.9567723342939481,0.4992481203007519,30,5
RandomForest,per_class,Mast,0.9615384615384616,0.48872180451127817,30,5
RandomForest,per_class,Mast,0.9631901840490797,0.47218045112781953,30,5
RandomForest,per_class,Mast,0.9652996845425867,0.46015037593984964,30,5
RandomForest,per_class,Mast,0.9644012944983819,0.4481203007518797,30,5
RandomForest,per_class,Mast,0.9668874172185431,0.43909774436090226,30,5
RandomForest,per_class,Mast,0.9694915254237289,0.43007518796992483,30,5
RandomForest,per_class,Mast,0.9721254355400697,0.4195488721804511,30,5
RandomForest,per_class,Mast,0.9711191335740073,0.4045112781954887,30,5
RandomForest,per_class,Mast,0.9703703703703703,0.39398496240601505,30,5
RandomForest,per_class,Mast,0.9768339768339769,0.3804511278195489,30,5
RandomForest,per_class,Mast,0.9799196787148594,0.3669172932330827,30,5
RandomForest,per_class,Mast,0.979253112033195,0.3548872180451128,30,5
RandomForest,per_class,Mast,0.9785407725321889,0.34285714285714286,30,5
RandomForest,per_class,Mast,0.9775784753363229,0.32781954887218046,30,5
RandomForest,per_class,Mast,0.9857142857142858,0.3112781954887218,30,5
RandomForest,per_class,Mast,0.9901477832512315,0.3022556390977444,30,5
RandomForest,per_class,Mast,0.9896907216494846,0.2887218045112782,30,5
RandomForest,per_class,Mast,0.9890710382513661,0.2721804511278195,30,5
RandomForest,per_class,Mast,0.9884393063583815,0.2571428571428571,30,5
RandomForest,per_class,Mast,0.9938650306748467,0.24360902255639097,30,5
RandomForest,per_class,Mast,0.9933774834437086,0.22556390977443608,30,5
RandomForest,per_class,Mast,0.9928057553956835,0.2075187969924812,30,5
RandomForest,per_class,Mast,0.9923664122137404,0.19548872180451127,30,5
RandomForest,per_class,Mast,0.9915254237288136,0.17593984962406015,30,5
RandomForest,per_class,Mast,0.9910714285714286,0.16691729323308271,30,5
RandomForest,per_class,Mast,0.9903846153846154,0.1548872180451128,30,5
RandomForest,per_class,Mast,0.99,0.14887218045112782,30,5
RandomForest,per_class,Mast,0.9894736842105263,0.14135338345864662,30,5
RandomForest,per_class,Mast,1.0,0.12481203007518797,30,5
RandomForest,per_class,Mast,1.0,0.10676691729323308,30,5
RandomForest,per_class,Mast,1.0,0.10075187969924812,30,5
RandomForest,per_class,Mast,1.0,0.08721804511278196,30,5
RandomForest,per_class,Mast,1.0,0.08421052631578947,30,5
RandomForest,per_class,Mast,1.0,0.07669172932330827,30,5
RandomForest,per_class,Mast,1.0,0.06766917293233082,30,5
RandomForest,per_class,Mast,1.0,0.061654135338345864,30,5
RandomForest,per_class,Mast,1.0,0.04962406015037594,30,5
RandomForest,per_class,Mast,1.0,0.0406015037593985,30,5
RandomForest,per_class,Mast,1.0,0.03609022556390978,30,5
RandomForest,per_class,Mast,1.0,0.02706766917293233,30,5
RandomForest,per_class,Mast,1.0,0.02556390977443609,30,5
RandomForest,per_class,Mast,1.0,0.019548872180451128,30,5
RandomForest,per_class,Mast,1.0,0.01804511278195489,30,5
RandomForest,per_class,Mast,1.0,0.016541353383458645,30,5
RandomForest,per_class,Mast,1.0,0.013533834586466165,30,5
RandomForest,per_class,Mast,1.0,0.012030075187969926,30,5
RandomForest,per_class,Mast,1.0,0.010526315789473684,30,5
RandomForest,per_class,Mast,1.0,0.006015037593984963,30,5
RandomForest,per_class,Mast,1.0,0.0030075187969924814,30,5
RandomForest,per_class,Mast,1.0,0.0015037593984962407,30,5
RandomForest,per_class,Mast,1.0,0.0,30,5
RandomForest,per_class,Monocyte,0.04807625408752522,1.0,30,5
RandomForest,per_class,Monocyte,0.04973350619418035,0.9992764109985528,30,5
RandomForest,per_class,Monocyte,0.05328011779749681,0.9949348769898697,30,5
RandomForest,per_class,Monocyte,0.059461334952509,0.992040520984081,30,5
RandomForest,per_class,Monocyte,0.06766544300029764,0.9869753979739508,30,5
RandomForest,per_class,Monocyte,0.07762478485370052,0.9790159189580319,30,5
RandomForest,per_class,Monocyte,0.08933794203669237,0.9725036179450073,30,5
RandomForest,per_class,Monocyte,0.10250709192670399,0.967438494934877,30,5
RandomForest,per_class,Monocyte,0.11621574139142657,0.9573082489146165,30,5
RandomForest,per_class,Monocyte,0.1316000803051596,0.9486251808972503,30,5
RandomForest,per_class,Monocyte,0.14748527412777526,0.9421128798842258,30,5
RandomForest,per_class,Monocyte,0.1629967096937484,0.9319826338639653,30,5
RandomForest,per_class,Monocyte,0.1801852371596969,0.9290882778581766,30,5
RandomForest,per_class,Monocyte,0.19557195571955718,0.9204052098408104,30,5
RandomForest,per_class,Monocyte,0.2117805000839067,0.9131693198263386,30,5
RandomForest,per_class,Monocyte,0.22856098006948253,0.9044862518089725,30,5
RandomForest,per_class,Monocyte,0.2441860465116279,0.8965267727930536,30,5
RandomForest,per_class,Monocyte,0.25844594594594594,0.8856729377713459,30,5
RandomForest,per_class,Monocyte,0.2736676411063638,0.8806078147612156,30,5
RandomForest,per_class,Monocyte,0.28608861362553595,0.8690303907380608,30,5
RandomForest,per_class,Monocyte,0.3009831106629695,0.8639652677279306,30,5
RandomForest,per_class,Monocyte,0.31382978723404253,0.85383502170767,30,5
RandomForest,per_class,Monocyte,0.3295774647887324,0.8465991316931982,30,5
RandomForest,per_class,Monocyte,0.34127684613121506,0.8393632416787264,30,5
RandomForest,per_class,Monocyte,0.35135960892147877,0.8321273516642547,30,5
RandomForest,per_class,Monocyte,0.363258785942492,0.8227206946454414,30,5
RandomForest,per_class,Monocyte,0.3767582049564635,0.8140376266280752,30,5
RandomForest,per_class,Monocyte,0.3894736842105263,0.8031837916063675,30,5
RandomForest,per_class,Monocyte,0.40390279823269515,0.7937771345875543,30,5
RandomForest,per_class,Monocyte,0.41740130318129554,0.7879884225759769,30,5
RandomForest,per_class,Monocyte,0.4302141157811261,0.7850940665701881,30,5
RandomForest,per_class,Monocyte,0.4396055875102712,0.7742402315484804,30,5
RandomForest,per_class,Monocyte,0.45139186295503214,0.7626628075253257,30,5
RandomForest,per_class,Monocyte,0.4648888888888889,0.7568740955137482,30,5
RandomForest,per_class,Monocyte,0.4758175955780746,0.7474674384949349,30,5
RandomForest,per_class,Monocyte,0.48496420047732697,0.7351664254703328,30,5
RandomForest,per_class,Monocyte,0.4962816063460585,0.7243125904486252,30,5
RandomForest,per_class,Monocyte,0.5081799591002045,0.7192474674384949,30,5
RandomForest,per_class,Monocyte,0.5182829888712241,0.7076700434153401,30,5
RandomForest,per_class,Monocyte,0.5253405994550409,0.6975397973950795,30,5
RandomForest,per_class,Monocyte,0.529082774049217,0.6845151953690304,30,5
RandomForest,per_class,Monocyte,0.5410879629629629,0.6765557163531114,30,5
RandomForest,per_class,Monocyte,0.5548192771084337,0.6664254703328509,30,5
RandomForest,per_class,Monocyte,0.5648379052369077,0.6555716353111433,30,5
RandomForest,per_class,Monocyte,0.571611253196931,0.6468885672937771,30,5
RandomForest,per_class,Monocyte,0.5787738958470666,0.6353111432706223,30,5
RandomForest,per_class,Monocyte,0.5882749326145552,0.6316931982633864,30,5
RandomForest,per_class,Monocyte,0.5961138098542679,0.6215629522431259,30,5
RandomForest,per_class,Monocyte,0.6047345767575323,0.6099855282199711,30,5
RandomForest,per_class,Monocyte,0.6134020618556701,0.6027496382054993,30,5
RandomForest,per_class,Monocyte,0.620532319391635,0.5904486251808972,30,5
RandomForest,per_class,Monocyte,0.6319936958234831,0.5803183791606368,30,5
RandomForest,per_class,Monocyte,0.6412955465587045,0.573082489146165,30,5
RandomForest,per_class,Monocyte,0.6475953565505804,0.565123010130246,30,5
RandomForest,per_class,Monocyte,0.6560891938250428,0.5535455861070911,30,5
RandomForest,per_class,Monocyte,0.6625766871165644,0.5470332850940666,30,5
RandomForest,per_class,Monocyte,0.6723826714801444,0.5390738060781476,30,5
RandomForest,per_class,Monocyte,0.6817761332099908,0.5332850940665702,30,5
RandomForest,per_class,Monocyte,0.6854146806482364,0.5202604920405209,30,5
RandomForest,per_class,Monocyte,0.6897560975609756,0.5115774240231549,30,5
RandomForest,per_class,Monocyte,0.6899302093718843,0.5007235890014472,30,5
RandomForest,per_class,Monocyte,0.6967213114754098,0.492040520984081,30,5
RandomForest,per_class,Monocyte,0.7042553191489361,0.47901591895803186,30,5
RandomForest,per_class,Monocyte,0.703622392974753,0.4638205499276411,30,5
RandomForest,per_class,Monocyte,0.710079275198188,0.45369030390738063,30,5
RandomForest,per_class,Monocyte,0.7171361502347418,0.44211287988422576,30,5
RandomForest,per_class,Monocyte,0.717049576783555,0.42908827785817655,30,5
RandomForest,per_class,Monocyte,0.7263681592039801,0.42257597684515197,30,5
RandomForest,per_class,Monocyte,0.7266922094508301,0.4117221418234443,30,5
RandomForest,per_class,Monocyte,0.7277486910994765,0.402315484804631,30,5
RandomForest,per_class,Monocyte,0.7345013477088949,0.394356005788712,30,5
RandomForest,per_class,Monocyte,0.7395543175487466,0.3842257597684515,30,5
RandomForest,per_class,Monocyte,0.7492836676217765,0.3784370477568741,30,5
RandomForest,per_class,Monocyte,0.75,0.37337192474674386,30,5
RandomForest,per_class,Monocyte,0.7544642857142857,0.3668596237337192,30,5
RandomForest,per_class,Monocyte,0.7561349693251533,0.35672937771345875,30,5
RandomForest,per_class,Monocyte,0.7625786163522013,0.3509406657018813,30,5
RandomForest,per_class,Monocyte,0.7626016260162601,0.3393632416787265,30,5
RandomForest,per_class,Monocyte,0.7642140468227425,0.3306801736613603,30,5
RandomForest,per_class,Monocyte,0.7621527777777778,0.31765557163531116,30,5
RandomForest,per_class,Monocyte,0.7625,0.308972503617945,30,5
RandomForest,per_class,Monocyte,0.7650273224043715,0.30390738060781475,30,5
RandomForest,per_class,Monocyte,0.7626168224299066,0.2952243125904486,30,5
RandomForest,per_class,Monocyte,0.7630057803468208,0.2865412445730825,30,5
RandomForest,per_class,Monocyte,0.7643564356435644,0.2793053545586107,30,5
RandomForest,per_class,Monocyte,0.7761806981519507,0.2735166425470333,30,5
RandomForest,per_class,Monocyte,0.7780126849894292,0.2662807525325615,30,5
RandomForest,per_class,Monocyte,0.7821350762527233,0.2597684515195369,30,5
RandomForest,per_class,Monocyte,0.7876712328767124,0.2496382054992764,30,5
RandomForest,per_class,Monocyte,0.7885985748218527,0.2402315484804631,30,5
RandomForest,per_class,Monocyte,0.7959697732997482,0.22865412445730826,30,5
RandomForest,per_class,Monocyte,0.796875,0.22141823444283648,30,5
RandomForest,per_class,Monocyte,0.7951482479784366,0.2134587554269175,30,5
RandomForest,per_class,Monocyte,0.7988826815642458,0.20694645441389292,30,5
RandomForest,per_class,Monocyte,0.804093567251462,0.19898697539797394,30,5
RandomForest,per_class,Monocyte,0.8144654088050315,0.1874095513748191,30,5
RandomForest,per_class,Monocyte,0.8131147540983606,0.17945007235890015,30,5
RandomForest,per_class,Monocyte,0.8103448275862069,0.17004341534008682,30,5
RandomForest,per_class,Monocyte,0.8146853146853147,0.16859623733719248,30,5
RandomForest,per_class,Monocyte,0.8142857142857143,0.1649782923299566,30,5
RandomForest,per_class,Monocyte,0.8131868131868132,0.16063675832127353,30,5
RandomForest,per_class,Monocyte,0.8122605363984674,0.15340086830680175,30,5
RandomForest,per_class,Monocyte,0.824,0.14905933429811866,30,5
RandomForest,per_class,Monocyte,0.8425531914893617,0.14327062228654125,30,5
RandomForest,per_class,Monocyte,0.8545454545454545,0.13603473227206947,30,5
RandomForest,per_class,Monocyte,0.855072463768116,0.12807525325615052,30,5
RandomForest,per_class,Monocyte,0.8608247422680413,0.12083936324167872,30,5
RandomForest,per_class,Monocyte,0.8674033149171271,0.11360347322720694,30,5
RandomForest,per_class,Monocyte,0.8647058823529412,0.10636758321273516,30,5
RandomForest,per_class,Monocyte,0.8726114649681529,0.09913169319826338,30,5
RandomForest,per_class,Monocyte,0.8680555555555556,0.09044862518089725,30,5
RandomForest,per_class,Monocyte,0.8695652173913043,0.08683068017366136,30,5
RandomForest,per_class,Monocyte,0.8702290076335878,0.0824891461649783,30,5
RandomForest,per_class,Monocyte,0.8699186991869918,0.07742402315484805,30,5
RandomForest,per_class,Monocyte,0.8672566371681416,0.07091172214182344,30,5
RandomForest,per_class,Monocyte,0.8623853211009175,0.06801736613603473,30,5
RandomForest,per_class,Monocyte,0.8787878787878788,0.06295224312590449,30,5
RandomForest,per_class,Monocyte,0.8681318681318682,0.057163531114327065,30,5
RandomForest,per_class,Monocyte,0.8604651162790697,0.053545586107091175,30,5
RandomForest,per_class,Monocyte,0.8625,0.049927641099855286,30,5
RandomForest,per_class,Monocyte,0.8767123287671232,0.04630969609261939,30,5
RandomForest,per_class,Monocyte,0.8823529411764706,0.04341534008683068,30,5
RandomForest,per_class,Monocyte,0.8852459016393442,0.03907380607814761,30,5
RandomForest,per_class,Monocyte,0.8928571428571429,0.0361794500723589,30,5
RandomForest,per_class,Monocyte,0.8823529411764706,0.03256150506512301,30,5
RandomForest,per_class,Monocyte,0.8936170212765957,0.030390738060781478,30,5
RandomForest,per_class,Monocyte,0.8913043478260869,0.029667149059334298,30,5
RandomForest,per_class,Monocyte,0.875,0.02532561505065123,30,5
RandomForest,per_class,Monocyte,0.8888888888888888,0.023154848046309694,30,5
RandomForest,per_class,Monocyte,0.8787878787878788,0.020984081041968163,30,5
RandomForest,per_class,Monocyte,0.875,0.020260492040520984,30,5
RandomForest,per_class,Monocyte,0.8571428571428571,0.017366136034732273,30,5
RandomForest,per_class,Monocyte,0.88,0.015918958031837915,30,5
RandomForest,per_class,Monocyte,0.9130434782608695,0.015195369030390739,30,5
RandomForest,per_class,Monocyte,0.9,0.013024602026049204,30,5
RandomForest,per_class,Monocyte,0.8888888888888888,0.011577424023154847,30,5
RandomForest,per_class,Monocyte,0.875,0.010130246020260492,30,5
RandomForest,per_class,Monocyte,0.8571428571428571,0.008683068017366137,30,5
RandomForest,per_class,Monocyte,0.9230769230769231,0.008683068017366137,30,5
RandomForest,per_class,Monocyte,0.9166666666666666,0.007959479015918957,30,5
RandomForest,per_class,Monocyte,0.9090909090909091,0.00723589001447178,30,5
RandomForest,per_class,Monocyte,1.0,0.004341534008683068,30,5
RandomForest,per_class,Monocyte,1.0,0.001447178002894356,30,5
RandomForest,per_class,Monocyte,1.0,0.000723589001447178,30,5
RandomForest,per_class,Monocyte,1.0,0.0,30,5
RandomForest,per_class,NK,0.05106797467473735,1.0,30,5
RandomForest,per_class,NK,0.057372884667995463,1.0,30,5
RandomForest,per_class,NK,0.0688587644823866,1.0,30,5
RandomForest,per_class,NK,0.08434427643304777,0.9993188010899182,30,5
RandomForest,per_class,NK,0.10308698403769075,0.9986376021798365,30,5
RandomForest,per_class,NK,0.12485096235734969,0.9986376021798365,30,5
RandomForest,per_class,NK,0.14787169659067984,0.9986376021798365,30,5
RandomForest,per_class,NK,0.17266187050359713,0.997275204359673,30,5
RandomForest,per_class,NK,0.19671247642144973,0.9945504087193461,30,5
RandomForest,per_class,NK,0.2195452492094564,0.9931880108991825,30,5
RandomForest,per_class,NK,0.2427071178529755,0.9918256130790191,30,5
RandomForest,per_class,NK,0.26420918830579265,0.9911444141689373,30,5
RandomForest,per_class,NK,0.2843444227005871,0.9897820163487738,30,5
RandomForest,per_class,NK,0.30301129234629864,0.9870572207084468,30,5
RandomForest,per_class,NK,0.32119058196357175,0.9850136239782016,30,5
RandomForest,per_class,NK,0.3387514723203769,0.9795640326975477,30,5
RandomForest,per_class,NK,0.35430545275104863,0.9782016348773842,30,5
RandomForest,per_class,NK,0.3706095041322314,0.9775204359673024,30,5
RandomForest,per_class,NK,0.38281879194630875,0.9713896457765667,30,5
RandomForest,per_class,NK,0.39643155840535266,0.9686648501362398,30,5
RandomForest,per_class,NK,0.4070771001150748,0.9638964577656676,30,5
RandomForest,per_class,NK,0.42051893826424097,0.9604904632152589,30,5
RandomForest,per_class,NK,0.43458088462728117,0.9570844686648501,30,5
RandomForest,per_class,NK,0.44518589132507147,0.9543596730245232,30,5
RandomForest,per_class,NK,0.45827858081471745,0.9502724795640327,30,5
RandomForest,per_class,NK,0.4688768606224628,0.944141689373297,30,5
RandomForest,per_class,NK,0.4798611111111111,0.94141689373297,30,5
RandomForest,per_class,NK,0.49246231155778897,0.9346049046321526,30,5
RandomForest,per_class,NK,0.5036954915003695,0.9284741144414169,30,5
RandomForest,per_class,NK,0.5138730520714557,0.9209809264305178,30,5
RandomForest,per_class,NK,0.5242376856919468,0.9134877384196185,30,5
RandomForest,per_class,NK,0.5369398465886153,0.9059945504087193,30,5
RandomForest,per_class,NK,0.5469659185369908,0.896457765667575,30,5
RandomForest,per_class,NK,0.5572160546541418,0.8889645776566758,30,5
RandomForest,per_class,NK,0.5657093124456049,0.885558583106267,30,5
RandomForest,per_class,NK,0.5734702992407325,0.8746594005449592,30,5
RandomForest,per_class,NK,0.5838309600367478,0.8658038147138964,30,5
RandomForest,per_class,NK,0.5927495291902072,0.8576294277929155,30,5
RandomForest,per_class,NK,0.6033816425120773,0.8508174386920981,30,5
RandomForest,per_class,NK,0.6138957816377171,0.8426430517711172,30,5
RandomForest,per_class,NK,0.6228338430173292,0.832425068119891,30,5
RandomForest,per_class,NK,0.6321000521104742,0.8262942779291553,30,5
RandomForest,per_class,NK,0.6417512012813668,0.8188010899182562,30,5
RandomForest,per_class,NK,0.6522453450164294,0.8113079019073569,30,5
RandomForest,per_class,NK,0.6625491297024144,0.8038147138964578,30,5
RandomForest,per_class,NK,0.6721967963386728,0.8004087193460491,30,5
RandomForest,per_class,NK,0.6827262044653349,0.7915531335149864,30,5
RandomForest,per_class,NK,0.6912470023980816,0.7854223433242506,30,5
RandomForest,per_class,NK,0.7017326732673267,0.7724795640326976,30,5
RandomForest,per_class,NK,0.7061044682190056,0.7643051771117166,30,5
RandomForest,per_class,NK,0.7124435847840103,0.752724795640327,30,5
RandomForest,per_class,NK,0.7181340341655716,0.7445504087193461,30,5
RandomForest,per_class,NK,0.7283783783783784,0.7343324250681199,30,5
RandomForest,per_class,NK,0.7373175816539264,0.7227520435967303,30,5
RandomForest,per_class,NK,0.7452093683463449,0.715258855585831,30,5
RandomForest,per_class,NK,0.7494553376906318,0.7029972752043597,30,5
RandomForest,per_class,NK,0.760268857356236,0.6934604904632152,30,5
RandomForest,per_class,NK,0.7654698242933538,0.6825613079019074,30,5
RandomForest,per_class,NK,0.7728337236533958,0.6743869209809265,30,5
RandomForest,per_class,NK,0.7793764988009593,0.6641689373297003,30,5
RandomForest,per_class,NK,0.7884773662551441,0.6525885558583107,30,5
RandomForest,per_class,NK,0.7909698996655519,0.6444141689373297,30,5
RandomForest,per_class,NK,0.7959009393680615,0.6348773841961853,30,5
RandomForest,per_class,NK,0.8013876843018214,0.6294277929155313,30,5
RandomForest,per_class,NK,0.8089686098654708,0.614441416893733,30,5
RandomForest,per_class,NK,0.8138248847926267,0.6014986376021798,30,5
RandomForest,per_class,NK,0.8152686145146089,0.5892370572207084,30,5
RandomForest,per_class,NK,0.8211538461538461,0.5817438692098093,30,5
RandomForest,per_class,NK,0.8241106719367589,0.5681198910081744,30,5
RandomForest,per_class,NK,0.8289473684210527,0.5579019073569482,30,5
RandomForest,per_class,NK,0.83991683991684,0.5504087193460491,30,5
RandomForest,per_class,NK,0.8472222222222222,0.5401907356948229,30,5
RandomForest,per_class,NK,0.8526200873362445,0.532016348773842,30,5
RandomForest,per_class,NK,0.8592178770949721,0.523841961852861,30,5
RandomForest,per_class,NK,0.8615209988649262,0.5170299727520435,30,5
RandomForest,per_class,NK,0.8664343786295006,0.5081743869209809,30,5
RandomForest,per_class,NK,0.867141162514828,0.49795640326975477,30,5
RandomForest,per_class,NK,0.8678090575275398,0.4829700272479564,30,5
RandomForest,per_class,NK,0.8653366583541147,0.47275204359673023,30,5
RandomForest,per_class,NK,0.8705583756345178,0.4673024523160763,30,5
RandomForest,per_class,NK,0.8735332464146024,0.4564032697547684,30,5
RandomForest,per_class,NK,0.8783422459893048,0.4475476839237057,30,5
RandomForest,per_class,NK,0.8821917808219178,0.43869209809264303,30,5
RandomForest,per_class,NK,0.8848314606741573,0.42915531335149865,30,5
RandomForest,per_class,NK,0.8874643874643875,0.42438692098092645,30,5
RandomForest,per_class,NK,0.8877551020408163,0.414850136239782,30,5
RandomForest,per_class,NK,0.8974739970282318,0.4114441416893733,30,5
RandomForest,per_class,NK,0.9030303030303031,0.40599455040871935,30,5
RandomForest,per_class,NK,0.906396255850234,0.3957765667574932,30,5
RandomForest,per_class,NK,0.9069020866773676,0.3848773841961853,30,5
RandomForest,per_class,NK,0.9093904448105437,0.3760217983651226,30,5
RandomForest,per_class,NK,0.9152542372881356,0.3678474114441417,30,5
RandomForest,per_class,NK,0.9149305555555556,0.358991825613079,30,5
RandomForest,per_class,NK,0.9159212880143113,0.34877384196185285,30,5
RandomForest,per_class,NK,0.9175824175824175,0.3412806539509537,30,5
RandomForest,per_class,NK,0.9219047619047619,0.329700272479564,30,5
RandomForest,per_class,NK,0.9223300970873787,0.3235694822888283,30,5
RandomForest,per_class,NK,0.9218436873747495,0.3133514986376022,30,5
RandomForest,per_class,NK,0.9214876033057852,0.30381471389645776,30,5
RandomForest,per_class,NK,0.9256900212314225,0.2970027247956403,30,5
RandomForest,per_class,NK,0.9251101321585903,0.28610354223433243,30,5
RandomForest,per_class,NK,0.9239373601789709,0.28133514986376024,30,5
RandomForest,per_class,NK,0.9254079254079254,0.27043596730245234,30,5
RandomForest,per_class,NK,0.927360774818402,0.2608991825613079,30,5
RandomForest,per_class,NK,0.9280397022332506,0.2547683923705722,30,5
RandomForest,per_class,NK,0.9362244897959183,0.25,30,5
RandomForest,per_class,NK,0.93717277486911,0.2438692098092643,30,5
RandomForest,per_class,NK,0.9373297002724795,0.23433242506811988,30,5
RandomForest,per_class,NK,0.9420289855072463,0.22138964577656675,30,5
RandomForest,per_class,NK,0.9464285714285714,0.21662125340599456,30,5
RandomForest,per_class,NK,0.9501557632398754,0.20776566757493187,30,5
RandomForest,per_class,NK,0.9539473684210527,0.19754768392370572,30,5
RandomForest,per_class,NK,0.9593220338983051,0.1927792915531335,30,5
RandomForest,per_class,NK,0.9679715302491103,0.18528610354223432,30,5
RandomForest,per_class,NK,0.9739776951672863,0.1784741144414169,30,5
RandomForest,per_class,NK,0.9727626459143969,0.17029972752043596,30,5
RandomForest,per_class,NK,0.9722222222222222,0.16689373297002724,30,5
RandomForest,per_class,NK,0.970954356846473,0.15940054495912806,30,5
RandomForest,per_class,NK,0.9699570815450643,0.1539509536784741,30,5
RandomForest,per_class,NK,0.9819004524886877,0.1478201634877384,30,5
RandomForest,per_class,NK,0.9808612440191388,0.1396457765667575,30,5
RandomForest,per_class,NK,0.9847715736040609,0.13215258855585832,30,5
RandomForest,per_class,NK,0.9840425531914894,0.12602179836512262,30,5
RandomForest,per_class,NK,0.9886363636363636,0.11852861035422343,30,5
RandomForest,per_class,NK,0.9880239520958084,0.11239782016348773,30,5
RandomForest,per_class,NK,0.9872611464968153,0.1055858310626703,30,5
RandomForest,per_class,NK,0.993421052631579,0.10286103542234333,30,5
RandomForest,per_class,NK,0.993103448275862,0.09809264305177112,30,5
RandomForest,per_class,NK,0.9929577464788732,0.09604904632152589,30,5
RandomForest,per_class,NK,0.9928057553956835,0.09400544959128065,30,5
RandomForest,per_class,NK,0.9923076923076923,0.08787465940054497,30,5
RandomForest,per_class,NK,0.9915254237288136,0.07970027247956403,30,5
RandomForest,per_class,NK,0.9908256880733946,0.07356948228882834,30,5
RandomForest,per_class,NK,0.9900990099009901,0.0681198910081744,30,5
RandomForest,per_class,NK,0.989010989010989,0.06130790190735695,30,5
RandomForest,per_class,NK,1.0,0.05790190735694823,30,5
RandomForest,per_class,NK,1.0,0.055177111716621256,30,5
RandomForest,per_class,NK,1.0,0.05313351498637602,30,5
RandomForest,per_class,NK,1.0,0.04700272479564033,30,5
RandomForest,per_class,NK,1.0,0.043596730245231606,30,5
RandomForest,per_class,NK,1.0,0.040190735694822885,30,5
RandomForest,per_class,NK,1.0,0.036103542234332424,30,5
RandomForest,per_class,NK,1.0,0.0326975476839237,30,5
RandomForest,per_class,NK,1.0,0.02997275204359673,30,5
RandomForest,per_class,NK,1.0,0.027929155313351498,30,5
RandomForest,per_class,NK,1.0,0.025885558583106268,30,5
RandomForest,per_class,NK,1.0,0.02316076294277929,30,5
RandomForest,per_class,NK,1.0,0.020435967302452316,30,5
RandomForest,per_class,NK,1.0,0.018392370572207085,30,5
RandomForest,per_class,NK,1.0,0.01634877384196185,30,5
RandomForest,per_class,NK,1.0,0.015667574931880108,30,5
RandomForest,per_class,NK,1.0,0.012942779291553134,30,5
RandomForest,per_class,NK,1.0,0.011580381471389645,30,5
RandomForest,per_class,NK,1.0,0.008855585831062671,30,5
RandomForest,per_class,NK,1.0,0.007493188010899182,30,5
RandomForest,per_class,NK,1.0,0.006811989100817439,30,5
RandomForest,per_class,NK,1.0,0.006130790190735695,30,5
RandomForest,per_class,NK,1.0,0.005449591280653951,30,5
RandomForest,per_class,NK,1.0,0.004768392370572207,30,5
RandomForest,per_class,NK,1.0,0.004087193460490463,30,5
RandomForest,per_class,NK,1.0,0.0034059945504087193,30,5
RandomForest,per_class,NK,1.0,0.0027247956403269754,30,5
RandomForest,per_class,NK,1.0,0.0020435967302452314,30,5
RandomForest,per_class,NK,1.0,0.0013623978201634877,30,5
RandomForest,per_class,NK,1.0,0.0006811989100817438,30,5
RandomForest,per_class,NK,1.0,0.0,30,5
RandomForest,per_class,Neutrophil,0.02393376469769707,1.0,30,5
RandomForest,per_class,Neutrophil,0.025303420375137917,1.0,30,5
RandomForest,per_class,Neutrophil,0.028236066650250347,1.0,30,5
RandomForest,per_class,Neutrophil,0.03279469946136613,1.0,30,5
RandomForest,per_class,Neutrophil,0.03876056338028169,1.0,30,5
RandomForest,per_class,Neutrophil,0.04605395274114733,1.0,30,5
RandomForest,per_class,Neutrophil,0.0546856370717749,1.0,30,5
RandomForest,per_class,Neutrophil,0.06435319427555888,1.0,30,5
RandomForest,per_class,Neutrophil,0.07537026878771257,0.998546511627907,30,5
RandomForest,per_class,Neutrophil,0.08721594515678557,0.998546511627907,30,5
RandomForest,per_class,Neutrophil,0.10040923706518562,0.998546511627907,30,5
RandomForest,per_class,Neutrophil,0.11342248637939574,0.998546511627907,30,5
RandomForest,per_class,Neutrophil,0.12720192842573708,0.997093023255814,30,5
RandomForest,per_class,Neutrophil,0.1395871653382383,0.9927325581395349,30,5
RandomForest,per_class,Neutrophil,0.15274356103023518,0.9912790697674418,30,5
RandomForest,per_class,Neutrophil,0.1658952496954933,0.9898255813953488,30,5
RandomForest,per_class,Neutrophil,0.18008474576271186,0.9883720930232558,30,5
RandomForest,per_class,Neutrophil,0.19288762446657184,0.9854651162790697,30,5
RandomForest,per_class,Neutrophil,0.2067910676047721,0.9825581395348837,30,5
RandomForest,per_class,Neutrophil,0.22244224422442244,0.9796511627906976,30,5
RandomForest,per_class,Neutrophil,0.2348192348192348,0.9723837209302325,30,5
RandomForest,per_class,Neutrophil,0.24962574850299402,0.9694767441860465,30,5
RandomForest,per_class,Neutrophil,0.2639776357827476,0.9607558139534884,30,5
RandomForest,per_class,Neutrophil,0.27653276955602535,0.9505813953488372,30,5
RandomForest,per_class,Neutrophil,0.29284750337381915,0.9462209302325582,30,5
RandomForest,per_class,Neutrophil,0.3112934362934363,0.9375,30,5
RandomForest,per_class,Neutrophil,0.3238434163701068,0.9258720930232558,30,5
RandomForest,per_class,Neutrophil,0.337439742903053,0.9156976744186046,30,5
RandomForest,per_class,Neutrophil,0.3478747203579418,0.9040697674418605,30,5
RandomForest,per_class,Neutrophil,0.3635827931644078,0.8968023255813954,30,5
RandomForest,per_class,Neutrophil,0.3816936488169365,0.8909883720930233,30,5
RandomForest,per_class,Neutrophil,0.3959424083769634,0.8793604651162791,30,5
RandomForest,per_class,Neutrophil,0.4125,0.8633720930232558,30,5
RandomForest,per_class,Neutrophil,0.42454873646209385,0.8546511627906976,30,5
RandomForest,per_class,Neutrophil,0.44097486671744096,0.8415697674418605,30,5
RandomForest,per_class,Neutrophil,0.45374800637958534,0.8270348837209303,30,5
RandomForest,per_class,Neutrophil,0.4707379134860051,0.8066860465116279,30,5
RandomForest,per_class,Neutrophil,0.4836716681376876,0.7965116279069767,30,5
RandomForest,per_class,Neutrophil,0.4949308755760369,0.7805232558139535,30,5
RandomForest,per_class,Neutrophil,0.5047984644913628,0.7645348837209303,30,5
RandomForest,per_class,Neutrophil,0.5220440881763527,0.7572674418604651,30,5
RandomForest,per_class,Neutrophil,0.535490605427975,0.7456395348837209,30,5
RandomForest,per_class,Neutrophil,0.5534934497816594,0.7369186046511628,30,5
RandomForest,per_class,Neutrophil,0.5701254275940707,0.7267441860465116,30,5
RandomForest,per_class,Neutrophil,0.5865384615384616,0.7093023255813954,30,5
RandomForest,per_class,Neutrophil,0.5942928039702233,0.6962209302325582,30,5
RandomForest,per_class,Neutrophil,0.6057068741893644,0.6787790697674418,30,5
RandomForest,per_class,Neutrophil,0.6217687074829932,0.6642441860465116,30,5
RandomForest,per_class,Neutrophil,0.6328571428571429,0.6438953488372093,30,5
RandomForest,per_class,Neutrophil,0.6369047619047619,0.622093023255814,30,5
RandomForest,per_class,Neutrophil,0.6489859594383776,0.6046511627906976,30,5
RandomForest,per_class,Neutrophil,0.6540983606557377,0.5799418604651163,30,5
RandomForest,per_class,Neutrophil,0.6627318718381113,0.5712209302325582,30,5
RandomForest,per_class,Neutrophil,0.680140597539543,0.5625,30,5
RandomForest,per_class,Neutrophil,0.6888888888888889,0.5406976744186046,30,5
RandomForest,per_class,Neutrophil,0.7056530214424951,0.5261627906976745,30,5
RandomForest,per_class,Neutrophil,0.717479674796748,0.5130813953488372,30,5
RandomForest,per_class,Neutrophil,0.7306889352818372,0.5087209302325582,30,5
RandomForest,per_class,Neutrophil,0.740343347639485,0.501453488372093,30,5
RandomForest,per_class,Neutrophil,0.7566964285714286,0.49273255813953487,30,5
RandomForest,per_class,Neutrophil,0.7649769585253456,0.48255813953488375,30,5
RandomForest,per_class,Neutrophil,0.7788461538461539,0.47093023255813954,30,5
RandomForest,per_class,Neutrophil,0.7915632754342432,0.4636627906976744,30,5
RandomForest,per_class,Neutrophil,0.798469387755102,0.45494186046511625,30,5
RandomForest,per_class,Neutrophil,0.8105263157894737,0.4476744186046512,30,5
RandomForest,per_class,Neutrophil,0.8221024258760108,0.4433139534883721,30,5
RandomForest,per_class,Neutrophil,0.8356545961002786,0.436046511627907,30,5
RandomForest,per_class,Neutrophil,0.8485714285714285,0.4316860465116279,30,5
RandomForest,per_class,Neutrophil,0.8664688427299704,0.42441860465116277,30,5
RandomForest,per_class,Neutrophil,0.8773006134969326,0.41569767441860467,30,5
RandomForest,per_class,Neutrophil,0.8840125391849529,0.40988372093023256,30,5
RandomForest,per_class,Neutrophil,0.8993506493506493,0.40261627906976744,30,5
RandomForest,per_class,Neutrophil,0.9003322259136213,0.3938953488372093,30,5
RandomForest,per_class,Neutrophil,0.9026845637583892,0.39098837209302323,30,5
RandomForest,per_class,Neutrophil,0.9112627986348123,0.38808139534883723,30,5
RandomForest,per_class,Neutrophil,0.9128919860627178,0.3808139534883721,30,5
RandomForest,per_class,Neutrophil,0.9219858156028369,0.37790697674418605,30,5
RandomForest,per_class,Neutrophil,0.9316546762589928,0.376453488372093,30,5
RandomForest,per_class,Neutrophil,0.9311594202898551,0.373546511627907,30,5
RandomForest,per_class,Neutrophil,0.9411764705882353,0.37209302325581395,30,5
RandomForest,per_class,Neutrophil,0.947565543071161,0.36773255813953487,30,5
RandomForest,per_class,Neutrophil,0.9580152671755725,0.3648255813953488,30,5
RandomForest,per_class,Neutrophil,0.9575289575289575,0.36046511627906974,30,5
RandomForest,per_class,Neutrophil,0.9573643410852714,0.35901162790697677,30,5
RandomForest,per_class,Neutrophil,0.9568627450980393,0.3546511627906977,30,5
RandomForest,per_class,Neutrophil,0.9561752988047809,0.3488372093023256,30,5
RandomForest,per_class,Neutrophil,0.9558232931726908,0.34593023255813954,30,5
RandomForest,per_class,Neutrophil,0.9551020408163265,0.34011627906976744,30,5
RandomForest,per_class,Neutrophil,0.9586776859504132,0.3372093023255814,30,5
RandomForest,per_class,Neutrophil,0.9583333333333334,0.33430232558139533,30,5
RandomForest,per_class,Neutrophil,0.9615384615384616,0.32703488372093026,30,5
RandomForest,per_class,Neutrophil,0.9650655021834061,0.32122093023255816,30,5
RandomForest,per_class,Neutrophil,0.9649122807017544,0.31976744186046513,30,5
RandomForest,per_class,Neutrophil,0.968609865470852,0.313953488372093,30,5
RandomForest,per_class,Neutrophil,0.9727272727272728,0.311046511627907,30,5
RandomForest,per_class,Neutrophil,0.9720930232558139,0.30377906976744184,30,5
RandomForest,per_class,Neutrophil,0.9764150943396226,0.3008720930232558,30,5
RandomForest,per_class,Neutrophil,0.976303317535545,0.29941860465116277,30,5
RandomForest,per_class,Neutrophil,0.9760765550239234,0.29651162790697677,30,5
RandomForest,per_class,Neutrophil,0.9758454106280193,0.2936046511627907,30,5
RandomForest,per_class,Neutrophil,0.9754901960784313,0.28924418604651164,30,5
RandomForest,per_class,Neutrophil,0.9751243781094527,0.28488372093023256,30,5
RandomForest,per_class,Neutrophil,0.9746192893401016,0.27906976744186046,30,5
RandomForest,per_class,Neutrophil,0.9744897959183674,0.27761627906976744,30,5
RandomForest,per_class,Neutrophil,0.9783783783783784,0.26308139534883723,30,5
RandomForest,per_class,Neutrophil,0.9833333333333333,0.25726744186046513,30,5
RandomForest,per_class,Neutrophil,0.9884393063583815,0.24854651162790697,30,5
RandomForest,per_class,Neutrophil,0.9882352941176471,0.2441860465116279,30,5
RandomForest,per_class,Neutrophil,0.9880952380952381,0.24127906976744187,30,5
RandomForest,per_class,Neutrophil,0.9878787878787879,0.2369186046511628,30,5
RandomForest,per_class,Neutrophil,0.9876543209876543,0.23255813953488372,30,5
RandomForest,per_class,Neutrophil,0.9875,0.22965116279069767,30,5
RandomForest,per_class,Neutrophil,0.9873417721518988,0.22674418604651161,30,5
RandomForest,per_class,Neutrophil,0.9872611464968153,0.22529069767441862,30,5
RandomForest,per_class,Neutrophil,0.9870967741935484,0.22238372093023256,30,5
RandomForest,per_class,Neutrophil,0.9867549668874173,0.21656976744186046,30,5
RandomForest,per_class,Neutrophil,0.9862068965517241,0.20784883720930233,30,5
RandomForest,per_class,Neutrophil,0.9861111111111112,0.2063953488372093,30,5
RandomForest,per_class,Neutrophil,0.9857142857142858,0.2005813953488372,30,5
RandomForest,per_class,Neutrophil,0.9850746268656716,0.19186046511627908,30,5
RandomForest,per_class,Neutrophil,0.9849624060150376,0.19040697674418605,30,5
RandomForest,per_class,Neutrophil,0.9844961240310077,0.18459302325581395,30,5
RandomForest,per_class,Neutrophil,0.984,0.17877906976744187,30,5
RandomForest,per_class,Neutrophil,0.983739837398374,0.17587209302325582,30,5
RandomForest,per_class,Neutrophil,0.9836065573770492,0.1744186046511628,30,5
RandomForest,per_class,Neutrophil,0.9833333333333333,0.17151162790697674,30,5
RandomForest,per_class,Neutrophil,0.9830508474576272,0.1686046511627907,30,5
RandomForest,per_class,Neutrophil,0.9827586206896551,0.16569767441860464,30,5
RandomForest,per_class,Neutrophil,0.9824561403508771,0.16279069767441862,30,5
RandomForest,per_class,Neutrophil,0.9818181818181818,0.1569767441860465,30,5
RandomForest,per_class,Neutrophil,0.9906542056074766,0.15406976744186046,30,5
RandomForest,per_class,Neutrophil,1.0,0.15261627906976744,30,5
RandomForest,per_class,Neutrophil,1.0,0.14244186046511628,30,5
RandomForest,per_class,Neutrophil,1.0,0.13662790697674418,30,5
RandomForest,per_class,Neutrophil,1.0,0.13372093023255813,30,5
RandomForest,per_class,Neutrophil,1.0,0.12645348837209303,30,5
RandomForest,per_class,Neutrophil,1.0,0.12354651162790697,30,5
RandomForest,per_class,Neutrophil,1.0,0.12209302325581395,30,5
RandomForest,per_class,Neutrophil,1.0,0.11918604651162791,30,5
RandomForest,per_class,Neutrophil,1.0,0.11337209302325581,30,5
RandomForest,per_class,Neutrophil,1.0,0.10610465116279069,30,5
RandomForest,per_class,Neutrophil,1.0,0.09593023255813954,30,5
RandomForest,per_class,Neutrophil,1.0,0.08866279069767442,30,5
RandomForest,per_class,Neutrophil,1.0,0.07994186046511628,30,5
RandomForest,per_class,Neutrophil,1.0,0.07122093023255814,30,5
RandomForest,per_class,Neutrophil,1.0,0.06686046511627906,30,5
RandomForest,per_class,Neutrophil,1.0,0.06395348837209303,30,5
RandomForest,per_class,Neutrophil,1.0,0.05377906976744186,30,5
RandomForest,per_class,Neutrophil,1.0,0.050872093023255814,30,5
RandomForest,per_class,Neutrophil,1.0,0.04796511627906977,30,5
RandomForest,per_class,Neutrophil,1.0,0.04505813953488372,30,5
RandomForest,per_class,Neutrophil,1.0,0.04215116279069767,30,5
RandomForest,per_class,Neutrophil,1.0,0.036337209302325583,30,5
RandomForest,per_class,Neutrophil,1.0,0.03343023255813953,30,5
RandomForest,per_class,Neutrophil,1.0,0.03197674418604651,30,5
RandomForest,per_class,Neutrophil,1.0,0.030523255813953487,30,5
RandomForest,per_class,Neutrophil,1.0,0.027616279069767442,30,5
RandomForest,per_class,Neutrophil,1.0,0.024709302325581394,30,5
RandomForest,per_class,Neutrophil,1.0,0.023255813953488372,30,5
RandomForest,per_class,Neutrophil,1.0,0.01744186046511628,30,5
RandomForest,per_class,Neutrophil,1.0,0.014534883720930232,30,5
RandomForest,per_class,Neutrophil,1.0,0.011627906976744186,30,5
RandomForest,per_class,Neutrophil,1.0,0.010174418604651164,30,5
RandomForest,per_class,Neutrophil,1.0,0.007267441860465116,30,5
RandomForest,per_class,Neutrophil,1.0,0.00436046511627907,30,5
RandomForest,per_class,Neutrophil,1.0,0.0029069767441860465,30,5
RandomForest,per_class,Neutrophil,1.0,0.0014534883720930232,30,5
RandomForest,per_class,Neutrophil,1.0,0.0,30,5
RandomForest,per_class,Other,0.03551798511097196,1.0,30,5
RandomForest,per_class,Other,0.03968439054726368,1.0,30,5
RandomForest,per_class,Other,0.04608774310266848,0.9980411361410382,30,5
RandomForest,per_class,Other,0.0535394972125802,0.9970617042115573,30,5
RandomForest,per_class,Other,0.06154032160560996,0.9970617042115573,30,5
RandomForest,per_class,Other,0.06998272884283246,0.9921645445641528,30,5
RandomForest,per_class,Other,0.07899251403618215,0.9921645445641528,30,5
RandomForest,per_class,Other,0.08840795583983177,0.9882468168462292,30,5
RandomForest,per_class,Other,0.09759643341732895,0.9862879529872673,30,5
RandomForest,per_class,Other,0.10743359040274207,0.9823702252693438,30,5
RandomForest,per_class,Other,0.11667641895845524,0.9764936336924583,30,5
RandomForest,per_class,Other,0.12590522169991106,0.970617042115573,30,5
RandomForest,per_class,Other,0.13573293034757522,0.9676787463271302,30,5
RandomForest,per_class,Other,0.14472524243314722,0.9647404505386875,30,5
RandomForest,per_class,Other,0.1541122818053153,0.9598432908912831,30,5
RandomForest,per_class,Other,0.16397306397306396,0.9539666993143977,30,5
RandomForest,per_class,Other,0.17404552787237856,0.951028403525955,30,5
RandomForest,per_class,Other,0.1843107387661843,0.9480901077375122,30,5
RandomForest,per_class,Other,0.19436052366565962,0.9451518119490695,30,5
RandomForest,per_class,Other,0.2047008547008547,0.9382957884427032,30,5
RandomForest,per_class,Other,0.21380243572395127,0.9285014691478942,30,5
RandomForest,per_class,Other,0.2236717267552182,0.9236043095004897,30,5
RandomForest,per_class,Other,0.2334987593052109,0.921645445641528,30,5
RandomForest,per_class,Other,0.2433834976647639,0.9187071498530852,30,5
RandomForest,per_class,Other,0.2525060959089678,0.9128305582761999,30,5
RandomForest,per_class,Other,0.26074660633484165,0.9030362389813908,30,5
RandomForest,per_class,Other,0.2680925871667155,0.8961802154750245,30,5
RandomForest,per_class,Other,0.2771855010660981,0.89128305582762,30,5
RandomForest,per_class,Other,0.2867553865652725,0.8863858961802155,30,5
RandomForest,per_class,Other,0.2946574893477548,0.8805093046033301,30,5
RandomForest,per_class,Other,0.3047619047619048,0.8775710088148874,30,5
RandomForest,per_class,Other,0.31245576786978063,0.8648383937316356,30,5
RandomForest,per_class,Other,0.32112779201757596,0.8589618021547503,30,5
RandomForest,per_class,Other,0.3313023610053313,0.8521057786483839,30,5
RandomForest,per_class,Other,0.3402914533280819,0.8462291870714985,30,5
RandomForest,per_class,Other,0.34775510204081633,0.8344760039177277,30,5
RandomForest,per_class,Other,0.3577749683944374,0.8315377081292851,30,5
RandomForest,per_class,Other,0.3648590021691974,0.8237022526934378,30,5
RandomForest,per_class,Other,0.3728888888888889,0.821743388834476,30,5
RandomForest,per_class,Other,0.37921604375569734,0.8148873653281097,30,5
RandomForest,per_class,Other,0.3880526810912512,0.8080313418217434,30,5
RandomForest,per_class,Other,0.3966183574879227,0.8041136141038198,30,5
RandomForest,per_class,Other,0.40457256461232605,0.7972575905974535,30,5
RandomForest,per_class,Other,0.41164453524004085,0.7894221351616063,30,5
RandomForest,per_class,Other,0.42077649527806926,0.7855044074436827,30,5
RandomForest,per_class,Other,0.42941810344827586,0.7806072477962782,30,5
RandomForest,per_class,Other,0.43781094527363185,0.7757100881488737,30,5
RandomForest,per_class,Other,0.44831524842946885,0.7688540646425074,30,5
RandomForest,per_class,Other,0.45694200351493847,0.7639569049951028,30,5
RandomForest,per_class,Other,0.4628297362110312,0.7561214495592556,30,5
RandomForest,per_class,Other,0.46540110226576853,0.7443682664054848,30,5
RandomForest,per_class,Other,0.47158026233604,0.7394711067580804,30,5
RandomForest,per_class,Other,0.47979474021808854,0.732615083251714,30,5
RandomForest,per_class,Other,0.4887862796833773,0.7257590597453477,30,5
RandomForest,per_class,Other,0.4973009446693657,0.7218413320274241,30,5
RandomForest,per_class,Other,0.5055325034578146,0.7159647404505387,30,5
RandomForest,per_class,Other,0.5130557515878617,0.7120470127326151,30,5
RandomForest,per_class,Other,0.521044992743106,0.703232125367287,30,5
RandomForest,per_class,Other,0.5266272189349113,0.6973555337904016,30,5
RandomForest,per_class,Other,0.5349544072948328,0.6895200783545543,30,5
RandomForest,per_class,Other,0.5438871473354232,0.6797257590597453,30,5
RandomForest,per_class,Other,0.5514469453376206,0.6718903036238981,30,5
RandomForest,per_class,Other,0.5581967213114755,0.6669931439764937,30,5
RandomForest,per_class,Other,0.5709487825356843,0.6660137120470128,30,5
RandomForest,per_class,Other,0.5779500430663221,0.6571988246816847,30,5
RandomForest,per_class,Other,0.5871478873239436,0.653281096963761,30,5
RandomForest,per_class,Other,0.5953026196928636,0.6454456415279138,30,5
RandomForest,per_class,Other,0.6060320452403393,0.6297747306562194,30,5
RandomForest,per_class,Other,0.6121270452358036,0.6229187071498531,30,5
RandomForest,per_class,Other,0.6140350877192983,0.6170421155729677,30,5
RandomForest,per_class,Other,0.6175298804780877,0.6072477962781586,30,5
RandomForest,per_class,Other,0.6252566735112937,0.5964740450538688,30,5
RandomForest,per_class,Other,0.6339662447257384,0.5886385896180215,30,5
RandomForest,per_class,Other,0.6387096774193548,0.5817825661116552,30,5
RandomForest,per_class,Other,0.6413641364136413,0.5710088148873653,30,5
RandomForest,per_class,Other,0.6519774011299435,0.56513222331048,30,5
RandomForest,per_class,Other,0.6608996539792388,0.5612144955925563,30,5
RandomForest,per_class,Other,0.6639150943396226,0.5514201762977473,30,5
RandomForest,per_class,Other,0.6731707317073171,0.5406464250734574,30,5
RandomForest,per_class,Other,0.6783042394014963,0.5328109696376102,30,5
RandomForest,per_class,Other,0.6840764331210191,0.5259549461312438,30,5
RandomForest,per_class,Other,0.6911957950065704,0.515181194906954,30,5
RandomForest,per_class,Other,0.7010869565217391,0.5053868756121449,30,5
RandomForest,per_class,Other,0.7086834733893558,0.49559255631733595,30,5
RandomForest,per_class,Other,0.7161383285302594,0.48677766895200786,30,5
RandomForest,per_class,Other,0.7214814814814815,0.47698334965719885,30,5
RandomForest,per_class,Other,0.7240853658536586,0.465230166503428,30,5
RandomForest,per_class,Other,0.728125,0.4564152791380999,30,5
RandomForest,per_class,Other,0.7298578199052133,0.4524975514201763,30,5
RandomForest,per_class,Other,0.7337662337662337,0.4427032321253673,30,5
RandomForest,per_class,Other,0.7417218543046358,0.4387855044074437,30,5
RandomForest,per_class,Other,0.7495741056218058,0.4309500489715965,30,5
RandomForest,per_class,Other,0.7504363001745201,0.42115572967678744,30,5
RandomForest,per_class,Other,0.7553571428571428,0.41429970617042117,30,5
RandomForest,per_class,Other,0.7610294117647058,0.4054848188050931,30,5
RandomForest,per_class,Other,0.7703984819734345,0.39764936336924583,30,5
RandomForest,per_class,Other,0.7729941291585127,0.3868756121449559,30,5
RandomForest,per_class,Other,0.7757575757575758,0.376101860920666,30,5
RandomForest,per_class,Other,0.783157894736842,0.3643486777668952,30,5
RandomForest,per_class,Other,0.7896995708154506,0.3604309500489716,30,5
RandomForest,per_class,Other,0.7960088691796009,0.3516160626836435,30,5
RandomForest,per_class,Other,0.7968397291196389,0.34573947110675807,30,5
RandomForest,per_class,Other,0.8036951501154734,0.34084231145935356,30,5
RandomForest,per_class,Other,0.8042959427207638,0.33006856023506365,30,5
RandomForest,per_class,Other,0.8117359413202934,0.32517140058765914,30,5
RandomForest,per_class,Other,0.8136020151133502,0.31635651322233105,30,5
RandomForest,per_class,Other,0.8229166666666666,0.3095004897159647,30,5
RandomForest,per_class,Other,0.8355795148247979,0.3036238981390793,30,5
RandomForest,per_class,Other,0.8347107438016529,0.29676787463271304,30,5
RandomForest,per_class,Other,0.84,0.28795298726738494,30,5
RandomForest,per_class,Other,0.8421052631578947,0.2820763956904995,30,5
RandomForest,per_class,Other,0.8452380952380952,0.2781586679725759,30,5
RandomForest,per_class,Other,0.8523076923076923,0.2713026444662096,30,5
RandomForest,per_class,Other,0.8594249201277955,0.26346718903036237,30,5
RandomForest,per_class,Other,0.8664495114006515,0.2605288932419197,30,5
RandomForest,per_class,Other,0.8915254237288136,0.257590597453477,30,5
RandomForest,per_class,Other,0.9021739130434783,0.24387855044074436,30,5
RandomForest,per_class,Other,0.9022556390977443,0.23506366307541626,30,5
RandomForest,per_class,Other,0.9108527131782945,0.23016650342801176,30,5
RandomForest,per_class,Other,0.9163346613545816,0.22526934378060726,30,5
RandomForest,per_class,Other,0.9221311475409836,0.22037218413320275,30,5
RandomForest,per_class,Other,0.9264069264069265,0.20959843290891284,30,5
RandomForest,per_class,Other,0.9295154185022027,0.20666013712047013,30,5
RandomForest,per_class,Other,0.9321266968325792,0.20176297747306562,30,5
RandomForest,per_class,Other,0.9395348837209302,0.197845249755142,30,5
RandomForest,per_class,Other,0.941747572815534,0.19000979431929482,30,5
RandomForest,per_class,Other,0.9476439790575916,0.1772771792360431,30,5
RandomForest,per_class,Other,0.9468085106382979,0.1743388834476004,30,5
RandomForest,per_class,Other,0.9508196721311475,0.17042115572967678,30,5
RandomForest,per_class,Other,0.9548022598870056,0.16552399608227228,30,5
RandomForest,per_class,Other,0.9520958083832335,0.15572967678746327,30,5
RandomForest,per_class,Other,0.9620253164556962,0.14887365328109697,30,5
RandomForest,per_class,Other,0.9666666666666667,0.14201762977473065,30,5
RandomForest,per_class,Other,0.9710144927536232,0.13124387855044076,30,5
RandomForest,per_class,Other,0.9682539682539683,0.11949069539666993,30,5
RandomForest,per_class,Other,0.975,0.11459353574926542,30,5
RandomForest,per_class,Other,0.9736842105263158,0.10871694417238002,30,5
RandomForest,per_class,Other,0.9724770642201835,0.10381978452497552,30,5
RandomForest,per_class,Other,0.970873786407767,0.0979431929480901,30,5
RandomForest,per_class,Other,0.9693877551020408,0.0930460333006856,30,5
RandomForest,per_class,Other,0.9883720930232558,0.0832517140058766,30,5
RandomForest,per_class,Other,0.9871794871794872,0.07541625857002938,30,5
RandomForest,per_class,Other,0.9863013698630136,0.07051909892262488,30,5
RandomForest,per_class,Other,0.9857142857142858,0.06758080313418217,30,5
RandomForest,per_class,Other,0.984375,0.061704211557296766,30,5
RandomForest,per_class,Other,0.9833333333333333,0.05778648383937316,30,5
RandomForest,per_class,Other,0.9814814814814815,0.05190989226248776,30,5
RandomForest,per_class,Other,1.0,0.04995102840352596,30,5
RandomForest,per_class,Other,1.0,0.04505386875612145,30,5
RandomForest,per_class,Other,1.0,0.040156709108716944,30,5
RandomForest,per_class,Other,1.0,0.03721841332027424,30,5
RandomForest,per_class,Other,1.0,0.03330068560235064,30,5
RandomForest,per_class,Other,1.0,0.030362389813907934,30,5
RandomForest,per_class,Other,1.0,0.02840352595494613,30,5
RandomForest,per_class,Other,1.0,0.025465230166503428,30,5
RandomForest,per_class,Other,1.0,0.022526934378060724,30,5
RandomForest,per_class,Other,1.0,0.02056807051909892,30,5
RandomForest,per_class,Other,1.0,0.01665034280117532,30,5
RandomForest,per_class,Other,1.0,0.014691478942213516,30,5
RandomForest,per_class,Other,1.0,0.013712047012732615,30,5
RandomForest,per_class,Other,1.0,0.012732615083251714,30,5
RandomForest,per_class,Other,1.0,0.010773751224289911,30,5
RandomForest,per_class,Other,1.0,0.007835455435847209,30,5
RandomForest,per_class,Other,1.0,0.005876591576885406,30,5
RandomForest,per_class,Other,1.0,0.0039177277179236044,30,5
RandomForest,per_class,Other,1.0,0.002938295788442703,30,5
RandomForest,per_class,Other,1.0,0.0009794319294809011,30,5
RandomForest,per_class,Other,1.0,0.0,30,5
RandomForest,per_class,Treg,0.023342378069992346,1.0,30,5
RandomForest,per_class,Treg,0.026818545163868904,1.0,30,5
RandomForest,per_class,Treg,0.031188902336840144,0.9985096870342772,30,5
RandomForest,per_class,Treg,0.03605251829530779,0.9985096870342772,30,5
RandomForest,per_class,Treg,0.04129884560775356,0.9970193740685543,30,5
RandomForest,per_class,Treg,0.04679181843653685,0.9955290611028316,30,5
RandomForest,per_class,Treg,0.05198848159389836,0.9955290611028316,30,5
RandomForest,per_class,Treg,0.05681139640023885,0.992548435171386,30,5
RandomForest,per_class,Treg,0.06201550387596899,0.9895678092399404,30,5
RandomForest,per_class,Treg,0.06733015131512135,0.9880774962742176,30,5
RandomForest,per_class,Treg,0.07278724573941726,0.9865871833084948,30,5
RandomForest,per_class,Treg,0.0782228524164008,0.9865871833084948,30,5
RandomForest,per_class,Treg,0.08383005707038681,0.9850968703427719,30,5
RandomForest,per_class,Treg,0.08951787648970748,0.9850968703427719,30,5
RandomForest,per_class,Treg,0.09549263218722913,0.9850968703427719,30,5
RandomForest,per_class,Treg,0.10201238390092879,0.9821162444113264,30,5
RandomForest,per_class,Treg,0.10883674488267599,0.9746646795827124,30,5
RandomForest,per_class,Treg,0.11499735029146795,0.970193740685544,30,5
RandomForest,per_class,Treg,0.12201989862962268,0.9687034277198212,30,5
RandomForest,per_class,Treg,0.12876821720902376,0.9612518628912071,30,5
RandomForest,per_class,Treg,0.13673945304218782,0.9612518628912071,30,5
RandomForest,per_class,Treg,0.14346463742166518,0.9552906110283159,30,5
RandomForest,per_class,Treg,0.15171755725190839,0.9478390461997019,30,5
RandomForest,per_class,Treg,0.1603439554881133,0.9448584202682563,30,5
RandomForest,per_class,Treg,0.16862955032119914,0.9388971684053651,30,5
RandomForest,per_class,Treg,0.17876458867065187,0.9359165424739195,30,5
RandomForest,per_class,Treg,0.18985419198055892,0.9314456035767511,30,5
RandomForest,per_class,Treg,0.20006432936635574,0.9269746646795827,30,5
RandomForest,per_class,Treg,0.20983050847457627,0.9225037257824144,30,5
RandomForest,per_class,Treg,0.21877230549607424,0.9135618479880775,30,5
RandomForest,per_class,Treg,0.22606083364626361,0.8971684053651267,30,5
RandomForest,per_class,Treg,0.23471400394477318,0.886736214605067,30,5
RandomForest,per_class,Treg,0.24634044332915098,0.8777943368107303,30,5
RandomForest,per_class,Treg,0.2588183421516755,0.8748137108792846,30,5
RandomForest,per_class,Treg,0.26845018450184505,0.8673621460506706,30,5
RandomForest,per_class,Treg,0.28120446818844097,0.8628912071535022,30,5
RandomForest,per_class,Treg,0.29107505070993916,0.8554396423248882,30,5
RandomForest,per_class,Treg,0.30248545742993127,0.8524590163934426,30,5
RandomForest,per_class,Treg,0.31150247660979635,0.8435171385991058,30,5
RandomForest,per_class,Treg,0.3235294117647059,0.8360655737704918,30,5
RandomForest,per_class,Treg,0.33393285371702636,0.8301043219076006,30,5
RandomForest,per_class,Treg,0.34435433562071116,0.8226527570789866,30,5
RandomForest,per_class,Treg,0.35271317829457366,0.8137108792846498,30,5
RandomForest,per_class,Treg,0.3622994652406417,0.8077496274217586,30,5
RandomForest,per_class,Treg,0.37230340988169797,0.797317436661699,30,5
RandomForest,per_class,Treg,0.3795568263045032,0.7913561847988078,30,5
RandomForest,per_class,Treg,0.390625,0.7824143070044709,30,5
RandomForest,per_class,Treg,0.40091813312930374,0.7809239940387481,30,5
RandomForest,per_class,Treg,0.4140127388535032,0.7749627421758569,30,5
RandomForest,per_class,Treg,0.42304526748971194,0.7660208643815202,30,5
RandomForest,per_class,Treg,0.43485763589301124,0.7511177347242921,30,5
RandomForest,per_class,Treg,0.4418811002661934,0.7421758569299552,30,5
RandomForest,per_class,Treg,0.4524680073126143,0.7377049180327869,30,5
RandomForest,per_class,Treg,0.4618320610687023,0.7213114754098361,30,5
RandomForest,per_class,Treg,0.4708209693372898,0.7093889716840537,30,5
RandomForest,per_class,Treg,0.481064483111566,0.7004470938897168,30,5
RandomForest,per_class,Treg,0.48736842105263156,0.6900149031296572,30,5
RandomForest,per_class,Treg,0.49567099567099565,0.6825633383010432,30,5
RandomForest,per_class,Treg,0.5039018952062431,0.6736214605067065,30,5
RandomForest,per_class,Treg,0.5097365406643757,0.6631892697466468,30,5
RandomForest,per_class,Treg,0.5200945626477541,0.6557377049180327,30,5
RandomForest,per_class,Treg,0.5259975816203144,0.6482861400894188,30,5
RandomForest,per_class,Treg,0.5360696517412935,0.6423248882265276,30,5
RandomForest,per_class,Treg,0.5433673469387755,0.6348733233979136,30,5
RandomForest,per_class,Treg,0.5574636723910171,0.6289120715350224,30,5
RandomForest,per_class,Treg,0.5685210312075983,0.624441132637854,30,5
RandomForest,per_class,Treg,0.5722145804676754,0.6199701937406855,30,5
RandomForest,per_class,Treg,0.5858156028368794,0.6154992548435171,30,5
RandomForest,per_class,Treg,0.5938864628820961,0.6080476900149031,30,5
RandomForest,per_class,Treg,0.600896860986547,0.5991058122205664,30,5
RandomForest,per_class,Treg,0.6123076923076923,0.5931445603576752,30,5
RandomForest,per_class,Treg,0.6259904912836767,0.5886736214605067,30,5
RandomForest,per_class,Treg,0.6400651465798045,0.5856929955290611,30,5
RandomForest,per_class,Treg,0.6478405315614618,0.5812220566318927,30,5
RandomForest,per_class,Treg,0.6502546689303905,0.5707898658718331,30,5
RandomForest,per_class,Treg,0.6614310645724258,0.5648286140089419,30,5
RandomForest,per_class,Treg,0.6666666666666666,0.5573770491803278,30,5
RandomForest,per_class,Treg,0.6763636363636364,0.5543964232488823,30,5
RandomForest,per_class,Treg,0.6890130353817505,0.5514157973174366,30,5
RandomForest,per_class,Treg,0.6950757575757576,0.5469448584202683,30,5
RandomForest,per_class,Treg,0.7013487475915221,0.5424739195230999,30,5
RandomForest,per_class,Treg,0.707843137254902,0.5380029806259314,30,5
RandomForest,per_class,Treg,0.7203219315895373,0.533532041728763,30,5
RandomForest,per_class,Treg,0.725050916496945,0.5305514157973175,30,5
RandomForest,per_class,Treg,0.728952772073922,0.5290611028315947,30,5
RandomForest,per_class,Treg,0.7369519832985386,0.526080476900149,30,5
RandomForest,per_class,Treg,0.7420718816067653,0.5230998509687034,30,5
RandomForest,per_class,Treg,0.746268656716418,0.5216095380029806,30,5
RandomForest,per_class,Treg,0.7483870967741936,0.518628912071535,30,5
RandomForest,per_class,Treg,0.7489082969432315,0.511177347242921,30,5
RandomForest,per_class,Treg,0.7594654788418709,0.5081967213114754,30,5
RandomForest,per_class,Treg,0.7640449438202247,0.5067064083457526,30,5
RandomForest,per_class,Treg,0.7659090909090909,0.5022354694485842,30,5
RandomForest,per_class,Treg,0.7777777777777778,0.5007451564828614,30,5
RandomForest,per_class,Treg,0.7830188679245284,0.4947839046199702,30,5
RandomForest,per_class,Treg,0.7875894988066826,0.4918032786885246,30,5
RandomForest,per_class,Treg,0.7936893203883495,0.4873323397913562,30,5
RandomForest,per_class,Treg,0.800982800982801,0.4858420268256334,30,5
RandomForest,per_class,Treg,0.8065326633165829,0.4783904619970194,30,5
RandomForest,per_class,Treg,0.806615776081425,0.47242921013412814,30,5
RandomForest,per_class,Treg,0.8092783505154639,0.46795827123695977,30,5
RandomForest,per_class,Treg,0.8103896103896104,0.46497764530551416,30,5
RandomForest,per_class,Treg,0.8181818181818182,0.45603576751117736,30,5
RandomForest,per_class,Treg,0.8246575342465754,0.4485842026825633,30,5
RandomForest,per_class,Treg,0.825,0.4426229508196721,30,5
RandomForest,per_class,Treg,0.8243626062322946,0.4336810730253353,30,5
RandomForest,per_class,Treg,0.8313953488372093,0.4262295081967213,30,5
RandomForest,per_class,Treg,0.8348082595870207,0.4217585692995529,30,5
RandomForest,per_class,Treg,0.8373493975903614,0.4143070044709389,30,5
RandomForest,per_class,Treg,0.8432601880877743,0.4008941877794337,30,5
RandomForest,per_class,Treg,0.8461538461538461,0.39344262295081966,30,5
RandomForest,per_class,Treg,0.8594771241830066,0.3919523099850969,30,5
RandomForest,per_class,Treg,0.8590604026845637,0.38152011922503726,30,5
RandomForest,per_class,Treg,0.863013698630137,0.37555886736214605,30,5
RandomForest,per_class,Treg,0.8581560283687943,0.36065573770491804,30,5
RandomForest,per_class,Treg,0.864963503649635,0.353204172876304,30,5
RandomForest,per_class,Treg,0.870722433460076,0.3412816691505216,30,5
RandomForest,per_class,Treg,0.8735632183908046,0.33979135618479883,30,5
RandomForest,per_class,Treg,0.8814229249011858,0.3323397913561848,30,5
RandomForest,per_class,Treg,0.8835341365461847,0.32786885245901637,30,5
RandomForest,per_class,Treg,0.8852459016393442,0.32190760059612517,30,5
RandomForest,per_class,Treg,0.8875,0.3174366616989568,30,5
RandomForest,per_class,Treg,0.896551724137931,0.30998509687034276,30,5
RandomForest,per_class,Treg,0.8973214285714286,0.2995529061102832,30,5
RandomForest,per_class,Treg,0.8963963963963963,0.2965722801788376,30,5
RandomForest,per_class,Treg,0.8935185185185185,0.28763040238450077,30,5
RandomForest,per_class,Treg,0.900990099009901,0.27123695976154993,30,5
RandomForest,per_class,Treg,0.905,0.2697466467958271,30,5
RandomForest,per_class,Treg,0.9067357512953368,0.2608047690014903,30,5
RandomForest,per_class,Treg,0.9037433155080213,0.2518628912071535,30,5
RandomForest,per_class,Treg,0.9065934065934066,0.2459016393442623,30,5
RandomForest,per_class,Treg,0.903954802259887,0.23845007451564829,30,5
RandomForest,per_class,Treg,0.9064327485380117,0.23099850968703428,30,5
RandomForest,per_class,Treg,0.9151515151515152,0.22503725782414308,30,5
RandomForest,per_class,Treg,0.922077922077922,0.21162444113263784,30,5
RandomForest,per_class,Treg,0.92,0.20566318926974664,30,5
RandomForest,per_class,Treg,0.9230769230769231,0.19672131147540983,30,5
RandomForest,per_class,Treg,0.917910447761194,0.18330849478390462,30,5
RandomForest,per_class,Treg,0.921875,0.17585692995529062,30,5
RandomForest,per_class,Treg,0.9285714285714286,0.17436661698956782,30,5
RandomForest,per_class,Treg,0.9391304347826087,0.16095380029806258,30,5
RandomForest,per_class,Treg,0.9375,0.15648286140089418,30,5
RandomForest,per_class,Treg,0.9339622641509434,0.14754098360655737,30,5
RandomForest,per_class,Treg,0.9306930693069307,0.14008941877794337,30,5
RandomForest,per_class,Treg,0.9278350515463918,0.13412816691505217,30,5
RandomForest,per_class,Treg,0.9340659340659341,0.12667660208643816,30,5
RandomForest,per_class,Treg,0.9325842696629213,0.12369597615499255,30,5
RandomForest,per_class,Treg,0.9259259259259259,0.11177347242921014,30,5
RandomForest,per_class,Treg,0.92,0.10283159463487332,30,5
RandomForest,per_class,Treg,0.9154929577464789,0.09687034277198212,30,5
RandomForest,per_class,Treg,0.921875,0.08792846497764531,30,5
RandomForest,per_class,Treg,0.9180327868852459,0.08345752608047691,30,5
RandomForest,per_class,Treg,0.9056603773584906,0.07153502235469449,30,5
RandomForest,per_class,Treg,0.9183673469387755,0.06706408345752608,30,5
RandomForest,per_class,Treg,0.9166666666666666,0.06557377049180328,30,5
RandomForest,per_class,Treg,0.9090909090909091,0.05961251862891207,30,5
RandomForest,per_class,Treg,0.8947368421052632,0.05067064083457526,30,5
RandomForest,per_class,Treg,0.8857142857142857,0.046199701937406856,30,5
RandomForest,per_class,Treg,0.9032258064516129,0.041728763040238454,30,5
RandomForest,per_class,Treg,0.9,0.040238450074515646,30,5
RandomForest,per_class,Treg,0.9130434782608695,0.03129657228017884,30,5
RandomForest,per_class,Treg,0.9090909090909091,0.029806259314456036,30,5
RandomForest,per_class,Treg,0.9411764705882353,0.02384500745156483,30,5
RandomForest,per_class,Treg,0.9375,0.022354694485842028,30,5
RandomForest,per_class,Treg,0.9230769230769231,0.01788375558867362,30,5
RandomForest,per_class,Treg,0.9090909090909091,0.014903129657228018,30,5
RandomForest,per_class,Treg,0.8888888888888888,0.011922503725782414,30,5
RandomForest,per_class,Treg,0.8571428571428571,0.00894187779433681,30,5
RandomForest,per_class,Treg,0.8333333333333334,0.007451564828614009,30,5
RandomForest,per_class,Treg,0.8,0.005961251862891207,30,5
RandomForest,per_class,Treg,0.75,0.004470938897168405,30,5
RandomForest,per_class,Treg,1.0,0.004470938897168405,30,5
RandomForest,per_class,Treg,1.0,0.0029806259314456036,30,5
RandomForest,per_class,Treg,1.0,0.0014903129657228018,30,5
RandomForest,per_class,Treg,1.0,0.0,30,5
RandomForest,per_class,Tumor,0.05746886523342378,1.0,30,5
RandomForest,per_class,Tumor,0.06759963990506589,1.0,30,5
RandomForest,per_class,Tumor,0.08418692350812822,1.0,30,5
RandomForest,per_class,Tumor,0.10612874213028395,1.0,30,5
RandomForest,per_class,Tumor,0.13237179487179487,1.0,30,5
RandomForest,per_class,Tumor,0.1617863088825776,1.0,30,5
RandomForest,per_class,Tumor,0.19280625948849703,0.9993946731234867,30,5
RandomForest,per_class,Tumor,0.22650569351076966,0.9993946731234867,30,5
RandomForest,per_class,Tumor,0.25777708300765984,0.9981840193704601,30,5
RandomForest,per_class,Tumor,0.28690807799442897,0.9975786924939467,30,5
RandomForest,per_class,Tumor,0.3179358330112099,0.9957627118644068,30,5
RandomForest,per_class,Tumor,0.34365843449141903,0.9939467312348669,30,5
RandomForest,per_class,Tumor,0.3659678858162355,0.9933414043583535,30,5
RandomForest,per_class,Tumor,0.38650306748466257,0.9915254237288136,30,5
RandomForest,per_class,Tumor,0.4044971583889301,0.9909200968523002,30,5
RandomForest,per_class,Tumor,0.4207411219763253,0.9897094430992736,30,5
RandomForest,per_class,Tumor,0.43550106609808104,0.9891041162227603,30,5
RandomForest,per_class,Tumor,0.4487885462555066,0.986682808716707,30,5
RandomForest,per_class,Tumor,0.45895627644569814,0.9848668280871671,30,5
RandomForest,per_class,Tumor,0.4703500144634076,0.9842615012106537,30,5
RandomForest,per_class,Tumor,0.482461355529132,0.9824455205811138,30,5
RandomForest,per_class,Tumor,0.49525848883450596,0.9800242130750605,30,5
RandomForest,per_class,Tumor,0.5073737056793223,0.9788135593220338,30,5
RandomForest,per_class,Tumor,0.5164589325663151,0.9782082324455206,30,5
RandomForest,per_class,Tumor,0.5234375,0.9733656174334141,30,5
RandomForest,per_class,Tumor,0.5337321369225656,0.9721549636803875,30,5
RandomForest,per_class,Tumor,0.5419769803656059,0.9691283292978208,30,5
RandomForest,per_class,Tumor,0.5516051087331723,0.9673123486682809,30,5
RandomForest,per_class,Tumor,0.5594111461619348,0.9661016949152542,30,5
RandomForest,per_class,Tumor,0.5695885509838998,0.9636803874092009,30,5
RandomForest,per_class,Tumor,0.5770348837209303,0.9612590799031477,30,5
RandomForest,per_class,Tumor,0.5829349025376976,0.9594430992736077,30,5
RandomForest,per_class,Tumor,0.5905011219147345,0.9558111380145279,30,5
RandomForest,per_class,Tumor,0.5989365742499051,0.9546004842615012,30,5
RandomForest,per_class,Tumor,0.6074045507134593,0.9533898305084746,30,5
RandomForest,per_class,Tumor,0.6159874608150471,0.9515738498789347,30,5
RandomForest,per_class,Tumor,0.6236089030206677,0.9497578692493946,30,5
RandomForest,per_class,Tumor,0.6280561122244489,0.948547215496368,30,5
RandomForest,per_class,Tumor,0.6347013409183259,0.9455205811138014,30,5
RandomForest,per_class,Tumor,0.6430045398266612,0.9430992736077481,30,5
RandomForest,per_class,Tumor,0.6497907949790795,0.9400726392251816,30,5
RandomForest,per_class,Tumor,0.6576040781648258,0.937046004842615,30,5
RandomForest,per_class,Tumor,0.6643688065489013,0.9334140435835351,30,5
RandomForest,per_class,Tumor,0.6720453554295682,0.9328087167070218,30,5
RandomForest,per_class,Tumor,0.6785871964679911,0.9303874092009685,30,5
RandomForest,per_class,Tumor,0.6819395017793595,0.9279661016949152,30,5
RandomForest,per_class,Tumor,0.6870503597122302,0.9249394673123487,30,5
RandomForest,per_class,Tumor,0.6938125568698817,0.9231234866828087,30,5
RandomForest,per_class,Tumor,0.7003693444136657,0.9182808716707022,30,5
RandomForest,per_class,Tumor,0.7091334894613583,0.9164648910411622,30,5
RandomForest,per_class,Tumor,0.7136105860113422,0.914043583535109,30,5
RandomForest,per_class,Tumor,0.7174952198852772,0.9085956416464891,30,5
RandomForest,per_class,Tumor,0.7243217054263565,0.9049636803874092,30,5
RandomForest,per_class,Tumor,0.7303921568627451,0.9019370460048426,30,5
RandomForest,per_class,Tumor,0.7367113760556383,0.8976997578692494,30,5
RandomForest,per_class,Tumor,0.743202416918429,0.8934624697336562,30,5
RandomForest,per_class,Tumor,0.746938775510204,0.8861985472154964,30,5
RandomForest,per_class,Tumor,0.7564901349948079,0.8819612590799032,30,5
RandomForest,per_class,Tumor,0.7606299212598425,0.8771186440677966,30,5
RandomForest,per_class,Tumor,0.7678762006403416,0.8710653753026635,30,5
RandomForest,per_class,Tumor,0.7750677506775068,0.8656174334140436,30,5
RandomForest,per_class,Tumor,0.7809576224545954,0.8589588377723971,30,5
RandomForest,per_class,Tumor,0.788268156424581,0.8541162227602905,30,5
RandomForest,per_class,Tumor,0.7937677053824362,0.8480629539951574,30,5
RandomForest,per_class,Tumor,0.7987349051178838,0.8407990314769975,30,5
RandomForest,per_class,Tumor,0.8029069767441861,0.835956416464891,30,5
RandomForest,per_class,Tumor,0.807533843437316,0.8305084745762712,30,5
RandomForest,per_class,Tumor,0.8156324582338902,0.8274818401937046,30,5
RandomForest,per_class,Tumor,0.8206521739130435,0.822639225181598,30,5
RandomForest,per_class,Tumor,0.826007326007326,0.8190072639225182,30,5
RandomForest,per_class,Tumor,0.8313701177929325,0.8117433414043583,30,5
RandomForest,per_class,Tumor,0.8408370323398858,0.8026634382566586,30,5
RandomForest,per_class,Tumor,0.8428847392144238,0.7923728813559322,30,5
RandomForest,per_class,Tumor,0.8490196078431372,0.7863196125907991,30,5
RandomForest,per_class,Tumor,0.8544010589013898,0.7814769975786925,30,5
RandomForest,per_class,Tumor,0.8587760591795561,0.7730024213075061,30,5
RandomForest,per_class,Tumor,0.8619986403806934,0.7675544794188862,30,5
RandomForest,per_class,Tumor,0.8688410825815406,0.7578692493946732,30,5
RandomForest,per_class,Tumor,0.875968992248062,0.7524213075060533,30,5
RandomForest,per_class,Tumor,0.8804270462633452,0.7487893462469734,30,5
RandomForest,per_class,Tumor,0.8866425992779784,0.7433414043583535,30,5
RandomForest,per_class,Tumor,0.8923076923076924,0.7372881355932204,30,5
RandomForest,per_class,Tumor,0.8954781319495922,0.7312348668280871,30,5
RandomForest,per_class,Tumor,0.8969380134428678,0.7269975786924939,30,5
RandomForest,per_class,Tumor,0.9000757002271007,0.7197336561743342,30,5
RandomForest,per_class,Tumor,0.906441717791411,0.715496368038741,30,5
RandomForest,per_class,Tumor,0.9098679098679099,0.7088377723970944,30,5
RandomForest,per_class,Tumor,0.9150943396226415,0.7046004842615012,30,5
RandomForest,per_class,Tumor,0.9181890389197777,0.6997578692493946,30,5
RandomForest,per_class,Tumor,0.9206730769230769,0.6955205811138014,30,5
RandomForest,per_class,Tumor,0.9222042139384117,0.6888619854721549,30,5
RandomForest,per_class,Tumor,0.9247751430907605,0.6846246973365617,30,5
RandomForest,per_class,Tumor,0.9281537176274018,0.6725181598062954,30,5
RandomForest,per_class,Tumor,0.9301533219761499,0.6610169491525424,30,5
RandomForest,per_class,Tumor,0.9351771823681936,0.6549636803874092,30,5
RandomForest,per_class,Tumor,0.9386503067484663,0.6483050847457628,30,5
RandomForest,per_class,Tumor,0.9423247559893523,0.6428571428571429,30,5
RandomForest,per_class,Tumor,0.9442446043165468,0.635593220338983,30,5
RandomForest,per_class,Tumor,0.9507299270072993,0.6307506053268765,30,5
RandomForest,per_class,Tumor,0.9529085872576177,0.6246973365617433,30,5
RandomForest,per_class,Tumor,0.9539473684210527,0.614406779661017,30,5
RandomForest,per_class,Tumor,0.9571020019065777,0.6077481840193705,30,5
RandomForest,per_class,Tumor,0.9592233009708738,0.5980629539951574,30,5
RandomForest,per_class,Tumor,0.9597644749754661,0.5920096852300242,30,5
RandomForest,per_class,Tumor,0.9631474103585658,0.5853510895883777,30,5
RandomForest,per_class,Tumor,0.9664634146341463,0.5756658595641646,30,5
RandomForest,per_class,Tumor,0.9679752066115702,0.5671912832929782,30,5
RandomForest,per_class,Tumor,0.9683544303797469,0.5556900726392252,30,5
RandomForest,per_class,Tumor,0.9680170575692963,0.549636803874092,30,5
RandomForest,per_class,Tumor,0.9714285714285714,0.5351089588377724,30,5
RandomForest,per_class,Tumor,0.9730639730639731,0.524818401937046,30,5
RandomForest,per_class,Tumor,0.9782110091743119,0.5163438256658596,30,5
RandomForest,per_class,Tumor,0.9780346820809248,0.5121065375302664,30,5
RandomForest,per_class,Tumor,0.9799054373522459,0.5018159806295399,30,5
RandomForest,per_class,Tumor,0.9806763285024155,0.4915254237288136,30,5
RandomForest,per_class,Tumor,0.9815950920245399,0.48426150121065376,30,5
RandomForest,per_class,Tumor,0.9826517967781908,0.48002421307506055,30,5
RandomForest,per_class,Tumor,0.9849435382685069,0.475181598062954,30,5
RandomForest,per_class,Tumor,0.9909443725743855,0.463680387409201,30,5
RandomForest,per_class,Tumor,0.9933598937583001,0.45278450363196127,30,5
RandomForest,per_class,Tumor,0.9945652173913043,0.4430992736077482,30,5
RandomForest,per_class,Tumor,0.9944521497919556,0.4340193704600484,30,5
RandomForest,per_class,Tumor,0.9943019943019943,0.4225181598062954,30,5
RandomForest,per_class,Tumor,0.9941348973607038,0.41041162227602906,30,5
RandomForest,per_class,Tumor,0.993993993993994,0.400726392251816,30,5
RandomForest,per_class,Tumor,0.9953632148377125,0.3898305084745763,30,5
RandomForest,per_class,Tumor,0.9968304278922345,0.3807506053268765,30,5
RandomForest,per_class,Tumor,0.9966996699669967,0.36561743341404357,30,5
RandomForest,per_class,Tumor,0.996661101836394,0.36138014527845036,30,5
RandomForest,per_class,Tumor,0.9965457685664939,0.349273607748184,30,5
RandomForest,per_class,Tumor,0.9981916817359855,0.3341404358353511,30,5
RandomForest,per_class,Tumor,0.9981412639405205,0.32506053268765134,30,5
RandomForest,per_class,Tumor,0.9980806142034548,0.31476997578692495,30,5
RandomForest,per_class,Tumor,0.9980119284294234,0.30387409200968524,30,5
RandomForest,per_class,Tumor,0.9979508196721312,0.2947941888619855,30,5
RandomForest,per_class,Tumor,0.9978902953586498,0.286319612590799,30,5
RandomForest,per_class,Tumor,0.9978213507625272,0.2772397094430993,30,5
RandomForest,per_class,Tumor,0.9977426636568849,0.2675544794188862,30,5
RandomForest,per_class,Tumor,0.997624703087886,0.2542372881355932,30,5
RandomForest,per_class,Tumor,0.9974683544303797,0.23849878934624696,30,5
RandomForest,per_class,Tumor,0.9974025974025974,0.2324455205811138,30,5
RandomForest,per_class,Tumor,0.9972826086956522,0.2221549636803874,30,5
RandomForest,per_class,Tumor,0.9971181556195965,0.20944309927360774,30,5
RandomForest,per_class,Tumor,0.9970059880239521,0.20157384987893462,30,5
RandomForest,per_class,Tumor,0.9968652037617555,0.19249394673123488,30,5
RandomForest,per_class,Tumor,0.9967105263157895,0.1834140435835351,30,5
RandomForest,per_class,Tumor,0.9964788732394366,0.17130750605326878,30,5
RandomForest,per_class,Tumor,0.9961685823754789,0.15738498789346247,30,5
RandomForest,per_class,Tumor,1.0,0.14588377723970944,30,5
RandomForest,per_class,Tumor,1.0,0.1410411622276029,30,5
RandomForest,per_class,Tumor,1.0,0.13317191283292978,30,5
RandomForest,per_class,Tumor,1.0,0.12469733656174334,30,5
RandomForest,per_class,Tumor,1.0,0.11682808716707022,30,5
RandomForest,per_class,Tumor,1.0,0.11016949152542373,30,5
RandomForest,per_class,Tumor,1.0,0.09987893462469734,30,5
RandomForest,per_class,Tumor,1.0,0.08958837772397095,30,5
RandomForest,per_class,Tumor,1.0,0.08292978208232446,30,5
RandomForest,per_class,Tumor,1.0,0.07506053268765134,30,5
RandomForest,per_class,Tumor,1.0,0.07142857142857142,30,5
RandomForest,per_class,Tumor,1.0,0.0635593220338983,30,5
RandomForest,per_class,Tumor,1.0,0.05750605326876514,30,5
RandomForest,per_class,Tumor,1.0,0.0526634382566586,30,5
RandomForest,per_class,Tumor,1.0,0.04903147699757869,30,5
RandomForest,per_class,Tumor,1.0,0.0423728813559322,30,5
RandomForest,per_class,Tumor,1.0,0.03571428571428571,30,5
RandomForest,per_class,Tumor,1.0,0.030871670702179176,30,5
RandomForest,per_class,Tumor,1.0,0.028450363196125907,30,5
RandomForest,per_class,Tumor,1.0,0.024818401937046004,30,5
RandomForest,per_class,Tumor,1.0,0.0211864406779661,30,5
RandomForest,per_class,Tumor,1.0,0.015738498789346248,30,5
RandomForest,per_class,Tumor,1.0,0.013317191283292978,30,5
RandomForest,per_class,Tumor,1.0,0.011501210653753027,30,5
RandomForest,per_class,Tumor,1.0,0.010290556900726392,30,5
RandomForest,per_class,Tumor,1.0,0.009079903147699757,30,5
RandomForest,per_class,Tumor,1.0,0.007869249394673124,30,5
RandomForest,per_class,Tumor,1.0,0.006658595641646489,30,5
RandomForest,per_class,Tumor,1.0,0.005447941888619854,30,5
RandomForest,per_class,Tumor,1.0,0.00423728813559322,30,5
RandomForest,per_class,Tumor,1.0,0.003026634382566586,30,5
RandomForest,per_class,Tumor,1.0,0.002421307506053269,30,5
RandomForest,per_class,Tumor,1.0,0.0018159806295399517,30,5
RandomForest,per_class,Tumor,1.0,0.0,30,5
