model_type,curve_type,class_name,precision,recall,samples_per_class,fold
RandomForest,per_class,B,0.11271133375078271,1.0,30,2
RandomForest,per_class,B,0.1218346690747639,0.9993827160493827,30,2
RandomForest,per_class,B,0.13534464697255394,0.9969135802469136,30,2
RandomForest,per_class,B,0.15197325044739568,0.9959876543209877,30,2
RandomForest,per_class,B,0.1695111672987779,0.9932098765432099,30,2
RandomForest,per_class,B,0.1882677952154235,0.9885802469135803,30,2
RandomForest,per_class,B,0.2066415877545726,0.9833333333333333,30,2
RandomForest,per_class,B,0.2249272482078217,0.9780864197530864,30,2
RandomForest,per_class,B,0.2435333178905104,0.9734567901234568,30,2
RandomForest,per_class,B,0.26243739565943236,0.9703703703703703,30,2
RandomForest,per_class,B,0.2796496559120565,0.9657407407407408,30,2
RandomForest,per_class,B,0.29658518025302005,0.9623456790123457,30,2
RandomForest,per_class,B,0.31196538190600787,0.9567901234567902,30,2
RandomForest,per_class,B,0.32561843083129843,0.946604938271605,30,2
RandomForest,per_class,B,0.3405659322223465,0.9398148148148148,30,2
RandomForest,per_class,B,0.35371997656707677,0.9317901234567901,30,2
RandomForest,per_class,B,0.36680528375733856,0.9256172839506173,30,2
RandomForest,per_class,B,0.3788187372708758,0.9185185185185185,30,2
RandomForest,per_class,B,0.39131010729897997,0.9117283950617284,30,2
RandomForest,per_class,B,0.4025528410650563,0.9052469135802469,30,2
RandomForest,per_class,B,0.4128088611190003,0.8972222222222223,30,2
RandomForest,per_class,B,0.422733264977296,0.8907407407407407,30,2
RandomForest,per_class,B,0.43347444814030844,0.8848765432098765,30,2
RandomForest,per_class,B,0.44347555278729367,0.8790123456790123,30,2
RandomForest,per_class,B,0.4554519137986491,0.8740740740740741,30,2
RandomForest,per_class,B,0.4650124069478908,0.8675925925925926,30,2
RandomForest,per_class,B,0.47589848407426333,0.8623456790123457,30,2
RandomForest,per_class,B,0.4853790929784626,0.8555555555555555,30,2
RandomForest,per_class,B,0.4920407798247183,0.8490740740740741,30,2
RandomForest,per_class,B,0.49954354573671716,0.8444444444444444,30,2
RandomForest,per_class,B,0.5059723777528928,0.8367283950617284,30,2
RandomForest,per_class,B,0.5138279610909785,0.8314814814814815,30,2
RandomForest,per_class,B,0.5197509243043393,0.8243827160493827,30,2
RandomForest,per_class,B,0.5281704160860043,0.8188271604938272,30,2
RandomForest,per_class,B,0.5341993099249036,0.8123456790123457,30,2
RandomForest,per_class,B,0.5422782716559851,0.8095679012345679,30,2
RandomForest,per_class,B,0.5502746092099704,0.8040123456790124,30,2
RandomForest,per_class,B,0.555531686358754,0.7981481481481482,30,2
RandomForest,per_class,B,0.5620757608933654,0.792283950617284,30,2
RandomForest,per_class,B,0.5693202146690519,0.7858024691358024,30,2
RandomForest,per_class,B,0.5761980467862821,0.7830246913580247,30,2
RandomForest,per_class,B,0.5831018518518518,0.7774691358024691,30,2
RandomForest,per_class,B,0.5875294117647059,0.770679012345679,30,2
RandomForest,per_class,B,0.5919636450609902,0.7638888888888888,30,2
RandomForest,per_class,B,0.5980558930741191,0.7595679012345679,30,2
RandomForest,per_class,B,0.6017262638717632,0.7530864197530864,30,2
RandomForest,per_class,B,0.6071607411116675,0.7484567901234568,30,2
RandomForest,per_class,B,0.6125095347063311,0.7435185185185185,30,2
RandomForest,per_class,B,0.6178294573643411,0.7379629629629629,30,2
RandomForest,per_class,B,0.6224088165835738,0.7320987654320987,30,2
RandomForest,per_class,B,0.629975955116217,0.7277777777777777,30,2
RandomForest,per_class,B,0.6330721426641448,0.7231481481481481,30,2
RandomForest,per_class,B,0.6366867140513942,0.7188271604938271,30,2
RandomForest,per_class,B,0.6398117386489479,0.7132716049382716,30,2
RandomForest,per_class,B,0.6429775280898876,0.7064814814814815,30,2
RandomForest,per_class,B,0.6462857142857142,0.6981481481481482,30,2
RandomForest,per_class,B,0.6497388276262334,0.6910493827160494,30,2
RandomForest,per_class,B,0.6542991755005889,0.6858024691358025,30,2
RandomForest,per_class,B,0.6586093703372128,0.6811728395061728,30,2
RandomForest,per_class,B,0.662031438935913,0.6759259259259259,30,2
RandomForest,per_class,B,0.663206106870229,0.6703703703703704,30,2
RandomForest,per_class,B,0.668425954672462,0.6645061728395062,30,2
RandomForest,per_class,B,0.6719292706030944,0.6567901234567901,30,2
RandomForest,per_class,B,0.6758488148622678,0.6512345679012346,30,2
RandomForest,per_class,B,0.6804965697484482,0.6429012345679013,30,2
RandomForest,per_class,B,0.6842629482071713,0.6361111111111111,30,2
RandomForest,per_class,B,0.6885135135135135,0.6290123456790123,30,2
RandomForest,per_class,B,0.6890181320561067,0.6216049382716049,30,2
RandomForest,per_class,B,0.6932962834317471,0.6160493827160494,30,2
RandomForest,per_class,B,0.6971508969398522,0.6117283950617284,30,2
RandomForest,per_class,B,0.7009978617248752,0.6070987654320987,30,2
RandomForest,per_class,B,0.7052669552669553,0.6033950617283951,30,2
RandomForest,per_class,B,0.7085168869309838,0.595679012345679,30,2
RandomForest,per_class,B,0.7118834080717489,0.5879629629629629,30,2
RandomForest,per_class,B,0.715261958997722,0.5814814814814815,30,2
RandomForest,per_class,B,0.7176607281177382,0.5719135802469136,30,2
RandomForest,per_class,B,0.7202824637112594,0.5666666666666667,30,2
RandomForest,per_class,B,0.722488038277512,0.5592592592592592,30,2
RandomForest,per_class,B,0.7260551948051948,0.5521604938271605,30,2
RandomForest,per_class,B,0.7303417044051049,0.5475308641975308,30,2
RandomForest,per_class,B,0.7326359832635984,0.5404320987654321,30,2
RandomForest,per_class,B,0.7352566822231651,0.5348765432098765,30,2
RandomForest,per_class,B,0.7388123924268503,0.5299382716049382,30,2
RandomForest,per_class,B,0.7411764705882353,0.525,30,2
RandomForest,per_class,B,0.7429328621908127,0.5191358024691358,30,2
RandomForest,per_class,B,0.7466367713004485,0.5138888888888888,30,2
RandomForest,per_class,B,0.75,0.5074074074074074,30,2
RandomForest,per_class,B,0.7556791840519239,0.5030864197530864,30,2
RandomForest,per_class,B,0.7598684210526315,0.49907407407407406,30,2
RandomForest,per_class,B,0.7627684964200477,0.49320987654320986,30,2
RandomForest,per_class,B,0.7641921397379913,0.4861111111111111,30,2
RandomForest,per_class,B,0.7694965449160909,0.48117283950617284,30,2
RandomForest,per_class,B,0.7740480961923848,0.47685185185185186,30,2
RandomForest,per_class,B,0.7759060745278203,0.4691358024691358,30,2
RandomForest,per_class,B,0.7801455301455301,0.46327160493827163,30,2
RandomForest,per_class,B,0.7823560486001057,0.45709876543209876,30,2
RandomForest,per_class,B,0.7872913301023156,0.45123456790123456,30,2
RandomForest,per_class,B,0.787945205479452,0.44382716049382714,30,2
RandomForest,per_class,B,0.7918978912319645,0.4404320987654321,30,2
RandomForest,per_class,B,0.7925381571509327,0.4327160493827161,30,2
RandomForest,per_class,B,0.7977983777520278,0.425,30,2
RandomForest,per_class,B,0.8004722550177096,0.4185185185185185,30,2
RandomForest,per_class,B,0.8047016274864376,0.41203703703703703,30,2
RandomForest,per_class,B,0.8065311152187308,0.40401234567901234,30,2
RandomForest,per_class,B,0.8122243226212981,0.39783950617283953,30,2
RandomForest,per_class,B,0.8169014084507042,0.39382716049382716,30,2
RandomForest,per_class,B,0.8198433420365535,0.38765432098765434,30,2
RandomForest,per_class,B,0.823020625415835,0.38179012345679014,30,2
RandomForest,per_class,B,0.8291525423728814,0.37746913580246916,30,2
RandomForest,per_class,B,0.8328710124826629,0.370679012345679,30,2
RandomForest,per_class,B,0.8364022662889519,0.36450617283950615,30,2
RandomForest,per_class,B,0.8422575976845152,0.3592592592592593,30,2
RandomForest,per_class,B,0.8475699558173785,0.3552469135802469,30,2
RandomForest,per_class,B,0.8496978851963746,0.3472222222222222,30,2
RandomForest,per_class,B,0.8562644119907763,0.34382716049382717,30,2
RandomForest,per_class,B,0.8598425196850393,0.337037037037037,30,2
RandomForest,per_class,B,0.8633440514469454,0.3314814814814815,30,2
RandomForest,per_class,B,0.8667763157894737,0.3253086419753086,30,2
RandomForest,per_class,B,0.8698224852071006,0.3175925925925926,30,2
RandomForest,per_class,B,0.8731665228645384,0.31234567901234567,30,2
RandomForest,per_class,B,0.8758928571428571,0.30277777777777776,30,2
RandomForest,per_class,B,0.8786496350364964,0.2972222222222222,30,2
RandomForest,per_class,B,0.8842897460018815,0.29012345679012347,30,2
RandomForest,per_class,B,0.8894230769230769,0.2854938271604938,30,2
RandomForest,per_class,B,0.8925049309664694,0.279320987654321,30,2
RandomForest,per_class,B,0.8921370967741935,0.27314814814814814,30,2
RandomForest,per_class,B,0.8979166666666667,0.2660493827160494,30,2
RandomForest,per_class,B,0.9033970276008493,0.26265432098765434,30,2
RandomForest,per_class,B,0.9084967320261438,0.2574074074074074,30,2
RandomForest,per_class,B,0.9097995545657016,0.2521604938271605,30,2
RandomForest,per_class,B,0.911697247706422,0.24537037037037038,30,2
RandomForest,per_class,B,0.9153754469606674,0.23703703703703705,30,2
RandomForest,per_class,B,0.9173754556500607,0.2330246913580247,30,2
RandomForest,per_class,B,0.9225,0.22777777777777777,30,2
RandomForest,per_class,B,0.9230769230769231,0.2222222222222222,30,2
RandomForest,per_class,B,0.9289473684210526,0.21790123456790123,30,2
RandomForest,per_class,B,0.9368131868131868,0.21049382716049383,30,2
RandomForest,per_class,B,0.9362606232294618,0.20401234567901236,30,2
RandomForest,per_class,B,0.9393491124260355,0.19598765432098766,30,2
RandomForest,per_class,B,0.9402756508422665,0.18950617283950616,30,2
RandomForest,per_class,B,0.9454253611556982,0.18179012345679013,30,2
RandomForest,per_class,B,0.9442567567567568,0.17253086419753086,30,2
RandomForest,per_class,B,0.9473684210526315,0.16666666666666666,30,2
RandomForest,per_class,B,0.9468864468864469,0.1595679012345679,30,2
RandomForest,per_class,B,0.9476744186046512,0.15092592592592594,30,2
RandomForest,per_class,B,0.9512195121951219,0.14444444444444443,30,2
RandomForest,per_class,B,0.9596602972399151,0.13950617283950617,30,2
RandomForest,per_class,B,0.9642058165548099,0.1330246913580247,30,2
RandomForest,per_class,B,0.9648711943793911,0.1271604938271605,30,2
RandomForest,per_class,B,0.9683698296836983,0.12283950617283951,30,2
RandomForest,per_class,B,0.9667519181585678,0.11666666666666667,30,2
RandomForest,per_class,B,0.9705093833780161,0.1117283950617284,30,2
RandomForest,per_class,B,0.971830985915493,0.10648148148148148,30,2
RandomForest,per_class,B,0.9730538922155688,0.10030864197530864,30,2
RandomForest,per_class,B,0.9746835443037974,0.09506172839506173,30,2
RandomForest,per_class,B,0.9761092150170648,0.0882716049382716,30,2
RandomForest,per_class,B,0.9779411764705882,0.08209876543209876,30,2
RandomForest,per_class,B,0.9763779527559056,0.07654320987654321,30,2
RandomForest,per_class,B,0.9744680851063829,0.07067901234567901,30,2
RandomForest,per_class,B,0.9724770642201835,0.0654320987654321,30,2
RandomForest,per_class,B,0.9698492462311558,0.0595679012345679,30,2
RandomForest,per_class,B,0.9680851063829787,0.05617283950617284,30,2
RandomForest,per_class,B,0.9664804469273743,0.05339506172839506,30,2
RandomForest,per_class,B,0.974025974025974,0.046296296296296294,30,2
RandomForest,per_class,B,0.9857142857142858,0.04259259259259259,30,2
RandomForest,per_class,B,0.9847328244274809,0.03981481481481482,30,2
RandomForest,per_class,B,0.9914529914529915,0.03580246913580247,30,2
RandomForest,per_class,B,0.9904761904761905,0.03209876543209877,30,2
RandomForest,per_class,B,0.98989898989899,0.030246913580246913,30,2
RandomForest,per_class,B,0.9886363636363636,0.026851851851851852,30,2
RandomForest,per_class,B,0.9873417721518988,0.024074074074074074,30,2
RandomForest,per_class,B,0.9852941176470589,0.020679012345679013,30,2
RandomForest,per_class,B,0.9841269841269841,0.019135802469135803,30,2
RandomForest,per_class,B,0.9818181818181818,0.016666666666666666,30,2
RandomForest,per_class,B,0.98,0.015123456790123457,30,2
RandomForest,per_class,B,0.975609756097561,0.012345679012345678,30,2
RandomForest,per_class,B,0.972972972972973,0.011111111111111112,30,2
RandomForest,per_class,B,0.967741935483871,0.009259259259259259,30,2
RandomForest,per_class,B,0.9642857142857143,0.008333333333333333,30,2
RandomForest,per_class,B,1.0,0.007407407407407408,30,2
RandomForest,per_class,B,1.0,0.005555555555555556,30,2
RandomForest,per_class,B,1.0,0.004320987654320987,30,2
RandomForest,per_class,B,1.0,0.0030864197530864196,30,2
RandomForest,per_class,B,1.0,0.001851851851851852,30,2
RandomForest,per_class,B,1.0,0.0015432098765432098,30,2
RandomForest,per_class,B,1.0,0.000925925925925926,30,2
RandomForest,per_class,B,1.0,0.00030864197530864197,30,2
RandomForest,per_class,B,1.0,0.0,30,2
RandomForest,per_class,CD4 T,0.26076671536909485,1.0,30,2
RandomForest,per_class,CD4 T,0.27242295237055636,0.9987993596584845,30,2
RandomForest,per_class,CD4 T,0.286542077593154,0.9961312700106724,30,2
RandomForest,per_class,CD4 T,0.3016836652096487,0.9943970117395945,30,2
RandomForest,per_class,CD4 T,0.31684520507020614,0.9903948772678762,30,2
RandomForest,per_class,CD4 T,0.3321351545650611,0.9861259338313767,30,2
RandomForest,per_class,CD4 T,0.34925075872534145,0.9825240128068303,30,2
RandomForest,per_class,CD4 T,0.3666599979993998,0.9779882604055496,30,2
RandomForest,per_class,CD4 T,0.3838213608594902,0.9722518676627535,30,2
RandomForest,per_class,CD4 T,0.40165252592469364,0.9662486659551761,30,2
RandomForest,per_class,CD4 T,0.41949967928159076,0.9597118463180363,30,2
RandomForest,per_class,CD4 T,0.43822156718251043,0.951974386339381,30,2
RandomForest,per_class,CD4 T,0.4571078431372549,0.9454375667022412,30,2
RandomForest,per_class,CD4 T,0.4730704415234243,0.9362326574172892,30,2
RandomForest,per_class,CD4 T,0.49273513360266497,0.927427961579509,30,2
RandomForest,per_class,CD4 T,0.512837736975668,0.9166221985058698,30,2
RandomForest,per_class,CD4 T,0.5319248460279099,0.9102187833511206,30,2
RandomForest,per_class,CD4 T,0.5479029772045104,0.9010138740661686,30,2
RandomForest,per_class,CD4 T,0.5661402615044999,0.8895410885805763,30,2
RandomForest,per_class,CD4 T,0.5834513274336283,0.8795357524012807,30,2
RandomForest,per_class,CD4 T,0.6009784013291489,0.8685965848452508,30,2
RandomForest,per_class,CD4 T,0.6159746859718094,0.8569903948772679,30,2
RandomForest,per_class,CD4 T,0.6325289190267251,0.8461846318036286,30,2
RandomForest,per_class,CD4 T,0.6481193658688219,0.834445037353255,30,2
RandomForest,per_class,CD4 T,0.6625080662508066,0.8217716115261473,30,2
RandomForest,per_class,CD4 T,0.6742247415805268,0.8092315901814301,30,2
RandomForest,per_class,CD4 T,0.6899815327793167,0.7974919957310566,30,2
RandomForest,per_class,CD4 T,0.7000716674629718,0.7818836712913554,30,2
RandomForest,per_class,CD4 T,0.7128712871287128,0.768409818569904,30,2
RandomForest,per_class,CD4 T,0.7245876486382815,0.7560032017075774,30,2
RandomForest,per_class,CD4 T,0.7334653465346535,0.7411953041622199,30,2
RandomForest,per_class,CD4 T,0.7455016357688113,0.7295891141942369,30,2
RandomForest,per_class,CD4 T,0.7564409404476982,0.7167822838847385,30,2
RandomForest,per_class,CD4 T,0.7639733565015928,0.7038420490928495,30,2
RandomForest,per_class,CD4 T,0.7740972843927186,0.692102454642476,30,2
RandomForest,per_class,CD4 T,0.7828835774865073,0.6772945570971185,30,2
RandomForest,per_class,CD4 T,0.7914344849546251,0.6631536819637139,30,2
RandomForest,per_class,CD4 T,0.7974807786684116,0.6503468516542156,30,2
RandomForest,per_class,CD4 T,0.8040665434380776,0.6383404482390609,30,2
RandomForest,per_class,CD4 T,0.8108669319951549,0.6251334044823906,30,2
RandomForest,per_class,CD4 T,0.8185224839400428,0.6119263607257204,30,2
RandomForest,per_class,CD4 T,0.8230414746543778,0.5956510138740662,30,2
RandomForest,per_class,CD4 T,0.8278082970259519,0.5829775880469584,30,2
RandomForest,per_class,CD4 T,0.8328468573652461,0.5709711846318036,30,2
RandomForest,per_class,CD4 T,0.8388454600120264,0.5582977588046958,30,2
RandomForest,per_class,CD4 T,0.8427543679342241,0.5469583778014941,30,2
RandomForest,per_class,CD4 T,0.8470314810902176,0.5348185699039488,30,2
RandomForest,per_class,CD4 T,0.8506224066390041,0.5196104589114194,30,2
RandomForest,per_class,CD4 T,0.8553700361010831,0.5057363927427961,30,2
RandomForest,per_class,CD4 T,0.859542697153523,0.49146211312700105,30,2
RandomForest,per_class,CD4 T,0.8659744023182806,0.47838847385272143,30,2
RandomForest,per_class,CD4 T,0.8679197994987469,0.46197972251867664,30,2
RandomForest,per_class,CD4 T,0.8730898730898731,0.4497065101387407,30,2
RandomForest,per_class,CD4 T,0.8767160161507402,0.4344983991462113,30,2
RandomForest,per_class,CD4 T,0.8797327394209354,0.4215581643543223,30,2
RandomForest,per_class,CD4 T,0.8830123598735269,0.40981856990394877,30,2
RandomForest,per_class,CD4 T,0.8857057594747837,0.3959445037353255,30,2
RandomForest,per_class,CD4 T,0.8901680149346609,0.38167022411953044,30,2
RandomForest,per_class,CD4 T,0.8945147679324894,0.36766275346851657,30,2
RandomForest,per_class,CD4 T,0.8953252032520326,0.3525880469583778,30,2
RandomForest,per_class,CD4 T,0.8991892844554107,0.34031483457844186,30,2
RandomForest,per_class,CD4 T,0.9004774146162321,0.3271077908217716,30,2
RandomForest,per_class,CD4 T,0.906441717791411,0.31536819637139807,30,2
RandomForest,per_class,CD4 T,0.9099960175228993,0.30482924226254005,30,2
RandomForest,per_class,CD4 T,0.9118869492934331,0.29268943436499467,30,2
RandomForest,per_class,CD4 T,0.9151356080489939,0.27908217716115263,30,2
RandomForest,per_class,CD4 T,0.9173210161662817,0.2649413020277481,30,2
RandomForest,per_class,CD4 T,0.9190891472868217,0.253068303094984,30,2
RandomForest,per_class,CD4 T,0.9186991869918699,0.24119530416221985,30,2
RandomForest,per_class,CD4 T,0.9236883942766295,0.2325240128068303,30,2
RandomForest,per_class,CD4 T,0.9236263736263737,0.2242529348986126,30,2
RandomForest,per_class,CD4 T,0.9247434435575826,0.21638207043756671,30,2
RandomForest,per_class,CD4 T,0.9244497323022011,0.20731056563500533,30,2
RandomForest,per_class,CD4 T,0.9303201506591338,0.19770544290288153,30,2
RandomForest,per_class,CD4 T,0.9299738219895288,0.18956776947705442,30,2
RandomForest,per_class,CD4 T,0.9343922651933702,0.18049626467449306,30,2
RandomForest,per_class,CD4 T,0.9386724386724387,0.17355923159018144,30,2
RandomForest,per_class,CD4 T,0.9421296296296297,0.16288687299893276,30,2
RandomForest,per_class,CD4 T,0.9425758818703855,0.15328175026680896,30,2
RandomForest,per_class,CD4 T,0.9433962264150944,0.14674493062966915,30,2
RandomForest,per_class,CD4 T,0.9482288828337875,0.13927427961579508,30,2
RandomForest,per_class,CD4 T,0.9506292352371732,0.13100320170757737,30,2
RandomForest,per_class,CD4 T,0.9515151515151515,0.12566702241195304,30,2
RandomForest,per_class,CD4 T,0.9517167381974249,0.11832977588046958,30,2
RandomForest,per_class,CD4 T,0.9550173010380623,0.1104589114194237,30,2
RandomForest,per_class,CD4 T,0.9558823529411765,0.10405549626467449,30,2
RandomForest,per_class,CD4 T,0.9541884816753927,0.09725186766275347,30,2
RandomForest,per_class,CD4 T,0.9556786703601108,0.09204909284951975,30,2
RandomForest,per_class,CD4 T,0.9525222551928784,0.08564567769477055,30,2
RandomForest,per_class,CD4 T,0.9523052464228935,0.07990928495197439,30,2
RandomForest,per_class,CD4 T,0.9588336192109777,0.07457310565635006,30,2
RandomForest,per_class,CD4 T,0.9596330275229358,0.06977054429028816,30,2
RandomForest,per_class,CD4 T,0.9614643545279383,0.06656883671291355,30,2
RandomForest,per_class,CD4 T,0.9680851063829787,0.060699039487726786,30,2
RandomForest,per_class,CD4 T,0.9674418604651163,0.05549626467449306,30,2
RandomForest,per_class,CD4 T,0.9679802955665024,0.052427961579509075,30,2
RandomForest,per_class,CD4 T,0.967654986522911,0.04789220917822839,30,2
RandomForest,per_class,CD4 T,0.9655172413793104,0.044823906083244394,30,2
RandomForest,per_class,CD4 T,0.9782608695652174,0.04202241195304162,30,2
RandomForest,per_class,CD4 T,0.976271186440678,0.0384204909284952,30,2
RandomForest,per_class,CD4 T,0.9816849816849816,0.03575240128068303,30,2
RandomForest,per_class,CD4 T,0.9847908745247148,0.03455176093916756,30,2
RandomForest,per_class,CD4 T,0.9835390946502057,0.03188367129135539,30,2
RandomForest,per_class,CD4 T,0.9868421052631579,0.030016008537886874,30,2
RandomForest,per_class,CD4 T,0.986046511627907,0.028281750266808965,30,2
RandomForest,per_class,CD4 T,0.9900990099009901,0.026680896478121666,30,2
RandomForest,per_class,CD4 T,0.9891304347826086,0.024279615795090716,30,2
RandomForest,per_class,CD4 T,0.9940828402366864,0.022411953041622197,30,2
RandomForest,per_class,CD4 T,0.9934640522875817,0.020277481323372464,30,2
RandomForest,per_class,CD4 T,0.9929577464788732,0.018810032017075772,30,2
RandomForest,per_class,CD4 T,1.0,0.016542155816435433,30,2
RandomForest,per_class,CD4 T,1.0,0.015208110992529349,30,2
RandomForest,per_class,CD4 T,1.0,0.013340448239060833,30,2
RandomForest,per_class,CD4 T,1.0,0.012540021344717182,30,2
RandomForest,per_class,CD4 T,1.0,0.011072572038420492,30,2
RandomForest,per_class,CD4 T,1.0,0.010138740661686232,30,2
RandomForest,per_class,CD4 T,1.0,0.009338313767342583,30,2
RandomForest,per_class,CD4 T,1.0,0.008804695837780149,30,2
RandomForest,per_class,CD4 T,1.0,0.008271077908217716,30,2
RandomForest,per_class,CD4 T,1.0,0.006937033084311633,30,2
RandomForest,per_class,CD4 T,1.0,0.006003201707577375,30,2
RandomForest,per_class,CD4 T,1.0,0.005069370330843116,30,2
RandomForest,per_class,CD4 T,1.0,0.004402347918890074,30,2
RandomForest,per_class,CD4 T,1.0,0.003735325506937033,30,2
RandomForest,per_class,CD4 T,1.0,0.0030683030949839912,30,2
RandomForest,per_class,CD4 T,1.0,0.002534685165421558,30,2
RandomForest,per_class,CD4 T,1.0,0.00240128068303095,30,2
RandomForest,per_class,CD4 T,1.0,0.0022678762006403414,30,2
RandomForest,per_class,CD4 T,1.0,0.002001067235859125,30,2
RandomForest,per_class,CD4 T,1.0,0.0018676627534685165,30,2
RandomForest,per_class,CD4 T,1.0,0.0013340448239060833,30,2
RandomForest,per_class,CD4 T,1.0,0.001200640341515475,30,2
RandomForest,per_class,CD4 T,1.0,0.0009338313767342582,30,2
RandomForest,per_class,CD4 T,1.0,0.0005336179295624333,30,2
RandomForest,per_class,CD4 T,1.0,0.00040021344717182497,30,2
RandomForest,per_class,CD4 T,1.0,0.00013340448239060833,30,2
RandomForest,per_class,CD4 T,1.0,0.0,30,2
RandomForest,per_class,CD8 T,0.12224309469143534,1.0,30,2
RandomForest,per_class,CD8 T,0.1319400067661542,0.9988616960728515,30,2
RandomForest,per_class,CD8 T,0.14421056967500104,0.9963005122367672,30,2
RandomForest,per_class,CD8 T,0.1579351805812955,0.9943084803642572,30,2
RandomForest,per_class,CD8 T,0.1743669147395235,0.9934547524188958,30,2
RandomForest,per_class,CD8 T,0.19107790352708492,0.9897552646556631,30,2
RandomForest,per_class,CD8 T,0.2113954905545399,0.9871940808195788,30,2
RandomForest,per_class,CD8 T,0.233482263742215,0.981502561183836,30,2
RandomForest,per_class,CD8 T,0.2566796757730411,0.9732498577120091,30,2
RandomForest,per_class,CD8 T,0.2826646731456101,0.9684120660216278,30,2
RandomForest,per_class,CD8 T,0.3094346515663531,0.9641434262948207,30,2
RandomForest,per_class,CD8 T,0.3365066639943882,0.9556061468412066,30,2
RandomForest,per_class,CD8 T,0.3657707076247943,0.9487763232783153,30,2
RandomForest,per_class,CD8 T,0.39215686274509803,0.9391007398975526,30,2
RandomForest,per_class,CD8 T,0.4187804253138611,0.9302788844621513,30,2
RandomForest,per_class,CD8 T,0.4453329656693782,0.919180421172453,30,2
RandomForest,per_class,CD8 T,0.4742527374963007,0.9120660216277746,30,2
RandomForest,per_class,CD8 T,0.5027615590973646,0.9066590779738191,30,2
RandomForest,per_class,CD8 T,0.5291848373029184,0.8978372225384178,30,2
RandomForest,per_class,CD8 T,0.552901627742392,0.8892999430848036,30,2
RandomForest,per_class,CD8 T,0.5795964125560538,0.8827546955036994,30,2
RandomForest,per_class,CD8 T,0.5994140625,0.873363688104724,30,2
RandomForest,per_class,CD8 T,0.6187270501835985,0.863118952760387,30,2
RandomForest,per_class,CD8 T,0.6371549893842887,0.8540125213431986,30,2
RandomForest,per_class,CD8 T,0.6566438204731373,0.8451906659077973,30,2
RandomForest,per_class,CD8 T,0.674370709382151,0.8386454183266933,30,2
RandomForest,per_class,CD8 T,0.6949313121743249,0.8349459305634604,30,2
RandomForest,per_class,CD8 T,0.712050843314593,0.8289698349459306,30,2
RandomForest,per_class,CD8 T,0.7266096579476862,0.8221400113830393,30,2
RandomForest,per_class,CD8 T,0.7405782137325762,0.8164484917472965,30,2
RandomForest,per_class,CD8 T,0.753315649867374,0.8081957882754696,30,2
RandomForest,per_class,CD8 T,0.7621240856136549,0.8005122367672168,30,2
RandomForest,per_class,CD8 T,0.769656699889258,0.7911212293682414,30,2
RandomForest,per_class,CD8 T,0.7787186000564493,0.7851451337507115,30,2
RandomForest,per_class,CD8 T,0.7870077608508192,0.7791690381331816,30,2
RandomForest,per_class,CD8 T,0.7947291361639824,0.7723392145702903,30,2
RandomForest,per_class,CD8 T,0.7997623291740938,0.7660785429709732,30,2
RandomForest,per_class,CD8 T,0.8084720121028744,0.7603870233352306,30,2
RandomForest,per_class,CD8 T,0.815587603559374,0.7564029595902105,30,2
RandomForest,per_class,CD8 T,0.8221183800623053,0.750996015936255,30,2
RandomForest,per_class,CD8 T,0.8263207845618475,0.7433124644280023,30,2
RandomForest,per_class,CD8 T,0.8334407216494846,0.7361980648833238,30,2
RandomForest,per_class,CD8 T,0.8375203915171289,0.7305065452475811,30,2
RandomForest,per_class,CD8 T,0.8428524265434136,0.7265224815025612,30,2
RandomForest,per_class,CD8 T,0.8472314876584389,0.7228229937393283,30,2
RandomForest,per_class,CD8 T,0.8551165146909828,0.7205463858850313,30,2
RandomForest,per_class,CD8 T,0.859294762067785,0.7142857142857143,30,2
RandomForest,per_class,CD8 T,0.8620928620928621,0.7080250426863973,30,2
RandomForest,per_class,CD8 T,0.8673935983116426,0.7017643710870802,30,2
RandomForest,per_class,CD8 T,0.8693019943019943,0.6946499715424018,30,2
RandomForest,per_class,CD8 T,0.8710374639769453,0.6881047239612976,30,2
RandomForest,per_class,CD8 T,0.8740902474526928,0.6835515082527035,30,2
RandomForest,per_class,CD8 T,0.8765613519470977,0.6789982925441093,30,2
RandomForest,per_class,CD8 T,0.8811032426388371,0.6727376209447923,30,2
RandomForest,per_class,CD8 T,0.8852830188679245,0.6676152532726238,30,2
RandomForest,per_class,CD8 T,0.8889312977099236,0.6627774615822425,30,2
RandomForest,per_class,CD8 T,0.891996891996892,0.6533864541832669,30,2
RandomForest,per_class,CD8 T,0.8949232585596222,0.6471257825839499,30,2
RandomForest,per_class,CD8 T,0.8965654952076677,0.638873079112123,30,2
RandomForest,per_class,CD8 T,0.8987903225806452,0.6343198634035287,30,2
RandomForest,per_class,CD8 T,0.9009376273950265,0.6289129197495731,30,2
RandomForest,per_class,CD8 T,0.9056681836988002,0.6229368241320432,30,2
RandomForest,per_class,CD8 T,0.9066049642406394,0.6132612407512806,30,2
RandomForest,per_class,CD8 T,0.9092071611253197,0.6070005691519635,30,2
RandomForest,per_class,CD8 T,0.911968777103209,0.5984632896983495,30,2
RandomForest,per_class,CD8 T,0.9136183340678713,0.5899260102447353,30,2
RandomForest,per_class,CD8 T,0.9162186379928315,0.5819578827546955,30,2
RandomForest,per_class,CD8 T,0.9208010923987255,0.5756972111553785,30,2
RandomForest,per_class,CD8 T,0.922509225092251,0.5691519635742743,30,2
RandomForest,per_class,CD8 T,0.9242636746143057,0.5626067159931701,30,2
RandomForest,per_class,CD8 T,0.9295238095238095,0.5554923164484917,30,2
RandomForest,per_class,CD8 T,0.9317521781219749,0.547808764940239,30,2
RandomForest,per_class,CD8 T,0.93486777668952,0.5432555492316449,30,2
RandomForest,per_class,CD8 T,0.9374068554396423,0.5369948776323278,30,2
RandomForest,per_class,CD8 T,0.9379727685325264,0.5293113261240752,30,2
RandomForest,per_class,CD8 T,0.9391304347826087,0.5224815025611839,30,2
RandomForest,per_class,CD8 T,0.9417879417879418,0.5156516789982926,30,2
RandomForest,per_class,CD8 T,0.9445031712473573,0.5085372794536142,30,2
RandomForest,per_class,CD8 T,0.9450134770889488,0.49886169607285147,30,2
RandomForest,per_class,CD8 T,0.9470198675496688,0.48833238474672735,30,2
RandomForest,per_class,CD8 T,0.9484015703869882,0.48121798520204895,30,2
RandomForest,per_class,CD8 T,0.9502572898799314,0.47296528173022195,30,2
RandomForest,per_class,CD8 T,0.9528246942341293,0.4655663062037564,30,2
RandomForest,per_class,CD8 T,0.9561351511558981,0.45902105862265224,30,2
RandomForest,per_class,CD8 T,0.957550030321407,0.44934547524188956,30,2
RandomForest,per_class,CD8 T,0.9596022374145432,0.43938531587933977,30,2
RandomForest,per_class,CD8 T,0.9617346938775511,0.42914058053500287,30,2
RandomForest,per_class,CD8 T,0.9622886866059818,0.421172453044963,30,2
RandomForest,per_class,CD8 T,0.9626666666666667,0.4109277177006261,30,2
RandomForest,per_class,CD8 T,0.9657534246575342,0.4012521343198634,30,2
RandomForest,per_class,CD8 T,0.9681978798586572,0.3898690950483779,30,2
RandomForest,per_class,CD8 T,0.9688856729377714,0.38104723961297665,30,2
RandomForest,per_class,CD8 T,0.9710252600297177,0.3719408081957883,30,2
RandomForest,per_class,CD8 T,0.9702743902439024,0.3622652248150256,30,2
RandomForest,per_class,CD8 T,0.9710711493354183,0.35344336937962434,30,2
RandomForest,per_class,CD8 T,0.9726468222043443,0.3440523619806488,30,2
RandomForest,per_class,CD8 T,0.9728841413311422,0.3369379624359704,30,2
RandomForest,per_class,CD8 T,0.9745114698385726,0.32640865110984635,30,2
RandomForest,per_class,CD8 T,0.973568281938326,0.31445645987478654,30,2
RandomForest,per_class,CD8 T,0.9734188817598534,0.3022196926579397,30,2
RandomForest,per_class,CD8 T,0.9734597156398104,0.2922595332953899,30,2
RandomForest,per_class,CD8 T,0.9755859375,0.28429140580535,30,2
RandomForest,per_class,CD8 T,0.9776422764227642,0.27376209447922595,30,2
RandomForest,per_class,CD8 T,0.9775880469583778,0.26067159931701767,30,2
RandomForest,per_class,CD8 T,0.9791208791208791,0.2535571997723392,30,2
RandomForest,per_class,CD8 T,0.981651376146789,0.2435970404097894,30,2
RandomForest,per_class,CD8 T,0.9809976247030879,0.2350597609561753,30,2
RandomForest,per_class,CD8 T,0.9825,0.2236767216846898,30,2
RandomForest,per_class,CD8 T,0.9817708333333334,0.21457029026750143,30,2
RandomForest,per_class,CD8 T,0.9835841313269493,0.20461013090495161,30,2
RandomForest,per_class,CD8 T,0.9841726618705036,0.19464997154240182,30,2
RandomForest,per_class,CD8 T,0.986404833836858,0.18582811610700056,30,2
RandomForest,per_class,CD8 T,0.985781990521327,0.1775754126351736,30,2
RandomForest,per_class,CD8 T,0.9864636209813875,0.16590779738190098,30,2
RandomForest,per_class,CD8 T,0.9854280510018215,0.1539556061468412,30,2
RandomForest,per_class,CD8 T,0.9847328244274809,0.14684120660216277,30,2
RandomForest,per_class,CD8 T,0.9838056680161943,0.13830392714854867,30,2
RandomForest,per_class,CD8 T,0.9830508474576272,0.13204325554923166,30,2
RandomForest,per_class,CD8 T,0.9845132743362832,0.12663631189527605,30,2
RandomForest,per_class,CD8 T,0.9857482185273159,0.11809903244166192,30,2
RandomForest,per_class,CD8 T,0.9897959183673469,0.11041548093340922,30,2
RandomForest,per_class,CD8 T,0.988950276243094,0.10187820147979511,30,2
RandomForest,per_class,CD8 T,0.9883381924198251,0.0964712578258395,30,2
RandomForest,per_class,CD8 T,0.9905660377358491,0.08964143426294821,30,2
RandomForest,per_class,CD8 T,0.9898648648648649,0.08338076266363119,30,2
RandomForest,per_class,CD8 T,0.9891696750902527,0.07797381900967558,30,2
RandomForest,per_class,CD8 T,0.9923076923076923,0.07342060330108138,30,2
RandomForest,per_class,CD8 T,0.9914163090128756,0.06573705179282868,30,2
RandomForest,per_class,CD8 T,0.9906542056074766,0.06033010813887308,30,2
RandomForest,per_class,CD8 T,0.9897435897435898,0.05492316448491747,30,2
RandomForest,per_class,CD8 T,0.9890710382513661,0.05150825270347183,30,2
RandomForest,per_class,CD8 T,0.9881656804733728,0.04752418895845191,30,2
RandomForest,per_class,CD8 T,0.9874213836477987,0.04467842914058053,30,2
RandomForest,per_class,CD8 T,0.9866666666666667,0.0421172453044963,30,2
RandomForest,per_class,CD8 T,0.9848484848484849,0.03699487763232783,30,2
RandomForest,per_class,CD8 T,0.9830508474576272,0.033010813887307915,30,2
RandomForest,per_class,CD8 T,0.9811320754716981,0.029595902105862264,30,2
RandomForest,per_class,CD8 T,0.9894736842105263,0.026750142287990893,30,2
RandomForest,per_class,CD8 T,0.9875,0.022481502561183836,30,2
RandomForest,per_class,CD8 T,0.9852941176470589,0.01906659077973819,30,2
RandomForest,per_class,CD8 T,0.9827586206896551,0.016220830961866817,30,2
RandomForest,per_class,CD8 T,0.98,0.013944223107569721,30,2
RandomForest,per_class,CD8 T,0.9777777777777777,0.012521343198634035,30,2
RandomForest,per_class,CD8 T,0.975609756097561,0.011383039271485486,30,2
RandomForest,per_class,CD8 T,1.0,0.0099601593625498,30,2
RandomForest,per_class,CD8 T,1.0,0.009391007398975526,30,2
RandomForest,per_class,CD8 T,1.0,0.00796812749003984,30,2
RandomForest,per_class,CD8 T,1.0,0.006829823562891292,30,2
RandomForest,per_class,CD8 T,1.0,0.005691519635742743,30,2
RandomForest,per_class,CD8 T,1.0,0.004837791690381332,30,2
RandomForest,per_class,CD8 T,1.0,0.00398406374501992,30,2
RandomForest,per_class,CD8 T,1.0,0.003130335799658509,30,2
RandomForest,per_class,CD8 T,1.0,0.0025611838360842347,30,2
RandomForest,per_class,CD8 T,1.0,0.001707455890722823,30,2
RandomForest,per_class,CD8 T,1.0,0.0014228799089356858,30,2
RandomForest,per_class,CD8 T,1.0,0.0011383039271485487,30,2
RandomForest,per_class,CD8 T,1.0,0.0008537279453614115,30,2
RandomForest,per_class,CD8 T,1.0,0.0002845759817871372,30,2
RandomForest,per_class,CD8 T,1.0,0.0,30,2
RandomForest,per_class,DC,0.06703541362276491,1.0,30,2
RandomForest,per_class,DC,0.06849363759152627,1.0,30,2
RandomForest,per_class,DC,0.07141797686146543,0.9994810586403736,30,2
RandomForest,per_class,DC,0.07546577760345166,0.9984431759211209,30,2
RandomForest,per_class,DC,0.08089812050624395,0.9984431759211209,30,2
RandomForest,per_class,DC,0.08685827910339841,0.9974052932018682,30,2
RandomForest,per_class,DC,0.09455065037445802,0.9958484691229891,30,2
RandomForest,per_class,DC,0.10332541567695962,0.9932537623248573,30,2
RandomForest,per_class,DC,0.1134806695657354,0.98858329008822,30,2
RandomForest,per_class,DC,0.124384640630128,0.9833938764919564,30,2
RandomForest,per_class,DC,0.13618283069357054,0.9771665801764401,30,2
RandomForest,per_class,DC,0.14980793854033292,0.97145822522055,30,2
RandomForest,per_class,DC,0.16470588235294117,0.9662688116242865,30,2
RandomForest,per_class,DC,0.1801248293348937,0.958484691229891,30,2
RandomForest,per_class,DC,0.19761775852734165,0.9470679813181111,30,2
RandomForest,per_class,DC,0.21372781065088758,0.9372080954852102,30,2
RandomForest,per_class,DC,0.22984651102798917,0.9247535028541775,30,2
RandomForest,per_class,DC,0.2468389997190222,0.9117799688635184,30,2
RandomForest,per_class,DC,0.26588271227855836,0.9034769071094966,30,2
RandomForest,per_class,DC,0.2858564085557951,0.8946549039958485,30,2
RandomForest,per_class,DC,0.303770197486535,0.8780487804878049,30,2
RandomForest,per_class,DC,0.3248978002725326,0.8661131292163985,30,2
RandomForest,per_class,DC,0.34375,0.8505448884276077,30,2
RandomForest,per_class,DC,0.3622598870056497,0.8318629994810587,30,2
RandomForest,per_class,DC,0.3823600678458929,0.8188894654903995,30,2
RandomForest,per_class,DC,0.40492404400209536,0.802283341982356,30,2
RandomForest,per_class,DC,0.4260504201680672,0.7893098079916969,30,2
RandomForest,per_class,DC,0.44648779017184204,0.7685521536066424,30,2
RandomForest,per_class,DC,0.4653022065877838,0.755059678256357,30,2
RandomForest,per_class,DC,0.4851687691783157,0.7384535547483134,30,2
RandomForest,per_class,DC,0.5041986126323476,0.7166580176440063,30,2
RandomForest,per_class,DC,0.5218579234972678,0.6938245978204463,30,2
RandomForest,per_class,DC,0.5414250207125103,0.6782563570316554,30,2
RandomForest,per_class,DC,0.5612019443216969,0.6590555267254801,30,2
RandomForest,per_class,DC,0.5806754221388368,0.6424494032174364,30,2
RandomForest,per_class,DC,0.5981122702434177,0.6248053969901401,30,2
RandomForest,per_class,DC,0.6173228346456693,0.610275038920602,30,2
RandomForest,per_class,DC,0.6360601001669449,0.593149974052932,30,2
RandomForest,per_class,DC,0.6522767593140154,0.5723923196678775,30,2
RandomForest,per_class,DC,0.6668757841907151,0.551634665282823,30,2
RandomForest,per_class,DC,0.6858085808580858,0.5391800726517904,30,2
RandomForest,per_class,DC,0.6980337078651685,0.5158277114686041,30,2
RandomForest,per_class,DC,0.7139673105497771,0.4987026466009341,30,2
RandomForest,per_class,DC,0.7292161520190024,0.4779449922158796,30,2
RandomForest,per_class,DC,0.7435254803675856,0.4618578100674624,30,2
RandomForest,per_class,DC,0.7575488454706927,0.442656979761287,30,2
RandomForest,per_class,DC,0.7705382436260623,0.42345614945511156,30,2
RandomForest,per_class,DC,0.7812187812187812,0.4058121432278153,30,2
RandomForest,per_class,DC,0.7955271565495208,0.38764919564089256,30,2
RandomForest,per_class,DC,0.8100113765642776,0.3694862480539699,30,2
RandomForest,per_class,DC,0.8291215403128761,0.35755059678256357,30,2
RandomForest,per_class,DC,0.8305519897304237,0.33575505967825636,30,2
RandomForest,per_class,DC,0.8383152173913043,0.3201868188894655,30,2
RandomForest,per_class,DC,0.8450502152080345,0.30565646081992737,30,2
RandomForest,per_class,DC,0.8486646884272997,0.2968344577062792,30,2
RandomForest,per_class,DC,0.8560371517027864,0.2869745718733783,30,2
RandomForest,per_class,DC,0.8580750407830342,0.27296315516346653,30,2
RandomForest,per_class,DC,0.8656195462478184,0.25739491437467565,30,2
RandomForest,per_class,DC,0.8664192949907236,0.24234561494551116,30,2
RandomForest,per_class,DC,0.874251497005988,0.22729631551634666,30,2
RandomForest,per_class,DC,0.8842105263157894,0.21795537104307214,30,2
RandomForest,per_class,DC,0.8899082568807339,0.20134924753502853,30,2
RandomForest,per_class,DC,0.8973105134474327,0.19045147898287493,30,2
RandomForest,per_class,DC,0.9033942558746736,0.17955371043072132,30,2
RandomForest,per_class,DC,0.9166666666666666,0.17125064867669954,30,2
RandomForest,per_class,DC,0.9203539823008849,0.16190970420342501,30,2
RandomForest,per_class,DC,0.9358974358974359,0.15153087701089776,30,2
RandomForest,per_class,DC,0.9344827586206896,0.14063310845874416,30,2
RandomForest,per_class,DC,0.9523809523809523,0.13492475350285418,30,2
RandomForest,per_class,DC,0.9536679536679536,0.12817851582771148,30,2
RandomForest,per_class,DC,0.9537815126050421,0.11779968863518422,30,2
RandomForest,per_class,DC,0.9592760180995475,0.11001556824078879,30,2
RandomForest,per_class,DC,0.9571428571428572,0.10430721328489881,30,2
RandomForest,per_class,DC,0.9646464646464646,0.09911779968863518,30,2
RandomForest,per_class,DC,0.9732620320855615,0.09444732745199792,30,2
RandomForest,per_class,DC,0.9763313609467456,0.08562532433834977,30,2
RandomForest,per_class,DC,0.9801324503311258,0.07680332122470161,30,2
RandomForest,per_class,DC,0.9856115107913669,0.07109496626881162,30,2
RandomForest,per_class,DC,0.984251968503937,0.06486766995329528,30,2
RandomForest,per_class,DC,0.9827586206896551,0.059159314997405295,30,2
RandomForest,per_class,DC,0.98,0.0508562532433835,30,2
RandomForest,per_class,DC,0.978494623655914,0.04722366372599896,30,2
RandomForest,per_class,DC,0.9764705882352941,0.043072132848988066,30,2
RandomForest,per_class,DC,0.9736842105263158,0.038401660612350806,30,2
RandomForest,per_class,DC,0.9705882352941176,0.034250129735339904,30,2
RandomForest,per_class,DC,0.967741935483871,0.031136481577581733,30,2
RandomForest,per_class,DC,0.9622641509433962,0.026466009340944473,30,2
RandomForest,per_class,DC,0.9791666666666666,0.024390243902439025,30,2
RandomForest,per_class,DC,0.9772727272727273,0.022314478463933574,30,2
RandomForest,per_class,DC,1.0,0.02075765438505449,30,2
RandomForest,per_class,DC,1.0,0.01868188894654904,30,2
RandomForest,per_class,DC,1.0,0.01608718214841723,30,2
RandomForest,per_class,DC,1.0,0.015049299429164505,30,2
RandomForest,per_class,DC,1.0,0.012454592631032694,30,2
RandomForest,per_class,DC,1.0,0.010378827192527244,30,2
RandomForest,per_class,DC,1.0,0.00934094447327452,30,2
RandomForest,per_class,DC,1.0,0.007784120394395433,30,2
RandomForest,per_class,DC,1.0,0.007265179034769071,30,2
RandomForest,per_class,DC,1.0,0.006746237675142709,30,2
RandomForest,per_class,DC,1.0,0.005189413596263622,30,2
RandomForest,per_class,DC,1.0,0.0041515308770108976,30,2
RandomForest,per_class,DC,1.0,0.0036325895173845357,30,2
RandomForest,per_class,DC,1.0,0.0031136481577581734,30,2
RandomForest,per_class,DC,1.0,0.002594706798131811,30,2
RandomForest,per_class,DC,1.0,0.0020757654385054488,30,2
RandomForest,per_class,DC,1.0,0.0015568240788790867,30,2
RandomForest,per_class,DC,1.0,0.0010378827192527244,30,2
RandomForest,per_class,DC,1.0,0.0005189413596263622,30,2
RandomForest,per_class,DC,1.0,0.0,30,2
RandomForest,per_class,Endothelial,0.06056494816670145,1.0,30,2
RandomForest,per_class,Endothelial,0.07101774423822149,1.0,30,2
RandomForest,per_class,Endothelial,0.08565511119877706,0.9977024698449167,30,2
RandomForest,per_class,Endothelial,0.1021336958449081,0.9925330269959793,30,2
RandomForest,per_class,Endothelial,0.12090077410274455,0.9867892016082711,30,2
RandomForest,per_class,Endothelial,0.14147591108172877,0.9833429063756461,30,2
RandomForest,per_class,Endothelial,0.16202339070077018,0.9787478460654796,30,2
RandomForest,per_class,Endothelial,0.18603885413236748,0.9735784032165422,30,2
RandomForest,per_class,Endothelial,0.21104585780332374,0.9701321079839172,30,2
RandomForest,per_class,Endothelial,0.23636107986501687,0.9655370476737507,30,2
RandomForest,per_class,Endothelial,0.26286880100439425,0.9620907524411257,30,2
RandomForest,per_class,Endothelial,0.2887886150642138,0.9557725445146468,30,2
RandomForest,per_class,Endothelial,0.3165522501906941,0.9534750143595635,30,2
RandomForest,per_class,Endothelial,0.34443288241415193,0.9506031016657094,30,2
RandomForest,per_class,Endothelial,0.3692927484333035,0.9477311889718553,30,2
RandomForest,per_class,Endothelial,0.3931644359464627,0.9448592762780011,30,2
RandomForest,per_class,Endothelial,0.41698449021103484,0.941987363584147,30,2
RandomForest,per_class,Endothelial,0.44237012987012986,0.9391154508902929,30,2
RandomForest,per_class,Endothelial,0.4619750283768445,0.9350947731188972,30,2
RandomForest,per_class,Endothelial,0.4821215733015495,0.929350947731189,30,2
RandomForest,per_class,Endothelial,0.4996898263027295,0.9253302699597932,30,2
RandomForest,per_class,Endothelial,0.5194174757281553,0.9218839747271683,30,2
RandomForest,per_class,Endothelial,0.5379194630872484,0.9207352096496266,30,2
RandomForest,per_class,Endothelial,0.5544005544005544,0.9190120620333142,30,2
RandomForest,per_class,Endothelial,0.5705082319255548,0.9155657668006892,30,2
RandomForest,per_class,Endothelial,0.5818981311835837,0.9121194715680643,30,2
RandomForest,per_class,Endothelial,0.5953453453453453,0.9109707064905227,30,2
RandomForest,per_class,Endothelial,0.6049904030710173,0.9052268811028145,30,2
RandomForest,per_class,Endothelial,0.6175659708546672,0.9006318207926479,30,2
RandomForest,per_class,Endothelial,0.6275612695861792,0.897185525560023,30,2
RandomForest,per_class,Endothelial,0.6374795417348609,0.8948879954049397,30,2
RandomForest,per_class,Endothelial,0.644879267277269,0.8897185525560023,30,2
RandomForest,per_class,Endothelial,0.652542372881356,0.8845491097070649,30,2
RandomForest,per_class,Endothelial,0.6624946050927925,0.8816771970132108,30,2
RandomForest,per_class,Endothelial,0.6726634488810882,0.8805284319356692,30,2
RandomForest,per_class,Endothelial,0.6811076373380973,0.8759333716255026,30,2
RandomForest,per_class,Endothelial,0.69,0.8719126938541069,30,2
RandomForest,per_class,Endothelial,0.6996285979572887,0.8655944859276278,30,2
RandomForest,per_class,Endothelial,0.7061589092618712,0.8627225732337737,30,2
RandomForest,per_class,Endothelial,0.7140133460438512,0.8604250430786904,30,2
RandomForest,per_class,Endothelial,0.7229206963249516,0.858701895462378,30,2
RandomForest,per_class,Endothelial,0.7311089303238469,0.8558299827685238,30,2
RandomForest,per_class,Endothelial,0.7374689826302729,0.8535324526134406,30,2
RandomForest,per_class,Endothelial,0.7432296890672017,0.8512349224583573,30,2
RandomForest,per_class,Endothelial,0.7492370295015259,0.8460654796094199,30,2
RandomForest,per_class,Endothelial,0.7563242127000517,0.8414704192992533,30,2
RandomForest,per_class,Endothelial,0.7613577023498694,0.8374497415278576,30,2
RandomForest,per_class,Endothelial,0.7670725251455797,0.8322802986789202,30,2
RandomForest,per_class,Endothelial,0.7730192719486081,0.829408385985066,30,2
RandomForest,per_class,Endothelial,0.7771181867242309,0.8271108558299828,30,2
RandomForest,per_class,Endothelial,0.7831062670299728,0.8253877082136704,30,2
RandomForest,per_class,Endothelial,0.7874449339207048,0.8213670304422745,30,2
RandomForest,per_class,Endothelial,0.7906458797327395,0.8156232050545663,30,2
RandomForest,per_class,Endothelial,0.79639029892837,0.8110281447443998,30,2
RandomForest,per_class,Endothelial,0.8022922636103151,0.80413555427915,30,2
RandomForest,per_class,Endothelial,0.8096906012842966,0.7966685812751292,30,2
RandomForest,per_class,Endothelial,0.8123893805309734,0.7909247558874211,30,2
RandomForest,per_class,Endothelial,0.8163387000596303,0.7863296955772544,30,2
RandomForest,per_class,Endothelial,0.8202179176755447,0.7782883400344629,30,2
RandomForest,per_class,Endothelial,0.8238182934315531,0.7708213670304422,30,2
RandomForest,per_class,Endothelial,0.8298004987531172,0.7645031591039633,30,2
RandomForest,per_class,Endothelial,0.8329129886506935,0.758759333716255,30,2
RandomForest,per_class,Endothelial,0.8386683738796414,0.752441125789776,30,2
RandomForest,per_class,Endothelial,0.8425145819831497,0.7466973004020678,30,2
RandomForest,per_class,Endothelial,0.8490441661173368,0.7398047099368179,30,2
RandomForest,per_class,Endothelial,0.8536096256684492,0.7334865020103389,30,2
RandomForest,per_class,Endothelial,0.8552989130434783,0.723147616312464,30,2
RandomForest,per_class,Endothelial,0.8581267217630854,0.7156806433084434,30,2
RandomForest,per_class,Endothelial,0.862937062937063,0.7087880528431936,30,2
RandomForest,per_class,Endothelial,0.8669497523000708,0.7036186099942562,30,2
RandomForest,per_class,Endothelial,0.8693467336683417,0.6955772544514647,30,2
RandomForest,per_class,Endothelial,0.8749090909090909,0.6909821941412981,30,2
RandomForest,per_class,Endothelial,0.8827893175074184,0.6835152211372775,30,2
RandomForest,per_class,Endothelial,0.884789156626506,0.6748994830557151,30,2
RandomForest,per_class,Endothelial,0.8916218293620292,0.6662837449741528,30,2
RandomForest,per_class,Endothelial,0.8946135831381733,0.6582423894313613,30,2
RandomForest,per_class,Endothelial,0.9011164274322169,0.6490522688110282,30,2
RandomForest,per_class,Endothelial,0.9062754686226568,0.6387133831131534,30,2
RandomForest,per_class,Endothelial,0.9082644628099174,0.6312464101091326,30,2
RandomForest,per_class,Endothelial,0.911986588432523,0.6249282021826537,30,2
RandomForest,per_class,Endothelial,0.9142614601018676,0.6186099942561746,30,2
RandomForest,per_class,Endothelial,0.9162348877374784,0.6094198736358415,30,2
RandomForest,per_class,Endothelial,0.9182058047493403,0.5996553704767376,30,2
RandomForest,per_class,Endothelial,0.918967052537845,0.5927627800114876,30,2
RandomForest,per_class,Endothelial,0.9220308250226654,0.5841470419299253,30,2
RandomForest,per_class,Endothelial,0.9245630174793008,0.5772544514646755,30,2
RandomForest,per_class,Endothelial,0.9277673545966229,0.5680643308443424,30,2
RandomForest,per_class,Endothelial,0.9319271332694151,0.5582998276852383,30,2
RandomForest,per_class,Endothelial,0.9348249027237354,0.5519816197587594,30,2
RandomForest,per_class,Endothelial,0.9368836291913215,0.5456634118322803,30,2
RandomForest,per_class,Endothelial,0.9387550200803213,0.5370476737507179,30,2
RandomForest,per_class,Endothelial,0.9434156378600823,0.5267087880528432,30,2
RandomForest,per_class,Endothelial,0.9444444444444444,0.5175186674325101,30,2
RandomForest,per_class,Endothelial,0.944739638682253,0.5106260769672601,30,2
RandomForest,per_class,Endothelial,0.9510869565217391,0.5025847214244687,30,2
RandomForest,per_class,Endothelial,0.9535911602209944,0.4956921309592188,30,2
RandomForest,per_class,Endothelial,0.9560315670800451,0.4870763928776565,30,2
RandomForest,per_class,Endothelial,0.9586681974741676,0.47960941987363587,30,2
RandomForest,per_class,Endothelial,0.9611307420494699,0.46869615163699024,30,2
RandomForest,per_class,Endothelial,0.9605734767025089,0.4618035611717404,30,2
RandomForest,per_class,Endothelial,0.9611178614823815,0.4543365881677197,30,2
RandomForest,per_class,Endothelial,0.9652605459057072,0.446869615163699,30,2
RandomForest,per_class,Endothelial,0.9657360406091371,0.43710511200459506,30,2
RandomForest,per_class,Endothelial,0.9699346405228758,0.42619184376794944,30,2
RandomForest,per_class,Endothelial,0.9717741935483871,0.4152785755313039,30,2
RandomForest,per_class,Endothelial,0.9711538461538461,0.40608845491097073,30,2
RandomForest,per_class,Endothelial,0.9732016925246827,0.39632395175186674,30,2
RandomForest,per_class,Endothelial,0.9755747126436781,0.3900057438253877,30,2
RandomForest,per_class,Endothelial,0.9780058651026393,0.38311315336013785,30,2
RandomForest,per_class,Endothelial,0.9777117384843982,0.37794371051120046,30,2
RandomForest,per_class,Endothelial,0.9802731411229135,0.3710511200459506,30,2
RandomForest,per_class,Endothelial,0.9828660436137072,0.3624353819643883,30,2
RandomForest,per_class,Endothelial,0.9841521394611727,0.35669155657668006,30,2
RandomForest,per_class,Endothelial,0.9837133550488599,0.3469270534175761,30,2
RandomForest,per_class,Endothelial,0.9832214765100671,0.33658816771970135,30,2
RandomForest,per_class,Endothelial,0.9829351535836177,0.3308443423319931,30,2
RandomForest,per_class,Endothelial,0.9825174825174825,0.3228029867892016,30,2
RandomForest,per_class,Endothelial,0.9838998211091234,0.31591039632395174,30,2
RandomForest,per_class,Endothelial,0.9835466179159049,0.3090178058587019,30,2
RandomForest,per_class,Endothelial,0.9849340866290018,0.30040206777713957,30,2
RandomForest,per_class,Endothelial,0.9846153846153847,0.29408385985066055,30,2
RandomForest,per_class,Endothelial,0.9861932938856016,0.2871912693854107,30,2
RandomForest,per_class,Endothelial,0.9879518072289156,0.28259620907524413,30,2
RandomForest,per_class,Endothelial,0.9876796714579056,0.27627800114876505,30,2
RandomForest,per_class,Endothelial,0.9872611464968153,0.2670878805284319,30,2
RandomForest,per_class,Endothelial,0.9869565217391304,0.2607696726019529,30,2
RandomForest,per_class,Endothelial,0.9866071428571429,0.25387708213670307,30,2
RandomForest,per_class,Endothelial,0.9861431870669746,0.24526134405514072,30,2
RandomForest,per_class,Endothelial,0.9879807692307693,0.23607122343480758,30,2
RandomForest,per_class,Endothelial,0.9876847290640394,0.23032739804709937,30,2
RandomForest,per_class,Endothelial,0.987146529562982,0.2205628948879954,30,2
RandomForest,per_class,Endothelial,0.9867021276595744,0.21309592188397472,30,2
RandomForest,per_class,Endothelial,0.9863760217983651,0.20792647903503733,30,2
RandomForest,per_class,Endothelial,0.9885386819484241,0.19816197587593337,30,2
RandomForest,per_class,Endothelial,0.9882005899705014,0.19241815048822516,30,2
RandomForest,per_class,Endothelial,0.9877300613496932,0.18495117748420448,30,2
RandomForest,per_class,Endothelial,0.9902912621359223,0.17576105686387133,30,2
RandomForest,per_class,Endothelial,0.9895833333333334,0.1636990235496841,30,2
RandomForest,per_class,Endothelial,0.9926739926739927,0.1556576680068926,30,2
RandomForest,per_class,Endothelial,0.9921875,0.14589316484778864,30,2
RandomForest,per_class,Endothelial,0.9917695473251029,0.13842619184376795,30,2
RandomForest,per_class,Endothelial,0.9913419913419913,0.1315336013785181,30,2
RandomForest,per_class,Endothelial,0.9954954954954955,0.12693854106835153,30,2
RandomForest,per_class,Endothelial,0.9951690821256038,0.1183228029867892,30,2
RandomForest,per_class,Endothelial,0.9948186528497409,0.1102814474439977,30,2
RandomForest,per_class,Endothelial,1.0,0.10281447443997703,30,2
RandomForest,per_class,Endothelial,1.0,0.09477311889718552,30,2
RandomForest,per_class,Endothelial,1.0,0.09075244112578977,30,2
RandomForest,per_class,Endothelial,1.0,0.08443423319931075,30,2
RandomForest,per_class,Endothelial,1.0,0.07869040781160253,30,2
RandomForest,per_class,Endothelial,1.0,0.07179781734635267,30,2
RandomForest,per_class,Endothelial,1.0,0.06318207926479034,30,2
RandomForest,per_class,Endothelial,1.0,0.0591614014933946,30,2
RandomForest,per_class,Endothelial,1.0,0.05571510626076967,30,2
RandomForest,per_class,Endothelial,1.0,0.05226881102814474,30,2
RandomForest,per_class,Endothelial,1.0,0.04595060310166571,30,2
RandomForest,per_class,Endothelial,1.0,0.043653072946582425,30,2
RandomForest,per_class,Endothelial,1.0,0.040206777713957496,30,2
RandomForest,per_class,Endothelial,1.0,0.03790924755887421,30,2
RandomForest,per_class,Endothelial,1.0,0.035611717403790925,30,2
RandomForest,per_class,Endothelial,1.0,0.02871912693854107,30,2
RandomForest,per_class,Endothelial,1.0,0.02527283170591614,30,2
RandomForest,per_class,Endothelial,1.0,0.02125215393452039,30,2
RandomForest,per_class,Endothelial,1.0,0.017805858701895463,30,2
RandomForest,per_class,Endothelial,1.0,0.014933946008041356,30,2
RandomForest,per_class,Endothelial,1.0,0.010913268236645606,30,2
RandomForest,per_class,Endothelial,1.0,0.0080413555427915,30,2
RandomForest,per_class,Endothelial,1.0,0.005169442848937392,30,2
RandomForest,per_class,Endothelial,1.0,0.00402067777139575,30,2
RandomForest,per_class,Endothelial,1.0,0.0034462952326249283,30,2
RandomForest,per_class,Endothelial,1.0,0.002871912693854107,30,2
RandomForest,per_class,Endothelial,1.0,0.0017231476163124641,30,2
RandomForest,per_class,Endothelial,1.0,0.0011487650775416428,30,2
RandomForest,per_class,Endothelial,1.0,0.0005743825387708214,30,2
RandomForest,per_class,Endothelial,1.0,0.0,30,2
RandomForest,per_class,Epithelial,0.015654351909830933,1.0,30,2
RandomForest,per_class,Epithelial,0.017498152972741765,1.0,30,2
RandomForest,per_class,Epithelial,0.020142339196992078,1.0,30,2
RandomForest,per_class,Epithelial,0.02358614183133288,1.0,30,2
RandomForest,per_class,Epithelial,0.027832756061355764,1.0,30,2
RandomForest,per_class,Epithelial,0.03339022037545448,1.0,30,2
RandomForest,per_class,Epithelial,0.04043126684636118,1.0,30,2
RandomForest,per_class,Epithelial,0.04911591355599214,1.0,30,2
RandomForest,per_class,Epithelial,0.0605245460659045,1.0,30,2
RandomForest,per_class,Epithelial,0.07434330084255741,1.0,30,2
RandomForest,per_class,Epithelial,0.09161237785016287,1.0,30,2
RandomForest,per_class,Epithelial,0.11045510455104551,0.9977777777777778,30,2
RandomForest,per_class,Epithelial,0.13315539739027282,0.9977777777777778,30,2
RandomForest,per_class,Epithelial,0.15693813351974834,0.9977777777777778,30,2
RandomForest,per_class,Epithelial,0.17980691874497184,0.9933333333333333,30,2
RandomForest,per_class,Epithelial,0.20599078341013824,0.9933333333333333,30,2
RandomForest,per_class,Epithelial,0.22530241935483872,0.9933333333333333,30,2
RandomForest,per_class,Epithelial,0.24333151878062056,0.9933333333333333,30,2
RandomForest,per_class,Epithelial,0.2600349040139616,0.9933333333333333,30,2
RandomForest,per_class,Epithelial,0.27239488117001825,0.9933333333333333,30,2
RandomForest,per_class,Epithelial,0.27909887359199,0.9911111111111112,30,2
RandomForest,per_class,Epithelial,0.28737113402061853,0.9911111111111112,30,2
RandomForest,per_class,Epithelial,0.29372937293729373,0.9888888888888889,30,2
RandomForest,per_class,Epithelial,0.2996632996632997,0.9888888888888889,30,2
RandomForest,per_class,Epithelial,0.3050034270047978,0.9888888888888889,30,2
RandomForest,per_class,Epithelial,0.30859916782246877,0.9888888888888889,30,2
RandomForest,per_class,Epithelial,0.3107067879636109,0.9866666666666667,30,2
RandomForest,per_class,Epithelial,0.31444759206798867,0.9866666666666667,30,2
RandomForest,per_class,Epithelial,0.31896551724137934,0.9866666666666667,30,2
RandomForest,per_class,Epithelial,0.32197244379985496,0.9866666666666667,30,2
RandomForest,per_class,Epithelial,0.3247800586510264,0.9844444444444445,30,2
RandomForest,per_class,Epithelial,0.32742054693274203,0.9844444444444445,30,2
RandomForest,per_class,Epithelial,0.3301043219076006,0.9844444444444445,30,2
RandomForest,per_class,Epithelial,0.33233308327081773,0.9844444444444445,30,2
RandomForest,per_class,Epithelial,0.3350983358547655,0.9844444444444445,30,2
RandomForest,per_class,Epithelial,0.3389441469013007,0.9844444444444445,30,2
RandomForest,per_class,Epithelial,0.34129429892141755,0.9844444444444445,30,2
RandomForest,per_class,Epithelial,0.34447900466562986,0.9844444444444445,30,2
RandomForest,per_class,Epithelial,0.34663536776212833,0.9844444444444445,30,2
RandomForest,per_class,Epithelial,0.3488188976377953,0.9844444444444445,30,2
RandomForest,per_class,Epithelial,0.35130848532910386,0.9844444444444445,30,2
RandomForest,per_class,Epithelial,0.3546837469975981,0.9844444444444445,30,2
RandomForest,per_class,Epithelial,0.3578352180936995,0.9844444444444445,30,2
RandomForest,per_class,Epithelial,0.36081632653061224,0.9822222222222222,30,2
RandomForest,per_class,Epithelial,0.36378600823045265,0.9822222222222222,30,2
RandomForest,per_class,Epithelial,0.366804979253112,0.9822222222222222,30,2
RandomForest,per_class,Epithelial,0.3698744769874477,0.9822222222222222,30,2
RandomForest,per_class,Epithelial,0.37329931972789115,0.9755555555555555,30,2
RandomForest,per_class,Epithelial,0.3794295592048401,0.9755555555555555,30,2
RandomForest,per_class,Epithelial,0.38286713286713286,0.9733333333333334,30,2
RandomForest,per_class,Epithelial,0.38658428949691087,0.9733333333333334,30,2
RandomForest,per_class,Epithelial,0.39072256913470116,0.9733333333333334,30,2
RandomForest,per_class,Epithelial,0.3944043321299639,0.9711111111111111,30,2
RandomForest,per_class,Epithelial,0.39908675799086757,0.9711111111111111,30,2
RandomForest,per_class,Epithelial,0.4022140221402214,0.9688888888888889,30,2
RandomForest,per_class,Epithelial,0.40733772342427094,0.9622222222222222,30,2
RandomForest,per_class,Epithelial,0.4098671726755218,0.96,30,2
RandomForest,per_class,Epithelial,0.4128352490421456,0.9577777777777777,30,2
RandomForest,per_class,Epithelial,0.4180407371483996,0.9577777777777777,30,2
RandomForest,per_class,Epithelial,0.42266009852216746,0.9533333333333334,30,2
RandomForest,per_class,Epithelial,0.4272818455366098,0.9466666666666667,30,2
RandomForest,per_class,Epithelial,0.43147208121827413,0.9444444444444444,30,2
RandomForest,per_class,Epithelial,0.43937823834196893,0.9422222222222222,30,2
RandomForest,per_class,Epithelial,0.4458464773922187,0.9422222222222222,30,2
RandomForest,per_class,Epithelial,0.4533762057877814,0.94,30,2
RandomForest,per_class,Epithelial,0.4548422198041349,0.9288888888888889,30,2
RandomForest,per_class,Epithelial,0.46051167964404893,0.92,30,2
RandomForest,per_class,Epithelial,0.4651685393258427,0.92,30,2
RandomForest,per_class,Epithelial,0.4702517162471396,0.9133333333333333,30,2
RandomForest,per_class,Epithelial,0.47398843930635837,0.9111111111111111,30,2
RandomForest,per_class,Epithelial,0.4783625730994152,0.9088888888888889,30,2
RandomForest,per_class,Epithelial,0.4834123222748815,0.9066666666666666,30,2
RandomForest,per_class,Epithelial,0.48677884615384615,0.9,30,2
RandomForest,per_class,Epithelial,0.49326805385556916,0.8955555555555555,30,2
RandomForest,per_class,Epithelial,0.4993788819875776,0.8933333333333333,30,2
RandomForest,per_class,Epithelial,0.5050505050505051,0.8888888888888888,30,2
RandomForest,per_class,Epithelial,0.5102564102564102,0.8844444444444445,30,2
RandomForest,per_class,Epithelial,0.5149156939040207,0.8822222222222222,30,2
RandomForest,per_class,Epithelial,0.5245033112582781,0.88,30,2
RandomForest,per_class,Epithelial,0.5284552845528455,0.8666666666666667,30,2
RandomForest,per_class,Epithelial,0.5373961218836565,0.8622222222222222,30,2
RandomForest,per_class,Epithelial,0.5460992907801419,0.8555555555555555,30,2
RandomForest,per_class,Epithelial,0.5557163531114327,0.8533333333333334,30,2
RandomForest,per_class,Epithelial,0.552437223042836,0.8311111111111111,30,2
RandomForest,per_class,Epithelial,0.5577211394302849,0.8266666666666667,30,2
RandomForest,per_class,Epithelial,0.5609756097560976,0.8177777777777778,30,2
RandomForest,per_class,Epithelial,0.567398119122257,0.8044444444444444,30,2
RandomForest,per_class,Epithelial,0.5746388443017657,0.7955555555555556,30,2
RandomForest,per_class,Epithelial,0.5805921052631579,0.7844444444444445,30,2
RandomForest,per_class,Epithelial,0.5882352941176471,0.7777777777777778,30,2
RandomForest,per_class,Epithelial,0.5924006908462867,0.7622222222222222,30,2
RandomForest,per_class,Epithelial,0.608540925266904,0.76,30,2
RandomForest,per_class,Epithelial,0.6138433515482696,0.7488888888888889,30,2
RandomForest,per_class,Epithelial,0.6273408239700374,0.7444444444444445,30,2
RandomForest,per_class,Epithelial,0.6421663442940039,0.7377777777777778,30,2
RandomForest,per_class,Epithelial,0.6491935483870968,0.7155555555555555,30,2
RandomForest,per_class,Epithelial,0.6583850931677019,0.7066666666666667,30,2
RandomForest,per_class,Epithelial,0.6730769230769231,0.7,30,2
RandomForest,per_class,Epithelial,0.6813186813186813,0.6888888888888889,30,2
RandomForest,per_class,Epithelial,0.6963470319634704,0.6777777777777778,30,2
RandomForest,per_class,Epithelial,0.703962703962704,0.6711111111111111,30,2
RandomForest,per_class,Epithelial,0.7095238095238096,0.6622222222222223,30,2
RandomForest,per_class,Epithelial,0.7213930348258707,0.6444444444444445,30,2
RandomForest,per_class,Epithelial,0.7300771208226221,0.6311111111111111,30,2
RandomForest,per_class,Epithelial,0.7322834645669292,0.62,30,2
RandomForest,per_class,Epithelial,0.7452574525745257,0.6111111111111112,30,2
RandomForest,per_class,Epithelial,0.7577464788732394,0.5977777777777777,30,2
RandomForest,per_class,Epithelial,0.7621776504297995,0.5911111111111111,30,2
RandomForest,per_class,Epithelial,0.7638483965014577,0.5822222222222222,30,2
RandomForest,per_class,Epithelial,0.7620481927710844,0.5622222222222222,30,2
RandomForest,per_class,Epithelial,0.765079365079365,0.5355555555555556,30,2
RandomForest,per_class,Epithelial,0.761437908496732,0.5177777777777778,30,2
RandomForest,per_class,Epithelial,0.7684563758389261,0.5088888888888888,30,2
RandomForest,per_class,Epithelial,0.7681660899653979,0.49333333333333335,30,2
RandomForest,per_class,Epithelial,0.7777777777777778,0.4822222222222222,30,2
RandomForest,per_class,Epithelial,0.7925925925925926,0.47555555555555556,30,2
RandomForest,per_class,Epithelial,0.7931034482758621,0.46,30,2
RandomForest,per_class,Epithelial,0.8032128514056225,0.4444444444444444,30,2
RandomForest,per_class,Epithelial,0.8083333333333333,0.4311111111111111,30,2
RandomForest,per_class,Epithelial,0.8177777777777778,0.4088888888888889,30,2
RandomForest,per_class,Epithelial,0.817351598173516,0.3977777777777778,30,2
RandomForest,per_class,Epithelial,0.8229665071770335,0.38222222222222224,30,2
RandomForest,per_class,Epithelial,0.8258706467661692,0.3688888888888889,30,2
RandomForest,per_class,Epithelial,0.8247422680412371,0.35555555555555557,30,2
RandomForest,per_class,Epithelial,0.8351648351648352,0.3377777777777778,30,2
RandomForest,per_class,Epithelial,0.8370786516853933,0.33111111111111113,30,2
RandomForest,per_class,Epithelial,0.834319526627219,0.31333333333333335,30,2
RandomForest,per_class,Epithelial,0.8404907975460123,0.30444444444444446,30,2
RandomForest,per_class,Epithelial,0.8445945945945946,0.2777777777777778,30,2
RandomForest,per_class,Epithelial,0.8439716312056738,0.2644444444444444,30,2
RandomForest,per_class,Epithelial,0.8484848484848485,0.24888888888888888,30,2
RandomForest,per_class,Epithelial,0.84251968503937,0.23777777777777778,30,2
RandomForest,per_class,Epithelial,0.8536585365853658,0.23333333333333334,30,2
RandomForest,per_class,Epithelial,0.864406779661017,0.22666666666666666,30,2
RandomForest,per_class,Epithelial,0.8571428571428571,0.21333333333333335,30,2
RandomForest,per_class,Epithelial,0.8543689320388349,0.19555555555555557,30,2
RandomForest,per_class,Epithelial,0.845360824742268,0.18222222222222223,30,2
RandomForest,per_class,Epithelial,0.8421052631578947,0.17777777777777778,30,2
RandomForest,per_class,Epithelial,0.8505747126436781,0.16444444444444445,30,2
RandomForest,per_class,Epithelial,0.8536585365853658,0.15555555555555556,30,2
RandomForest,per_class,Epithelial,0.8421052631578947,0.14222222222222222,30,2
RandomForest,per_class,Epithelial,0.835820895522388,0.12444444444444444,30,2
RandomForest,per_class,Epithelial,0.8387096774193549,0.11555555555555555,30,2
RandomForest,per_class,Epithelial,0.8333333333333334,0.1111111111111111,30,2
RandomForest,per_class,Epithelial,0.8571428571428571,0.10666666666666667,30,2
RandomForest,per_class,Epithelial,0.8461538461538461,0.09777777777777778,30,2
RandomForest,per_class,Epithelial,0.8367346938775511,0.09111111111111111,30,2
RandomForest,per_class,Epithelial,0.9111111111111111,0.09111111111111111,30,2
RandomForest,per_class,Epithelial,0.9210526315789473,0.07777777777777778,30,2
RandomForest,per_class,Epithelial,0.9393939393939394,0.06888888888888889,30,2
RandomForest,per_class,Epithelial,0.9333333333333333,0.06222222222222222,30,2
RandomForest,per_class,Epithelial,0.9615384615384616,0.05555555555555555,30,2
RandomForest,per_class,Epithelial,0.9565217391304348,0.04888888888888889,30,2
RandomForest,per_class,Epithelial,0.9523809523809523,0.044444444444444446,30,2
RandomForest,per_class,Epithelial,1.0,0.04,30,2
RandomForest,per_class,Epithelial,1.0,0.035555555555555556,30,2
RandomForest,per_class,Epithelial,1.0,0.03111111111111111,30,2
RandomForest,per_class,Epithelial,1.0,0.02666666666666667,30,2
RandomForest,per_class,Epithelial,1.0,0.022222222222222223,30,2
RandomForest,per_class,Epithelial,1.0,0.02,30,2
RandomForest,per_class,Epithelial,1.0,0.017777777777777778,30,2
RandomForest,per_class,Epithelial,1.0,0.013333333333333334,30,2
RandomForest,per_class,Epithelial,1.0,0.011111111111111112,30,2
RandomForest,per_class,Epithelial,1.0,0.006666666666666667,30,2
RandomForest,per_class,Epithelial,1.0,0.0044444444444444444,30,2
RandomForest,per_class,Epithelial,1.0,0.0022222222222222222,30,2
RandomForest,per_class,Epithelial,1.0,0.0,30,2
RandomForest,per_class,Lymphatic,0.02622973631113894,1.0,30,2
RandomForest,per_class,Lymphatic,0.027705309571927246,1.0,30,2
RandomForest,per_class,Lymphatic,0.03044496487119438,1.0,30,2
RandomForest,per_class,Lymphatic,0.03468261269549218,1.0,30,2
RandomForest,per_class,Lymphatic,0.040025514272045926,0.9986737400530504,30,2
RandomForest,per_class,Lymphatic,0.04697735354669661,0.9986737400530504,30,2
RandomForest,per_class,Lymphatic,0.05617306975009325,0.9986737400530504,30,2
RandomForest,per_class,Lymphatic,0.06640659632946183,0.993368700265252,30,2
RandomForest,per_class,Lymphatic,0.07874762808349146,0.9907161803713528,30,2
RandomForest,per_class,Lymphatic,0.09441404758875174,0.9840848806366048,30,2
RandomForest,per_class,Lymphatic,0.11318160989766306,0.9827586206896551,30,2
RandomForest,per_class,Lymphatic,0.13434196135617937,0.9774535809018567,30,2
RandomForest,per_class,Lymphatic,0.16136114160263446,0.9748010610079576,30,2
RandomForest,per_class,Lymphatic,0.1926003673576489,0.9734748010610079,30,2
RandomForest,per_class,Lymphatic,0.22543886664613488,0.9708222811671088,30,2
RandomForest,per_class,Lymphatic,0.26017130620985013,0.96684350132626,30,2
RandomForest,per_class,Lymphatic,0.29917695473251027,0.9641909814323607,30,2
RandomForest,per_class,Lymphatic,0.3389277389277389,0.9641909814323607,30,2
RandomForest,per_class,Lymphatic,0.37802313354363826,0.9535809018567639,30,2
RandomForest,per_class,Lymphatic,0.41363373772385903,0.9496021220159151,30,2
RandomForest,per_class,Lymphatic,0.4536802030456853,0.9482758620689655,30,2
RandomForest,per_class,Lymphatic,0.4830393487109905,0.9442970822281167,30,2
RandomForest,per_class,Lymphatic,0.5078459343794579,0.9442970822281167,30,2
RandomForest,per_class,Lymphatic,0.5339366515837104,0.9389920424403183,30,2
RandomForest,per_class,Lymphatic,0.555205047318612,0.9336870026525199,30,2
RandomForest,per_class,Lymphatic,0.5794701986754967,0.9283819628647215,30,2
RandomForest,per_class,Lymphatic,0.5885328836424958,0.9257294429708223,30,2
RandomForest,per_class,Lymphatic,0.6024200518582541,0.9244031830238727,30,2
RandomForest,per_class,Lymphatic,0.6192170818505338,0.9230769230769231,30,2
RandomForest,per_class,Lymphatic,0.6344576116681859,0.9230769230769231,30,2
RandomForest,per_class,Lymphatic,0.6474418604651163,0.9230769230769231,30,2
RandomForest,per_class,Lymphatic,0.6622137404580153,0.9204244031830239,30,2
RandomForest,per_class,Lymphatic,0.6685990338164252,0.9177718832891246,30,2
RandomForest,per_class,Lymphatic,0.6784660766961652,0.9151193633952255,30,2
RandomForest,per_class,Lymphatic,0.6865671641791045,0.9151193633952255,30,2
RandomForest,per_class,Lymphatic,0.6926188068756319,0.9084880636604774,30,2
RandomForest,per_class,Lymphatic,0.698559670781893,0.9005305039787799,30,2
RandomForest,per_class,Lymphatic,0.7115789473684211,0.896551724137931,30,2
RandomForest,per_class,Lymphatic,0.721627408993576,0.8938992042440318,30,2
RandomForest,per_class,Lymphatic,0.7271739130434782,0.8872679045092838,30,2
RandomForest,per_class,Lymphatic,0.7308533916849015,0.8859416445623343,30,2
RandomForest,per_class,Lymphatic,0.7364341085271318,0.8819628647214854,30,2
RandomForest,per_class,Lymphatic,0.7401574803149606,0.8726790450928382,30,2
RandomForest,per_class,Lymphatic,0.7440273037542662,0.8673740053050398,30,2
RandomForest,per_class,Lymphatic,0.7546296296296297,0.8647214854111406,30,2
RandomForest,per_class,Lymphatic,0.7602339181286549,0.8620689655172413,30,2
RandomForest,per_class,Lymphatic,0.7695961995249406,0.8594164456233422,30,2
RandomForest,per_class,Lymphatic,0.7764423076923077,0.8567639257294429,30,2
RandomForest,per_class,Lymphatic,0.7837181044957473,0.8554376657824934,30,2
RandomForest,per_class,Lymphatic,0.7889570552147239,0.8527851458885941,30,2
RandomForest,per_class,Lymphatic,0.7945544554455446,0.8514588859416445,30,2
RandomForest,per_class,Lymphatic,0.807061790668348,0.8488063660477454,30,2
RandomForest,per_class,Lymphatic,0.8173690932311622,0.8488063660477454,30,2
RandomForest,per_class,Lymphatic,0.8236057068741893,0.8421750663129973,30,2
RandomForest,per_class,Lymphatic,0.8304862023653088,0.8381962864721485,30,2
RandomForest,per_class,Lymphatic,0.8370860927152318,0.8381962864721485,30,2
RandomForest,per_class,Lymphatic,0.8386666666666667,0.8342175066312998,30,2
RandomForest,per_class,Lymphatic,0.8418918918918918,0.8262599469496021,30,2
RandomForest,per_class,Lymphatic,0.8506224066390041,0.8156498673740054,30,2
RandomForest,per_class,Lymphatic,0.8569424964936886,0.8103448275862069,30,2
RandomForest,per_class,Lymphatic,0.8626609442060086,0.7997347480106101,30,2
RandomForest,per_class,Lymphatic,0.8641618497109826,0.7931034482758621,30,2
RandomForest,per_class,Lymphatic,0.8648255813953488,0.7891246684350133,30,2
RandomForest,per_class,Lymphatic,0.8731563421828908,0.7851458885941645,30,2
RandomForest,per_class,Lymphatic,0.8827067669172932,0.7785145888594165,30,2
RandomForest,per_class,Lymphatic,0.891271056661562,0.7718832891246684,30,2
RandomForest,per_class,Lymphatic,0.8944099378881988,0.7639257294429708,30,2
RandomForest,per_class,Lymphatic,0.8979591836734694,0.7586206896551724,30,2
RandomForest,per_class,Lymphatic,0.8998410174880763,0.7506631299734748,30,2
RandomForest,per_class,Lymphatic,0.9020866773675762,0.7453580901856764,30,2
RandomForest,per_class,Lymphatic,0.9050736497545008,0.73342175066313,30,2
RandomForest,per_class,Lymphatic,0.912106135986733,0.7294429708222812,30,2
RandomForest,per_class,Lymphatic,0.9177852348993288,0.7254641909814323,30,2
RandomForest,per_class,Lymphatic,0.9168081494057725,0.7161803713527851,30,2
RandomForest,per_class,Lymphatic,0.921602787456446,0.7015915119363395,30,2
RandomForest,per_class,Lymphatic,0.9242957746478874,0.6962864721485411,30,2
RandomForest,per_class,Lymphatic,0.9266547406082289,0.6870026525198939,30,2
RandomForest,per_class,Lymphatic,0.9344262295081968,0.6803713527851459,30,2
RandomForest,per_class,Lymphatic,0.9353049907578558,0.6710875331564987,30,2
RandomForest,per_class,Lymphatic,0.935969868173258,0.6591511936339522,30,2
RandomForest,per_class,Lymphatic,0.9367816091954023,0.6485411140583555,30,2
RandomForest,per_class,Lymphatic,0.9375,0.636604774535809,30,2
RandomForest,per_class,Lymphatic,0.9387351778656127,0.629973474801061,30,2
RandomForest,per_class,Lymphatic,0.9418837675350702,0.623342175066313,30,2
RandomForest,per_class,Lymphatic,0.9428571428571428,0.6127320954907162,30,2
RandomForest,per_class,Lymphatic,0.9494736842105264,0.5981432360742706,30,2
RandomForest,per_class,Lymphatic,0.9553191489361702,0.5954907161803713,30,2
RandomForest,per_class,Lymphatic,0.9568965517241379,0.5888594164456233,30,2
RandomForest,per_class,Lymphatic,0.9606986899563319,0.583554376657825,30,2
RandomForest,per_class,Lymphatic,0.9641255605381166,0.5702917771883289,30,2
RandomForest,per_class,Lymphatic,0.9634703196347032,0.5596816976127321,30,2
RandomForest,per_class,Lymphatic,0.9675925925925926,0.5543766578249337,30,2
RandomForest,per_class,Lymphatic,0.9714964370546318,0.5424403183023873,30,2
RandomForest,per_class,Lymphatic,0.9710144927536232,0.53315649867374,30,2
RandomForest,per_class,Lymphatic,0.9730392156862745,0.5265251989389921,30,2
RandomForest,per_class,Lymphatic,0.9748110831234257,0.513262599469496,30,2
RandomForest,per_class,Lymphatic,0.974293059125964,0.5026525198938993,30,2
RandomForest,per_class,Lymphatic,0.9763779527559056,0.493368700265252,30,2
RandomForest,per_class,Lymphatic,0.981081081081081,0.48143236074270557,30,2
RandomForest,per_class,Lymphatic,0.9807692307692307,0.473474801061008,30,2
RandomForest,per_class,Lymphatic,0.980225988700565,0.46021220159151194,30,2
RandomForest,per_class,Lymphatic,0.9826589595375722,0.4509283819628647,30,2
RandomForest,per_class,Lymphatic,0.9823529411764705,0.44297082228116713,30,2
RandomForest,per_class,Lymphatic,0.9848024316109423,0.4297082228116711,30,2
RandomForest,per_class,Lymphatic,0.9844236760124611,0.41909814323607425,30,2
RandomForest,per_class,Lymphatic,0.987012987012987,0.40318302387267907,30,2
RandomForest,per_class,Lymphatic,0.9867549668874173,0.3952254641909814,30,2
RandomForest,per_class,Lymphatic,0.9864864864864865,0.38726790450928383,30,2
RandomForest,per_class,Lymphatic,0.9862542955326461,0.3806366047745358,30,2
RandomForest,per_class,Lymphatic,0.9893238434163701,0.3687002652519894,30,2
RandomForest,per_class,Lymphatic,0.988929889298893,0.35543766578249336,30,2
RandomForest,per_class,Lymphatic,0.9886792452830189,0.34748010610079577,30,2
RandomForest,per_class,Lymphatic,0.9883720930232558,0.33819628647214856,30,2
RandomForest,per_class,Lymphatic,0.988,0.3275862068965517,30,2
RandomForest,per_class,Lymphatic,0.9877049180327869,0.3196286472148541,30,2
RandomForest,per_class,Lymphatic,0.9871794871794872,0.3063660477453581,30,2
RandomForest,per_class,Lymphatic,0.9870689655172413,0.3037135278514589,30,2
RandomForest,per_class,Lymphatic,0.9861751152073732,0.2838196286472148,30,2
RandomForest,per_class,Lymphatic,0.9855769230769231,0.2718832891246684,30,2
RandomForest,per_class,Lymphatic,0.9851485148514851,0.2639257294429708,30,2
RandomForest,per_class,Lymphatic,0.9846153846153847,0.2546419098143236,30,2
RandomForest,per_class,Lymphatic,0.9842931937172775,0.2493368700265252,30,2
RandomForest,per_class,Lymphatic,0.9833333333333333,0.23474801061007958,30,2
RandomForest,per_class,Lymphatic,0.9826589595375722,0.22546419098143236,30,2
RandomForest,per_class,Lymphatic,0.9819277108433735,0.21618037135278514,30,2
RandomForest,per_class,Lymphatic,0.9815950920245399,0.21220159151193635,30,2
RandomForest,per_class,Lymphatic,0.9871794871794872,0.20424403183023873,30,2
RandomForest,per_class,Lymphatic,0.9865771812080537,0.19496021220159152,30,2
RandomForest,per_class,Lymphatic,0.9928057553956835,0.1830238726790451,30,2
RandomForest,per_class,Lymphatic,0.9922480620155039,0.16976127320954906,30,2
RandomForest,per_class,Lymphatic,0.9915966386554622,0.15649867374005305,30,2
RandomForest,per_class,Lymphatic,0.9912280701754386,0.14986737400530503,30,2
RandomForest,per_class,Lymphatic,0.990990990990991,0.14588859416445624,30,2
RandomForest,per_class,Lymphatic,0.9903846153846154,0.13660477453580902,30,2
RandomForest,per_class,Lymphatic,0.98989898989899,0.129973474801061,30,2
RandomForest,per_class,Lymphatic,0.989247311827957,0.1220159151193634,30,2
RandomForest,per_class,Lymphatic,1.0,0.10875331564986737,30,2
RandomForest,per_class,Lymphatic,1.0,0.09814323607427056,30,2
RandomForest,per_class,Lymphatic,1.0,0.09151193633952255,30,2
RandomForest,per_class,Lymphatic,1.0,0.08753315649867374,30,2
RandomForest,per_class,Lymphatic,1.0,0.08090185676392574,30,2
RandomForest,per_class,Lymphatic,1.0,0.07427055702917772,30,2
RandomForest,per_class,Lymphatic,1.0,0.07161803713527852,30,2
RandomForest,per_class,Lymphatic,1.0,0.06896551724137931,30,2
RandomForest,per_class,Lymphatic,1.0,0.0649867374005305,30,2
RandomForest,per_class,Lymphatic,1.0,0.058355437665782495,30,2
RandomForest,per_class,Lymphatic,1.0,0.05172413793103448,30,2
RandomForest,per_class,Lymphatic,1.0,0.04509283819628647,30,2
RandomForest,per_class,Lymphatic,1.0,0.03978779840848806,30,2
RandomForest,per_class,Lymphatic,1.0,0.03580901856763926,30,2
RandomForest,per_class,Lymphatic,1.0,0.034482758620689655,30,2
RandomForest,per_class,Lymphatic,1.0,0.03050397877984085,30,2
RandomForest,per_class,Lymphatic,1.0,0.025198938992042442,30,2
RandomForest,per_class,Lymphatic,1.0,0.01989389920424403,30,2
RandomForest,per_class,Lymphatic,1.0,0.013262599469496022,30,2
RandomForest,per_class,Lymphatic,1.0,0.010610079575596816,30,2
RandomForest,per_class,Lymphatic,1.0,0.006631299734748011,30,2
RandomForest,per_class,Lymphatic,1.0,0.003978779840848806,30,2
RandomForest,per_class,Lymphatic,1.0,0.002652519893899204,30,2
RandomForest,per_class,Lymphatic,1.0,0.001326259946949602,30,2
RandomForest,per_class,Lymphatic,1.0,0.0,30,2
RandomForest,per_class,M1,0.021568218186878173,1.0,30,2
RandomForest,per_class,M1,0.022424768518518517,1.0,30,2
RandomForest,per_class,M1,0.0238553289726818,1.0,30,2
RandomForest,per_class,M1,0.025742163172098816,1.0,30,2
RandomForest,per_class,M1,0.02800740841125717,1.0,30,2
RandomForest,per_class,M1,0.030706750532415433,1.0,30,2
RandomForest,per_class,M1,0.03391499370931568,1.0,30,2
RandomForest,per_class,M1,0.03761679407838855,1.0,30,2
RandomForest,per_class,M1,0.04187774400540358,1.0,30,2
RandomForest,per_class,M1,0.0467783310698657,1.0,30,2
RandomForest,per_class,M1,0.05230302007761093,1.0,30,2
RandomForest,per_class,M1,0.058446455505279035,1.0,30,2
RandomForest,per_class,M1,0.06473612422620921,0.9951612903225806,30,2
RandomForest,per_class,M1,0.07166996853513577,0.9919354838709677,30,2
RandomForest,per_class,M1,0.07897106109324759,0.9903225806451613,30,2
RandomForest,per_class,M1,0.08752860411899313,0.9870967741935484,30,2
RandomForest,per_class,M1,0.09663666508763619,0.9870967741935484,30,2
RandomForest,per_class,M1,0.10618700034758428,0.9854838709677419,30,2
RandomForest,per_class,M1,0.1163677985501717,0.9838709677419355,30,2
RandomForest,per_class,M1,0.12676935886761032,0.9822580645161291,30,2
RandomForest,per_class,M1,0.13627164380481224,0.9774193548387097,30,2
RandomForest,per_class,M1,0.14745308310991956,0.9758064516129032,30,2
RandomForest,per_class,M1,0.15676096548144303,0.9741935483870968,30,2
RandomForest,per_class,M1,0.16497392259127094,0.9693548387096774,30,2
RandomForest,per_class,M1,0.17476580796252927,0.9629032258064516,30,2
RandomForest,per_class,M1,0.18350898946063235,0.9548387096774194,30,2
RandomForest,per_class,M1,0.19108072916666666,0.9467741935483871,30,2
RandomForest,per_class,M1,0.20061834421161112,0.9419354838709677,30,2
RandomForest,per_class,M1,0.2102026049204052,0.9370967741935484,30,2
RandomForest,per_class,M1,0.21948445792266869,0.9338709677419355,30,2
RandomForest,per_class,M1,0.22776226565616275,0.9209677419354839,30,2
RandomForest,per_class,M1,0.2369628702544848,0.9161290322580645,30,2
RandomForest,per_class,M1,0.24562937062937062,0.9064516129032258,30,2
RandomForest,per_class,M1,0.25284220100045474,0.896774193548387,30,2
RandomForest,per_class,M1,0.263433190679981,0.8935483870967742,30,2
RandomForest,per_class,M1,0.27089478859390365,0.8887096774193548,30,2
RandomForest,per_class,M1,0.2793068297655454,0.8838709677419355,30,2
RandomForest,per_class,M1,0.2871603622802344,0.8693548387096774,30,2
RandomForest,per_class,M1,0.2969187675070028,0.8548387096774194,30,2
RandomForest,per_class,M1,0.3072855464159812,0.8435483870967742,30,2
RandomForest,per_class,M1,0.31414574402939377,0.8274193548387097,30,2
RandomForest,per_class,M1,0.3223350253807107,0.8193548387096774,30,2
RandomForest,per_class,M1,0.32938856015779094,0.8080645161290323,30,2
RandomForest,per_class,M1,0.336518771331058,0.7951612903225806,30,2
RandomForest,per_class,M1,0.34453180843459613,0.7774193548387097,30,2
RandomForest,per_class,M1,0.3509687034277198,0.7596774193548387,30,2
RandomForest,per_class,M1,0.36009353078721745,0.7451612903225806,30,2
RandomForest,per_class,M1,0.3675143560295324,0.7225806451612903,30,2
RandomForest,per_class,M1,0.3781223083548665,0.7080645161290322,30,2
RandomForest,per_class,M1,0.38240574506283664,0.6870967741935484,30,2
RandomForest,per_class,M1,0.39049394221808015,0.6758064516129032,30,2
RandomForest,per_class,M1,0.3969022265246854,0.6612903225806451,30,2
RandomForest,per_class,M1,0.40789473684210525,0.65,30,2
RandomForest,per_class,M1,0.41596638655462187,0.6387096774193548,30,2
RandomForest,per_class,M1,0.4194961664841183,0.617741935483871,30,2
RandomForest,per_class,M1,0.42545871559633025,0.5983870967741935,30,2
RandomForest,per_class,M1,0.4338942307692308,0.582258064516129,30,2
RandomForest,per_class,M1,0.43679599499374216,0.5629032258064516,30,2
RandomForest,per_class,M1,0.44140625,0.5467741935483871,30,2
RandomForest,per_class,M1,0.44686648501362397,0.5290322580645161,30,2
RandomForest,per_class,M1,0.4536376604850214,0.5129032258064516,30,2
RandomForest,per_class,M1,0.45577211394302847,0.49032258064516127,30,2
RandomForest,per_class,M1,0.46445497630331756,0.47419354838709676,30,2
RandomForest,per_class,M1,0.47471451876019577,0.4693548387096774,30,2
RandomForest,per_class,M1,0.4879725085910653,0.45806451612903226,30,2
RandomForest,per_class,M1,0.49458483754512633,0.44193548387096776,30,2
RandomForest,per_class,M1,0.5038167938931297,0.4258064516129032,30,2
RandomForest,per_class,M1,0.5100401606425703,0.4096774193548387,30,2
RandomForest,per_class,M1,0.5156576200417536,0.39838709677419354,30,2
RandomForest,per_class,M1,0.5177777777777778,0.3758064516129032,30,2
RandomForest,per_class,M1,0.5260663507109005,0.3580645161290323,30,2
RandomForest,per_class,M1,0.5285359801488834,0.3435483870967742,30,2
RandomForest,per_class,M1,0.5284974093264249,0.32903225806451614,30,2
RandomForest,per_class,M1,0.5264623955431755,0.30483870967741933,30,2
RandomForest,per_class,M1,0.5364431486880467,0.2967741935483871,30,2
RandomForest,per_class,M1,0.5351681957186545,0.28225806451612906,30,2
RandomForest,per_class,M1,0.5382165605095541,0.2725806451612903,30,2
RandomForest,per_class,M1,0.5460750853242321,0.25806451612903225,30,2
RandomForest,per_class,M1,0.5615942028985508,0.25,30,2
RandomForest,per_class,M1,0.5703422053231939,0.24193548387096775,30,2
RandomForest,per_class,M1,0.5783132530120482,0.23225806451612904,30,2
RandomForest,per_class,M1,0.5905172413793104,0.22096774193548388,30,2
RandomForest,per_class,M1,0.591743119266055,0.20806451612903226,30,2
RandomForest,per_class,M1,0.6089108910891089,0.19838709677419356,30,2
RandomForest,per_class,M1,0.6134020618556701,0.19193548387096773,30,2
RandomForest,per_class,M1,0.6033519553072626,0.17419354838709677,30,2
RandomForest,per_class,M1,0.6296296296296297,0.16451612903225807,30,2
RandomForest,per_class,M1,0.618421052631579,0.15161290322580645,30,2
RandomForest,per_class,M1,0.6312056737588653,0.1435483870967742,30,2
RandomForest,per_class,M1,0.6376811594202898,0.14193548387096774,30,2
RandomForest,per_class,M1,0.6259541984732825,0.13225806451612904,30,2
RandomForest,per_class,M1,0.639344262295082,0.12580645161290321,30,2
RandomForest,per_class,M1,0.6410256410256411,0.12096774193548387,30,2
RandomForest,per_class,M1,0.6542056074766355,0.11290322580645161,30,2
RandomForest,per_class,M1,0.6571428571428571,0.11129032258064517,30,2
RandomForest,per_class,M1,0.6601941747572816,0.10967741935483871,30,2
RandomForest,per_class,M1,0.6494845360824743,0.10161290322580645,30,2
RandomForest,per_class,M1,0.6373626373626373,0.0935483870967742,30,2
RandomForest,per_class,M1,0.6235294117647059,0.08548387096774193,30,2
RandomForest,per_class,M1,0.6538461538461539,0.08225806451612903,30,2
RandomForest,per_class,M1,0.6486486486486487,0.07741935483870968,30,2
RandomForest,per_class,M1,0.6376811594202898,0.07096774193548387,30,2
RandomForest,per_class,M1,0.625,0.06451612903225806,30,2
RandomForest,per_class,M1,0.6206896551724138,0.05806451612903226,30,2
RandomForest,per_class,M1,0.6111111111111112,0.0532258064516129,30,2
RandomForest,per_class,M1,0.6170212765957447,0.0467741935483871,30,2
RandomForest,per_class,M1,0.627906976744186,0.043548387096774194,30,2
RandomForest,per_class,M1,0.6097560975609756,0.04032258064516129,30,2
RandomForest,per_class,M1,0.6176470588235294,0.03387096774193549,30,2
RandomForest,per_class,M1,0.625,0.03225806451612903,30,2
RandomForest,per_class,M1,0.6333333333333333,0.03064516129032258,30,2
RandomForest,per_class,M1,0.6551724137931034,0.03064516129032258,30,2
RandomForest,per_class,M1,0.7037037037037037,0.03064516129032258,30,2
RandomForest,per_class,M1,0.6521739130434783,0.024193548387096774,30,2
RandomForest,per_class,M1,0.6666666666666666,0.02258064516129032,30,2
RandomForest,per_class,M1,0.6842105263157895,0.020967741935483872,30,2
RandomForest,per_class,M1,0.6666666666666666,0.01935483870967742,30,2
RandomForest,per_class,M1,0.7058823529411765,0.01935483870967742,30,2
RandomForest,per_class,M1,0.7333333333333333,0.017741935483870968,30,2
RandomForest,per_class,M1,0.7692307692307693,0.016129032258064516,30,2
RandomForest,per_class,M1,0.8333333333333334,0.016129032258064516,30,2
RandomForest,per_class,M1,0.7777777777777778,0.01129032258064516,30,2
RandomForest,per_class,M1,0.75,0.00967741935483871,30,2
RandomForest,per_class,M1,0.8571428571428571,0.00967741935483871,30,2
RandomForest,per_class,M1,0.8333333333333334,0.008064516129032258,30,2
RandomForest,per_class,M1,0.8,0.0064516129032258064,30,2
RandomForest,per_class,M1,0.6666666666666666,0.0032258064516129032,30,2
RandomForest,per_class,M1,1.0,0.0032258064516129032,30,2
RandomForest,per_class,M1,1.0,0.0016129032258064516,30,2
RandomForest,per_class,M1,1.0,0.0,30,2
RandomForest,per_class,M2,0.05068531273916371,1.0,30,2
RandomForest,per_class,M2,0.052914472489558745,1.0,30,2
RandomForest,per_class,M2,0.05711933511055355,1.0,30,2
RandomForest,per_class,M2,0.06299995676049638,1.0,30,2
RandomForest,per_class,M2,0.0700716587313038,1.0,30,2
RandomForest,per_class,M2,0.07819040463668563,1.0,30,2
RandomForest,per_class,M2,0.08688906128782002,0.9993136582017845,30,2
RandomForest,per_class,M2,0.09732083054253181,0.997254632807138,30,2
RandomForest,per_class,M2,0.10840939697740536,0.9945092656142759,30,2
RandomForest,per_class,M2,0.1211612686692398,0.9910775566231984,30,2
RandomForest,per_class,M2,0.13530516431924883,0.9890185312285518,30,2
RandomForest,per_class,M2,0.14913379252765602,0.9807824296499656,30,2
RandomForest,per_class,M2,0.16598766150622746,0.9787234042553191,30,2
RandomForest,per_class,M2,0.1828564095983575,0.9780370624571036,30,2
RandomForest,per_class,M2,0.1996061330707554,0.9739190116678106,30,2
RandomForest,per_class,M2,0.2167563412759416,0.967741935483871,30,2
RandomForest,per_class,M2,0.23402130492676432,0.9649965682910089,30,2
RandomForest,per_class,M2,0.2506283662477558,0.9581331503088538,30,2
RandomForest,per_class,M2,0.26657671549730144,0.9492107069320521,30,2
RandomForest,per_class,M2,0.2830693272989097,0.9444063143445436,30,2
RandomForest,per_class,M2,0.29903888160768893,0.939601921757035,30,2
RandomForest,per_class,M2,0.3153257593322513,0.9334248455730954,30,2
RandomForest,per_class,M2,0.33088415380847414,0.9272477693891558,30,2
RandomForest,per_class,M2,0.3443298969072165,0.9169526424159231,30,2
RandomForest,per_class,M2,0.356470271724509,0.9094028826355525,30,2
RandomForest,per_class,M2,0.3711864406779661,0.9018531228551819,30,2
RandomForest,per_class,M2,0.3845473311707461,0.8949897048730268,30,2
RandomForest,per_class,M2,0.3979717271051014,0.8888126286890872,30,2
RandomForest,per_class,M2,0.407088122605364,0.8750857927247769,30,2
RandomForest,per_class,M2,0.4153491436100132,0.8654770075497598,30,2
RandomForest,per_class,M2,0.4260515603799186,0.8620452985586822,30,2
RandomForest,per_class,M2,0.4391963341557984,0.8551818805765271,30,2
RandomForest,per_class,M2,0.4503455802109858,0.849691146190803,30,2
RandomForest,per_class,M2,0.45862972669412205,0.8407687028140014,30,2
RandomForest,per_class,M2,0.46947449768160743,0.8339052848318462,30,2
RandomForest,per_class,M2,0.47774244833068363,0.8249828414550446,30,2
RandomForest,per_class,M2,0.48590110339190845,0.8160603980782429,30,2
RandomForest,per_class,M2,0.49268088665830195,0.8085106382978723,30,2
RandomForest,per_class,M2,0.500859845227859,0.7995881949210707,30,2
RandomForest,per_class,M2,0.5090268604139145,0.7934111187371311,30,2
RandomForest,per_class,M2,0.5203989120580236,0.787920384351407,30,2
RandomForest,per_class,M2,0.5301764159702879,0.7838023335621139,30,2
RandomForest,per_class,M2,0.541447053186392,0.7755662319835278,30,2
RandomForest,per_class,M2,0.5469129800680603,0.7721345229924502,30,2
RandomForest,per_class,M2,0.5532338308457712,0.7632120796156486,30,2
RandomForest,per_class,M2,0.5637755102040817,0.75840768702814,30,2
RandomForest,per_class,M2,0.5718029350104822,0.7487989018531228,30,2
RandomForest,per_class,M2,0.579849946409432,0.7426218256691832,30,2
RandomForest,per_class,M2,0.5870158210583742,0.7385037748798902,30,2
RandomForest,per_class,M2,0.5944444444444444,0.7343857240905971,30,2
RandomForest,per_class,M2,0.6038483305036786,0.7323266986959506,30,2
RandomForest,per_class,M2,0.6085204375359816,0.7254632807137955,30,2
RandomForest,per_class,M2,0.6146140247495581,0.7158544955387783,30,2
RandomForest,per_class,M2,0.6256009615384616,0.7144818119423473,30,2
RandomForest,per_class,M2,0.6348039215686274,0.7110501029512697,30,2
RandomForest,per_class,M2,0.6437069505322479,0.7055593685655457,30,2
RandomForest,per_class,M2,0.6519513755598209,0.699382292381606,30,2
RandomForest,per_class,M2,0.6564537157757496,0.6911461908030199,30,2
RandomForest,per_class,M2,0.6655562958027982,0.6856554564172959,30,2
RandomForest,per_class,M2,0.6737491432488005,0.6746739876458476,30,2
RandomForest,per_class,M2,0.6839887640449438,0.668496911461908,30,2
RandomForest,per_class,M2,0.6902718168812589,0.6623198352779684,30,2
RandomForest,per_class,M2,0.6948288419519301,0.6547700754975978,30,2
RandomForest,per_class,M2,0.7017024426350851,0.6506520247083047,30,2
RandomForest,per_class,M2,0.708994708994709,0.6437886067261496,30,2
RandomForest,per_class,M2,0.7192846034214619,0.634866163349348,30,2
RandomForest,per_class,M2,0.7294493216280926,0.6273164035689773,30,2
RandomForest,per_class,M2,0.7375713121434393,0.6211393273850377,30,2
RandomForest,per_class,M2,0.7437603993344426,0.6135895676046671,30,2
RandomForest,per_class,M2,0.7497872340425532,0.6046671242278655,30,2
RandomForest,per_class,M2,0.7536988685813751,0.5943719972546329,30,2
RandomForest,per_class,M2,0.7615658362989324,0.5875085792724777,30,2
RandomForest,per_class,M2,0.7683823529411765,0.5737817433081674,30,2
RandomForest,per_class,M2,0.7754716981132076,0.5641729581331503,30,2
RandomForest,per_class,M2,0.7856450048496605,0.5559368565545642,30,2
RandomForest,per_class,M2,0.7936191425722832,0.546328071379547,30,2
RandomForest,per_class,M2,0.7983623336745138,0.5353466026080989,30,2
RandomForest,per_class,M2,0.7985386221294363,0.5250514756348662,30,2
RandomForest,per_class,M2,0.8047210300429185,0.5147563486616334,30,2
RandomForest,per_class,M2,0.8073993471164309,0.5092656142759094,30,2
RandomForest,per_class,M2,0.8097345132743363,0.5024021962937543,30,2
RandomForest,per_class,M2,0.8114285714285714,0.48730267673301303,30,2
RandomForest,per_class,M2,0.8149882903981265,0.4776938915579959,30,2
RandomForest,per_class,M2,0.8173076923076923,0.4667124227865477,30,2
RandomForest,per_class,M2,0.8246268656716418,0.455044612216884,30,2
RandomForest,per_class,M2,0.8290488431876607,0.4426904598490048,30,2
RandomForest,per_class,M2,0.8393094289508632,0.43376801647220314,30,2
RandomForest,per_class,M2,0.8440492476060192,0.4234728894989705,30,2
RandomForest,per_class,M2,0.8525280898876404,0.4166094715168154,30,2
RandomForest,per_class,M2,0.85383502170767,0.40494166094715167,30,2
RandomForest,per_class,M2,0.8548387096774194,0.4001372683596431,30,2
RandomForest,per_class,M2,0.8634294385432474,0.39052848318462596,30,2
RandomForest,per_class,M2,0.8691588785046729,0.3829787234042553,30,2
RandomForest,per_class,M2,0.8705501618122977,0.3692518874399451,30,2
RandomForest,per_class,M2,0.8733333333333333,0.35964310226492796,30,2
RandomForest,per_class,M2,0.8737201365187713,0.3514070006863418,30,2
RandomForest,per_class,M2,0.8869257950530035,0.34454358270418667,30,2
RandomForest,per_class,M2,0.8858695652173914,0.335621139327385,30,2
RandomForest,per_class,M2,0.8884758364312267,0.32807137954701443,30,2
RandomForest,per_class,M2,0.8921001926782274,0.3177762525737817,30,2
RandomForest,per_class,M2,0.9005964214711729,0.3109128345916266,30,2
RandomForest,per_class,M2,0.9066390041493776,0.29993136582017843,30,2
RandomForest,per_class,M2,0.9098712446351931,0.2910089224433768,30,2
RandomForest,per_class,M2,0.918141592920354,0.2848318462594372,30,2
RandomForest,per_class,M2,0.9189814814814815,0.272477693891558,30,2
RandomForest,per_class,M2,0.9326923076923077,0.26630061770761837,30,2
RandomForest,per_class,M2,0.940149625935162,0.2587508579272478,30,2
RandomForest,per_class,M2,0.9411764705882353,0.2525737817433082,30,2
RandomForest,per_class,M2,0.9442970822281167,0.24433768016472204,30,2
RandomForest,per_class,M2,0.947075208913649,0.23335621139327384,30,2
RandomForest,per_class,M2,0.9556213017751479,0.22168840082361016,30,2
RandomForest,per_class,M2,0.9539877300613497,0.213452299245024,30,2
RandomForest,per_class,M2,0.9585987261146497,0.2065888812628689,30,2
RandomForest,per_class,M2,0.9602649006622517,0.19903912148249828,30,2
RandomForest,per_class,M2,0.9618055555555556,0.19011667810569663,30,2
RandomForest,per_class,M2,0.9605734767025089,0.18393960192175704,30,2
RandomForest,per_class,M2,0.9626865671641791,0.17707618393960192,30,2
RandomForest,per_class,M2,0.9649805447470817,0.1702127659574468,30,2
RandomForest,per_class,M2,0.9713114754098361,0.16266300617707619,30,2
RandomForest,per_class,M2,0.9782608695652174,0.15442690459849004,30,2
RandomForest,per_class,M2,0.985981308411215,0.1448181194234729,30,2
RandomForest,per_class,M2,0.9848484848484849,0.1338366506520247,30,2
RandomForest,per_class,M2,0.9838709677419355,0.12560054907343857,30,2
RandomForest,per_class,M2,0.9830508474576272,0.11942347288949898,30,2
RandomForest,per_class,M2,0.9817073170731707,0.11050102951269733,30,2
RandomForest,per_class,M2,0.9867549668874173,0.10226492793411118,30,2
RandomForest,per_class,M2,0.9857142857142858,0.09471516815374056,30,2
RandomForest,per_class,M2,0.9918032786885246,0.08304735758407687,30,2
RandomForest,per_class,M2,0.9912280701754386,0.07755662319835278,30,2
RandomForest,per_class,M2,0.9901960784313726,0.06932052161976665,30,2
RandomForest,per_class,M2,0.989010989010989,0.06177076183939602,30,2
RandomForest,per_class,M2,0.9876543209876543,0.05490734385724091,30,2
RandomForest,per_class,M2,0.9864864864864865,0.050102951269732326,30,2
RandomForest,per_class,M2,1.0,0.04598490048043926,30,2
RandomForest,per_class,M2,1.0,0.0425531914893617,30,2
RandomForest,per_class,M2,1.0,0.03568977350720659,30,2
RandomForest,per_class,M2,1.0,0.033630748112560054,30,2
RandomForest,per_class,M2,1.0,0.028826355525051476,30,2
RandomForest,per_class,M2,1.0,0.026767330130404943,30,2
RandomForest,per_class,M2,1.0,0.02196293754289636,30,2
RandomForest,per_class,M2,1.0,0.01990391214824983,30,2
RandomForest,per_class,M2,1.0,0.016472203157172273,30,2
RandomForest,per_class,M2,1.0,0.013726835964310227,30,2
RandomForest,per_class,M2,1.0,0.012354152367879203,30,2
RandomForest,per_class,M2,1.0,0.01098146877144818,30,2
RandomForest,per_class,M2,1.0,0.01029512697323267,30,2
RandomForest,per_class,M2,1.0,0.008236101578586136,30,2
RandomForest,per_class,M2,1.0,0.0068634179821551134,30,2
RandomForest,per_class,M2,1.0,0.004804392587508579,30,2
RandomForest,per_class,M2,1.0,0.002745367192862045,30,2
RandomForest,per_class,M2,1.0,0.002059025394646534,30,2
RandomForest,per_class,M2,1.0,0.0013726835964310226,30,2
RandomForest,per_class,M2,1.0,0.0,30,2
RandomForest,per_class,Mast,0.023133653377861267,1.0,30,2
RandomForest,per_class,Mast,0.028630473156240583,1.0,30,2
RandomForest,per_class,Mast,0.03919834954317713,1.0,30,2
RandomForest,per_class,Mast,0.05824050521884045,0.9984962406015038,30,2
RandomForest,per_class,Mast,0.08971760572895554,0.9984962406015038,30,2
RandomForest,per_class,Mast,0.13348097443124624,0.9969924812030075,30,2
RandomForest,per_class,Mast,0.19205105889178997,0.9954887218045113,30,2
RandomForest,per_class,Mast,0.2544264819091609,0.9939849624060151,30,2
RandomForest,per_class,Mast,0.3089887640449438,0.9924812030075187,30,2
RandomForest,per_class,Mast,0.3425155925155925,0.9909774436090225,30,2
RandomForest,per_class,Mast,0.3693946188340807,0.9909774436090225,30,2
RandomForest,per_class,Mast,0.38569753810082064,0.9894736842105263,30,2
RandomForest,per_class,Mast,0.39842328684050937,0.98796992481203,30,2
RandomForest,per_class,Mast,0.40731556106633604,0.98796992481203,30,2
RandomForest,per_class,Mast,0.4158227848101266,0.98796992481203,30,2
RandomForest,per_class,Mast,0.4214239897370109,0.98796992481203,30,2
RandomForest,per_class,Mast,0.4255181347150259,0.98796992481203,30,2
RandomForest,per_class,Mast,0.43129520052596976,0.9864661654135338,30,2
RandomForest,per_class,Mast,0.43733333333333335,0.9864661654135338,30,2
RandomForest,per_class,Mast,0.44256756756756754,0.9849624060150376,30,2
RandomForest,per_class,Mast,0.44763860369609854,0.9834586466165414,30,2
RandomForest,per_class,Mast,0.45221606648199447,0.9819548872180451,30,2
RandomForest,per_class,Mast,0.4562631210636809,0.9804511278195489,30,2
RandomForest,per_class,Mast,0.4616477272727273,0.9774436090225563,30,2
RandomForest,per_class,Mast,0.46590093323761667,0.9759398496240601,30,2
RandomForest,per_class,Mast,0.4699057287889775,0.9744360902255639,30,2
RandomForest,per_class,Mast,0.4743777452415813,0.9744360902255639,30,2
RandomForest,per_class,Mast,0.47964470762398226,0.9744360902255639,30,2
RandomForest,per_class,Mast,0.48830188679245284,0.9729323308270676,30,2
RandomForest,per_class,Mast,0.4938837920489297,0.9714285714285714,30,2
RandomForest,per_class,Mast,0.49845440494590415,0.9699248120300752,30,2
RandomForest,per_class,Mast,0.5043069694596711,0.968421052631579,30,2
RandomForest,per_class,Mast,0.5131474103585657,0.968421052631579,30,2
RandomForest,per_class,Mast,0.5177133655394525,0.9669172932330827,30,2
RandomForest,per_class,Mast,0.5236156351791531,0.9669172932330827,30,2
RandomForest,per_class,Mast,0.5292181069958848,0.9669172932330827,30,2
RandomForest,per_class,Mast,0.5376254180602007,0.9669172932330827,30,2
RandomForest,per_class,Mast,0.5417017691659646,0.9669172932330827,30,2
RandomForest,per_class,Mast,0.546304163126593,0.9669172932330827,30,2
RandomForest,per_class,Mast,0.5509854327335048,0.9669172932330827,30,2
RandomForest,per_class,Mast,0.5544041450777202,0.9654135338345865,30,2
RandomForest,per_class,Mast,0.5593368237347295,0.9639097744360903,30,2
RandomForest,per_class,Mast,0.564373897707231,0.9624060150375939,30,2
RandomForest,per_class,Mast,0.5699020480854853,0.9624060150375939,30,2
RandomForest,per_class,Mast,0.5739910313901345,0.9624060150375939,30,2
RandomForest,per_class,Mast,0.579185520361991,0.9624060150375939,30,2
RandomForest,per_class,Mast,0.5876951331496786,0.9624060150375939,30,2
RandomForest,per_class,Mast,0.595903165735568,0.9624060150375939,30,2
RandomForest,per_class,Mast,0.6009389671361502,0.9624060150375939,30,2
RandomForest,per_class,Mast,0.6062618595825426,0.9609022556390977,30,2
RandomForest,per_class,Mast,0.6111111111111112,0.9593984962406015,30,2
RandomForest,per_class,Mast,0.6156824782187803,0.956390977443609,30,2
RandomForest,per_class,Mast,0.62109375,0.956390977443609,30,2
RandomForest,per_class,Mast,0.6278381046396841,0.956390977443609,30,2
RandomForest,per_class,Mast,0.6347305389221557,0.956390977443609,30,2
RandomForest,per_class,Mast,0.6369107321965898,0.9548872180451128,30,2
RandomForest,per_class,Mast,0.6420626895854399,0.9548872180451128,30,2
RandomForest,per_class,Mast,0.6489252814738997,0.9533834586466166,30,2
RandomForest,per_class,Mast,0.65527950310559,0.9518796992481203,30,2
RandomForest,per_class,Mast,0.6635220125786163,0.9518796992481203,30,2
RandomForest,per_class,Mast,0.6687830687830688,0.9503759398496241,30,2
RandomForest,per_class,Mast,0.677765843179377,0.9488721804511279,30,2
RandomForest,per_class,Mast,0.6851851851851852,0.9458646616541353,30,2
RandomForest,per_class,Mast,0.6896929824561403,0.9458646616541353,30,2
RandomForest,per_class,Mast,0.697339246119734,0.9458646616541353,30,2
RandomForest,per_class,Mast,0.7021276595744681,0.9428571428571428,30,2
RandomForest,per_class,Mast,0.7052868391451068,0.9428571428571428,30,2
RandomForest,per_class,Mast,0.7098976109215017,0.9383458646616541,30,2
RandomForest,per_class,Mast,0.716915995397008,0.9368421052631579,30,2
RandomForest,per_class,Mast,0.7207415990730012,0.9353383458646617,30,2
RandomForest,per_class,Mast,0.7231308411214953,0.9308270676691729,30,2
RandomForest,per_class,Mast,0.7250293772032902,0.9278195488721804,30,2
RandomForest,per_class,Mast,0.7298578199052133,0.9263157894736842,30,2
RandomForest,per_class,Mast,0.7326968973747017,0.9233082706766917,30,2
RandomForest,per_class,Mast,0.7349397590361446,0.9172932330827067,30,2
RandomForest,per_class,Mast,0.7384428223844283,0.912781954887218,30,2
RandomForest,per_class,Mast,0.7398773006134969,0.9067669172932331,30,2
RandomForest,per_class,Mast,0.7468982630272953,0.9052631578947369,30,2
RandomForest,per_class,Mast,0.7481296758104738,0.9022556390977443,30,2
RandomForest,per_class,Mast,0.7537688442211056,0.9022556390977443,30,2
RandomForest,per_class,Mast,0.7569974554707379,0.8947368421052632,30,2
RandomForest,per_class,Mast,0.7570694087403599,0.8857142857142857,30,2
RandomForest,per_class,Mast,0.7620286085825748,0.881203007518797,30,2
RandomForest,per_class,Mast,0.7664041994750657,0.8781954887218045,30,2
RandomForest,per_class,Mast,0.7678100263852242,0.8751879699248121,30,2
RandomForest,per_class,Mast,0.7702523240371846,0.8721804511278195,30,2
RandomForest,per_class,Mast,0.7737617135207496,0.869172932330827,30,2
RandomForest,per_class,Mast,0.7738896366083445,0.8646616541353384,30,2
RandomForest,per_class,Mast,0.7770177838577291,0.8541353383458646,30,2
RandomForest,per_class,Mast,0.7827298050139275,0.8451127819548873,30,2
RandomForest,per_class,Mast,0.7889518413597734,0.837593984962406,30,2
RandomForest,per_class,Mast,0.7913669064748201,0.8270676691729323,30,2
RandomForest,per_class,Mast,0.7927536231884058,0.8225563909774436,30,2
RandomForest,per_class,Mast,0.7982326951399117,0.8150375939849624,30,2
RandomForest,per_class,Mast,0.8008915304606241,0.8105263157894737,30,2
RandomForest,per_class,Mast,0.8011958146487295,0.806015037593985,30,2
RandomForest,per_class,Mast,0.8057228915662651,0.8045112781954887,30,2
RandomForest,per_class,Mast,0.8106060606060606,0.8045112781954887,30,2
RandomForest,per_class,Mast,0.8153846153846154,0.7969924812030075,30,2
RandomForest,per_class,Mast,0.8197492163009404,0.7864661654135339,30,2
RandomForest,per_class,Mast,0.8217665615141956,0.7834586466165413,30,2
RandomForest,per_class,Mast,0.8245614035087719,0.7774436090225564,30,2
RandomForest,per_class,Mast,0.8260869565217391,0.7714285714285715,30,2
RandomForest,per_class,Mast,0.8292682926829268,0.7669172932330827,30,2
RandomForest,per_class,Mast,0.8336079077429983,0.7609022556390977,30,2
RandomForest,per_class,Mast,0.8355481727574751,0.7563909774436091,30,2
RandomForest,per_class,Mast,0.8422818791946308,0.7548872180451128,30,2
RandomForest,per_class,Mast,0.8464163822525598,0.7458646616541353,30,2
RandomForest,per_class,Mast,0.8490566037735849,0.7443609022556391,30,2
RandomForest,per_class,Mast,0.853195164075993,0.7428571428571429,30,2
RandomForest,per_class,Mast,0.8568935427574171,0.7383458646616541,30,2
RandomForest,per_class,Mast,0.8591800356506238,0.724812030075188,30,2
RandomForest,per_class,Mast,0.8628158844765343,0.718796992481203,30,2
RandomForest,per_class,Mast,0.8708487084870848,0.7097744360902256,30,2
RandomForest,per_class,Mast,0.8717472118959108,0.7052631578947368,30,2
RandomForest,per_class,Mast,0.874296435272045,0.7007518796992481,30,2
RandomForest,per_class,Mast,0.8778625954198473,0.6917293233082706,30,2
RandomForest,per_class,Mast,0.8783783783783784,0.6842105263157895,30,2
RandomForest,per_class,Mast,0.8798449612403101,0.6827067669172933,30,2
RandomForest,per_class,Mast,0.8844621513944223,0.6676691729323309,30,2
RandomForest,per_class,Mast,0.8882113821138211,0.6571428571428571,30,2
RandomForest,per_class,Mast,0.893223819301848,0.6541353383458647,30,2
RandomForest,per_class,Mast,0.896049896049896,0.6481203007518797,30,2
RandomForest,per_class,Mast,0.8983050847457628,0.637593984962406,30,2
RandomForest,per_class,Mast,0.9006479481641468,0.6270676691729323,30,2
RandomForest,per_class,Mast,0.906318082788671,0.6255639097744361,30,2
RandomForest,per_class,Mast,0.9057017543859649,0.6210526315789474,30,2
RandomForest,per_class,Mast,0.9048672566371682,0.6150375939849624,30,2
RandomForest,per_class,Mast,0.9095022624434389,0.6045112781954888,30,2
RandomForest,per_class,Mast,0.9137529137529138,0.5894736842105263,30,2
RandomForest,per_class,Mast,0.9212410501193318,0.5804511278195489,30,2
RandomForest,per_class,Mast,0.9204819277108434,0.5744360902255639,30,2
RandomForest,per_class,Mast,0.9236453201970444,0.5639097744360902,30,2
RandomForest,per_class,Mast,0.9271356783919598,0.5548872180451128,30,2
RandomForest,per_class,Mast,0.9258312020460358,0.544360902255639,30,2
RandomForest,per_class,Mast,0.9272727272727272,0.5368421052631579,30,2
RandomForest,per_class,Mast,0.9329758713136729,0.5233082706766917,30,2
RandomForest,per_class,Mast,0.9368131868131868,0.512781954887218,30,2
RandomForest,per_class,Mast,0.9387186629526463,0.5067669172932331,30,2
RandomForest,per_class,Mast,0.940677966101695,0.5007518796992482,30,2
RandomForest,per_class,Mast,0.9525222551928784,0.48270676691729325,30,2
RandomForest,per_class,Mast,0.954954954954955,0.4781954887218045,30,2
RandomForest,per_class,Mast,0.9566563467492261,0.46466165413533833,30,2
RandomForest,per_class,Mast,0.9558359621451105,0.4556390977443609,30,2
RandomForest,per_class,Mast,0.9581993569131833,0.4481203007518797,30,2
RandomForest,per_class,Mast,0.9579288025889967,0.44511278195488724,30,2
RandomForest,per_class,Mast,0.9595959595959596,0.42857142857142855,30,2
RandomForest,per_class,Mast,0.9586206896551724,0.4180451127819549,30,2
RandomForest,per_class,Mast,0.9636363636363636,0.39849624060150374,30,2
RandomForest,per_class,Mast,0.9666666666666667,0.3924812030075188,30,2
RandomForest,per_class,Mast,0.9691119691119691,0.3774436090225564,30,2
RandomForest,per_class,Mast,0.9725490196078431,0.37293233082706767,30,2
RandomForest,per_class,Mast,0.9757085020242915,0.362406015037594,30,2
RandomForest,per_class,Mast,0.9752066115702479,0.3548872180451128,30,2
RandomForest,per_class,Mast,0.9745762711864406,0.3458646616541353,30,2
RandomForest,per_class,Mast,0.9734513274336283,0.3308270676691729,30,2
RandomForest,per_class,Mast,0.9719626168224299,0.31278195488721805,30,2
RandomForest,per_class,Mast,0.970873786407767,0.3007518796992481,30,2
RandomForest,per_class,Mast,0.97,0.29172932330827067,30,2
RandomForest,per_class,Mast,0.9791666666666666,0.28270676691729324,30,2
RandomForest,per_class,Mast,0.9787234042553191,0.27669172932330827,30,2
RandomForest,per_class,Mast,0.9777777777777777,0.2646616541353383,30,2
RandomForest,per_class,Mast,0.9767441860465116,0.25263157894736843,30,2
RandomForest,per_class,Mast,0.9753086419753086,0.23759398496240602,30,2
RandomForest,per_class,Mast,0.9743589743589743,0.22857142857142856,30,2
RandomForest,per_class,Mast,0.9727891156462585,0.21503759398496242,30,2
RandomForest,per_class,Mast,0.9782608695652174,0.20300751879699247,30,2
RandomForest,per_class,Mast,0.9767441860465116,0.18947368421052632,30,2
RandomForest,per_class,Mast,0.9761904761904762,0.1849624060150376,30,2
RandomForest,per_class,Mast,0.9745762711864406,0.17293233082706766,30,2
RandomForest,per_class,Mast,0.9814814814814815,0.1593984962406015,30,2
RandomForest,per_class,Mast,0.9803921568627451,0.15037593984962405,30,2
RandomForest,per_class,Mast,0.9782608695652174,0.13533834586466165,30,2
RandomForest,per_class,Mast,0.9759036144578314,0.12180451127819548,30,2
RandomForest,per_class,Mast,0.972972972972973,0.10827067669172932,30,2
RandomForest,per_class,Mast,0.9701492537313433,0.09774436090225563,30,2
RandomForest,per_class,Mast,0.967741935483871,0.09022556390977443,30,2
RandomForest,per_class,Mast,0.9615384615384616,0.07518796992481203,30,2
RandomForest,per_class,Mast,1.0,0.06616541353383458,30,2
RandomForest,per_class,Mast,1.0,0.061654135338345864,30,2
RandomForest,per_class,Mast,1.0,0.045112781954887216,30,2
RandomForest,per_class,Mast,1.0,0.042105263157894736,30,2
RandomForest,per_class,Mast,1.0,0.03759398496240601,30,2
RandomForest,per_class,Mast,1.0,0.03308270676691729,30,2
RandomForest,per_class,Mast,1.0,0.03007518796992481,30,2
RandomForest,per_class,Mast,1.0,0.02556390977443609,30,2
RandomForest,per_class,Mast,1.0,0.019548872180451128,30,2
RandomForest,per_class,Mast,1.0,0.015037593984962405,30,2
RandomForest,per_class,Mast,1.0,0.012030075187969926,30,2
RandomForest,per_class,Mast,1.0,0.007518796992481203,30,2
RandomForest,per_class,Mast,1.0,0.004511278195488722,30,2
RandomForest,per_class,Mast,1.0,0.0030075187969924814,30,2
RandomForest,per_class,Mast,1.0,0.0015037593984962407,30,2
RandomForest,per_class,Mast,1.0,0.0,30,2
RandomForest,per_class,Monocyte,0.04807625408752522,1.0,30,2
RandomForest,per_class,Monocyte,0.05257724074640563,0.9949348769898697,30,2
RandomForest,per_class,Monocyte,0.06043638625960983,0.984081041968162,30,2
RandomForest,per_class,Monocyte,0.07192476221011007,0.9739507959479016,30,2
RandomForest,per_class,Monocyte,0.08497859561689348,0.9623733719247467,30,2
RandomForest,per_class,Monocyte,0.10011393847322446,0.9536903039073806,30,2
RandomForest,per_class,Monocyte,0.1153028692879915,0.9421128798842258,30,2
RandomForest,per_class,Monocyte,0.13058419243986255,0.934876989869754,30,2
RandomForest,per_class,Monocyte,0.14564993712129873,0.9218523878437048,30,2
RandomForest,per_class,Monocyte,0.16140620990505516,0.91027496382055,30,2
RandomForest,per_class,Monocyte,0.17604535790219702,0.8986975397973951,30,2
RandomForest,per_class,Monocyte,0.19211514392991239,0.8885672937771346,30,2
RandomForest,per_class,Monocyte,0.20745405037440437,0.88205499276411,30,2
RandomForest,per_class,Monocyte,0.2201430930104568,0.8683068017366136,30,2
RandomForest,per_class,Monocyte,0.23478260869565218,0.8596237337192475,30,2
RandomForest,per_class,Monocyte,0.2476310802274163,0.8509406657018813,30,2
RandomForest,per_class,Monocyte,0.26163578852236785,0.8379160636758322,30,2
RandomForest,per_class,Monocyte,0.2750240615976901,0.8270622286541245,30,2
RandomForest,per_class,Monocyte,0.2885496183206107,0.8205499276410999,30,2
RandomForest,per_class,Monocyte,0.2995416554327312,0.8039073806078147,30,2
RandomForest,per_class,Monocyte,0.3102665910380034,0.7916063675832128,30,2
RandomForest,per_class,Monocyte,0.3221496437054632,0.7850940665701881,30,2
RandomForest,per_class,Monocyte,0.3352059925093633,0.7771345875542692,30,2
RandomForest,per_class,Monocyte,0.3485938521909745,0.7713458755426917,30,2
RandomForest,per_class,Monocyte,0.36061643835616436,0.7619392185238785,30,2
RandomForest,per_class,Monocyte,0.36891117478510027,0.7452966714905933,30,2
RandomForest,per_class,Monocyte,0.37929745889387145,0.7344428364688856,30,2
RandomForest,per_class,Monocyte,0.38796116504854367,0.7228654124457308,30,2
RandomForest,per_class,Monocyte,0.3981368975293641,0.711287988422576,30,2
RandomForest,per_class,Monocyte,0.41059322033898304,0.7011577424023154,30,2
RandomForest,per_class,Monocyte,0.42010535557506584,0.6924746743849494,30,2
RandomForest,per_class,Monocyte,0.4264305177111717,0.6794500723589001,30,2
RandomForest,per_class,Monocyte,0.43572778827977315,0.6671490593342981,30,2
RandomForest,per_class,Monocyte,0.4466830466830467,0.6577424023154848,30,2
RandomForest,per_class,Monocyte,0.45807770961145194,0.6483357452966715,30,2
RandomForest,per_class,Monocyte,0.4678362573099415,0.6367583212735166,30,2
RandomForest,per_class,Monocyte,0.47763666482606293,0.625904486251809,30,2
RandomForest,per_class,Monocyte,0.4897142857142857,0.6201157742402316,30,2
RandomForest,per_class,Monocyte,0.4982164090368609,0.6063675832127352,30,2
RandomForest,per_class,Monocyte,0.5117866004962779,0.5969609261939218,30,2
RandomForest,per_class,Monocyte,0.5189954925949775,0.5832127351664255,30,2
RandomForest,per_class,Monocyte,0.5268389662027833,0.5752532561505065,30,2
RandomForest,per_class,Monocyte,0.5379834254143646,0.5636758321273516,30,2
RandomForest,per_class,Monocyte,0.5442127965492451,0.5477568740955138,30,2
RandomForest,per_class,Monocyte,0.557315233785822,0.5347322720694645,30,2
RandomForest,per_class,Monocyte,0.5592563903950426,0.5224312590448625,30,2
RandomForest,per_class,Monocyte,0.5653907496012759,0.5130246020260492,30,2
RandomForest,per_class,Monocyte,0.5785536159600998,0.5036179450072359,30,2
RandomForest,per_class,Monocyte,0.5893011216566005,0.49421128798842257,30,2
RandomForest,per_class,Monocyte,0.5903829029385574,0.479739507959479,30,2
RandomForest,per_class,Monocyte,0.5974382433668801,0.4725036179450072,30,2
RandomForest,per_class,Monocyte,0.6047169811320755,0.4638205499276411,30,2
RandomForest,per_class,Monocyte,0.6117073170731707,0.45369030390738063,30,2
RandomForest,per_class,Monocyte,0.6248725790010193,0.4435600578871201,30,2
RandomForest,per_class,Monocyte,0.6346356916578669,0.434876989869754,30,2
RandomForest,per_class,Monocyte,0.6443468715697036,0.4247467438494935,30,2
RandomForest,per_class,Monocyte,0.6533637400228051,0.414616497829233,30,2
RandomForest,per_class,Monocyte,0.6623529411764706,0.4073806078147612,30,2
RandomForest,per_class,Monocyte,0.6728167281672817,0.3958031837916064,30,2
RandomForest,per_class,Monocyte,0.6763959390862944,0.38567293777134587,30,2
RandomForest,per_class,Monocyte,0.6780104712041884,0.3748191027496382,30,2
RandomForest,per_class,Monocyte,0.6889495225102319,0.3654124457308249,30,2
RandomForest,per_class,Monocyte,0.6988636363636364,0.35600578871201155,30,2
RandomForest,per_class,Monocyte,0.7088235294117647,0.34876989869753977,30,2
RandomForest,per_class,Monocyte,0.710806697108067,0.3379160636758321,30,2
RandomForest,per_class,Monocyte,0.7243589743589743,0.32706222865412443,30,2
RandomForest,per_class,Monocyte,0.729064039408867,0.32127351664254705,30,2
RandomForest,per_class,Monocyte,0.7333333333333333,0.3104196816208394,30,2
RandomForest,per_class,Monocyte,0.7393617021276596,0.3017366136034732,30,2
RandomForest,per_class,Monocyte,0.7427007299270073,0.2945007235890014,30,2
RandomForest,per_class,Monocyte,0.7528089887640449,0.29088277858176553,30,2
RandomForest,per_class,Monocyte,0.7572254335260116,0.28437047756874095,30,2
RandomForest,per_class,Monocyte,0.7596741344195519,0.2698986975397974,30,2
RandomForest,per_class,Monocyte,0.7583333333333333,0.2633863965267728,30,2
RandomForest,per_class,Monocyte,0.7650862068965517,0.2568740955137482,30,2
RandomForest,per_class,Monocyte,0.7757847533632287,0.2503617945007236,30,2
RandomForest,per_class,Monocyte,0.7775229357798165,0.24529667149059334,30,2
RandomForest,per_class,Monocyte,0.7908653846153846,0.23806078147612156,30,2
RandomForest,per_class,Monocyte,0.794044665012407,0.23154848046309695,30,2
RandomForest,per_class,Monocyte,0.8067010309278351,0.22648335745296672,30,2
RandomForest,per_class,Monocyte,0.8123324396782842,0.21924746743849494,30,2
RandomForest,per_class,Monocyte,0.830945558739255,0.2098408104196816,30,2
RandomForest,per_class,Monocyte,0.8363095238095238,0.20332850940665703,30,2
RandomForest,per_class,Monocyte,0.8338368580060423,0.19971056439942114,30,2
RandomForest,per_class,Monocyte,0.8412698412698413,0.19175108538350216,30,2
RandomForest,per_class,Monocyte,0.8421052631578947,0.18523878437047755,30,2
RandomForest,per_class,Monocyte,0.8496503496503497,0.17583212735166426,30,2
RandomForest,per_class,Monocyte,0.8487084870848709,0.16642547033285093,30,2
RandomForest,per_class,Monocyte,0.8492063492063492,0.1548480463096961,30,2
RandomForest,per_class,Monocyte,0.8565400843881856,0.14688856729377714,30,2
RandomForest,per_class,Monocyte,0.8608695652173913,0.14327062228654125,30,2
RandomForest,per_class,Monocyte,0.8721461187214612,0.138205499276411,30,2
RandomForest,per_class,Monocyte,0.8737864077669902,0.13024602026049203,30,2
RandomForest,per_class,Monocyte,0.875,0.12662807525325614,30,2
RandomForest,per_class,Monocyte,0.8783068783068783,0.12011577424023155,30,2
RandomForest,per_class,Monocyte,0.8852459016393442,0.11722141823444283,30,2
RandomForest,per_class,Monocyte,0.88,0.11143270622286541,30,2
RandomForest,per_class,Monocyte,0.8841463414634146,0.1049204052098408,30,2
RandomForest,per_class,Monocyte,0.8961038961038961,0.09985528219971057,30,2
RandomForest,per_class,Monocyte,0.8986486486486487,0.09623733719247468,30,2
RandomForest,per_class,Monocyte,0.9064748201438849,0.09117221418234443,30,2
RandomForest,per_class,Monocyte,0.8984375,0.08321273516642547,30,2
RandomForest,per_class,Monocyte,0.8925619834710744,0.07814761215629522,30,2
RandomForest,per_class,Monocyte,0.8898305084745762,0.07597684515195369,30,2
RandomForest,per_class,Monocyte,0.9090909090909091,0.0723589001447178,30,2
RandomForest,per_class,Monocyte,0.9047619047619048,0.06874095513748191,30,2
RandomForest,per_class,Monocyte,0.898989898989899,0.06439942112879884,30,2
RandomForest,per_class,Monocyte,0.9111111111111111,0.059334298118668596,30,2
RandomForest,per_class,Monocyte,0.9069767441860465,0.056439942112879886,30,2
RandomForest,per_class,Monocyte,0.9125,0.052821997105643996,30,2
RandomForest,per_class,Monocyte,0.922077922077922,0.05137481910274964,30,2
RandomForest,per_class,Monocyte,0.92,0.049927641099855286,30,2
RandomForest,per_class,Monocyte,0.9117647058823529,0.04486251808972504,30,2
RandomForest,per_class,Monocyte,0.9047619047619048,0.04124457308248915,30,2
RandomForest,per_class,Monocyte,0.9152542372881356,0.03907380607814761,30,2
RandomForest,per_class,Monocyte,0.9285714285714286,0.03762662807525326,30,2
RandomForest,per_class,Monocyte,0.9230769230769231,0.03473227206946455,30,2
RandomForest,per_class,Monocyte,0.9148936170212766,0.031114327062228653,30,2
RandomForest,per_class,Monocyte,0.9130434782608695,0.030390738060781478,30,2
RandomForest,per_class,Monocyte,0.9047619047619048,0.027496382054992764,30,2
RandomForest,per_class,Monocyte,0.918918918918919,0.024602026049204053,30,2
RandomForest,per_class,Monocyte,0.9117647058823529,0.02243125904486252,30,2
RandomForest,per_class,Monocyte,0.9375,0.02170767004341534,30,2
RandomForest,per_class,Monocyte,0.9666666666666667,0.020984081041968163,30,2
RandomForest,per_class,Monocyte,0.9629629629629629,0.01881331403762663,30,2
RandomForest,per_class,Monocyte,0.96,0.017366136034732273,30,2
RandomForest,per_class,Monocyte,0.9583333333333334,0.016642547033285094,30,2
RandomForest,per_class,Monocyte,1.0,0.015918958031837915,30,2
RandomForest,per_class,Monocyte,1.0,0.015195369030390739,30,2
RandomForest,per_class,Monocyte,1.0,0.01447178002894356,30,2
RandomForest,per_class,Monocyte,1.0,0.011577424023154847,30,2
RandomForest,per_class,Monocyte,1.0,0.007959479015918957,30,2
RandomForest,per_class,Monocyte,1.0,0.006512301013024602,30,2
RandomForest,per_class,Monocyte,1.0,0.005065123010130246,30,2
RandomForest,per_class,Monocyte,1.0,0.004341534008683068,30,2
RandomForest,per_class,Monocyte,1.0,0.002894356005788712,30,2
RandomForest,per_class,Monocyte,1.0,0.001447178002894356,30,2
RandomForest,per_class,Monocyte,1.0,0.000723589001447178,30,2
RandomForest,per_class,Monocyte,1.0,0.0,30,2
RandomForest,per_class,NK,0.05106797467473735,1.0,30,2
RandomForest,per_class,NK,0.05711840006225439,1.0,30,2
RandomForest,per_class,NK,0.06731783372311644,1.0,30,2
RandomForest,per_class,NK,0.08141534024735178,1.0,30,2
RandomForest,per_class,NK,0.09876044192939909,0.9986376021798365,30,2
RandomForest,per_class,NK,0.11907279381862546,0.997275204359673,30,2
RandomForest,per_class,NK,0.1408342163568057,0.9959128065395095,30,2
RandomForest,per_class,NK,0.16325846463291988,0.9952316076294278,30,2
RandomForest,per_class,NK,0.18574156588160406,0.9938692098092643,30,2
RandomForest,per_class,NK,0.20567876818759712,0.9918256130790191,30,2
RandomForest,per_class,NK,0.2253062490308575,0.9897820163487738,30,2
RandomForest,per_class,NK,0.24484623183507942,0.9870572207084468,30,2
RandomForest,per_class,NK,0.26317702653580516,0.9863760217983651,30,2
RandomForest,per_class,NK,0.2810190587320109,0.9843324250681199,30,2
RandomForest,per_class,NK,0.2983402489626556,0.9795640326975477,30,2
RandomForest,per_class,NK,0.31299212598425197,0.9747956403269755,30,2
RandomForest,per_class,NK,0.3265399587817724,0.9713896457765667,30,2
RandomForest,per_class,NK,0.3398174831892411,0.9638964577656676,30,2
RandomForest,per_class,NK,0.3558467741935484,0.9618528610354223,30,2
RandomForest,per_class,NK,0.3690288713910761,0.9577656675749319,30,2
RandomForest,per_class,NK,0.3824091778202677,0.9536784741144414,30,2
RandomForest,per_class,NK,0.3924229573084535,0.9455040871934605,30,2
RandomForest,per_class,NK,0.40309398715703443,0.9407356948228883,30,2
RandomForest,per_class,NK,0.4178876678876679,0.9325613079019074,30,2
RandomForest,per_class,NK,0.4274976511118071,0.9298365122615804,30,2
RandomForest,per_class,NK,0.43623514294892385,0.9250681198910081,30,2
RandomForest,per_class,NK,0.4497336884154461,0.920299727520436,30,2
RandomForest,per_class,NK,0.4639282015878495,0.9155313351498637,30,2
RandomForest,per_class,NK,0.4757006030507272,0.9134877384196185,30,2
RandomForest,per_class,NK,0.48702959444647426,0.9080381471389646,30,2
RandomForest,per_class,NK,0.4975517890772128,0.8998637602179836,30,2
RandomForest,per_class,NK,0.5122998828582584,0.8937329700272479,30,2
RandomForest,per_class,NK,0.5217216411906678,0.8835149863760218,30,2
RandomForest,per_class,NK,0.528759244042728,0.8767029972752044,30,2
RandomForest,per_class,NK,0.5411163187047294,0.8651226158038147,30,2
RandomForest,per_class,NK,0.5481901439162669,0.8562670299727521,30,2
RandomForest,per_class,NK,0.5570469798657718,0.8480926430517711,30,2
RandomForest,per_class,NK,0.5667737494263424,0.8412806539509536,30,2
RandomForest,per_class,NK,0.581151832460733,0.8317438692098093,30,2
RandomForest,per_class,NK,0.5913978494623656,0.8242506811989101,30,2
RandomForest,per_class,NK,0.6006021073758153,0.8153950953678474,30,2
RandomForest,per_class,NK,0.6094552929085303,0.8079019073569482,30,2
RandomForest,per_class,NK,0.6185676392572944,0.7942779291553134,30,2
RandomForest,per_class,NK,0.6282751091703057,0.7840599455040872,30,2
RandomForest,per_class,NK,0.6367713004484304,0.773841961852861,30,2
RandomForest,per_class,NK,0.6467889908256881,0.7683923705722071,30,2
RandomForest,per_class,NK,0.6549295774647887,0.7602179836512262,30,2
RandomForest,per_class,NK,0.6634499396863691,0.7493188010899182,30,2
RandomForest,per_class,NK,0.6743034055727554,0.7418256130790191,30,2
RandomForest,per_class,NK,0.6819047619047619,0.7316076294277929,30,2
RandomForest,per_class,NK,0.6936114732724902,0.7247956403269755,30,2
RandomForest,per_class,NK,0.6992031872509961,0.7173024523160763,30,2
RandomForest,per_class,NK,0.7053632043448744,0.7077656675749319,30,2
RandomForest,per_class,NK,0.7090277777777778,0.6955040871934605,30,2
RandomForest,per_class,NK,0.721030042918455,0.6866485013623979,30,2
RandomForest,per_class,NK,0.7300884955752213,0.6743869209809265,30,2
RandomForest,per_class,NK,0.7392966360856269,0.6587193460490464,30,2
RandomForest,per_class,NK,0.7458432304038005,0.6416893732970027,30,2
RandomForest,per_class,NK,0.7532679738562091,0.6280653950953679,30,2
RandomForest,per_class,NK,0.7604340567612687,0.6205722070844687,30,2
RandomForest,per_class,NK,0.7667238421955404,0.6089918256130791,30,2
RandomForest,per_class,NK,0.7743362831858407,0.5960490463215259,30,2
RandomForest,per_class,NK,0.7779799818016379,0.582425068119891,30,2
RandomForest,per_class,NK,0.7859848484848485,0.5653950953678474,30,2
RandomForest,per_class,NK,0.7884057971014493,0.555858310626703,30,2
RandomForest,per_class,NK,0.7961847389558233,0.5401907356948229,30,2
RandomForest,per_class,NK,0.8032955715756952,0.5313351498637602,30,2
RandomForest,per_class,NK,0.8108395324123273,0.5197547683923706,30,2
RandomForest,per_class,NK,0.8183807439824945,0.5095367847411444,30,2
RandomForest,per_class,NK,0.8275084554678692,0.5,30,2
RandomForest,per_class,NK,0.8372365339578455,0.48705722070844687,30,2
RandomForest,per_class,NK,0.8391777509068924,0.47275204359673023,30,2
RandomForest,per_class,NK,0.85,0.46321525885558584,30,2
RandomForest,per_class,NK,0.8538461538461538,0.4536784741144414,30,2
RandomForest,per_class,NK,0.8651535380507344,0.44141689373297005,30,2
RandomForest,per_class,NK,0.8751733703190014,0.4298365122615804,30,2
RandomForest,per_class,NK,0.883453237410072,0.41825613079019075,30,2
RandomForest,per_class,NK,0.8913690476190477,0.4080381471389646,30,2
RandomForest,per_class,NK,0.8906009244992296,0.39373297002724794,30,2
RandomForest,per_class,NK,0.8925750394944708,0.3848773841961853,30,2
RandomForest,per_class,NK,0.9032786885245901,0.3753405994550409,30,2
RandomForest,per_class,NK,0.9101694915254237,0.36580381471389645,30,2
RandomForest,per_class,NK,0.9222614840989399,0.3555858310626703,30,2
RandomForest,per_class,NK,0.9254545454545454,0.3467302452316076,30,2
RandomForest,per_class,NK,0.9281663516068053,0.33446866485013627,30,2
RandomForest,per_class,NK,0.9315068493150684,0.3242506811989101,30,2
RandomForest,per_class,NK,0.9393939393939394,0.3167574931880109,30,2
RandomForest,per_class,NK,0.9412997903563941,0.305858310626703,30,2
RandomForest,per_class,NK,0.9469026548672567,0.29155313351498635,30,2
RandomForest,per_class,NK,0.9494252873563218,0.28133514986376024,30,2
RandomForest,per_class,NK,0.9479905437352246,0.2731607629427793,30,2
RandomForest,per_class,NK,0.9503722084367245,0.2608991825613079,30,2
RandomForest,per_class,NK,0.9539641943734015,0.25408719346049047,30,2
RandomForest,per_class,NK,0.9532467532467532,0.25,30,2
RandomForest,per_class,NK,0.9521276595744681,0.2438692098092643,30,2
RandomForest,per_class,NK,0.953551912568306,0.23773841961852862,30,2
RandomForest,per_class,NK,0.9544159544159544,0.2282016348773842,30,2
RandomForest,per_class,NK,0.960960960960961,0.21798365122615804,30,2
RandomForest,per_class,NK,0.965625,0.21049046321525886,30,2
RandomForest,per_class,NK,0.9642857142857143,0.20231607629427792,30,2
RandomForest,per_class,NK,0.9630872483221476,0.1955040871934605,30,2
RandomForest,per_class,NK,0.9693877551020408,0.194141689373297,30,2
RandomForest,per_class,NK,0.971830985915493,0.1880108991825613,30,2
RandomForest,per_class,NK,0.9782608695652174,0.18392370572207084,30,2
RandomForest,per_class,NK,0.9771863117870723,0.17506811989100818,30,2
RandomForest,per_class,NK,0.9765625,0.17029972752043596,30,2
RandomForest,per_class,NK,0.9754098360655737,0.16212534059945505,30,2
RandomForest,per_class,NK,0.9782608695652174,0.15326975476839236,30,2
RandomForest,per_class,NK,0.9777777777777777,0.14986376021798364,30,2
RandomForest,per_class,NK,0.9770642201834863,0.14509536784741145,30,2
RandomForest,per_class,NK,0.9809523809523809,0.14032697547683923,30,2
RandomForest,per_class,NK,0.9801980198019802,0.13487738419618528,30,2
RandomForest,per_class,NK,0.984375,0.1287465940054496,30,2
RandomForest,per_class,NK,0.9832402234636871,0.11989100817438691,30,2
RandomForest,per_class,NK,0.9821428571428571,0.11239782016348773,30,2
RandomForest,per_class,NK,0.9815950920245399,0.10899182561307902,30,2
RandomForest,per_class,NK,0.9870967741935484,0.10422343324250681,30,2
RandomForest,per_class,NK,0.9862068965517241,0.09741144414168937,30,2
RandomForest,per_class,NK,0.9850746268656716,0.08991825613079019,30,2
RandomForest,per_class,NK,0.984251968503937,0.08514986376021798,30,2
RandomForest,per_class,NK,0.9826086956521739,0.07697547683923706,30,2
RandomForest,per_class,NK,0.9903846153846154,0.07016348773841961,30,2
RandomForest,per_class,NK,0.9896907216494846,0.0653950953678474,30,2
RandomForest,per_class,NK,1.0,0.06130790190735695,30,2
RandomForest,per_class,NK,1.0,0.05790190735694823,30,2
RandomForest,per_class,NK,1.0,0.05653950953678474,30,2
RandomForest,per_class,NK,1.0,0.05313351498637602,30,2
RandomForest,per_class,NK,1.0,0.0497275204359673,30,2
RandomForest,per_class,NK,1.0,0.04495912806539509,30,2
RandomForest,per_class,NK,1.0,0.043596730245231606,30,2
RandomForest,per_class,NK,1.0,0.03746594005449591,30,2
RandomForest,per_class,NK,1.0,0.03201634877384196,30,2
RandomForest,per_class,NK,1.0,0.02861035422343324,30,2
RandomForest,per_class,NK,1.0,0.02656675749318801,30,2
RandomForest,per_class,NK,1.0,0.02452316076294278,30,2
RandomForest,per_class,NK,1.0,0.02111716621253406,30,2
RandomForest,per_class,NK,1.0,0.01907356948228883,30,2
RandomForest,per_class,NK,1.0,0.01634877384196185,30,2
RandomForest,per_class,NK,1.0,0.014986376021798364,30,2
RandomForest,per_class,NK,1.0,0.013623978201634877,30,2
RandomForest,per_class,NK,1.0,0.01226158038147139,30,2
RandomForest,per_class,NK,1.0,0.010899182561307902,30,2
RandomForest,per_class,NK,1.0,0.010217983651226158,30,2
RandomForest,per_class,NK,1.0,0.008855585831062671,30,2
RandomForest,per_class,NK,1.0,0.007493188010899182,30,2
RandomForest,per_class,NK,1.0,0.006811989100817439,30,2
RandomForest,per_class,NK,1.0,0.005449591280653951,30,2
RandomForest,per_class,NK,1.0,0.004768392370572207,30,2
RandomForest,per_class,NK,1.0,0.004087193460490463,30,2
RandomForest,per_class,NK,1.0,0.0027247956403269754,30,2
RandomForest,per_class,NK,1.0,0.0020435967302452314,30,2
RandomForest,per_class,NK,1.0,0.0013623978201634877,30,2
RandomForest,per_class,NK,1.0,0.0006811989100817438,30,2
RandomForest,per_class,NK,1.0,0.0,30,2
RandomForest,per_class,Neutrophil,0.02393376469769707,1.0,30,2
RandomForest,per_class,Neutrophil,0.024718858908489922,1.0,30,2
RandomForest,per_class,Neutrophil,0.026446280991735537,1.0,30,2
RandomForest,per_class,Neutrophil,0.029371584699453553,1.0,30,2
RandomForest,per_class,Neutrophil,0.03367431843766825,1.0,30,2
RandomForest,per_class,Neutrophil,0.03980099502487562,1.0,30,2
RandomForest,per_class,Neutrophil,0.047103929891825276,1.0,30,2
RandomForest,per_class,Neutrophil,0.05600781504395962,1.0,30,2
RandomForest,per_class,Neutrophil,0.0662226083598803,0.997093023255814,30,2
RandomForest,per_class,Neutrophil,0.07741935483870968,0.9941860465116279,30,2
RandomForest,per_class,Neutrophil,0.08941176470588236,0.9941860465116279,30,2
RandomForest,per_class,Neutrophil,0.10185185185185185,0.9912790697674418,30,2
RandomForest,per_class,Neutrophil,0.11463785243964207,0.9869186046511628,30,2
RandomForest,per_class,Neutrophil,0.12661305404899945,0.9840116279069767,30,2
RandomForest,per_class,Neutrophil,0.13989637305699482,0.9811046511627907,30,2
RandomForest,per_class,Neutrophil,0.152124773960217,0.9781976744186046,30,2
RandomForest,per_class,Neutrophil,0.16413522782949536,0.9738372093023255,30,2
RandomForest,per_class,Neutrophil,0.17591375230081516,0.9723837209302325,30,2
RandomForest,per_class,Neutrophil,0.188135593220339,0.9680232558139535,30,2
RandomForest,per_class,Neutrophil,0.20012128562765313,0.9593023255813954,30,2
RandomForest,per_class,Neutrophil,0.21056,0.9563953488372093,30,2
RandomForest,per_class,Neutrophil,0.2235535775419377,0.9491279069767442,30,2
RandomForest,per_class,Neutrophil,0.235038084874864,0.9418604651162791,30,2
RandomForest,per_class,Neutrophil,0.24542682926829268,0.936046511627907,30,2
RandomForest,per_class,Neutrophil,0.25823293172690764,0.934593023255814,30,2
RandomForest,per_class,Neutrophil,0.27038445289395857,0.9302325581395349,30,2
RandomForest,per_class,Neutrophil,0.28160919540229884,0.9258720930232558,30,2
RandomForest,per_class,Neutrophil,0.2911683532658694,0.9200581395348837,30,2
RandomForest,per_class,Neutrophil,0.3021133525456292,0.9142441860465116,30,2
RandomForest,per_class,Neutrophil,0.31324701195219123,0.9142441860465116,30,2
RandomForest,per_class,Neutrophil,0.32318017552916883,0.9098837209302325,30,2
RandomForest,per_class,Neutrophil,0.3351235230934479,0.9069767441860465,30,2
RandomForest,per_class,Neutrophil,0.34675615212527966,0.9011627906976745,30,2
RandomForest,per_class,Neutrophil,0.35672853828306267,0.8938953488372093,30,2
RandomForest,per_class,Neutrophil,0.3704600484261501,0.8895348837209303,30,2
RandomForest,per_class,Neutrophil,0.3836477987421384,0.8866279069767442,30,2
RandomForest,per_class,Neutrophil,0.3936239427456083,0.8793604651162791,30,2
RandomForest,per_class,Neutrophil,0.40389784946236557,0.873546511627907,30,2
RandomForest,per_class,Neutrophil,0.4177746675997201,0.8677325581395349,30,2
RandomForest,per_class,Neutrophil,0.4290856731461483,0.8662790697674418,30,2
RandomForest,per_class,Neutrophil,0.4362962962962963,0.8561046511627907,30,2
RandomForest,per_class,Neutrophil,0.44614209320091675,0.8488372093023255,30,2
RandomForest,per_class,Neutrophil,0.45390625,0.8444767441860465,30,2
RandomForest,per_class,Neutrophil,0.46468699839486355,0.8415697674418605,30,2
RandomForest,per_class,Neutrophil,0.47642679900744417,0.8372093023255814,30,2
RandomForest,per_class,Neutrophil,0.4822934232715008,0.8313953488372093,30,2
RandomForest,per_class,Neutrophil,0.4922145328719723,0.8270348837209303,30,2
RandomForest,per_class,Neutrophil,0.4995579133510168,0.8212209302325582,30,2
RandomForest,per_class,Neutrophil,0.5077062556663645,0.813953488372093,30,2
RandomForest,per_class,Neutrophil,0.5153488372093024,0.8052325581395349,30,2
RandomForest,per_class,Neutrophil,0.5224450811843362,0.7950581395348837,30,2
RandomForest,per_class,Neutrophil,0.5334645669291339,0.7877906976744186,30,2
RandomForest,per_class,Neutrophil,0.5359281437125748,0.7805232558139535,30,2
RandomForest,per_class,Neutrophil,0.5407331975560081,0.7718023255813954,30,2
RandomForest,per_class,Neutrophil,0.5480167014613778,0.7630813953488372,30,2
RandomForest,per_class,Neutrophil,0.5553168635875403,0.751453488372093,30,2
RandomForest,per_class,Neutrophil,0.5640176600441501,0.7427325581395349,30,2
RandomForest,per_class,Neutrophil,0.5728813559322034,0.7369186046511628,30,2
RandomForest,per_class,Neutrophil,0.5752314814814815,0.7223837209302325,30,2
RandomForest,per_class,Neutrophil,0.5857142857142857,0.7151162790697675,30,2
RandomForest,per_class,Neutrophil,0.5890243902439024,0.7020348837209303,30,2
RandomForest,per_class,Neutrophil,0.5947302383939774,0.688953488372093,30,2
RandomForest,per_class,Neutrophil,0.6018041237113402,0.6787790697674418,30,2
RandomForest,per_class,Neutrophil,0.609271523178808,0.6686046511627907,30,2
RandomForest,per_class,Neutrophil,0.6102841677943166,0.6555232558139535,30,2
RandomForest,per_class,Neutrophil,0.6174033149171271,0.6497093023255814,30,2
RandomForest,per_class,Neutrophil,0.6221910112359551,0.6438953488372093,30,2
RandomForest,per_class,Neutrophil,0.630057803468208,0.6337209302325582,30,2
RandomForest,per_class,Neutrophil,0.6358296622613803,0.6293604651162791,30,2
RandomForest,per_class,Neutrophil,0.6396396396396397,0.6191860465116279,30,2
RandomForest,per_class,Neutrophil,0.6496913580246914,0.6119186046511628,30,2
RandomForest,per_class,Neutrophil,0.6519685039370079,0.6017441860465116,30,2
RandomForest,per_class,Neutrophil,0.6612903225806451,0.5959302325581395,30,2
RandomForest,per_class,Neutrophil,0.6694214876033058,0.5886627906976745,30,2
RandomForest,per_class,Neutrophil,0.6825938566552902,0.5813953488372093,30,2
RandomForest,per_class,Neutrophil,0.6896551724137931,0.5813953488372093,30,2
RandomForest,per_class,Neutrophil,0.6929824561403509,0.5741279069767442,30,2
RandomForest,per_class,Neutrophil,0.7009174311926606,0.5552325581395349,30,2
RandomForest,per_class,Neutrophil,0.7124060150375939,0.5508720930232558,30,2
RandomForest,per_class,Neutrophil,0.7159309021113244,0.5421511627906976,30,2
RandomForest,per_class,Neutrophil,0.7256461232604374,0.5305232558139535,30,2
RandomForest,per_class,Neutrophil,0.7396694214876033,0.5203488372093024,30,2
RandomForest,per_class,Neutrophil,0.7440860215053764,0.502906976744186,30,2
RandomForest,per_class,Neutrophil,0.7450549450549451,0.49273255813953487,30,2
RandomForest,per_class,Neutrophil,0.7567567567567568,0.4883720930232558,30,2
RandomForest,per_class,Neutrophil,0.7592592592592593,0.47674418604651164,30,2
RandomForest,per_class,Neutrophil,0.7695961995249406,0.47093023255813954,30,2
RandomForest,per_class,Neutrophil,0.7753086419753087,0.4563953488372093,30,2
RandomForest,per_class,Neutrophil,0.7791878172588832,0.44622093023255816,30,2
RandomForest,per_class,Neutrophil,0.783641160949868,0.4316860465116279,30,2
RandomForest,per_class,Neutrophil,0.7956403269754768,0.42441860465116277,30,2
RandomForest,per_class,Neutrophil,0.7966101694915254,0.40988372093023256,30,2
RandomForest,per_class,Neutrophil,0.8088235294117647,0.3997093023255814,30,2
RandomForest,per_class,Neutrophil,0.8108108108108109,0.39244186046511625,30,2
RandomForest,per_class,Neutrophil,0.8111455108359134,0.3808139534883721,30,2
RandomForest,per_class,Neutrophil,0.832258064516129,0.375,30,2
RandomForest,per_class,Neutrophil,0.8471760797342193,0.3706395348837209,30,2
RandomForest,per_class,Neutrophil,0.8551724137931035,0.36046511627906974,30,2
RandomForest,per_class,Neutrophil,0.8566308243727598,0.34738372093023256,30,2
RandomForest,per_class,Neutrophil,0.8597785977859779,0.3386627906976744,30,2
RandomForest,per_class,Neutrophil,0.8712121212121212,0.33430232558139533,30,2
RandomForest,per_class,Neutrophil,0.875,0.32558139534883723,30,2
RandomForest,per_class,Neutrophil,0.888,0.3226744186046512,30,2
RandomForest,per_class,Neutrophil,0.889795918367347,0.3168604651162791,30,2
RandomForest,per_class,Neutrophil,0.8962655601659751,0.313953488372093,30,2
RandomForest,per_class,Neutrophil,0.9012875536480687,0.30523255813953487,30,2
RandomForest,per_class,Neutrophil,0.9070796460176991,0.29796511627906974,30,2
RandomForest,per_class,Neutrophil,0.9120370370370371,0.2863372093023256,30,2
RandomForest,per_class,Neutrophil,0.9271844660194175,0.27761627906976744,30,2
RandomForest,per_class,Neutrophil,0.9289340101522843,0.26598837209302323,30,2
RandomForest,per_class,Neutrophil,0.9421052631578948,0.2601744186046512,30,2
RandomForest,per_class,Neutrophil,0.9565217391304348,0.2558139534883721,30,2
RandomForest,per_class,Neutrophil,0.9611111111111111,0.251453488372093,30,2
RandomForest,per_class,Neutrophil,0.96045197740113,0.24709302325581395,30,2
RandomForest,per_class,Neutrophil,0.96,0.2441860465116279,30,2
RandomForest,per_class,Neutrophil,0.9642857142857143,0.23546511627906977,30,2
RandomForest,per_class,Neutrophil,0.968944099378882,0.22674418604651161,30,2
RandomForest,per_class,Neutrophil,0.9681528662420382,0.22093023255813954,30,2
RandomForest,per_class,Neutrophil,0.9666666666666667,0.21075581395348839,30,2
RandomForest,per_class,Neutrophil,0.9655172413793104,0.20348837209302326,30,2
RandomForest,per_class,Neutrophil,0.9652777777777778,0.20203488372093023,30,2
RandomForest,per_class,Neutrophil,0.9716312056737588,0.19912790697674418,30,2
RandomForest,per_class,Neutrophil,0.9705882352941176,0.19186046511627908,30,2
RandomForest,per_class,Neutrophil,0.96875,0.18023255813953487,30,2
RandomForest,per_class,Neutrophil,0.967741935483871,0.1744186046511628,30,2
RandomForest,per_class,Neutrophil,0.975,0.17005813953488372,30,2
RandomForest,per_class,Neutrophil,0.9736842105263158,0.1613372093023256,30,2
RandomForest,per_class,Neutrophil,0.9727272727272728,0.1555232558139535,30,2
RandomForest,per_class,Neutrophil,0.9705882352941176,0.1438953488372093,30,2
RandomForest,per_class,Neutrophil,0.979381443298969,0.1380813953488372,30,2
RandomForest,per_class,Neutrophil,0.9782608695652174,0.1308139534883721,30,2
RandomForest,per_class,Neutrophil,0.9770114942528736,0.12354651162790697,30,2
RandomForest,per_class,Neutrophil,0.9879518072289156,0.11918604651162791,30,2
RandomForest,per_class,Neutrophil,0.9875,0.11482558139534883,30,2
RandomForest,per_class,Neutrophil,0.9866666666666667,0.10755813953488372,30,2
RandomForest,per_class,Neutrophil,0.9855072463768116,0.09883720930232558,30,2
RandomForest,per_class,Neutrophil,0.9841269841269841,0.09011627906976744,30,2
RandomForest,per_class,Neutrophil,0.9830508474576272,0.08430232558139535,30,2
RandomForest,per_class,Neutrophil,0.9824561403508771,0.08139534883720931,30,2
RandomForest,per_class,Neutrophil,0.9818181818181818,0.07848837209302326,30,2
RandomForest,per_class,Neutrophil,1.0,0.0755813953488372,30,2
RandomForest,per_class,Neutrophil,1.0,0.07267441860465117,30,2
RandomForest,per_class,Neutrophil,1.0,0.06395348837209303,30,2
RandomForest,per_class,Neutrophil,1.0,0.056686046511627904,30,2
RandomForest,per_class,Neutrophil,1.0,0.05232558139534884,30,2
RandomForest,per_class,Neutrophil,1.0,0.046511627906976744,30,2
RandomForest,per_class,Neutrophil,1.0,0.04505813953488372,30,2
RandomForest,per_class,Neutrophil,1.0,0.03924418604651163,30,2
RandomForest,per_class,Neutrophil,1.0,0.0377906976744186,30,2
RandomForest,per_class,Neutrophil,1.0,0.03488372093023256,30,2
RandomForest,per_class,Neutrophil,1.0,0.03197674418604651,30,2
RandomForest,per_class,Neutrophil,1.0,0.02616279069767442,30,2
RandomForest,per_class,Neutrophil,1.0,0.02180232558139535,30,2
RandomForest,per_class,Neutrophil,1.0,0.01744186046511628,30,2
RandomForest,per_class,Neutrophil,1.0,0.014534883720930232,30,2
RandomForest,per_class,Neutrophil,1.0,0.011627906976744186,30,2
RandomForest,per_class,Neutrophil,1.0,0.010174418604651164,30,2
RandomForest,per_class,Neutrophil,1.0,0.00872093023255814,30,2
RandomForest,per_class,Neutrophil,1.0,0.005813953488372093,30,2
RandomForest,per_class,Neutrophil,1.0,0.0014534883720930232,30,2
RandomForest,per_class,Neutrophil,1.0,0.0,30,2
RandomForest,per_class,Other,0.03551798511097196,1.0,30,2
RandomForest,per_class,Other,0.0393093880067828,0.9990205680705191,30,2
RandomForest,per_class,Other,0.04500728058950713,0.9990205680705191,30,2
RandomForest,per_class,Other,0.05141012057918369,0.9980411361410382,30,2
RandomForest,per_class,Other,0.05857282727639233,0.9960822722820764,30,2
RandomForest,per_class,Other,0.06574864235841738,0.9960822722820764,30,2
RandomForest,per_class,Other,0.07337192474674385,0.9931439764936337,30,2
RandomForest,per_class,Other,0.08112649011920954,0.9931439764936337,30,2
RandomForest,per_class,Other,0.08880682317770157,0.9892262487757101,30,2
RandomForest,per_class,Other,0.09624749355485535,0.9872673849167483,30,2
RandomForest,per_class,Other,0.10429193448061373,0.9853085210577864,30,2
RandomForest,per_class,Other,0.11241742246109059,0.9833496571988247,30,2
RandomForest,per_class,Other,0.12110977080820265,0.9833496571988247,30,2
RandomForest,per_class,Other,0.1296128447494497,0.980411361410382,30,2
RandomForest,per_class,Other,0.1377551020408163,0.9784524975514202,30,2
RandomForest,per_class,Other,0.14504373177842567,0.9745347698334965,30,2
RandomForest,per_class,Other,0.15387001706219947,0.9715964740450539,30,2
RandomForest,per_class,Other,0.16231741342524209,0.9686581782566112,30,2
RandomForest,per_class,Other,0.17103663830526133,0.9647404505386875,30,2
RandomForest,per_class,Other,0.1795761782974059,0.9627815866797258,30,2
RandomForest,per_class,Other,0.18795550441120062,0.9598432908912831,30,2
RandomForest,per_class,Other,0.19745608721986674,0.9578844270323212,30,2
RandomForest,per_class,Other,0.20604395604395603,0.9549461312438785,30,2
RandomForest,per_class,Other,0.21474288236592365,0.9529872673849168,30,2
RandomForest,per_class,Other,0.2225539733578319,0.9490695396669931,30,2
RandomForest,per_class,Other,0.22855100095328884,0.9392752203721841,30,2
RandomForest,per_class,Other,0.23565776458951534,0.9333986287952988,30,2
RandomForest,per_class,Other,0.243946419371458,0.9275220372184133,30,2
RandomForest,per_class,Other,0.24973347547974414,0.9177277179236043,30,2
RandomForest,per_class,Other,0.2576008844665561,0.9128305582761999,30,2
RandomForest,per_class,Other,0.26760969976905313,0.9079333986287953,30,2
RandomForest,per_class,Other,0.27588270496708556,0.9030362389813908,30,2
RandomForest,per_class,Other,0.2828033343624575,0.8971596474045054,30,2
RandomForest,per_class,Other,0.2900254129606099,0.8942213516160626,30,2
RandomForest,per_class,Other,0.2985516787360105,0.8883447600391773,30,2
RandomForest,per_class,Other,0.3076923076923077,0.881488736532811,30,2
RandomForest,per_class,Other,0.3134223471539002,0.8736532810969637,30,2
RandomForest,per_class,Other,0.32078204199855176,0.8677766895200784,30,2
RandomForest,per_class,Other,0.32649253731343286,0.8570029382957884,30,2
RandomForest,per_class,Other,0.332312404287902,0.8501469147894222,30,2
RandomForest,per_class,Other,0.3388560157790927,0.8413320274240941,30,2
RandomForest,per_class,Other,0.34579439252336447,0.8334965719882468,30,2
RandomForest,per_class,Other,0.35328345802161265,0.8325171400587659,30,2
RandomForest,per_class,Other,0.35887611749680715,0.8256611165523996,30,2
RandomForest,per_class,Other,0.3660130718954248,0.8227228207639569,30,2
RandomForest,per_class,Other,0.37276785714285715,0.8178256611165524,30,2
RandomForest,per_class,Other,0.3815668202764977,0.8109696376101861,30,2
RandomForest,per_class,Other,0.3882853094000945,0.8050930460333007,30,2
RandomForest,per_class,Other,0.39332365747460085,0.7962781586679726,30,2
RandomForest,per_class,Other,0.3995049504950495,0.7904015670910872,30,2
RandomForest,per_class,Other,0.4083930399181167,0.781586679725759,30,2
RandomForest,per_class,Other,0.41478762454116413,0.7747306562193927,30,2
RandomForest,per_class,Other,0.4197002141327623,0.7678746327130265,30,2
RandomForest,per_class,Other,0.4258241758241758,0.7590597453476984,30,2
RandomForest,per_class,Other,0.4338235294117647,0.7512242899118511,30,2
RandomForest,per_class,Other,0.4391657010428737,0.742409402546523,30,2
RandomForest,per_class,Other,0.44477434679334915,0.7335945151811949,30,2
RandomForest,per_class,Other,0.4530587522713507,0.732615083251714,30,2
RandomForest,per_class,Other,0.458975940777298,0.7286973555337904,30,2
RandomForest,per_class,Other,0.465615141955836,0.722820763956905,30,2
RandomForest,per_class,Other,0.4743339831059129,0.7149853085210578,30,2
RandomForest,per_class,Other,0.47808764940239046,0.7051909892262488,30,2
RandomForest,per_class,Other,0.4817320703653586,0.6973555337904016,30,2
RandomForest,per_class,Other,0.4878724878724879,0.6895200783545543,30,2
RandomForest,per_class,Other,0.4957142857142857,0.6797257590597453,30,2
RandomForest,per_class,Other,0.5033112582781457,0.6699314397649363,30,2
RandomForest,per_class,Other,0.5089955022488756,0.6650342801175319,30,2
RandomForest,per_class,Other,0.5178018575851393,0.6552399608227228,30,2
RandomForest,per_class,Other,0.5202220459952419,0.6425073457394711,30,2
RandomForest,per_class,Other,0.5250403877221325,0.6366307541625857,30,2
RandomForest,per_class,Other,0.5285359801488834,0.6258570029382958,30,2
RandomForest,per_class,Other,0.5393162393162393,0.6180215475024485,30,2
RandomForest,per_class,Other,0.5430809399477807,0.6111655239960823,30,2
RandomForest,per_class,Other,0.5538599640933572,0.604309500489716,30,2
RandomForest,per_class,Other,0.5605504587155963,0.5984329089128305,30,2
RandomForest,per_class,Other,0.5614525139664804,0.5905974534769833,30,2
RandomForest,per_class,Other,0.5663801337153773,0.5808031341821743,30,2
RandomForest,per_class,Other,0.5717073170731707,0.5739471106758081,30,2
RandomForest,per_class,Other,0.5794205794205795,0.5680705190989226,30,2
RandomForest,per_class,Other,0.5826530612244898,0.5592556317335945,30,2
RandomForest,per_class,Other,0.5822130299896587,0.5514201762977473,30,2
RandomForest,per_class,Other,0.5912951167728238,0.545543584720862,30,2
RandomForest,per_class,Other,0.5920344456404736,0.5386875612144956,30,2
RandomForest,per_class,Other,0.5971302428256071,0.5298726738491675,30,2
RandomForest,per_class,Other,0.6040494938132733,0.5259549461312438,30,2
RandomForest,per_class,Other,0.6071019473081328,0.5190989226248776,30,2
RandomForest,per_class,Other,0.6082352941176471,0.5063663075416258,30,2
RandomForest,per_class,Other,0.6123188405797102,0.49657198824681686,30,2
RandomForest,per_class,Other,0.6183395291201983,0.4887365328109696,30,2
RandomForest,per_class,Other,0.6259541984732825,0.48188050930460335,30,2
RandomForest,per_class,Other,0.6328947368421053,0.47110675808031344,30,2
RandomForest,per_class,Other,0.6389261744966444,0.46620959843290893,30,2
RandomForest,per_class,Other,0.6513888888888889,0.4593535749265426,30,2
RandomForest,per_class,Other,0.6633093525179856,0.4515181194906954,30,2
RandomForest,per_class,Other,0.6696296296296296,0.4427032321253673,30,2
RandomForest,per_class,Other,0.675187969924812,0.4397649363369246,30,2
RandomForest,per_class,Other,0.6882716049382716,0.43682664054848186,30,2
RandomForest,per_class,Other,0.694620253164557,0.4299706170421156,30,2
RandomForest,per_class,Other,0.7008130081300813,0.42213516160626835,30,2
RandomForest,per_class,Other,0.7052980132450332,0.41723800195886385,30,2
RandomForest,per_class,Other,0.7174657534246576,0.4103819784524976,30,2
RandomForest,per_class,Other,0.7296819787985865,0.40450538687561216,30,2
RandomForest,per_class,Other,0.7316176470588235,0.38981390793339865,30,2
RandomForest,per_class,Other,0.7372400756143668,0.3819784524975514,30,2
RandomForest,per_class,Other,0.746615087040619,0.3780607247796278,30,2
RandomForest,per_class,Other,0.753968253968254,0.3721841332027424,30,2
RandomForest,per_class,Other,0.7560483870967742,0.3672869735553379,30,2
RandomForest,per_class,Other,0.7536534446764092,0.3535749265426053,30,2
RandomForest,per_class,Other,0.7685589519650655,0.34476003917727716,30,2
RandomForest,per_class,Other,0.7685393258426966,0.33496571988246815,30,2
RandomForest,per_class,Other,0.7731481481481481,0.32713026444662097,30,2
RandomForest,per_class,Other,0.7759036144578313,0.31537708129285014,30,2
RandomForest,per_class,Other,0.7830423940149626,0.30754162585700295,30,2
RandomForest,per_class,Other,0.7840616966580977,0.2987267384916748,30,2
RandomForest,per_class,Other,0.7877984084880637,0.2908912830558276,30,2
RandomForest,per_class,Other,0.7932960893854749,0.2781586679725759,30,2
RandomForest,per_class,Other,0.7981927710843374,0.2595494613124388,30,2
RandomForest,per_class,Other,0.8025078369905956,0.2507345739471107,30,2
RandomForest,per_class,Other,0.8137254901960784,0.24387855044074436,30,2
RandomForest,per_class,Other,0.8116438356164384,0.23212536728697356,30,2
RandomForest,per_class,Other,0.8214285714285714,0.22526934378060726,30,2
RandomForest,per_class,Other,0.8302583025830258,0.22037218413320275,30,2
RandomForest,per_class,Other,0.8379446640316206,0.20763956904995104,30,2
RandomForest,per_class,Other,0.8432203389830508,0.19490695396669933,30,2
RandomForest,per_class,Other,0.8546255506607929,0.19000979431929482,30,2
RandomForest,per_class,Other,0.8486238532110092,0.1811949069539667,30,2
RandomForest,per_class,Other,0.855072463768116,0.1733594515181195,30,2
RandomForest,per_class,Other,0.8578947368421053,0.15964740450538686,30,2
RandomForest,per_class,Other,0.8777777777777778,0.15475024485798236,30,2
RandomForest,per_class,Other,0.8869047619047619,0.14593535749265427,30,2
RandomForest,per_class,Other,0.8841463414634146,0.14201762977473065,30,2
RandomForest,per_class,Other,0.8954248366013072,0.13418217433888344,30,2
RandomForest,per_class,Other,0.9097222222222222,0.12830558276199805,30,2
RandomForest,per_class,Other,0.8968253968253969,0.11067580803134182,30,2
RandomForest,per_class,Other,0.8888888888888888,0.10186092066601371,30,2
RandomForest,per_class,Other,0.8867924528301887,0.0920666013712047,30,2
RandomForest,per_class,Other,0.9157894736842105,0.08521057786483839,30,2
RandomForest,per_class,Other,0.9111111111111111,0.08031341821743389,30,2
RandomForest,per_class,Other,0.9204545454545454,0.07933398628795299,30,2
RandomForest,per_class,Other,0.925,0.07247796278158668,30,2
RandomForest,per_class,Other,0.9342105263157895,0.06953966699314397,30,2
RandomForest,per_class,Other,0.927536231884058,0.06268364348677767,30,2
RandomForest,per_class,Other,0.9365079365079365,0.05778648383937316,30,2
RandomForest,per_class,Other,0.9298245614035088,0.05190989226248776,30,2
RandomForest,per_class,Other,0.9423076923076923,0.047992164544564155,30,2
RandomForest,per_class,Other,0.9361702127659575,0.043095004897159644,30,2
RandomForest,per_class,Other,0.9512195121951219,0.03819784524975514,30,2
RandomForest,per_class,Other,0.9722222222222222,0.034280117531831536,30,2
RandomForest,per_class,Other,0.9696969696969697,0.031341821743388835,30,2
RandomForest,per_class,Other,0.9666666666666667,0.02840352595494613,30,2
RandomForest,per_class,Other,0.9642857142857143,0.02644466209598433,30,2
RandomForest,per_class,Other,0.9629629629629629,0.025465230166503428,30,2
RandomForest,per_class,Other,0.96,0.023506366307541625,30,2
RandomForest,per_class,Other,0.9523809523809523,0.019588638589618023,30,2
RandomForest,per_class,Other,1.0,0.015670910871694418,30,2
RandomForest,per_class,Other,1.0,0.009794319294809012,30,2
RandomForest,per_class,Other,1.0,0.007835455435847209,30,2
RandomForest,per_class,Other,1.0,0.005876591576885406,30,2
RandomForest,per_class,Other,1.0,0.004897159647404506,30,2
RandomForest,per_class,Other,1.0,0.0039177277179236044,30,2
RandomForest,per_class,Other,1.0,0.002938295788442703,30,2
RandomForest,per_class,Other,1.0,0.0019588638589618022,30,2
RandomForest,per_class,Other,1.0,0.0009794319294809011,30,2
RandomForest,per_class,Other,1.0,0.0,30,2
RandomForest,per_class,Treg,0.023342378069992346,1.0,30,2
RandomForest,per_class,Treg,0.02635610196786991,1.0,30,2
RandomForest,per_class,Treg,0.030432219148260692,1.0,30,2
RandomForest,per_class,Treg,0.03492560689115114,0.9970193740685543,30,2
RandomForest,per_class,Treg,0.0398427729140611,0.9970193740685543,30,2
RandomForest,per_class,Treg,0.04483221476510067,0.9955290611028316,30,2
RandomForest,per_class,Treg,0.04980243047789458,0.9955290611028316,30,2
RandomForest,per_class,Treg,0.05498847546921304,0.9955290611028316,30,2
RandomForest,per_class,Treg,0.06048240841494378,0.9940387481371088,30,2
RandomForest,per_class,Treg,0.06570781203822283,0.9940387481371088,30,2
RandomForest,per_class,Treg,0.07196029776674938,0.9940387481371088,30,2
RandomForest,per_class,Treg,0.07773109243697479,0.992548435171386,30,2
RandomForest,per_class,Treg,0.0835637094747424,0.9910581222056631,30,2
RandomForest,per_class,Treg,0.08971760572895554,0.9895678092399404,30,2
RandomForest,per_class,Treg,0.09560201874549387,0.9880774962742176,30,2
RandomForest,per_class,Treg,0.10252048863460646,0.9880774962742176,30,2
RandomForest,per_class,Treg,0.11009631351710396,0.9880774962742176,30,2
RandomForest,per_class,Treg,0.11828724353256022,0.9880774962742176,30,2
RandomForest,per_class,Treg,0.12549914432401596,0.9836065573770492,30,2
RandomForest,per_class,Treg,0.13403951925035648,0.9806259314456036,30,2
RandomForest,per_class,Treg,0.1427637314734089,0.9761549925484352,30,2
RandomForest,per_class,Treg,0.15234102026554858,0.9746646795827124,30,2
RandomForest,per_class,Treg,0.16168108776266996,0.9746646795827124,30,2
RandomForest,per_class,Treg,0.17029080429656798,0.9687034277198212,30,2
RandomForest,per_class,Treg,0.1781767955801105,0.9612518628912071,30,2
RandomForest,per_class,Treg,0.18836320893329414,0.9552906110283159,30,2
RandomForest,per_class,Treg,0.1973358116480793,0.9493293591654247,30,2
RandomForest,per_class,Treg,0.20800524934383202,0.9448584202682563,30,2
RandomForest,per_class,Treg,0.2171349288935137,0.9329359165424739,30,2
RandomForest,per_class,Treg,0.22795462861324553,0.9284649776453056,30,2
RandomForest,per_class,Treg,0.23908845113943608,0.9225037257824144,30,2
RandomForest,per_class,Treg,0.24878444084278767,0.9150521609538003,30,2
RandomForest,per_class,Treg,0.25825571549534293,0.9090909090909091,30,2
RandomForest,per_class,Treg,0.2695729537366548,0.9031296572280179,30,2
RandomForest,per_class,Treg,0.27909133055169216,0.8971684053651267,30,2
RandomForest,per_class,Treg,0.2897919690372521,0.8926974664679582,30,2
RandomForest,per_class,Treg,0.30015082956259426,0.8897168405365127,30,2
RandomForest,per_class,Treg,0.30885416666666665,0.8837555886736215,30,2
RandomForest,per_class,Treg,0.3168103448275862,0.8763040238450075,30,2
RandomForest,per_class,Treg,0.32624510352546165,0.8688524590163934,30,2
RandomForest,per_class,Treg,0.33391506689936007,0.8554396423248882,30,2
RandomForest,per_class,Treg,0.34339167169583584,0.8479880774962743,30,2
RandomForest,per_class,Treg,0.3497506234413965,0.8360655737704918,30,2
RandomForest,per_class,Treg,0.35958683021304066,0.8301043219076006,30,2
RandomForest,per_class,Treg,0.3671562082777036,0.819672131147541,30,2
RandomForest,per_class,Treg,0.37397260273972605,0.8137108792846498,30,2
RandomForest,per_class,Treg,0.38330975954738333,0.8077496274217586,30,2
RandomForest,per_class,Treg,0.39057971014492754,0.8032786885245902,30,2
RandomForest,per_class,Treg,0.3967310549777117,0.7958271236959762,30,2
RandomForest,per_class,Treg,0.4025974025974026,0.7853949329359166,30,2
RandomForest,per_class,Treg,0.4097978227060653,0.7853949329359166,30,2
RandomForest,per_class,Treg,0.4198717948717949,0.7809239940387481,30,2
RandomForest,per_class,Treg,0.42295081967213116,0.7690014903129657,30,2
RandomForest,per_class,Treg,0.4308600337268128,0.7615499254843517,30,2
RandomForest,per_class,Treg,0.43717728055077454,0.7570789865871833,30,2
RandomForest,per_class,Treg,0.44778761061946903,0.7540983606557377,30,2
RandomForest,per_class,Treg,0.4548736462093863,0.7511177347242921,30,2
RandomForest,per_class,Treg,0.46111111111111114,0.7421758569299552,30,2
RandomForest,per_class,Treg,0.46522556390977443,0.7377049180327869,30,2
RandomForest,per_class,Treg,0.46749521988527726,0.7287630402384501,30,2
RandomForest,per_class,Treg,0.47322297955209347,0.7242921013412816,30,2
RandomForest,per_class,Treg,0.48059701492537316,0.7198211624441133,30,2
RandomForest,per_class,Treg,0.4844221105527638,0.7183308494783904,30,2
RandomForest,per_class,Treg,0.49229188078108943,0.713859910581222,30,2
RandomForest,per_class,Treg,0.5005268703898841,0.7078986587183308,30,2
RandomForest,per_class,Treg,0.5075431034482759,0.7019374068554396,30,2
RandomForest,per_class,Treg,0.5103825136612021,0.6959761549925484,30,2
RandomForest,per_class,Treg,0.5144766146993318,0.6885245901639344,30,2
RandomForest,per_class,Treg,0.5215419501133787,0.6855439642324889,30,2
RandomForest,per_class,Treg,0.52479815455594,0.6780923994038748,30,2
RandomForest,per_class,Treg,0.5305882352941177,0.6721311475409836,30,2
RandomForest,per_class,Treg,0.5365269461077844,0.6676602086438153,30,2
RandomForest,per_class,Treg,0.5362318840579711,0.6616989567809239,30,2
RandomForest,per_class,Treg,0.5439900867410161,0.65424739195231,30,2
RandomForest,per_class,Treg,0.5503778337531486,0.6512667660208644,30,2
RandomForest,per_class,Treg,0.5552699228791774,0.6438152011922503,30,2
RandomForest,per_class,Treg,0.5591677503250976,0.6408345752608048,30,2
RandomForest,per_class,Treg,0.5636604774535809,0.6333830104321908,30,2
RandomForest,per_class,Treg,0.5685483870967742,0.6304023845007451,30,2
RandomForest,per_class,Treg,0.5753424657534246,0.6259314456035767,30,2
RandomForest,per_class,Treg,0.579750346740638,0.6229508196721312,30,2
RandomForest,per_class,Treg,0.5862552594670407,0.6229508196721312,30,2
RandomForest,per_class,Treg,0.5937052932761088,0.6184798807749627,30,2
RandomForest,per_class,Treg,0.5985507246376811,0.6154992548435171,30,2
RandomForest,per_class,Treg,0.6079881656804734,0.6125186289120715,30,2
RandomForest,per_class,Treg,0.6160849772382397,0.6050670640834576,30,2
RandomForest,per_class,Treg,0.6211656441717791,0.6035767511177347,30,2
RandomForest,per_class,Treg,0.6277258566978193,0.6005961251862891,30,2
RandomForest,per_class,Treg,0.6329113924050633,0.5961251862891207,30,2
RandomForest,per_class,Treg,0.6435483870967742,0.5946348733233979,30,2
RandomForest,per_class,Treg,0.6476345840130505,0.5916542473919523,30,2
RandomForest,per_class,Treg,0.653910149750416,0.5856929955290611,30,2
RandomForest,per_class,Treg,0.6604414261460102,0.5797317436661699,30,2
RandomForest,per_class,Treg,0.6655231560891939,0.5782414307004471,30,2
RandomForest,per_class,Treg,0.6649395509499136,0.5737704918032787,30,2
RandomForest,per_class,Treg,0.6736842105263158,0.5722801788375559,30,2
RandomForest,per_class,Treg,0.676678445229682,0.5707898658718331,30,2
RandomForest,per_class,Treg,0.6870503597122302,0.5692995529061102,30,2
RandomForest,per_class,Treg,0.6961325966850829,0.563338301043219,30,2
RandomForest,per_class,Treg,0.7033582089552238,0.5618479880774963,30,2
RandomForest,per_class,Treg,0.7069943289224953,0.5573770491803278,30,2
RandomForest,per_class,Treg,0.7066666666666667,0.5529061102831595,30,2
RandomForest,per_class,Treg,0.7123552123552124,0.5499254843517138,30,2
RandomForest,per_class,Treg,0.71875,0.5484351713859911,30,2
RandomForest,per_class,Treg,0.7170923379174853,0.5439642324888226,30,2
RandomForest,per_class,Treg,0.7211155378486056,0.5394932935916542,30,2
RandomForest,per_class,Treg,0.7272727272727273,0.5365126676602087,30,2
RandomForest,per_class,Treg,0.7360824742268042,0.5320417287630402,30,2
RandomForest,per_class,Treg,0.7379454926624738,0.5245901639344263,30,2
RandomForest,per_class,Treg,0.7451403887688985,0.5141579731743666,30,2
RandomForest,per_class,Treg,0.7521929824561403,0.511177347242921,30,2
RandomForest,per_class,Treg,0.7629796839729119,0.503725782414307,30,2
RandomForest,per_class,Treg,0.7643020594965675,0.4977645305514158,30,2
RandomForest,per_class,Treg,0.7733644859813084,0.4932935916542474,30,2
RandomForest,per_class,Treg,0.7708830548926014,0.481371087928465,30,2
RandomForest,per_class,Treg,0.7785888077858881,0.47690014903129657,30,2
RandomForest,per_class,Treg,0.7857142857142857,0.47540983606557374,30,2
RandomForest,per_class,Treg,0.7984886649874056,0.47242921013412814,30,2
RandomForest,per_class,Treg,0.8076923076923077,0.46944858420268254,30,2
RandomForest,per_class,Treg,0.8116710875331565,0.45603576751117736,30,2
RandomForest,per_class,Treg,0.8157181571815718,0.4485842026825633,30,2
RandomForest,per_class,Treg,0.8209366391184573,0.44411326378539495,30,2
RandomForest,per_class,Treg,0.8268156424581006,0.44113263785394935,30,2
RandomForest,per_class,Treg,0.8318840579710145,0.4277198211624441,30,2
RandomForest,per_class,Treg,0.8313609467455622,0.4187779433681073,30,2
RandomForest,per_class,Treg,0.8440366972477065,0.4113263785394933,30,2
RandomForest,per_class,Treg,0.846875,0.4038748137108793,30,2
RandomForest,per_class,Treg,0.853035143769968,0.3979135618479881,30,2
RandomForest,per_class,Treg,0.8491803278688524,0.3859910581222057,30,2
RandomForest,per_class,Treg,0.852233676975945,0.36959761549925485,30,2
RandomForest,per_class,Treg,0.8718861209964412,0.3651266766020864,30,2
RandomForest,per_class,Treg,0.8754716981132076,0.34575260804769004,30,2
RandomForest,per_class,Treg,0.8695652173913043,0.32786885245901637,30,2
RandomForest,per_class,Treg,0.8704453441295547,0.3204172876304024,30,2
RandomForest,per_class,Treg,0.8713692946058091,0.31296572280178836,30,2
RandomForest,per_class,Treg,0.8701298701298701,0.2995529061102832,30,2
RandomForest,per_class,Treg,0.8711111111111111,0.29210134128166915,30,2
RandomForest,per_class,Treg,0.8761467889908257,0.2846497764530551,30,2
RandomForest,per_class,Treg,0.8786407766990292,0.2697466467958271,30,2
RandomForest,per_class,Treg,0.88,0.26229508196721313,30,2
RandomForest,per_class,Treg,0.8882978723404256,0.2488822652757079,30,2
RandomForest,per_class,Treg,0.8977272727272727,0.23546944858420268,30,2
RandomForest,per_class,Treg,0.9,0.22801788375558868,30,2
RandomForest,per_class,Treg,0.9,0.21460506706408347,30,2
RandomForest,per_class,Treg,0.9133333333333333,0.20417287630402384,30,2
RandomForest,per_class,Treg,0.910958904109589,0.19821162444113263,30,2
RandomForest,per_class,Treg,0.9214285714285714,0.19225037257824143,30,2
RandomForest,per_class,Treg,0.917910447761194,0.18330849478390462,30,2
RandomForest,per_class,Treg,0.9140625,0.17436661698956782,30,2
RandomForest,per_class,Treg,0.9098360655737705,0.16542473919523099,30,2
RandomForest,per_class,Treg,0.9067796610169492,0.15946348733233978,30,2
RandomForest,per_class,Treg,0.9107142857142857,0.15201192250372578,30,2
RandomForest,per_class,Treg,0.9142857142857143,0.14307004470938897,30,2
RandomForest,per_class,Treg,0.9072164948453608,0.13114754098360656,30,2
RandomForest,per_class,Treg,0.9101123595505618,0.12071535022354694,30,2
RandomForest,per_class,Treg,0.927710843373494,0.11475409836065574,30,2
RandomForest,per_class,Treg,0.92,0.10283159463487332,30,2
RandomForest,per_class,Treg,0.9154929577464789,0.09687034277198212,30,2
RandomForest,per_class,Treg,0.9090909090909091,0.08941877794336811,30,2
RandomForest,per_class,Treg,0.9047619047619048,0.08494783904619971,30,2
RandomForest,per_class,Treg,0.8846153846153846,0.06855439642324888,30,2
RandomForest,per_class,Treg,0.875,0.06259314456035768,30,2
RandomForest,per_class,Treg,0.8536585365853658,0.05216095380029806,30,2
RandomForest,per_class,Treg,0.8947368421052632,0.05067064083457526,30,2
RandomForest,per_class,Treg,0.90625,0.043219076005961254,30,2
RandomForest,per_class,Treg,0.8888888888888888,0.03576751117734724,30,2
RandomForest,per_class,Treg,0.9545454545454546,0.03129657228017884,30,2
RandomForest,per_class,Treg,0.9444444444444444,0.02533532041728763,30,2
RandomForest,per_class,Treg,0.9375,0.022354694485842028,30,2
RandomForest,per_class,Treg,0.9230769230769231,0.01788375558867362,30,2
RandomForest,per_class,Treg,0.9,0.013412816691505217,30,2
RandomForest,per_class,Treg,0.875,0.010432190760059613,30,2
RandomForest,per_class,Treg,0.8333333333333334,0.007451564828614009,30,2
RandomForest,per_class,Treg,1.0,0.004470938897168405,30,2
RandomForest,per_class,Treg,1.0,0.0014903129657228018,30,2
RandomForest,per_class,Treg,1.0,0.0,30,2
RandomForest,per_class,Tumor,0.05746886523342378,1.0,30,2
RandomForest,per_class,Tumor,0.06997627922738055,1.0,30,2
RandomForest,per_class,Tumor,0.08998801612376076,1.0,30,2
RandomForest,per_class,Tumor,0.11725459578394493,1.0,30,2
RandomForest,per_class,Tumor,0.15072119773598686,0.9993946731234867,30,2
RandomForest,per_class,Tumor,0.1896492236917769,0.9981840193704601,30,2
RandomForest,per_class,Tumor,0.22743582666298648,0.9975786924939467,30,2
RandomForest,per_class,Tumor,0.2665803946942737,0.9975786924939467,30,2
RandomForest,per_class,Tumor,0.3036109064112012,0.9975786924939467,30,2
RandomForest,per_class,Tumor,0.3395214521452145,0.9963680387409201,30,2
RandomForest,per_class,Tumor,0.37149321266968327,0.9939467312348669,30,2
RandomForest,per_class,Tumor,0.40058694057226707,0.9915254237288136,30,2
RandomForest,per_class,Tumor,0.4258823529411765,0.9860774818401937,30,2
RandomForest,per_class,Tumor,0.4491315136476427,0.9860774818401937,30,2
RandomForest,per_class,Tumor,0.46912867859203694,0.9842615012106537,30,2
RandomForest,per_class,Tumor,0.486810551558753,0.9830508474576272,30,2
RandomForest,per_class,Tumor,0.5040473225404732,0.9800242130750605,30,2
RandomForest,per_class,Tumor,0.521978021978022,0.9776029055690073,30,2
RandomForest,per_class,Tumor,0.5365365365365365,0.9733656174334141,30,2
RandomForest,per_class,Tumor,0.5513569220199245,0.9715496368038741,30,2
RandomForest,per_class,Tumor,0.5662778366914104,0.9697336561743342,30,2
RandomForest,per_class,Tumor,0.5773680404916848,0.9667070217917676,30,2
RandomForest,per_class,Tumor,0.5878003696857671,0.9624697336561744,30,2
RandomForest,per_class,Tumor,0.5969138125705683,0.9600484261501211,30,2
RandomForest,per_class,Tumor,0.6058282208588958,0.9564164648910412,30,2
RandomForest,per_class,Tumor,0.6134421134421134,0.9558111380145279,30,2
RandomForest,per_class,Tumor,0.6257473096851335,0.950363196125908,30,2
RandomForest,per_class,Tumor,0.6356242374949166,0.9461259079903148,30,2
RandomForest,per_class,Tumor,0.6441310659477395,0.9400726392251816,30,2
RandomForest,per_class,Tumor,0.6516427969671441,0.9364406779661016,30,2
RandomForest,per_class,Tumor,0.660676080445015,0.9346246973365617,30,2
RandomForest,per_class,Tumor,0.6687036228721083,0.927360774818402,30,2
RandomForest,per_class,Tumor,0.678539626001781,0.9225181598062954,30,2
RandomForest,per_class,Tumor,0.6850429281518301,0.9176755447941889,30,2
RandomForest,per_class,Tumor,0.6934742647058824,0.9134382566585957,30,2
RandomForest,per_class,Tumor,0.6997206703910615,0.9098062953995157,30,2
RandomForest,per_class,Tumor,0.7059933931099576,0.9055690072639225,30,2
RandomForest,per_class,Tumor,0.7138063279002876,0.9013317191283293,30,2
RandomForest,per_class,Tumor,0.7207382224380767,0.8983050847457628,30,2
RandomForest,per_class,Tumor,0.7295566502463054,0.8964891041162227,30,2
RandomForest,per_class,Tumor,0.7365,0.8916464891041163,30,2
RandomForest,per_class,Tumor,0.7441742654508612,0.889225181598063,30,2
RandomForest,per_class,Tumor,0.7517948717948718,0.887409200968523,30,2
RandomForest,per_class,Tumor,0.7605413846954711,0.8843825665859564,30,2
RandomForest,per_class,Tumor,0.7670005271481286,0.8807506053268765,30,2
RandomForest,per_class,Tumor,0.7736252002135612,0.8771186440677966,30,2
RandomForest,per_class,Tumor,0.7803030303030303,0.8728813559322034,30,2
RandomForest,per_class,Tumor,0.787199124726477,0.8710653753026635,30,2
RandomForest,per_class,Tumor,0.7921286031042128,0.8650121065375302,30,2
RandomForest,per_class,Tumor,0.7975322490185082,0.860774818401937,30,2
RandomForest,per_class,Tumor,0.8002263723825693,0.8559322033898306,30,2
RandomForest,per_class,Tumor,0.8064330844342332,0.8498789346246973,30,2
RandomForest,per_class,Tumor,0.8116618075801749,0.8426150121065376,30,2
RandomForest,per_class,Tumor,0.8167848699763594,0.8365617433414043,30,2
RandomForest,per_class,Tumor,0.8238805970149253,0.8353510895883777,30,2
RandomForest,per_class,Tumor,0.8260084286574353,0.8305084745762712,30,2
RandomForest,per_class,Tumor,0.8319123020706456,0.8268765133171913,30,2
RandomForest,per_class,Tumor,0.837137569401604,0.8214285714285714,30,2
RandomForest,per_class,Tumor,0.8447088290544772,0.8165859564164649,30,2
RandomForest,per_class,Tumor,0.8483322844556325,0.8159806295399515,30,2
RandomForest,per_class,Tumor,0.8554140127388535,0.812953995157385,30,2
RandomForest,per_class,Tumor,0.8624919302775984,0.8087167070217918,30,2
RandomForest,per_class,Tumor,0.8673202614379085,0.8032687651331719,30,2
RandomForest,per_class,Tumor,0.8691341705221415,0.7960048426150121,30,2
RandomForest,per_class,Tumor,0.8761713520749665,0.7923728813559322,30,2
RandomForest,per_class,Tumor,0.8783783783783784,0.7869249394673123,30,2
RandomForest,per_class,Tumor,0.8829568788501027,0.7808716707021792,30,2
RandomForest,per_class,Tumor,0.8880389429763561,0.7730024213075061,30,2
RandomForest,per_class,Tumor,0.8910751932536893,0.7675544794188862,30,2
RandomForest,per_class,Tumor,0.8967236467236467,0.7621065375302664,30,2
RandomForest,per_class,Tumor,0.9013678905687545,0.7578692493946732,30,2
RandomForest,per_class,Tumor,0.9029197080291971,0.7487893462469734,30,2
RandomForest,per_class,Tumor,0.9069423929098966,0.7433414043583535,30,2
RandomForest,per_class,Tumor,0.9085501858736059,0.7397094430992736,30,2
RandomForest,per_class,Tumor,0.9131419939577039,0.7318401937046005,30,2
RandomForest,per_class,Tumor,0.917494270435447,0.7269975786924939,30,2
RandomForest,per_class,Tumor,0.9182729375481882,0.7209443099273608,30,2
RandomForest,per_class,Tumor,0.921278254091972,0.715496368038741,30,2
RandomForest,per_class,Tumor,0.9226519337016574,0.7076271186440678,30,2
RandomForest,per_class,Tumor,0.9257188498402555,0.7015738498789347,30,2
RandomForest,per_class,Tumor,0.9290894439967768,0.6979418886198547,30,2
RandomForest,per_class,Tumor,0.9321895424836601,0.690677966101695,30,2
RandomForest,per_class,Tumor,0.9326765188834154,0.6876513317191283,30,2
RandomForest,per_class,Tumor,0.9350541215653622,0.6797820823244553,30,2
RandomForest,per_class,Tumor,0.9391377852916315,0.6725181598062954,30,2
RandomForest,per_class,Tumor,0.944110060189166,0.6646489104116223,30,2
RandomForest,per_class,Tumor,0.9451219512195121,0.6567796610169492,30,2
RandomForest,per_class,Tumor,0.9469026548672567,0.6476997578692494,30,2
RandomForest,per_class,Tumor,0.9505395683453237,0.6398305084745762,30,2
RandomForest,per_class,Tumor,0.9551282051282052,0.6313559322033898,30,2
RandomForest,per_class,Tumor,0.9546296296296296,0.62409200968523,30,2
RandomForest,per_class,Tumor,0.9550561797752809,0.6174334140435835,30,2
RandomForest,per_class,Tumor,0.9563981042654028,0.610774818401937,30,2
RandomForest,per_class,Tumor,0.9571020019065777,0.6077481840193705,30,2
RandomForest,per_class,Tumor,0.9566473988439307,0.601089588377724,30,2
RandomForest,per_class,Tumor,0.9590643274853801,0.5956416464891041,30,2
RandomForest,per_class,Tumor,0.9624134520276953,0.5889830508474576,30,2
RandomForest,per_class,Tumor,0.9667673716012085,0.5811138014527845,30,2
RandomForest,per_class,Tumor,0.9693251533742331,0.5738498789346247,30,2
RandomForest,per_class,Tumor,0.9691040164778579,0.5696125907990315,30,2
RandomForest,per_class,Tumor,0.9716684155299056,0.5605326876513317,30,2
RandomForest,per_class,Tumor,0.9735169491525424,0.5562953995157385,30,2
RandomForest,per_class,Tumor,0.9742212674543501,0.5490314769975787,30,2
RandomForest,per_class,Tumor,0.9760348583877996,0.5423728813559322,30,2
RandomForest,per_class,Tumor,0.978865406006674,0.5326876513317191,30,2
RandomForest,per_class,Tumor,0.9807474518686297,0.5242130750605327,30,2
RandomForest,per_class,Tumor,0.9804372842347526,0.5157384987893463,30,2
RandomForest,per_class,Tumor,0.9812646370023419,0.5072639225181598,30,2
RandomForest,per_class,Tumor,0.9810874704491725,0.5024213075060533,30,2
RandomForest,per_class,Tumor,0.9831932773109243,0.4957627118644068,30,2
RandomForest,per_class,Tumor,0.983132530120482,0.4939467312348668,30,2
RandomForest,per_class,Tumor,0.9852941176470589,0.48668280871670705,30,2
RandomForest,per_class,Tumor,0.9862671660424469,0.4782082324455206,30,2
RandomForest,per_class,Tumor,0.9871959026888605,0.46670702179176754,30,2
RandomForest,per_class,Tumor,0.9895833333333334,0.4600484261501211,30,2
RandomForest,per_class,Tumor,0.9894319682959049,0.4533898305084746,30,2
RandomForest,per_class,Tumor,0.9905277401894452,0.4430992736077482,30,2
RandomForest,per_class,Tumor,0.9903047091412742,0.4328087167070218,30,2
RandomForest,per_class,Tumor,0.9900426742532006,0.4213075060532688,30,2
RandomForest,per_class,Tumor,0.9912408759124087,0.4110169491525424,30,2
RandomForest,per_class,Tumor,0.9910714285714286,0.40314769975786924,30,2
RandomForest,per_class,Tumor,0.9923896499238964,0.3946731234866828,30,2
RandomForest,per_class,Tumor,0.9922720247295209,0.38861985472154964,30,2
RandomForest,per_class,Tumor,0.9936305732484076,0.37772397094430993,30,2
RandomForest,per_class,Tumor,0.9950819672131147,0.36743341404358354,30,2
RandomForest,per_class,Tumor,0.9966555183946488,0.36077481840193704,30,2
RandomForest,per_class,Tumor,0.9966044142614601,0.3553268765133172,30,2
RandomForest,per_class,Tumor,0.9964973730297724,0.34443099273607747,30,2
RandomForest,per_class,Tumor,0.9963768115942029,0.33292978208232443,30,2
RandomForest,per_class,Tumor,0.9962546816479401,0.3220338983050847,30,2
RandomForest,per_class,Tumor,0.9961904761904762,0.31658595641646486,30,2
RandomForest,per_class,Tumor,0.996031746031746,0.30387409200968524,30,2
RandomForest,per_class,Tumor,0.9958592132505176,0.29116222760290555,30,2
RandomForest,per_class,Tumor,0.9957264957264957,0.2820823244552058,30,2
RandomForest,per_class,Tumor,0.9956236323851203,0.2754237288135593,30,2
RandomForest,per_class,Tumor,0.9955357142857143,0.26997578692493945,30,2
RandomForest,per_class,Tumor,0.9954128440366973,0.2627118644067797,30,2
RandomForest,per_class,Tumor,0.9975669099756691,0.24818401937046006,30,2
RandomForest,per_class,Tumor,0.9974424552429667,0.2360774818401937,30,2
RandomForest,per_class,Tumor,0.9973544973544973,0.22820823244552058,30,2
RandomForest,per_class,Tumor,1.0,0.22276029055690072,30,2
RandomForest,per_class,Tumor,1.0,0.21428571428571427,30,2
RandomForest,per_class,Tumor,1.0,0.20278450363196127,30,2
RandomForest,per_class,Tumor,1.0,0.1900726392251816,30,2
RandomForest,per_class,Tumor,1.0,0.18099273607748184,30,2
RandomForest,per_class,Tumor,1.0,0.17312348668280872,30,2
RandomForest,per_class,Tumor,1.0,0.16101694915254236,30,2
RandomForest,per_class,Tumor,1.0,0.15012106537530268,30,2
RandomForest,per_class,Tumor,1.0,0.14225181598062955,30,2
RandomForest,per_class,Tumor,1.0,0.13498789346246973,30,2
RandomForest,per_class,Tumor,1.0,0.12590799031476999,30,2
RandomForest,per_class,Tumor,1.0,0.12106537530266344,30,2
RandomForest,per_class,Tumor,1.0,0.11561743341404358,30,2
RandomForest,per_class,Tumor,1.0,0.10835351089588378,30,2
RandomForest,per_class,Tumor,1.0,0.10411622276029056,30,2
RandomForest,per_class,Tumor,1.0,0.1023002421307506,30,2
RandomForest,per_class,Tumor,1.0,0.09745762711864407,30,2
RandomForest,per_class,Tumor,1.0,0.09140435835351089,30,2
RandomForest,per_class,Tumor,1.0,0.08535108958837773,30,2
RandomForest,per_class,Tumor,1.0,0.07929782082324455,30,2
RandomForest,per_class,Tumor,1.0,0.07566585956416465,30,2
RandomForest,per_class,Tumor,1.0,0.06658595641646489,30,2
RandomForest,per_class,Tumor,1.0,0.06053268765133172,30,2
RandomForest,per_class,Tumor,1.0,0.05447941888619855,30,2
RandomForest,per_class,Tumor,1.0,0.04963680387409201,30,2
RandomForest,per_class,Tumor,1.0,0.04297820823244552,30,2
RandomForest,per_class,Tumor,1.0,0.038135593220338986,30,2
RandomForest,per_class,Tumor,1.0,0.035108958837772396,30,2
RandomForest,per_class,Tumor,1.0,0.029055690072639227,30,2
RandomForest,per_class,Tumor,1.0,0.026634382566585957,30,2
RandomForest,per_class,Tumor,1.0,0.02360774818401937,30,2
RandomForest,per_class,Tumor,1.0,0.0211864406779661,30,2
RandomForest,per_class,Tumor,1.0,0.01694915254237288,30,2
RandomForest,per_class,Tumor,1.0,0.01513317191283293,30,2
RandomForest,per_class,Tumor,1.0,0.013922518159806295,30,2
RandomForest,per_class,Tumor,1.0,0.010895883777239709,30,2
RandomForest,per_class,Tumor,1.0,0.00847457627118644,30,2
RandomForest,per_class,Tumor,1.0,0.007263922518159807,30,2
RandomForest,per_class,Tumor,1.0,0.006658595641646489,30,2
RandomForest,per_class,Tumor,1.0,0.006053268765133172,30,2
RandomForest,per_class,Tumor,1.0,0.004842615012106538,30,2
RandomForest,per_class,Tumor,1.0,0.002421307506053269,30,2
RandomForest,per_class,Tumor,1.0,0.0012106537530266344,30,2
RandomForest,per_class,Tumor,1.0,0.0,30,2
