model_type,curve_type,class_name,precision,recall,samples_per_class,fold
RandomForest,per_class,B,0.11271133375078271,1.0,30,1
RandomForest,per_class,B,0.13075774090670542,0.9996913580246913,30,1
RandomForest,per_class,B,0.15345947740313937,0.9987654320987654,30,1
RandomForest,per_class,B,0.17697660402169743,0.9969135802469136,30,1
RandomForest,per_class,B,0.19996282067170654,0.9959876543209877,30,1
RandomForest,per_class,B,0.2240874895514071,0.9929012345679012,30,1
RandomForest,per_class,B,0.2474544893551373,0.9901234567901235,30,1
RandomForest,per_class,B,0.2703960731211916,0.9861111111111112,30,1
RandomForest,per_class,B,0.29297197978870004,0.9842592592592593,30,1
RandomForest,per_class,B,0.3132518240978111,0.9805555555555555,30,1
RandomForest,per_class,B,0.3311327674735408,0.9753086419753086,30,1
RandomForest,per_class,B,0.34676258992805753,0.9669753086419753,30,1
RandomForest,per_class,B,0.3623154713472045,0.962037037037037,30,1
RandomForest,per_class,B,0.37606009207656893,0.9580246913580247,30,1
RandomForest,per_class,B,0.3887977797401287,0.9512345679012346,30,1
RandomForest,per_class,B,0.40114837530993086,0.9487654320987654,30,1
RandomForest,per_class,B,0.41335862349275165,0.9416666666666667,30,1
RandomForest,per_class,B,0.4251648197503156,0.9354938271604938,30,1
RandomForest,per_class,B,0.43474490533314064,0.928395061728395,30,1
RandomForest,per_class,B,0.44360344315820716,0.9225308641975308,30,1
RandomForest,per_class,B,0.45170151075843124,0.9135802469135802,30,1
RandomForest,per_class,B,0.4602254932665205,0.9070987654320988,30,1
RandomForest,per_class,B,0.46883033419023135,0.9006172839506172,30,1
RandomForest,per_class,B,0.47829674863838917,0.8944444444444445,30,1
RandomForest,per_class,B,0.48662377243481203,0.8870370370370371,30,1
RandomForest,per_class,B,0.49342787962642687,0.8805555555555555,30,1
RandomForest,per_class,B,0.5002655337227828,0.8722222222222222,30,1
RandomForest,per_class,B,0.5074896228117668,0.8679012345679012,30,1
RandomForest,per_class,B,0.5132841328413285,0.858641975308642,30,1
RandomForest,per_class,B,0.5225940631499338,0.8530864197530864,30,1
RandomForest,per_class,B,0.5271153846153847,0.8459876543209877,30,1
RandomForest,per_class,B,0.5322327044025157,0.8358024691358025,30,1
RandomForest,per_class,B,0.5388310648518815,0.8308641975308642,30,1
RandomForest,per_class,B,0.5450836393308853,0.8246913580246914,30,1
RandomForest,per_class,B,0.5521766298687774,0.8182098765432099,30,1
RandomForest,per_class,B,0.557946314443971,0.8083333333333333,30,1
RandomForest,per_class,B,0.5643243243243243,0.8055555555555556,30,1
RandomForest,per_class,B,0.5723756906077349,0.7993827160493827,30,1
RandomForest,per_class,B,0.5777877697841727,0.7932098765432098,30,1
RandomForest,per_class,B,0.584519981626091,0.7854938271604939,30,1
RandomForest,per_class,B,0.58997668997669,0.7811728395061729,30,1
RandomForest,per_class,B,0.596021785460573,0.7768518518518519,30,1
RandomForest,per_class,B,0.6032359333494325,0.7709876543209877,30,1
RandomForest,per_class,B,0.6101819970486965,0.7657407407407407,30,1
RandomForest,per_class,B,0.6155383462403198,0.7604938271604939,30,1
RandomForest,per_class,B,0.6208735398679532,0.7546296296296297,30,1
RandomForest,per_class,B,0.6255175983436853,0.7459876543209877,30,1
RandomForest,per_class,B,0.6300105485232067,0.7373456790123457,30,1
RandomForest,per_class,B,0.6348314606741573,0.7324074074074074,30,1
RandomForest,per_class,B,0.6372789115646259,0.7228395061728395,30,1
RandomForest,per_class,B,0.6429165511505406,0.7157407407407408,30,1
RandomForest,per_class,B,0.6463140123804164,0.7089506172839506,30,1
RandomForest,per_class,B,0.6501432664756447,0.7003086419753086,30,1
RandomForest,per_class,B,0.6531976744186047,0.6935185185185185,30,1
RandomForest,per_class,B,0.6588964296252582,0.6891975308641975,30,1
RandomForest,per_class,B,0.6632683658170915,0.682716049382716,30,1
RandomForest,per_class,B,0.6687060263077393,0.6746913580246914,30,1
RandomForest,per_class,B,0.6737433655947549,0.6660493827160494,30,1
RandomForest,per_class,B,0.6794303797468354,0.6626543209876543,30,1
RandomForest,per_class,B,0.6837359098228664,0.6552469135802469,30,1
RandomForest,per_class,B,0.6875407697325505,0.6506172839506172,30,1
RandomForest,per_class,B,0.6878097125867195,0.6425925925925926,30,1
RandomForest,per_class,B,0.6915606162089752,0.6373456790123457,30,1
RandomForest,per_class,B,0.6981645139360979,0.6339506172839506,30,1
RandomForest,per_class,B,0.7025163736642537,0.6290123456790123,30,1
RandomForest,per_class,B,0.7062740974412899,0.6219135802469136,30,1
RandomForest,per_class,B,0.7141323792486584,0.6160493827160494,30,1
RandomForest,per_class,B,0.71989814477992,0.6108024691358025,30,1
RandomForest,per_class,B,0.7243803181650018,0.604320987654321,30,1
RandomForest,per_class,B,0.7287373548145373,0.6003086419753086,30,1
RandomForest,per_class,B,0.7330798479087453,0.5950617283950618,30,1
RandomForest,per_class,B,0.7351351351351352,0.5876543209876544,30,1
RandomForest,per_class,B,0.7375,0.582716049382716,30,1
RandomForest,per_class,B,0.7407847800237812,0.5768518518518518,30,1
RandomForest,per_class,B,0.7467793880837359,0.5725308641975309,30,1
RandomForest,per_class,B,0.7495908346972177,0.5654320987654321,30,1
RandomForest,per_class,B,0.7529166666666667,0.557716049382716,30,1
RandomForest,per_class,B,0.7560253699788584,0.5518518518518518,30,1
RandomForest,per_class,B,0.7600172339508833,0.5444444444444444,30,1
RandomForest,per_class,B,0.7603305785123967,0.5395061728395062,30,1
RandomForest,per_class,B,0.7627494456762749,0.5308641975308642,30,1
RandomForest,per_class,B,0.7638078132016165,0.525,30,1
RandomForest,per_class,B,0.7707473635946813,0.5188271604938272,30,1
RandomForest,per_class,B,0.7724941724941725,0.5114197530864197,30,1
RandomForest,per_class,B,0.7725118483412322,0.5030864197530864,30,1
RandomForest,per_class,B,0.7751081210956271,0.4978395061728395,30,1
RandomForest,per_class,B,0.776803118908382,0.4919753086419753,30,1
RandomForest,per_class,B,0.781700646444555,0.48518518518518516,30,1
RandomForest,per_class,B,0.7868020304568528,0.4783950617283951,30,1
RandomForest,per_class,B,0.7894196199280945,0.4743827160493827,30,1
RandomForest,per_class,B,0.7934100418410042,0.4682098765432099,30,1
RandomForest,per_class,B,0.795635976583289,0.46141975308641975,30,1
RandomForest,per_class,B,0.7971876690102758,0.45493827160493827,30,1
RandomForest,per_class,B,0.8005509641873279,0.4484567901234568,30,1
RandomForest,per_class,B,0.8076490438695163,0.44320987654320987,30,1
RandomForest,per_class,B,0.8090079817559863,0.43796296296296294,30,1
RandomForest,per_class,B,0.8118466898954704,0.43148148148148147,30,1
RandomForest,per_class,B,0.8150118203309693,0.42561728395061726,30,1
RandomForest,per_class,B,0.8149038461538461,0.4185185185185185,30,1
RandomForest,per_class,B,0.8170134638922889,0.41203703703703703,30,1
RandomForest,per_class,B,0.8202880400751409,0.404320987654321,30,1
RandomForest,per_class,B,0.8230818008877616,0.4006172839506173,30,1
RandomForest,per_class,B,0.8219354838709677,0.3932098765432099,30,1
RandomForest,per_class,B,0.8226439790575916,0.38796296296296295,30,1
RandomForest,per_class,B,0.8246666666666667,0.38179012345679014,30,1
RandomForest,per_class,B,0.8299319727891157,0.3765432098765432,30,1
RandomForest,per_class,B,0.8317241379310345,0.37222222222222223,30,1
RandomForest,per_class,B,0.8354341736694678,0.36820987654320986,30,1
RandomForest,per_class,B,0.8355871886120997,0.36234567901234566,30,1
RandomForest,per_class,B,0.8345481049562682,0.3533950617283951,30,1
RandomForest,per_class,B,0.8381804623415362,0.3469135802469136,30,1
RandomForest,per_class,B,0.84375,0.3416666666666667,30,1
RandomForest,per_class,B,0.8462138953942233,0.3345679012345679,30,1
RandomForest,per_class,B,0.8474980142970612,0.329320987654321,30,1
RandomForest,per_class,B,0.8517017828200972,0.32438271604938274,30,1
RandomForest,per_class,B,0.8557130942452044,0.31666666666666665,30,1
RandomForest,per_class,B,0.8549618320610687,0.3111111111111111,30,1
RandomForest,per_class,B,0.8549356223175966,0.3074074074074074,30,1
RandomForest,per_class,B,0.8571428571428571,0.3,30,1
RandomForest,per_class,B,0.8589511754068716,0.2932098765432099,30,1
RandomForest,per_class,B,0.8614958448753463,0.287962962962963,30,1
RandomForest,per_class,B,0.8635071090047394,0.28117283950617283,30,1
RandomForest,per_class,B,0.8689320388349514,0.2762345679012346,30,1
RandomForest,per_class,B,0.8706467661691543,0.2700617283950617,30,1
RandomForest,per_class,B,0.8713991769547325,0.26141975308641974,30,1
RandomForest,per_class,B,0.8739406779661016,0.25462962962962965,30,1
RandomForest,per_class,B,0.8767720828789531,0.24814814814814815,30,1
RandomForest,per_class,B,0.8779395296752519,0.2419753086419753,30,1
RandomForest,per_class,B,0.880184331797235,0.23580246913580247,30,1
RandomForest,per_class,B,0.8804733727810651,0.22962962962962963,30,1
RandomForest,per_class,B,0.8837209302325582,0.2228395061728395,30,1
RandomForest,per_class,B,0.8883312421580929,0.21851851851851853,30,1
RandomForest,per_class,B,0.8915032679738563,0.21049382716049383,30,1
RandomForest,per_class,B,0.8945945945945946,0.204320987654321,30,1
RandomForest,per_class,B,0.898186889818689,0.19876543209876543,30,1
RandomForest,per_class,B,0.897841726618705,0.1925925925925926,30,1
RandomForest,per_class,B,0.8995502248875562,0.18518518518518517,30,1
RandomForest,per_class,B,0.9073783359497645,0.17839506172839506,30,1
RandomForest,per_class,B,0.9071310116086235,0.16882716049382715,30,1
RandomForest,per_class,B,0.9125214408233276,0.16419753086419753,30,1
RandomForest,per_class,B,0.92,0.15617283950617283,30,1
RandomForest,per_class,B,0.9251439539347409,0.14876543209876544,30,1
RandomForest,per_class,B,0.9262948207171314,0.14351851851851852,30,1
RandomForest,per_class,B,0.9272349272349273,0.13765432098765432,30,1
RandomForest,per_class,B,0.9315673289183223,0.13024691358024693,30,1
RandomForest,per_class,B,0.9305555555555556,0.12407407407407407,30,1
RandomForest,per_class,B,0.9264705882352942,0.11666666666666667,30,1
RandomForest,per_class,B,0.9373368146214099,0.11080246913580247,30,1
RandomForest,per_class,B,0.9426934097421203,0.10154320987654321,30,1
RandomForest,per_class,B,0.94375,0.09320987654320988,30,1
RandomForest,per_class,B,0.9501661129568106,0.0882716049382716,30,1
RandomForest,per_class,B,0.951048951048951,0.08395061728395062,30,1
RandomForest,per_class,B,0.947565543071161,0.07808641975308642,30,1
RandomForest,per_class,B,0.9465020576131687,0.07098765432098765,30,1
RandomForest,per_class,B,0.9519650655021834,0.06728395061728396,30,1
RandomForest,per_class,B,0.957345971563981,0.06234567901234568,30,1
RandomForest,per_class,B,0.9617486338797814,0.05432098765432099,30,1
RandomForest,per_class,B,0.9593023255813954,0.05092592592592592,30,1
RandomForest,per_class,B,0.9548387096774194,0.04567901234567901,30,1
RandomForest,per_class,B,0.958904109589041,0.043209876543209874,30,1
RandomForest,per_class,B,0.9615384615384616,0.038580246913580245,30,1
RandomForest,per_class,B,0.9655172413793104,0.0345679012345679,30,1
RandomForest,per_class,B,0.9711538461538461,0.03117283950617284,30,1
RandomForest,per_class,B,0.978494623655914,0.02808641975308642,30,1
RandomForest,per_class,B,0.9866666666666667,0.022839506172839506,30,1
RandomForest,per_class,B,0.9857142857142858,0.021296296296296296,30,1
RandomForest,per_class,B,1.0,0.020061728395061727,30,1
RandomForest,per_class,B,1.0,0.01728395061728395,30,1
RandomForest,per_class,B,1.0,0.014506172839506172,30,1
RandomForest,per_class,B,1.0,0.012962962962962963,30,1
RandomForest,per_class,B,1.0,0.011728395061728396,30,1
RandomForest,per_class,B,1.0,0.009876543209876543,30,1
RandomForest,per_class,B,1.0,0.007407407407407408,30,1
RandomForest,per_class,B,1.0,0.006481481481481481,30,1
RandomForest,per_class,B,1.0,0.005555555555555556,30,1
RandomForest,per_class,B,1.0,0.0049382716049382715,30,1
RandomForest,per_class,B,1.0,0.004012345679012346,30,1
RandomForest,per_class,B,1.0,0.003703703703703704,30,1
RandomForest,per_class,B,1.0,0.0030864197530864196,30,1
RandomForest,per_class,B,1.0,0.0024691358024691358,30,1
RandomForest,per_class,B,1.0,0.001851851851851852,30,1
RandomForest,per_class,B,1.0,0.000925925925925926,30,1
RandomForest,per_class,B,1.0,0.0006172839506172839,30,1
RandomForest,per_class,B,1.0,0.00030864197530864197,30,1
RandomForest,per_class,B,1.0,0.0,30,1
RandomForest,per_class,CD4 T,0.26076671536909485,1.0,30,1
RandomForest,per_class,CD4 T,0.271609416373463,0.9989327641408752,30,1
RandomForest,per_class,CD4 T,0.28711844883854865,0.9975987193169691,30,1
RandomForest,per_class,CD4 T,0.3021297271034092,0.9954642475987193,30,1
RandomForest,per_class,CD4 T,0.3168114460909555,0.9925293489861259,30,1
RandomForest,per_class,CD4 T,0.33073357696764416,0.9899946638207043,30,1
RandomForest,per_class,CD4 T,0.3447793225716152,0.9858591248665955,30,1
RandomForest,per_class,CD4 T,0.3593696471394313,0.9795891141942369,30,1
RandomForest,per_class,CD4 T,0.37432744043043814,0.9745197438633938,30,1
RandomForest,per_class,CD4 T,0.38940525439209156,0.9669156883671292,30,1
RandomForest,per_class,CD4 T,0.40507682782687005,0.9601120597652081,30,1
RandomForest,per_class,CD4 T,0.42159003718349763,0.9529082177161152,30,1
RandomForest,per_class,CD4 T,0.4389320086929525,0.9430362860192102,30,1
RandomForest,per_class,CD4 T,0.45826792255363685,0.9346318036286019,30,1
RandomForest,per_class,CD4 T,0.47619374785297147,0.9246264674493063,30,1
RandomForest,per_class,CD4 T,0.4948446174922489,0.915554962646745,30,1
RandomForest,per_class,CD4 T,0.5117629316845121,0.9054162219850587,30,1
RandomForest,per_class,CD4 T,0.5287056779594093,0.8931430096051227,30,1
RandomForest,per_class,CD4 T,0.5451311326218251,0.8790021344717183,30,1
RandomForest,per_class,CD4 T,0.5606611284181378,0.8643276414087513,30,1
RandomForest,per_class,CD4 T,0.5770168940283675,0.8520544290288153,30,1
RandomForest,per_class,CD4 T,0.5921003016591252,0.8379135538954109,30,1
RandomForest,per_class,CD4 T,0.606117230527144,0.8221718249733191,30,1
RandomForest,per_class,CD4 T,0.6191744340878829,0.8064300960512273,30,1
RandomForest,per_class,CD4 T,0.6347900416711187,0.7925560298826041,30,1
RandomForest,per_class,CD4 T,0.6462033747779752,0.776547491995731,30,1
RandomForest,per_class,CD4 T,0.6578704770684489,0.7616061899679829,30,1
RandomForest,per_class,CD4 T,0.6688583383144052,0.7463980789754536,30,1
RandomForest,per_class,CD4 T,0.6798458286708939,0.7294557097118464,30,1
RandomForest,per_class,CD4 T,0.6908668130732464,0.7134471718249733,30,1
RandomForest,per_class,CD4 T,0.6996253679421996,0.697572038420491,30,1
RandomForest,per_class,CD4 T,0.7095251319078034,0.6816969050160085,30,1
RandomForest,per_class,CD4 T,0.7215426680097856,0.6688900747065102,30,1
RandomForest,per_class,CD4 T,0.7309985096870343,0.6543489861259338,30,1
RandomForest,per_class,CD4 T,0.7365657813465102,0.6363393810032018,30,1
RandomForest,per_class,CD4 T,0.7468374699759808,0.6221985058697972,30,1
RandomForest,per_class,CD4 T,0.7563847429519072,0.6084578441835645,30,1
RandomForest,per_class,CD4 T,0.764070006863418,0.5940501600853789,30,1
RandomForest,per_class,CD4 T,0.7719794799221652,0.5821771611526148,30,1
RandomForest,per_class,CD4 T,0.7812613926358002,0.5717716115261473,30,1
RandomForest,per_class,CD4 T,0.7911320754716981,0.5593649946638207,30,1
RandomForest,per_class,CD4 T,0.7967289719626168,0.5458911419423693,30,1
RandomForest,per_class,CD4 T,0.8059701492537313,0.5330843116328708,30,1
RandomForest,per_class,CD4 T,0.8143899895724713,0.5209445037353255,30,1
RandomForest,per_class,CD4 T,0.8199481865284974,0.5066702241195304,30,1
RandomForest,per_class,CD4 T,0.826824369560366,0.49426360725720386,30,1
RandomForest,per_class,CD4 T,0.8305123513266239,0.48439167556029883,30,1
RandomForest,per_class,CD4 T,0.8362089340581422,0.47198505869797225,30,1
RandomForest,per_class,CD4 T,0.8414484952287742,0.45877801494130205,30,1
RandomForest,per_class,CD4 T,0.8474790980491512,0.44623799359658484,30,1
RandomForest,per_class,CD4 T,0.853448275862069,0.4358324439701174,30,1
RandomForest,per_class,CD4 T,0.8591891891891892,0.42409284951974385,30,1
RandomForest,per_class,CD4 T,0.8653631284916201,0.41328708644610457,30,1
RandomForest,per_class,CD4 T,0.8680394431554525,0.3992796157950907,30,1
RandomForest,per_class,CD4 T,0.8726019184652278,0.38834044823906083,30,1
RandomForest,per_class,CD4 T,0.877633209417596,0.3779348986125934,30,1
RandomForest,per_class,CD4 T,0.8803611738148984,0.3641942369263607,30,1
RandomForest,per_class,CD4 T,0.8839852892009361,0.3527214514407684,30,1
RandomForest,per_class,CD4 T,0.8892769821865176,0.3396478121664888,30,1
RandomForest,per_class,CD4 T,0.8928440366972477,0.32457310565635006,30,1
RandomForest,per_class,CD4 T,0.8972890416189385,0.31350053361792957,30,1
RandomForest,per_class,CD4 T,0.9007572738142686,0.3014941302027748,30,1
RandomForest,per_class,CD4 T,0.9049193881769326,0.2920224119530416,30,1
RandomForest,per_class,CD4 T,0.9082687338501292,0.281350053361793,30,1
RandomForest,per_class,CD4 T,0.9099058718063648,0.2708110992529349,30,1
RandomForest,per_class,CD4 T,0.9130028063610851,0.26040554962646745,30,1
RandomForest,per_class,CD4 T,0.9155621011291114,0.24879935965848451,30,1
RandomForest,per_class,CD4 T,0.9175682637815559,0.23759338313767342,30,1
RandomForest,per_class,CD4 T,0.9198473282442748,0.22505336179295624,30,1
RandomForest,per_class,CD4 T,0.919931856899489,0.21611526147278548,30,1
RandomForest,per_class,CD4 T,0.9228028503562945,0.20731056563500533,30,1
RandomForest,per_class,CD4 T,0.9249211356466877,0.1955709711846318,30,1
RandomForest,per_class,CD4 T,0.926,0.18529882604055498,30,1
RandomForest,per_class,CD4 T,0.932287954383464,0.1744930629669157,30,1
RandomForest,per_class,CD4 T,0.9380196523053665,0.16555496264674494,30,1
RandomForest,per_class,CD4 T,0.9416531604538088,0.15501600853788688,30,1
RandomForest,per_class,CD4 T,0.941586748038361,0.144076840981857,30,1
RandomForest,per_class,CD4 T,0.9448082319925164,0.1347385272145144,30,1
RandomForest,per_class,CD4 T,0.9496475327291037,0.12580042689434365,30,1
RandomForest,per_class,CD4 T,0.9502702702702702,0.11726254002134472,30,1
RandomForest,per_class,CD4 T,0.9487776484284052,0.10872465314834578,30,1
RandomForest,per_class,CD4 T,0.9557522123893806,0.1008537886872999,30,1
RandomForest,per_class,CD4 T,0.952712100139082,0.0913820704375667,30,1
RandomForest,per_class,CD4 T,0.9556574923547401,0.0833778014941302,30,1
RandomForest,per_class,CD4 T,0.9572368421052632,0.07764140875133405,30,1
RandomForest,per_class,CD4 T,0.9597197898423818,0.07310565635005337,30,1
RandomForest,per_class,CD4 T,0.9621212121212122,0.06776947705442903,30,1
RandomForest,per_class,CD4 T,0.960167714884696,0.06109925293489861,30,1
RandomForest,per_class,CD4 T,0.9634703196347032,0.05629669156883671,30,1
RandomForest,per_class,CD4 T,0.964735516372796,0.051093916755602986,30,1
RandomForest,per_class,CD4 T,0.9640883977900553,0.04655816435432231,30,1
RandomForest,per_class,CD4 T,0.971875,0.041488794023479186,30,1
RandomForest,per_class,CD4 T,0.9717314487632509,0.036686232657417286,30,1
RandomForest,per_class,CD4 T,0.98,0.03268409818569904,30,1
RandomForest,per_class,CD4 T,0.9782608695652174,0.030016008537886874,30,1
RandomForest,per_class,CD4 T,0.9758454106280193,0.02694770544290288,30,1
RandomForest,per_class,CD4 T,0.9722222222222222,0.02334578441835646,30,1
RandomForest,per_class,CD4 T,0.9801324503311258,0.019743863393810034,30,1
RandomForest,per_class,CD4 T,0.984251968503937,0.01667556029882604,30,1
RandomForest,per_class,CD4 T,0.9811320754716981,0.013874066168623266,30,1
RandomForest,per_class,CD4 T,0.9777777777777777,0.011739594450373533,30,1
RandomForest,per_class,CD4 T,0.9736842105263158,0.009871931696905017,30,1
RandomForest,per_class,CD4 T,0.9841269841269841,0.008271077908217716,30,1
RandomForest,per_class,CD4 T,0.9824561403508771,0.007470651013874066,30,1
RandomForest,per_class,CD4 T,0.98,0.006536819637139808,30,1
RandomForest,per_class,CD4 T,1.0,0.006270010672358591,30,1
RandomForest,per_class,CD4 T,1.0,0.004535752401280683,30,1
RandomForest,per_class,CD4 T,1.0,0.0034685165421558164,30,1
RandomForest,per_class,CD4 T,1.0,0.0028014941302027746,30,1
RandomForest,per_class,CD4 T,1.0,0.00240128068303095,30,1
RandomForest,per_class,CD4 T,1.0,0.0018676627534685165,30,1
RandomForest,per_class,CD4 T,1.0,0.0014674493062966916,30,1
RandomForest,per_class,CD4 T,1.0,0.0013340448239060833,30,1
RandomForest,per_class,CD4 T,1.0,0.0009338313767342582,30,1
RandomForest,per_class,CD4 T,1.0,0.0006670224119530416,30,1
RandomForest,per_class,CD4 T,1.0,0.00040021344717182497,30,1
RandomForest,per_class,CD4 T,1.0,0.00013340448239060833,30,1
RandomForest,per_class,CD4 T,1.0,0.0,30,1
RandomForest,per_class,CD8 T,0.12224309469143534,1.0,30,1
RandomForest,per_class,CD8 T,0.13073573741207994,0.9997154240182129,30,1
RandomForest,per_class,CD8 T,0.14094175263939626,0.9991462720546386,30,1
RandomForest,per_class,CD8 T,0.15236358900898556,0.9988616960728515,30,1
RandomForest,per_class,CD8 T,0.16474897853754755,0.9982925441092771,30,1
RandomForest,per_class,CD8 T,0.17838965798045603,0.9974388161639157,30,1
RandomForest,per_class,CD8 T,0.19383406210217524,0.9965850882185544,30,1
RandomForest,per_class,CD8 T,0.2100492255973106,0.995731360273193,30,1
RandomForest,per_class,CD8 T,0.2277047259471423,0.9954467842914058,30,1
RandomForest,per_class,CD8 T,0.2462102517097934,0.993739328400683,30,1
RandomForest,per_class,CD8 T,0.26694720734506505,0.9928856004553216,30,1
RandomForest,per_class,CD8 T,0.28927473622995764,0.9908935685828116,30,1
RandomForest,per_class,CD8 T,0.3130630630630631,0.9889015367103017,30,1
RandomForest,per_class,CD8 T,0.3388042203985932,0.9869095048377917,30,1
RandomForest,per_class,CD8 T,0.36502582481290186,0.985486624928856,30,1
RandomForest,per_class,CD8 T,0.3901805869074492,0.9837791690381332,30,1
RandomForest,per_class,CD8 T,0.41803874092009685,0.9826408651109846,30,1
RandomForest,per_class,CD8 T,0.4462135922330097,0.9809334092202618,30,1
RandomForest,per_class,CD8 T,0.47214599341383096,0.979225953329539,30,1
RandomForest,per_class,CD8 T,0.4998545242944428,0.9778030734206034,30,1
RandomForest,per_class,CD8 T,0.5264854905573468,0.9758110415480934,30,1
RandomForest,per_class,CD8 T,0.5505798969072165,0.9726807057484348,30,1
RandomForest,per_class,CD8 T,0.5723418573351279,0.9681274900398407,30,1
RandomForest,per_class,CD8 T,0.5968650933427263,0.9644280022766079,30,1
RandomForest,per_class,CD8 T,0.6147257153271368,0.9598747865680136,30,1
RandomForest,per_class,CD8 T,0.6371899261503503,0.9575981787137166,30,1
RandomForest,per_class,CD8 T,0.6535909445745511,0.9530449630051223,30,1
RandomForest,per_class,CD8 T,0.6676005603362017,0.9493454752418896,30,1
RandomForest,per_class,CD8 T,0.685002060156572,0.9462151394422311,30,1
RandomForest,per_class,CD8 T,0.6998096044002539,0.9413773477518498,30,1
RandomForest,per_class,CD8 T,0.7124593716143012,0.935685828116107,30,1
RandomForest,per_class,CD8 T,0.725902947041879,0.9322709163346613,30,1
RandomForest,per_class,CD8 T,0.7353936386194451,0.9277177006260672,30,1
RandomForest,per_class,CD8 T,0.7446710978684391,0.9245873648264087,30,1
RandomForest,per_class,CD8 T,0.751688795713953,0.9183266932270916,30,1
RandomForest,per_class,CD8 T,0.7595926101373757,0.9126351735913489,30,1
RandomForest,per_class,CD8 T,0.7675649663137633,0.9077973819009676,30,1
RandomForest,per_class,CD8 T,0.7753110514759698,0.9043824701195219,30,1
RandomForest,per_class,CD8 T,0.7801383399209486,0.8986909504837791,30,1
RandomForest,per_class,CD8 T,0.7873620862587764,0.8935685828116107,30,1
RandomForest,per_class,CD8 T,0.7931472081218274,0.8892999430848036,30,1
RandomForest,per_class,CD8 T,0.7991761071060762,0.8833238474672738,30,1
RandomForest,per_class,CD8 T,0.8012470771628994,0.877632327831531,30,1
RandomForest,per_class,CD8 T,0.8041535226077813,0.8705179282868526,30,1
RandomForest,per_class,CD8 T,0.8083067092651757,0.8639726807057484,30,1
RandomForest,per_class,CD8 T,0.8129709364908504,0.8597040409789414,30,1
RandomForest,per_class,CD8 T,0.8179088179088179,0.852589641434263,30,1
RandomForest,per_class,CD8 T,0.823185988323603,0.8426294820717132,30,1
RandomForest,per_class,CD8 T,0.8275182892515476,0.8369379624359704,30,1
RandomForest,per_class,CD8 T,0.832002281802624,0.8301081388730791,30,1
RandomForest,per_class,CD8 T,0.8345407128368589,0.819578827546955,30,1
RandomForest,per_class,CD8 T,0.8380840434910373,0.8116107000569152,30,1
RandomForest,per_class,CD8 T,0.8428571428571429,0.8059191804211725,30,1
RandomForest,per_class,CD8 T,0.8472683368548144,0.798804780876494,30,1
RandomForest,per_class,CD8 T,0.8506731946144431,0.7911212293682414,30,1
RandomForest,per_class,CD8 T,0.8560770904569475,0.7837222538417757,30,1
RandomForest,per_class,CD8 T,0.8607514998421218,0.7757541263517359,30,1
RandomForest,per_class,CD8 T,0.8637236084452975,0.7683551508252704,30,1
RandomForest,per_class,CD8 T,0.8671646638518999,0.7598178713716562,30,1
RandomForest,per_class,CD8 T,0.8707010582010583,0.7492885600455321,30,1
RandomForest,per_class,CD8 T,0.8750421017177501,0.7393284006829823,30,1
RandomForest,per_class,CD8 T,0.8771026433230347,0.7270916334661355,30,1
RandomForest,per_class,CD8 T,0.8799439971998599,0.7154240182128628,30,1
RandomForest,per_class,CD8 T,0.8836298932384342,0.7066021627774616,30,1
RandomForest,per_class,CD8 T,0.8869974646867077,0.6969265793966989,30,1
RandomForest,per_class,CD8 T,0.890821613619541,0.6849743881616391,30,1
RandomForest,per_class,CD8 T,0.8975037821482602,0.6752988047808764,30,1
RandomForest,per_class,CD8 T,0.9015005771450558,0.6667615253272624,30,1
RandomForest,per_class,CD8 T,0.90616411464468,0.6568013659647126,30,1
RandomForest,per_class,CD8 T,0.9117174959871589,0.6465566306203756,30,1
RandomForest,per_class,CD8 T,0.9141455437448897,0.6363118952760387,30,1
RandomForest,per_class,CD8 T,0.9169463087248322,0.6220830961866819,30,1
RandomForest,per_class,CD8 T,0.9209621993127147,0.610130904951622,30,1
RandomForest,per_class,CD8 T,0.9239894551845342,0.5984632896983495,30,1
RandomForest,per_class,CD8 T,0.9261083743842364,0.5885031303357997,30,1
RandomForest,per_class,CD8 T,0.928801102434543,0.5754126351735913,30,1
RandomForest,per_class,CD8 T,0.9308056872037914,0.5589072282299374,30,1
RandomForest,per_class,CD8 T,0.9350145489815713,0.5486624928856004,30,1
RandomForest,per_class,CD8 T,0.9350842418235877,0.5369948776323278,30,1
RandomForest,per_class,CD8 T,0.9374045801526718,0.5241889584519066,30,1
RandomForest,per_class,CD8 T,0.9416710457172885,0.5099601593625498,30,1
RandomForest,per_class,CD8 T,0.9431202600216685,0.4954467842914058,30,1
RandomForest,per_class,CD8 T,0.9441624365482234,0.4763801935116676,30,1
RandomForest,per_class,CD8 T,0.9471544715447154,0.4641434262948207,30,1
RandomForest,per_class,CD8 T,0.9501201923076923,0.4499146272054639,30,1
RandomForest,per_class,CD8 T,0.951310861423221,0.43369379624359705,30,1
RandomForest,per_class,CD8 T,0.9542820347714102,0.4217416050085373,30,1
RandomForest,per_class,CD8 T,0.9561699258260283,0.4035287421741605,30,1
RandomForest,per_class,CD8 T,0.9568245125348189,0.39100739897552644,30,1
RandomForest,per_class,CD8 T,0.9602888086642599,0.3784860557768924,30,1
RandomForest,per_class,CD8 T,0.9622071050642479,0.3622652248150256,30,1
RandomForest,per_class,CD8 T,0.9629337539432177,0.34746727376209446,30,1
RandomForest,per_class,CD8 T,0.9693200663349917,0.33266932270916333,30,1
RandomForest,per_class,CD8 T,0.9747826086956521,0.3190096755833808,30,1
RandomForest,per_class,CD8 T,0.9746606334841629,0.3064883323847467,30,1
RandomForest,per_class,CD8 T,0.9801699716713881,0.2953898690950484,30,1
RandomForest,per_class,CD8 T,0.9811881188118812,0.28201479795105294,30,1
RandomForest,per_class,CD8 T,0.984375,0.2689243027888446,30,1
RandomForest,per_class,CD8 T,0.9857142857142858,0.25526465566306206,30,1
RandomForest,per_class,CD8 T,0.9872389791183295,0.24217416050085372,30,1
RandomForest,per_class,CD8 T,0.986469864698647,0.228229937393284,30,1
RandomForest,per_class,CD8 T,0.9871794871794872,0.21912350597609562,30,1
RandomForest,per_class,CD8 T,0.9865771812080537,0.20916334661354583,30,1
RandomForest,per_class,CD8 T,0.9915254237288136,0.1997723392145703,30,1
RandomForest,per_class,CD8 T,0.9910979228486647,0.19009675583380764,30,1
RandomForest,per_class,CD8 T,0.9905808477237049,0.17956744450768355,30,1
RandomForest,per_class,CD8 T,0.9901315789473685,0.17131474103585656,30,1
RandomForest,per_class,CD8 T,0.9929701230228472,0.1607854297097325,30,1
RandomForest,per_class,CD8 T,0.9943502824858758,0.15025611838360842,30,1
RandomForest,per_class,CD8 T,0.9960707269155207,0.14428002276607854,30,1
RandomForest,per_class,CD8 T,0.9958071278825996,0.13517359134889015,30,1
RandomForest,per_class,CD8 T,0.9955654101995566,0.12777461582242458,30,1
RandomForest,per_class,CD8 T,0.9953271028037384,0.12122936824132043,30,1
RandomForest,per_class,CD8 T,0.9974747474747475,0.11240751280591918,30,1
RandomForest,per_class,CD8 T,0.997275204359673,0.1041548093340922,30,1
RandomForest,per_class,CD8 T,0.9970059880239521,0.09476380193511667,30,1
RandomForest,per_class,CD8 T,0.9967845659163987,0.08821855435401252,30,1
RandomForest,per_class,CD8 T,0.9965277777777778,0.08167330677290836,30,1
RandomForest,per_class,CD8 T,0.9962546816479401,0.07569721115537849,30,1
RandomForest,per_class,CD8 T,1.0,0.06858281161070005,30,1
RandomForest,per_class,CD8 T,1.0,0.061468412066021626,30,1
RandomForest,per_class,CD8 T,1.0,0.0543540125213432,30,1
RandomForest,per_class,CD8 T,1.0,0.05008537279453614,30,1
RandomForest,per_class,CD8 T,1.0,0.04524758110415481,30,1
RandomForest,per_class,CD8 T,1.0,0.04126351735913489,30,1
RandomForest,per_class,CD8 T,1.0,0.03813318155947638,30,1
RandomForest,per_class,CD8 T,1.0,0.03414911781445646,30,1
RandomForest,per_class,CD8 T,1.0,0.02902675014228799,30,1
RandomForest,per_class,CD8 T,1.0,0.02703471826977803,30,1
RandomForest,per_class,CD8 T,1.0,0.02504268639726807,30,1
RandomForest,per_class,CD8 T,1.0,0.022481502561183836,30,1
RandomForest,per_class,CD8 T,1.0,0.020774046670461014,30,1
RandomForest,per_class,CD8 T,1.0,0.017359134889015367,30,1
RandomForest,per_class,CD8 T,1.0,0.01508252703471827,30,1
RandomForest,per_class,CD8 T,1.0,0.01195219123505976,30,1
RandomForest,per_class,CD8 T,1.0,0.008821855435401251,30,1
RandomForest,per_class,CD8 T,1.0,0.006260671599317018,30,1
RandomForest,per_class,CD8 T,1.0,0.00398406374501992,30,1
RandomForest,per_class,CD8 T,1.0,0.0028457598178713715,30,1
RandomForest,per_class,CD8 T,1.0,0.0025611838360842347,30,1
RandomForest,per_class,CD8 T,1.0,0.00199203187250996,30,1
RandomForest,per_class,CD8 T,1.0,0.0011383039271485487,30,1
RandomForest,per_class,CD8 T,1.0,0.0008537279453614115,30,1
RandomForest,per_class,CD8 T,1.0,0.0002845759817871372,30,1
RandomForest,per_class,CD8 T,1.0,0.0,30,1
RandomForest,per_class,DC,0.06703541362276491,1.0,30,1
RandomForest,per_class,DC,0.06914244707570864,1.0,30,1
RandomForest,per_class,DC,0.07322263175893909,1.0,30,1
RandomForest,per_class,DC,0.07862689006947282,0.9984431759211209,30,1
RandomForest,per_class,DC,0.0854526053707985,0.9974052932018682,30,1
RandomForest,per_class,DC,0.093384074941452,0.9932537623248573,30,1
RandomForest,per_class,DC,0.10245263779316267,0.9906590555267255,30,1
RandomForest,per_class,DC,0.11214016045304388,0.9865075246497146,30,1
RandomForest,per_class,DC,0.1228742048552512,0.9823559937727037,30,1
RandomForest,per_class,DC,0.13468687446382613,0.9776855215360665,30,1
RandomForest,per_class,DC,0.14626889045493696,0.9693824597820446,30,1
RandomForest,per_class,DC,0.15896028137599724,0.9615983393876492,30,1
RandomForest,per_class,DC,0.1714980362820273,0.9517384535547483,30,1
RandomForest,per_class,DC,0.18550193443290572,0.945511157239232,30,1
RandomForest,per_class,DC,0.19975679858500994,0.9377270368448365,30,1
RandomForest,per_class,DC,0.21455156681474366,0.9273482096523092,30,1
RandomForest,per_class,DC,0.2273486698367819,0.9180072651790347,30,1
RandomForest,per_class,DC,0.2433032616238723,0.909704203425013,30,1
RandomForest,per_class,DC,0.2574449076831447,0.8972496107939802,30,1
RandomForest,per_class,DC,0.2713288931176657,0.8879086663207058,30,1
RandomForest,per_class,DC,0.28755729078254966,0.8790866632070576,30,1
RandomForest,per_class,DC,0.3019345507141566,0.8666320705760249,30,1
RandomForest,per_class,DC,0.3172001542614732,0.8536585365853658,30,1
RandomForest,per_class,DC,0.33095286676188534,0.8417228853139596,30,1
RandomForest,per_class,DC,0.3456121343445287,0.8277114686040478,30,1
RandomForest,per_class,DC,0.3597992242756103,0.8183705241307733,30,1
RandomForest,per_class,DC,0.37324625060474115,0.8007265179034769,30,1
RandomForest,per_class,DC,0.3888888888888889,0.7846393357550597,30,1
RandomForest,per_class,DC,0.40368463830940127,0.7732226258432797,30,1
RandomForest,per_class,DC,0.41852487135506006,0.7597301504929943,30,1
RandomForest,per_class,DC,0.4308894230769231,0.7441619097042034,30,1
RandomForest,per_class,DC,0.4456140350877193,0.724961079398028,30,1
RandomForest,per_class,DC,0.46385135135135136,0.7125064867669954,30,1
RandomForest,per_class,DC,0.4750442477876106,0.6964193046185781,30,1
RandomForest,per_class,DC,0.48848439821693906,0.6824078879086664,30,1
RandomForest,per_class,DC,0.5021392454297938,0.6699532952776336,30,1
RandomForest,per_class,DC,0.5148073022312373,0.6585365853658537,30,1
RandomForest,per_class,DC,0.5304904051172707,0.6455630513751947,30,1
RandomForest,per_class,DC,0.5424865831842576,0.6294758692267773,30,1
RandomForest,per_class,DC,0.559322033898305,0.6165023352361183,30,1
RandomForest,per_class,DC,0.568762278978389,0.6009340944473275,30,1
RandomForest,per_class,DC,0.5778350515463917,0.581733264141152,30,1
RandomForest,per_class,DC,0.5895361380798274,0.5672029060716139,30,1
RandomForest,per_class,DC,0.6,0.5557861961598339,30,1
RandomForest,per_class,DC,0.6147006520450504,0.5381421899325376,30,1
RandomForest,per_class,DC,0.6260869565217392,0.5230928905033732,30,1
RandomForest,per_class,DC,0.6352405721716515,0.5070057083549558,30,1
RandomForest,per_class,DC,0.6461016949152543,0.4945511157239232,30,1
RandomForest,per_class,DC,0.6610049539985846,0.4846912298910223,30,1
RandomForest,per_class,DC,0.6691394658753709,0.46808510638297873,30,1
RandomForest,per_class,DC,0.6782675947409126,0.45511157239231964,30,1
RandomForest,per_class,DC,0.6889605157131345,0.4436948624805397,30,1
RandomForest,per_class,DC,0.6971235194585449,0.4276076803321225,30,1
RandomForest,per_class,DC,0.7082601054481547,0.41826673585884794,30,1
RandomForest,per_class,DC,0.7172727272727273,0.40944473274519977,30,1
RandomForest,per_class,DC,0.7214828897338403,0.39387649195640895,30,1
RandomForest,per_class,DC,0.7330677290836654,0.3819408406850026,30,1
RandomForest,per_class,DC,0.7447478991596639,0.3679294239750908,30,1
RandomForest,per_class,DC,0.7552602436323367,0.353918007265179,30,1
RandomForest,per_class,DC,0.7600922722029988,0.3419823559937727,30,1
RandomForest,per_class,DC,0.763095238095238,0.3326414115204982,30,1
RandomForest,per_class,DC,0.7748427672955975,0.3196678775298391,30,1
RandomForest,per_class,DC,0.7820343461030383,0.30721328489880645,30,1
RandomForest,per_class,DC,0.7886740331491713,0.2963155163466528,30,1
RandomForest,per_class,DC,0.7982583454281568,0.28541774779449924,30,1
RandomForest,per_class,DC,0.7987711213517665,0.26984950700570837,30,1
RandomForest,per_class,DC,0.8019323671497585,0.2584327970939284,30,1
RandomForest,per_class,DC,0.8155172413793104,0.24545926310326932,30,1
RandomForest,per_class,DC,0.8232044198895028,0.2319667877529839,30,1
RandomForest,per_class,DC,0.8304093567251462,0.2210690192008303,30,1
RandomForest,per_class,DC,0.8370672097759674,0.21328489880643486,30,1
RandomForest,per_class,DC,0.8438177874186551,0.2018681888946549,30,1
RandomForest,per_class,DC,0.8502304147465438,0.19148936170212766,30,1
RandomForest,per_class,DC,0.855036855036855,0.18059159314997406,30,1
RandomForest,per_class,DC,0.8697916666666666,0.17332641411520497,30,1
RandomForest,per_class,DC,0.8836565096952909,0.16554229372080956,30,1
RandomForest,per_class,DC,0.8869565217391304,0.15879605604566685,30,1
RandomForest,per_class,DC,0.8868501529051988,0.15049299429164503,30,1
RandomForest,per_class,DC,0.9035369774919614,0.14582252205500779,30,1
RandomForest,per_class,DC,0.911864406779661,0.13959522573949143,30,1
RandomForest,per_class,DC,0.9120879120879121,0.1292163985469642,30,1
RandomForest,per_class,DC,0.9108527131782945,0.12195121951219512,30,1
RandomForest,per_class,DC,0.9125,0.11364815775817333,30,1
RandomForest,per_class,DC,0.9144144144144144,0.10534509600415153,30,1
RandomForest,per_class,DC,0.926829268292683,0.09859885832900882,30,1
RandomForest,per_class,DC,0.9326424870466321,0.0934094447327452,30,1
RandomForest,per_class,DC,0.9265536723163842,0.0851063829787234,30,1
RandomForest,per_class,DC,0.9207317073170732,0.0783601453035807,30,1
RandomForest,per_class,DC,0.9166666666666666,0.0742086144265698,30,1
RandomForest,per_class,DC,0.9290780141843972,0.06798131811105346,30,1
RandomForest,per_class,DC,0.924812030075188,0.06382978723404255,30,1
RandomForest,per_class,DC,0.9274193548387096,0.05967825635703165,30,1
RandomForest,per_class,DC,0.9285714285714286,0.05396990140114167,30,1
RandomForest,per_class,DC,0.9252336448598131,0.05137519460300986,30,1
RandomForest,per_class,DC,0.9166666666666666,0.04566683964711987,30,1
RandomForest,per_class,DC,0.9166666666666666,0.03995848469122989,30,1
RandomForest,per_class,DC,0.9264705882352942,0.03269330565646082,30,1
RandomForest,per_class,DC,0.9206349206349206,0.03009859885832901,30,1
RandomForest,per_class,DC,0.9137931034482759,0.027503892060197196,30,1
RandomForest,per_class,DC,0.9387755102040817,0.023871302542812663,30,1
RandomForest,per_class,DC,0.9318181818181818,0.02127659574468085,30,1
RandomForest,per_class,DC,0.9444444444444444,0.017644006227296314,30,1
RandomForest,per_class,DC,0.9666666666666667,0.015049299429164505,30,1
RandomForest,per_class,DC,0.9642857142857143,0.01401141670991178,30,1
RandomForest,per_class,DC,0.9615384615384616,0.012973533990659055,30,1
RandomForest,per_class,DC,0.9583333333333334,0.011935651271406332,30,1
RandomForest,per_class,DC,0.9565217391304348,0.011416709911779968,30,1
RandomForest,per_class,DC,0.9523809523809523,0.010378827192527244,30,1
RandomForest,per_class,DC,1.0,0.008822003113648157,30,1
RandomForest,per_class,DC,1.0,0.007784120394395433,30,1
RandomForest,per_class,DC,1.0,0.006746237675142709,30,1
RandomForest,per_class,DC,1.0,0.005708354955889984,30,1
RandomForest,per_class,DC,1.0,0.0041515308770108976,30,1
RandomForest,per_class,DC,1.0,0.0036325895173845357,30,1
RandomForest,per_class,DC,1.0,0.0031136481577581734,30,1
RandomForest,per_class,DC,1.0,0.002594706798131811,30,1
RandomForest,per_class,DC,1.0,0.0020757654385054488,30,1
RandomForest,per_class,DC,1.0,0.0015568240788790867,30,1
RandomForest,per_class,DC,1.0,0.0010378827192527244,30,1
RandomForest,per_class,DC,1.0,0.0005189413596263622,30,1
RandomForest,per_class,DC,1.0,0.0,30,1
RandomForest,per_class,Endothelial,0.06056494816670145,1.0,30,1
RandomForest,per_class,Endothelial,0.06795282355697883,0.9994256174612292,30,1
RandomForest,per_class,Endothelial,0.0792182944606414,0.9988512349224583,30,1
RandomForest,per_class,Endothelial,0.09383116883116883,0.9959793222286043,30,1
RandomForest,per_class,Endothelial,0.11126878668644778,0.9908098793796669,30,1
RandomForest,per_class,Endothelial,0.1317144394067471,0.9844916714531878,30,1
RandomForest,per_class,Endothelial,0.15547252346669097,0.9798966111430213,30,1
RandomForest,per_class,Endothelial,0.18205238299699442,0.974152785755313,30,1
RandomForest,per_class,Endothelial,0.20955699352911897,0.9672601952900631,30,1
RandomForest,per_class,Endothelial,0.23998282770463653,0.9632395175186674,30,1
RandomForest,per_class,Endothelial,0.27191413237924866,0.9603676048248133,30,1
RandomForest,per_class,Endothelial,0.3056319941295175,0.9569213095921884,30,1
RandomForest,per_class,Endothelial,0.3382203217267359,0.9540493968983343,30,1
RandomForest,per_class,Endothelial,0.3702213279678068,0.9511774842044802,30,1
RandomForest,per_class,Endothelial,0.4,0.9477311889718553,30,1
RandomForest,per_class,Endothelial,0.4251357641582622,0.9442848937392303,30,1
RandomForest,per_class,Endothelial,0.4517822602928986,0.9391154508902929,30,1
RandomForest,per_class,Endothelial,0.4752707052970442,0.9327972429638139,30,1
RandomForest,per_class,Endothelial,0.49861239592969475,0.9287765651924181,30,1
RandomForest,per_class,Endothelial,0.5166666666666667,0.925904652498564,30,1
RandomForest,per_class,Endothelial,0.5366343258614922,0.9213095921883975,30,1
RandomForest,per_class,Endothelial,0.5559428372255141,0.9161401493394601,30,1
RandomForest,per_class,Endothelial,0.5688237397211298,0.9138426191843768,30,1
RandomForest,per_class,Endothelial,0.5835172921265637,0.9109707064905227,30,1
RandomForest,per_class,Endothelial,0.5990155244225672,0.9086731763354394,30,1
RandomForest,per_class,Endothelial,0.612252811167119,0.9069500287191269,30,1
RandomForest,per_class,Endothelial,0.6222750693618708,0.9017805858701895,30,1
RandomForest,per_class,Endothelial,0.6323886639676113,0.897185525560023,30,1
RandomForest,per_class,Endothelial,0.6407086938607334,0.8931648477886273,30,1
RandomForest,per_class,Endothelial,0.6489317134478425,0.8897185525560023,30,1
RandomForest,per_class,Endothelial,0.6589842082799829,0.8868466398621482,30,1
RandomForest,per_class,Endothelial,0.665944540727903,0.8828259620907525,30,1
RandomForest,per_class,Endothelial,0.6744493392070484,0.8793796668581275,30,1
RandomForest,per_class,Endothelial,0.6802325581395349,0.8736358414704193,30,1
RandomForest,per_class,Endothelial,0.6863368134362233,0.8684663986214819,30,1
RandomForest,per_class,Endothelial,0.6906507791017416,0.8655944859276278,30,1
RandomForest,per_class,Endothelial,0.6977715877437326,0.8632969557725445,30,1
RandomForest,per_class,Endothelial,0.7033380347907852,0.8592762780011488,30,1
RandomForest,per_class,Endothelial,0.7099381835473134,0.8575531303848363,30,1
RandomForest,per_class,Endothelial,0.7155213839500241,0.855255600229753,30,1
RandomForest,per_class,Endothelial,0.7218963831867058,0.8483630097645032,30,1
RandomForest,per_class,Endothelial,0.7280397022332507,0.842619184376795,30,1
RandomForest,per_class,Endothelial,0.7357539082198689,0.8380241240666284,30,1
RandomForest,per_class,Endothelial,0.7418032786885246,0.8317059161401493,30,1
RandomForest,per_class,Endothelial,0.7494813278008299,0.8299827685238369,30,1
RandomForest,per_class,Endothelial,0.7541928721174004,0.8265364732912119,30,1
RandomForest,per_class,Endothelial,0.7575436739015352,0.8219414129810454,30,1
RandomForest,per_class,Endothelial,0.7635679742074154,0.8161975875933372,30,1
RandomForest,per_class,Endothelial,0.7676712328767124,0.8047099368179207,30,1
RandomForest,per_class,Endothelial,0.7719200887902331,0.7989661114302126,30,1
RandomForest,per_class,Endothelial,0.7804187889077533,0.7920735209649626,30,1
RandomForest,per_class,Endothelial,0.7857553130384837,0.7857553130384837,30,1
RandomForest,per_class,Endothelial,0.7880371660859465,0.7794371051120046,30,1
RandomForest,per_class,Endothelial,0.7911764705882353,0.7725445146467548,30,1
RandomForest,per_class,Endothelial,0.7946428571428571,0.7668006892590465,30,1
RandomForest,per_class,Endothelial,0.7978273989136995,0.7593337162550259,30,1
RandomForest,per_class,Endothelial,0.8046540110226577,0.7547386559448592,30,1
RandomForest,per_class,Endothelial,0.8084314941103534,0.7489948305571511,30,1
RandomForest,per_class,Endothelial,0.8115577889447236,0.7421022400919012,30,1
RandomForest,per_class,Endothelial,0.8167305236270753,0.7346352670878805,30,1
RandomForest,per_class,Endothelial,0.8209437621202327,0.7294658242389431,30,1
RandomForest,per_class,Endothelial,0.8260013131976363,0.7225732337736933,30,1
RandomForest,per_class,Endothelial,0.8334452652787105,0.7128087306145893,30,1
RandomForest,per_class,Endothelial,0.8376358695652174,0.7082136703044227,30,1
RandomForest,per_class,Endothelial,0.8424326192121631,0.7001723147616312,30,1
RandomForest,per_class,Endothelial,0.8497191011235955,0.6950028719126938,30,1
RandomForest,per_class,Endothelial,0.8528571428571429,0.6858127512923607,30,1
RandomForest,per_class,Endothelial,0.8534296028880867,0.6789201608271108,30,1
RandomForest,per_class,Endothelial,0.8541055718475073,0.6691556576680069,30,1
RandomForest,per_class,Endothelial,0.8562918838421445,0.6605399195864445,30,1
RandomForest,per_class,Endothelial,0.8559577677224736,0.6519241815048823,30,1
RandomForest,per_class,Endothelial,0.8587786259541985,0.6461803561171741,30,1
RandomForest,per_class,Endothelial,0.8620420888542478,0.6352670878805284,30,1
RandomForest,per_class,Endothelial,0.8645007923930269,0.6266513497989661,30,1
RandomForest,per_class,Endothelial,0.8648431214802896,0.617461229178633,30,1
RandomForest,per_class,Endothelial,0.8648208469055375,0.6099942561746123,30,1
RandomForest,per_class,Endothelial,0.8678777869529315,0.6036760482481333,30,1
RandomForest,per_class,Endothelial,0.8693467336683417,0.5962090752441126,30,1
RandomForest,per_class,Endothelial,0.8704974271012007,0.5829982768523837,30,1
RandomForest,per_class,Endothelial,0.8774978279756733,0.5801263641585296,30,1
RandomForest,per_class,Endothelial,0.8766519823788547,0.5715106260769672,30,1
RandomForest,per_class,Endothelial,0.8789237668161435,0.562894887995405,30,1
RandomForest,per_class,Endothelial,0.8824065633546034,0.5560022975301551,30,1
RandomForest,per_class,Endothelial,0.8843663274745606,0.5491097070649053,30,1
RandomForest,per_class,Endothelial,0.8886792452830189,0.5410683515221137,30,1
RandomForest,per_class,Endothelial,0.8910318225650916,0.530729465824239,30,1
RandomForest,per_class,Endothelial,0.8975369458128079,0.5232624928202183,30,1
RandomForest,per_class,Endothelial,0.8998998998998999,0.5163699023549684,30,1
RandomForest,per_class,Endothelial,0.9040404040404041,0.5140723721998851,30,1
RandomForest,per_class,Endothelial,0.9087179487179488,0.5089029293509477,30,1
RandomForest,per_class,Endothelial,0.9153605015673981,0.5031591039632395,30,1
RandomForest,per_class,Endothelial,0.9154334038054969,0.4974152785755313,30,1
RandomForest,per_class,Endothelial,0.9173819742489271,0.4910970706490523,30,1
RandomForest,per_class,Endothelial,0.9174809989142236,0.48535324526134405,30,1
RandomForest,per_class,Endothelial,0.9204419889502763,0.4784606547960942,30,1
RandomForest,per_class,Endothelial,0.9213483146067416,0.4709936817920735,30,1
RandomForest,per_class,Endothelial,0.9216799091940976,0.46639862148190697,30,1
RandomForest,per_class,Endothelial,0.923699421965318,0.45893164847788626,30,1
RandomForest,per_class,Endothelial,0.9240806642941874,0.44744399770246984,30,1
RandomForest,per_class,Endothelial,0.9253012048192771,0.4411257897759908,30,1
RandomForest,per_class,Endothelial,0.9312039312039312,0.4353819643882826,30,1
RandomForest,per_class,Endothelial,0.9330024813895782,0.4319356691556577,30,1
RandomForest,per_class,Endothelial,0.9373433583959899,0.4296381390005744,30,1
RandomForest,per_class,Endothelial,0.9379746835443038,0.42561746122917865,30,1
RandomForest,per_class,Endothelial,0.94140625,0.4152785755313039,30,1
RandomForest,per_class,Endothelial,0.9415670650730412,0.40723721998851237,30,1
RandomForest,per_class,Endothelial,0.9421265141318977,0.402067777139575,30,1
RandomForest,per_class,Endothelial,0.9425444596443229,0.3957495692130959,30,1
RandomForest,per_class,Endothelial,0.9432918395573997,0.3917288914417002,30,1
RandomForest,per_class,Endothelial,0.9464788732394366,0.38598506605399197,30,1
RandomForest,per_class,Endothelial,0.9452449567723343,0.3767949454336588,30,1
RandomForest,per_class,Endothelial,0.945985401459854,0.3721998851234922,30,1
RandomForest,per_class,Endothelial,0.9461077844311377,0.3630097645031591,30,1
RandomForest,per_class,Endothelial,0.9468892261001517,0.35841470419299254,30,1
RandomForest,per_class,Endothelial,0.9488372093023256,0.35152211372774267,30,1
RandomForest,per_class,Endothelial,0.9493670886075949,0.3446295232624928,30,1
RandomForest,per_class,Endothelial,0.9498381877022654,0.33716255025847214,30,1
RandomForest,per_class,Endothelial,0.955,0.32912119471568063,30,1
RandomForest,per_class,Endothelial,0.9559322033898305,0.32395175186674324,30,1
RandomForest,per_class,Endothelial,0.96,0.3170591614014934,30,1
RandomForest,per_class,Endothelial,0.9610619469026549,0.311889718552556,30,1
RandomForest,per_class,Endothelial,0.9617486338797814,0.3032739804709937,30,1
RandomForest,per_class,Endothelial,0.961038961038961,0.29753015508328545,30,1
RandomForest,per_class,Endothelial,0.9602272727272727,0.2912119471568064,30,1
RandomForest,per_class,Endothelial,0.9614643545279383,0.2866168868466399,30,1
RandomForest,per_class,Endothelial,0.9625984251968503,0.28087306145893165,30,1
RandomForest,per_class,Endothelial,0.9616935483870968,0.2739804709936818,30,1
RandomForest,per_class,Endothelial,0.9628099173553719,0.26766226306720275,30,1
RandomForest,per_class,Endothelial,0.9642105263157895,0.2630672027570362,30,1
RandomForest,per_class,Endothelial,0.9676724137931034,0.25789775990809877,30,1
RandomForest,per_class,Endothelial,0.9665924276169265,0.24928202182653647,30,1
RandomForest,per_class,Endothelial,0.9682539682539683,0.24526134405514072,30,1
RandomForest,per_class,Endothelial,0.9675174013921114,0.2395175186674325,30,1
RandomForest,per_class,Endothelial,0.9738717339667459,0.23549684089603676,30,1
RandomForest,per_class,Endothelial,0.9757281553398058,0.2309017805858702,30,1
RandomForest,per_class,Endothelial,0.9773869346733668,0.2234348075818495,30,1
RandomForest,per_class,Endothelial,0.9768041237113402,0.2176909821941413,30,1
RandomForest,per_class,Endothelial,0.9759358288770054,0.20964962665134979,30,1
RandomForest,per_class,Endothelial,0.9752066115702479,0.20333141872487076,30,1
RandomForest,per_class,Endothelial,0.9742857142857143,0.1958644457208501,30,1
RandomForest,per_class,Endothelial,0.9732142857142857,0.1878230901780586,30,1
RandomForest,per_class,Endothelial,0.9717868338557993,0.17805858701895463,30,1
RandomForest,per_class,Endothelial,0.9765100671140939,0.167145318782309,30,1
RandomForest,per_class,Endothelial,0.975,0.15680643308443423,30,1
RandomForest,per_class,Endothelial,0.977859778597786,0.15221137277426766,30,1
RandomForest,per_class,Endothelial,0.9764705882352941,0.14302125215393452,30,1
RandomForest,per_class,Endothelial,0.9755102040816327,0.1372774267662263,30,1
RandomForest,per_class,Endothelial,0.9787234042553191,0.13210798391728892,30,1
RandomForest,per_class,Endothelial,0.9782608695652174,0.1292360712234348,30,1
RandomForest,per_class,Endothelial,0.9770642201834863,0.12234348075818495,30,1
RandomForest,per_class,Endothelial,0.9764150943396226,0.11889718552556003,30,1
RandomForest,per_class,Endothelial,0.9747474747474747,0.11085582998276852,30,1
RandomForest,per_class,Endothelial,0.9842105263157894,0.1074095347501436,30,1
RandomForest,per_class,Endothelial,0.9831460674157303,0.10051694428489374,30,1
RandomForest,per_class,Endothelial,0.9817073170731707,0.09247558874210224,30,1
RandomForest,per_class,Endothelial,0.9811320754716981,0.08960367604824813,30,1
RandomForest,per_class,Endothelial,0.98,0.08443423319931075,30,1
RandomForest,per_class,Endothelial,0.9859154929577465,0.08041355542791499,30,1
RandomForest,per_class,Endothelial,0.9851851851851852,0.07639287765651924,30,1
RandomForest,per_class,Endothelial,0.9838709677419355,0.0700746697300402,30,1
RandomForest,per_class,Endothelial,0.9911504424778761,0.064330844342332,30,1
RandomForest,per_class,Endothelial,0.9903846153846154,0.0591614014933946,30,1
RandomForest,per_class,Endothelial,0.9891304347826086,0.05226881102814474,30,1
RandomForest,per_class,Endothelial,0.9871794871794872,0.04422745548535324,30,1
RandomForest,per_class,Endothelial,0.9857142857142858,0.03963239517518667,30,1
RandomForest,per_class,Endothelial,0.9824561403508771,0.032165422171166,30,1
RandomForest,per_class,Endothelial,0.9795918367346939,0.027570361860999426,30,1
RandomForest,per_class,Endothelial,0.9743589743589743,0.021826536473291212,30,1
RandomForest,per_class,Endothelial,0.972972972972973,0.02067777139574957,30,1
RandomForest,per_class,Endothelial,0.9696969696969697,0.018380241240666284,30,1
RandomForest,per_class,Endothelial,0.9629629629629629,0.014933946008041356,30,1
RandomForest,per_class,Endothelial,1.0,0.010913268236645606,30,1
RandomForest,per_class,Endothelial,1.0,0.010338885697874785,30,1
RandomForest,per_class,Endothelial,1.0,0.009764503159103963,30,1
RandomForest,per_class,Endothelial,1.0,0.00861573808156232,30,1
RandomForest,per_class,Endothelial,1.0,0.007466973004020678,30,1
RandomForest,per_class,Endothelial,1.0,0.0068925904652498565,30,1
RandomForest,per_class,Endothelial,1.0,0.006318207926479035,30,1
RandomForest,per_class,Endothelial,1.0,0.002871912693854107,30,1
RandomForest,per_class,Endothelial,1.0,0.0017231476163124641,30,1
RandomForest,per_class,Endothelial,1.0,0.0,30,1
RandomForest,per_class,Epithelial,0.015654351909830933,1.0,30,1
RandomForest,per_class,Epithelial,0.01696129056575327,1.0,30,1
RandomForest,per_class,Epithelial,0.018889308651303362,1.0,30,1
RandomForest,per_class,Epithelial,0.02149818459774508,1.0,30,1
RandomForest,per_class,Epithelial,0.025029200734189887,1.0,30,1
RandomForest,per_class,Epithelial,0.029381039435884042,1.0,30,1
RandomForest,per_class,Epithelial,0.035079513564078575,1.0,30,1
RandomForest,per_class,Epithelial,0.04237687164516433,1.0,30,1
RandomForest,per_class,Epithelial,0.05190311418685121,1.0,30,1
RandomForest,per_class,Epithelial,0.064038707841184,1.0,30,1
RandomForest,per_class,Epithelial,0.07856145251396648,1.0,30,1
RandomForest,per_class,Epithelial,0.09486583562222692,0.9977777777777778,30,1
RandomForest,per_class,Epithelial,0.11626100466079752,0.9977777777777778,30,1
RandomForest,per_class,Epithelial,0.1378146101903008,0.9977777777777778,30,1
RandomForest,per_class,Epithelial,0.16041443372633082,0.9977777777777778,30,1
RandomForest,per_class,Epithelial,0.18546055349029328,0.9977777777777778,30,1
RandomForest,per_class,Epithelial,0.20951936537564161,0.9977777777777778,30,1
RandomForest,per_class,Epithelial,0.22939068100358423,0.9955555555555555,30,1
RandomForest,per_class,Epithelial,0.2486126526082131,0.9955555555555555,30,1
RandomForest,per_class,Epithelial,0.26874625074985004,0.9955555555555555,30,1
RandomForest,per_class,Epithelial,0.28444444444444444,0.9955555555555555,30,1
RandomForest,per_class,Epithelial,0.2988659106070714,0.9955555555555555,30,1
RandomForest,per_class,Epithelial,0.31149825783972124,0.9933333333333333,30,1
RandomForest,per_class,Epithelial,0.32155731795241527,0.9911111111111112,30,1
RandomForest,per_class,Epithelial,0.3313477289650037,0.9888888888888889,30,1
RandomForest,per_class,Epithelial,0.33868501529051986,0.9844444444444445,30,1
RandomForest,per_class,Epithelial,0.34290147401086113,0.9822222222222222,30,1
RandomForest,per_class,Epithelial,0.35275339185953714,0.9822222222222222,30,1
RandomForest,per_class,Epithelial,0.3574918566775244,0.9755555555555555,30,1
RandomForest,per_class,Epithelial,0.362655601659751,0.9711111111111111,30,1
RandomForest,per_class,Epithelial,0.3709677419354839,0.9711111111111111,30,1
RandomForest,per_class,Epithelial,0.3758620689655172,0.9688888888888889,30,1
RandomForest,per_class,Epithelial,0.3785900783289817,0.9666666666666667,30,1
RandomForest,per_class,Epithelial,0.38441098317094774,0.9644444444444444,30,1
RandomForest,per_class,Epithelial,0.3904418394950406,0.9622222222222222,30,1
RandomForest,per_class,Epithelial,0.3946886446886447,0.9577777777777777,30,1
RandomForest,per_class,Epithelial,0.40093023255813953,0.9577777777777777,30,1
RandomForest,per_class,Epithelial,0.4041353383458647,0.9555555555555556,30,1
RandomForest,per_class,Epithelial,0.4095238095238095,0.9555555555555556,30,1
RandomForest,per_class,Epithelial,0.41329479768786126,0.9533333333333334,30,1
RandomForest,per_class,Epithelial,0.4159378036929057,0.9511111111111111,30,1
RandomForest,per_class,Epithelial,0.41903827281648676,0.9488888888888889,30,1
RandomForest,per_class,Epithelial,0.423038728897716,0.9466666666666667,30,1
RandomForest,per_class,Epithelial,0.42527582748244735,0.9422222222222222,30,1
RandomForest,per_class,Epithelial,0.4300202839756592,0.9422222222222222,30,1
RandomForest,per_class,Epithelial,0.43550051599587203,0.9377777777777778,30,1
RandomForest,per_class,Epithelial,0.44037656903765693,0.9355555555555556,30,1
RandomForest,per_class,Epithelial,0.4442082890541977,0.9288888888888889,30,1
RandomForest,per_class,Epithelial,0.4508108108108108,0.9266666666666666,30,1
RandomForest,per_class,Epithelial,0.4556407447973713,0.9244444444444444,30,1
RandomForest,per_class,Epithelial,0.45916114790286977,0.9244444444444444,30,1
RandomForest,per_class,Epithelial,0.46300448430493274,0.9177777777777778,30,1
RandomForest,per_class,Epithelial,0.46697038724373574,0.9111111111111111,30,1
RandomForest,per_class,Epithelial,0.4722222222222222,0.9066666666666666,30,1
RandomForest,per_class,Epithelial,0.4771395076201641,0.9044444444444445,30,1
RandomForest,per_class,Epithelial,0.4816568047337278,0.9044444444444445,30,1
RandomForest,per_class,Epithelial,0.4891826923076923,0.9044444444444445,30,1
RandomForest,per_class,Epithelial,0.49150485436893204,0.9,30,1
RandomForest,per_class,Epithelial,0.4969097651421508,0.8933333333333333,30,1
RandomForest,per_class,Epithelial,0.5025062656641605,0.8911111111111111,30,1
RandomForest,per_class,Epithelial,0.5038265306122449,0.8777777777777778,30,1
RandomForest,per_class,Epithelial,0.5077519379844961,0.8733333333333333,30,1
RandomForest,per_class,Epithelial,0.5137976346911958,0.8688888888888889,30,1
RandomForest,per_class,Epithelial,0.5166002656042497,0.8644444444444445,30,1
RandomForest,per_class,Epithelial,0.5216216216216216,0.8577777777777778,30,1
RandomForest,per_class,Epithelial,0.5253772290809328,0.8511111111111112,30,1
RandomForest,per_class,Epithelial,0.5329593267882188,0.8444444444444444,30,1
RandomForest,per_class,Epithelial,0.5368271954674221,0.8422222222222222,30,1
RandomForest,per_class,Epithelial,0.5446685878962536,0.84,30,1
RandomForest,per_class,Epithelial,0.5489051094890511,0.8355555555555556,30,1
RandomForest,per_class,Epithelial,0.5573770491803278,0.8311111111111111,30,1
RandomForest,per_class,Epithelial,0.5649546827794562,0.8311111111111111,30,1
RandomForest,per_class,Epithelial,0.5690184049079755,0.8244444444444444,30,1
RandomForest,per_class,Epithelial,0.5748031496062992,0.8111111111111111,30,1
RandomForest,per_class,Epithelial,0.5844155844155844,0.8,30,1
RandomForest,per_class,Epithelial,0.5943708609271523,0.7977777777777778,30,1
RandomForest,per_class,Epithelial,0.5986509274873525,0.7888888888888889,30,1
RandomForest,per_class,Epithelial,0.6010452961672473,0.7666666666666667,30,1
RandomForest,per_class,Epithelial,0.6074600355239786,0.76,30,1
RandomForest,per_class,Epithelial,0.6227106227106227,0.7555555555555555,30,1
RandomForest,per_class,Epithelial,0.6336448598130842,0.7533333333333333,30,1
RandomForest,per_class,Epithelial,0.6435452793834296,0.7422222222222222,30,1
RandomForest,per_class,Epithelial,0.6457925636007827,0.7333333333333333,30,1
RandomForest,per_class,Epithelial,0.6592292089249493,0.7222222222222222,30,1
RandomForest,per_class,Epithelial,0.6687763713080169,0.7044444444444444,30,1
RandomForest,per_class,Epithelial,0.6760259179265659,0.6955555555555556,30,1
RandomForest,per_class,Epithelial,0.6836283185840708,0.6866666666666666,30,1
RandomForest,per_class,Epithelial,0.6876404494382022,0.68,30,1
RandomForest,per_class,Epithelial,0.6972477064220184,0.6755555555555556,30,1
RandomForest,per_class,Epithelial,0.6995305164319249,0.6622222222222223,30,1
RandomForest,per_class,Epithelial,0.7128953771289538,0.6511111111111111,30,1
RandomForest,per_class,Epithelial,0.7279596977329975,0.6422222222222222,30,1
RandomForest,per_class,Epithelial,0.7331606217616581,0.6288888888888889,30,1
RandomForest,per_class,Epithelial,0.7371273712737128,0.6044444444444445,30,1
RandomForest,per_class,Epithelial,0.7507002801120448,0.5955555555555555,30,1
RandomForest,per_class,Epithelial,0.7558139534883721,0.5777777777777777,30,1
RandomForest,per_class,Epithelial,0.7627627627627628,0.5644444444444444,30,1
RandomForest,per_class,Epithelial,0.7685185185185185,0.5533333333333333,30,1
RandomForest,per_class,Epithelial,0.7620578778135049,0.5266666666666666,30,1
RandomForest,per_class,Epithelial,0.7777777777777778,0.5133333333333333,30,1
RandomForest,per_class,Epithelial,0.7854671280276817,0.5044444444444445,30,1
RandomForest,per_class,Epithelial,0.8028673835125448,0.49777777777777776,30,1
RandomForest,per_class,Epithelial,0.8038461538461539,0.46444444444444444,30,1
RandomForest,per_class,Epithelial,0.8188976377952756,0.4622222222222222,30,1
RandomForest,per_class,Epithelial,0.8232931726907631,0.45555555555555555,30,1
RandomForest,per_class,Epithelial,0.8354430379746836,0.44,30,1
RandomForest,per_class,Epithelial,0.8370044052863436,0.4222222222222222,30,1
RandomForest,per_class,Epithelial,0.832579185520362,0.4088888888888889,30,1
RandomForest,per_class,Epithelial,0.8356164383561644,0.4066666666666667,30,1
RandomForest,per_class,Epithelial,0.8341013824884793,0.4022222222222222,30,1
RandomForest,per_class,Epithelial,0.8373205741626795,0.3888888888888889,30,1
RandomForest,per_class,Epithelial,0.8374384236453202,0.37777777777777777,30,1
RandomForest,per_class,Epithelial,0.8484848484848485,0.37333333333333335,30,1
RandomForest,per_class,Epithelial,0.84375,0.36,30,1
RandomForest,per_class,Epithelial,0.8440860215053764,0.3488888888888889,30,1
RandomForest,per_class,Epithelial,0.8693181818181818,0.34,30,1
RandomForest,per_class,Epithelial,0.8786127167630058,0.3377777777777778,30,1
RandomForest,per_class,Epithelial,0.8773006134969326,0.31777777777777777,30,1
RandomForest,per_class,Epithelial,0.8758169934640523,0.29777777777777775,30,1
RandomForest,per_class,Epithelial,0.875,0.28,30,1
RandomForest,per_class,Epithelial,0.8785714285714286,0.2733333333333333,30,1
RandomForest,per_class,Epithelial,0.8805970149253731,0.26222222222222225,30,1
RandomForest,per_class,Epithelial,0.8818897637795275,0.24888888888888888,30,1
RandomForest,per_class,Epithelial,0.8916666666666667,0.23777777777777778,30,1
RandomForest,per_class,Epithelial,0.8956521739130435,0.2288888888888889,30,1
RandomForest,per_class,Epithelial,0.8990825688073395,0.21777777777777776,30,1
RandomForest,per_class,Epithelial,0.9047619047619048,0.2111111111111111,30,1
RandomForest,per_class,Epithelial,0.9157894736842105,0.19333333333333333,30,1
RandomForest,per_class,Epithelial,0.9222222222222223,0.18444444444444444,30,1
RandomForest,per_class,Epithelial,0.9404761904761905,0.17555555555555555,30,1
RandomForest,per_class,Epithelial,0.9375,0.16666666666666666,30,1
RandomForest,per_class,Epithelial,0.935064935064935,0.16,30,1
RandomForest,per_class,Epithelial,0.958904109589041,0.15555555555555556,30,1
RandomForest,per_class,Epithelial,0.9552238805970149,0.14222222222222222,30,1
RandomForest,per_class,Epithelial,0.9523809523809523,0.13333333333333333,30,1
RandomForest,per_class,Epithelial,0.9649122807017544,0.12222222222222222,30,1
RandomForest,per_class,Epithelial,0.9629629629629629,0.11555555555555555,30,1
RandomForest,per_class,Epithelial,0.9615384615384616,0.1111111111111111,30,1
RandomForest,per_class,Epithelial,0.9583333333333334,0.10222222222222223,30,1
RandomForest,per_class,Epithelial,0.9523809523809523,0.08888888888888889,30,1
RandomForest,per_class,Epithelial,0.9512195121951219,0.08666666666666667,30,1
RandomForest,per_class,Epithelial,0.9714285714285714,0.07555555555555556,30,1
RandomForest,per_class,Epithelial,0.967741935483871,0.06666666666666667,30,1
RandomForest,per_class,Epithelial,0.9666666666666667,0.06444444444444444,30,1
RandomForest,per_class,Epithelial,0.96,0.05333333333333334,30,1
RandomForest,per_class,Epithelial,0.9545454545454546,0.04666666666666667,30,1
RandomForest,per_class,Epithelial,0.9444444444444444,0.03777777777777778,30,1
RandomForest,per_class,Epithelial,1.0,0.03333333333333333,30,1
RandomForest,per_class,Epithelial,1.0,0.02666666666666667,30,1
RandomForest,per_class,Epithelial,1.0,0.024444444444444446,30,1
RandomForest,per_class,Epithelial,1.0,0.02,30,1
RandomForest,per_class,Epithelial,1.0,0.017777777777777778,30,1
RandomForest,per_class,Epithelial,1.0,0.015555555555555555,30,1
RandomForest,per_class,Epithelial,1.0,0.013333333333333334,30,1
RandomForest,per_class,Epithelial,1.0,0.011111111111111112,30,1
RandomForest,per_class,Epithelial,1.0,0.006666666666666667,30,1
RandomForest,per_class,Epithelial,1.0,0.0044444444444444444,30,1
RandomForest,per_class,Epithelial,1.0,0.0022222222222222222,30,1
RandomForest,per_class,Epithelial,1.0,0.0,30,1
RandomForest,per_class,Lymphatic,0.02622973631113894,1.0,30,1
RandomForest,per_class,Lymphatic,0.027883584186975334,1.0,30,1
RandomForest,per_class,Lymphatic,0.030634217689838702,1.0,30,1
RandomForest,per_class,Lymphatic,0.03434260400968169,0.9973474801061007,30,1
RandomForest,per_class,Lymphatic,0.03951799621132393,0.9960212201591512,30,1
RandomForest,per_class,Lymphatic,0.04632489190858555,0.9946949602122016,30,1
RandomForest,per_class,Lymphatic,0.05499669579264263,0.993368700265252,30,1
RandomForest,per_class,Lymphatic,0.06617192331478046,0.993368700265252,30,1
RandomForest,per_class,Lymphatic,0.08027006751687922,0.993368700265252,30,1
RandomForest,per_class,Lymphatic,0.09727474246968314,0.9893899204244032,30,1
RandomForest,per_class,Lymphatic,0.11835633825162621,0.9893899204244032,30,1
RandomForest,per_class,Lymphatic,0.1432141484044598,0.9880636604774535,30,1
RandomForest,per_class,Lymphatic,0.17092247527030136,0.9854111405835544,30,1
RandomForest,per_class,Lymphatic,0.2010840108401084,0.9840848806366048,30,1
RandomForest,per_class,Lymphatic,0.23289391086001254,0.9840848806366048,30,1
RandomForest,per_class,Lymphatic,0.26578192252510763,0.9827586206896551,30,1
RandomForest,per_class,Lymphatic,0.2997164844066424,0.9814323607427056,30,1
RandomForest,per_class,Lymphatic,0.3340867992766727,0.980106100795756,30,1
RandomForest,per_class,Lymphatic,0.36674937965260546,0.980106100795756,30,1
RandomForest,per_class,Lymphatic,0.3930851063829787,0.980106100795756,30,1
RandomForest,per_class,Lymphatic,0.42219679633867274,0.9787798408488063,30,1
RandomForest,per_class,Lymphatic,0.4465370595382746,0.9748010610079576,30,1
RandomForest,per_class,Lymphatic,0.4666666666666667,0.9748010610079576,30,1
RandomForest,per_class,Lymphatic,0.4860742705570292,0.9721485411140584,30,1
RandomForest,per_class,Lymphatic,0.5023989033584647,0.9721485411140584,30,1
RandomForest,per_class,Lymphatic,0.5165609584214236,0.9721485411140584,30,1
RandomForest,per_class,Lymphatic,0.5308194343727338,0.9708222811671088,30,1
RandomForest,per_class,Lymphatic,0.5418208734270911,0.9708222811671088,30,1
RandomForest,per_class,Lymphatic,0.5547945205479452,0.96684350132626,30,1
RandomForest,per_class,Lymphatic,0.5636645962732919,0.9628647214854111,30,1
RandomForest,per_class,Lymphatic,0.5739130434782609,0.9628647214854111,30,1
RandomForest,per_class,Lymphatic,0.5809294871794872,0.9615384615384616,30,1
RandomForest,per_class,Lymphatic,0.590204081632653,0.9588859416445623,30,1
RandomForest,per_class,Lymphatic,0.6014975041597338,0.9588859416445623,30,1
RandomForest,per_class,Lymphatic,0.6082561078348778,0.9575596816976127,30,1
RandomForest,per_class,Lymphatic,0.6174957118353345,0.9549071618037135,30,1
RandomForest,per_class,Lymphatic,0.6244579358196011,0.9549071618037135,30,1
RandomForest,per_class,Lymphatic,0.6354810238305384,0.9549071618037135,30,1
RandomForest,per_class,Lymphatic,0.6462646264626463,0.9522546419098143,30,1
RandomForest,per_class,Lymphatic,0.6532846715328468,0.9496021220159151,30,1
RandomForest,per_class,Lymphatic,0.6608133086876156,0.9482758620689655,30,1
RandomForest,per_class,Lymphatic,0.6707547169811321,0.9429708222811671,30,1
RandomForest,per_class,Lymphatic,0.6817307692307693,0.9403183023872679,30,1
RandomForest,per_class,Lymphatic,0.685077519379845,0.9376657824933687,30,1
RandomForest,per_class,Lymphatic,0.6918547595682041,0.9350132625994695,30,1
RandomForest,per_class,Lymphatic,0.6965174129353234,0.9283819628647215,30,1
RandomForest,per_class,Lymphatic,0.705050505050505,0.9257294429708223,30,1
RandomForest,per_class,Lymphatic,0.7099080694586313,0.9217506631299734,30,1
RandomForest,per_class,Lymphatic,0.7164948453608248,0.9217506631299734,30,1
RandomForest,per_class,Lymphatic,0.7224532224532224,0.9217506631299734,30,1
RandomForest,per_class,Lymphatic,0.7291886195995785,0.9177718832891246,30,1
RandomForest,per_class,Lymphatic,0.7411385606874329,0.9151193633952255,30,1
RandomForest,per_class,Lymphatic,0.7483731019522777,0.9151193633952255,30,1
RandomForest,per_class,Lymphatic,0.7543859649122807,0.9124668435013262,30,1
RandomForest,per_class,Lymphatic,0.7619577308120133,0.9084880636604774,30,1
RandomForest,per_class,Lymphatic,0.7720090293453724,0.9071618037135278,30,1
RandomForest,per_class,Lymphatic,0.7776510832383124,0.9045092838196287,30,1
RandomForest,per_class,Lymphatic,0.7825086306098964,0.9018567639257294,30,1
RandomForest,per_class,Lymphatic,0.7886178861788617,0.9005305039787799,30,1
RandomForest,per_class,Lymphatic,0.7952941176470588,0.896551724137931,30,1
RandomForest,per_class,Lymphatic,0.8026159334126041,0.8952254641909815,30,1
RandomForest,per_class,Lymphatic,0.8047904191616766,0.8912466843501327,30,1
RandomForest,per_class,Lymphatic,0.8099273607748184,0.8872679045092838,30,1
RandomForest,per_class,Lymphatic,0.813953488372093,0.8819628647214854,30,1
RandomForest,per_class,Lymphatic,0.8193069306930693,0.8779840848806366,30,1
RandomForest,per_class,Lymphatic,0.8261964735516373,0.870026525198939,30,1
RandomForest,per_class,Lymphatic,0.8333333333333334,0.8620689655172413,30,1
RandomForest,per_class,Lymphatic,0.8447368421052631,0.8514588859416445,30,1
RandomForest,per_class,Lymphatic,0.8488063660477454,0.8488063660477454,30,1
RandomForest,per_class,Lymphatic,0.852,0.8474801061007957,30,1
RandomForest,per_class,Lymphatic,0.8557951482479784,0.8421750663129973,30,1
RandomForest,per_class,Lymphatic,0.8583106267029973,0.8355437665782494,30,1
RandomForest,per_class,Lymphatic,0.8668515950069348,0.8289124668435013,30,1
RandomForest,per_class,Lymphatic,0.8725490196078431,0.8262599469496021,30,1
RandomForest,per_class,Lymphatic,0.8753541076487252,0.8196286472148541,30,1
RandomForest,per_class,Lymphatic,0.8753581661891118,0.8103448275862069,30,1
RandomForest,per_class,Lymphatic,0.876453488372093,0.7997347480106101,30,1
RandomForest,per_class,Lymphatic,0.8782991202346041,0.7944297082228117,30,1
RandomForest,per_class,Lymphatic,0.8831360946745562,0.7917771883289124,30,1
RandomForest,per_class,Lymphatic,0.8835820895522388,0.7851458885941645,30,1
RandomForest,per_class,Lymphatic,0.8872180451127819,0.7824933687002652,30,1
RandomForest,per_class,Lymphatic,0.891271056661562,0.7718832891246684,30,1
RandomForest,per_class,Lymphatic,0.8954758190327613,0.7612732095490716,30,1
RandomForest,per_class,Lymphatic,0.9009433962264151,0.7599469496021221,30,1
RandomForest,per_class,Lymphatic,0.904,0.7493368700265252,30,1
RandomForest,per_class,Lymphatic,0.9087947882736156,0.7400530503978779,30,1
RandomForest,per_class,Lymphatic,0.9093904448105437,0.7320954907161804,30,1
RandomForest,per_class,Lymphatic,0.916247906197655,0.7254641909814323,30,1
RandomForest,per_class,Lymphatic,0.9186440677966101,0.7188328912466844,30,1
RandomForest,per_class,Lymphatic,0.9193825042881647,0.7108753315649867,30,1
RandomForest,per_class,Lymphatic,0.9250871080139372,0.7042440318302388,30,1
RandomForest,per_class,Lymphatic,0.9290780141843972,0.6949602122015915,30,1
RandomForest,per_class,Lymphatic,0.931899641577061,0.6896551724137931,30,1
RandomForest,per_class,Lymphatic,0.9378427787934186,0.6803713527851459,30,1
RandomForest,per_class,Lymphatic,0.9425925925925925,0.6750663129973474,30,1
RandomForest,per_class,Lymphatic,0.9472693032015066,0.6671087533156499,30,1
RandomForest,per_class,Lymphatic,0.9483747609942639,0.6578249336870027,30,1
RandomForest,per_class,Lymphatic,0.9477756286266924,0.649867374005305,30,1
RandomForest,per_class,Lymphatic,0.9488188976377953,0.6392572944297082,30,1
RandomForest,per_class,Lymphatic,0.9539078156312625,0.6312997347480106,30,1
RandomForest,per_class,Lymphatic,0.9556451612903226,0.6286472148541115,30,1
RandomForest,per_class,Lymphatic,0.9551020408163265,0.6206896551724138,30,1
RandomForest,per_class,Lymphatic,0.9578947368421052,0.603448275862069,30,1
RandomForest,per_class,Lymphatic,0.959051724137931,0.5901856763925729,30,1
RandomForest,per_class,Lymphatic,0.9626373626373627,0.5809018567639257,30,1
RandomForest,per_class,Lymphatic,0.963718820861678,0.5636604774535809,30,1
RandomForest,per_class,Lymphatic,0.9675925925925926,0.5543766578249337,30,1
RandomForest,per_class,Lymphatic,0.9716312056737588,0.5450928381962865,30,1
RandomForest,per_class,Lymphatic,0.9733656174334141,0.53315649867374,30,1
RandomForest,per_class,Lymphatic,0.9728395061728395,0.5225464190981433,30,1
RandomForest,per_class,Lymphatic,0.9722921914357683,0.5119363395225465,30,1
RandomForest,per_class,Lymphatic,0.9717223650385605,0.5013262599469496,30,1
RandomForest,per_class,Lymphatic,0.973404255319149,0.4854111405835544,30,1
RandomForest,per_class,Lymphatic,0.972972972972973,0.47745358090185674,30,1
RandomForest,per_class,Lymphatic,0.9721448467966574,0.46286472148541113,30,1
RandomForest,per_class,Lymphatic,0.9772079772079773,0.45490716180371354,30,1
RandomForest,per_class,Lymphatic,0.9767441860465116,0.44562334217506633,30,1
RandomForest,per_class,Lymphatic,0.9756838905775076,0.42572944297082227,30,1
RandomForest,per_class,Lymphatic,0.9746835443037974,0.40848806366047746,30,1
RandomForest,per_class,Lymphatic,0.9804560260586319,0.39920424403183025,30,1
RandomForest,per_class,Lymphatic,0.9830508474576272,0.38461538461538464,30,1
RandomForest,per_class,Lymphatic,0.9825174825174825,0.3726790450928382,30,1
RandomForest,per_class,Lymphatic,0.9854545454545455,0.3594164456233422,30,1
RandomForest,per_class,Lymphatic,0.9884169884169884,0.3395225464190981,30,1
RandomForest,per_class,Lymphatic,0.9880478087649402,0.32891246684350134,30,1
RandomForest,per_class,Lymphatic,0.9876543209876543,0.3183023872679045,30,1
RandomForest,per_class,Lymphatic,0.9913793103448276,0.3050397877984085,30,1
RandomForest,per_class,Lymphatic,0.990909090909091,0.2891246684350133,30,1
RandomForest,per_class,Lymphatic,0.9953051643192489,0.28116710875331563,30,1
RandomForest,per_class,Lymphatic,0.9948979591836735,0.25862068965517243,30,1
RandomForest,per_class,Lymphatic,0.9945652173913043,0.2427055702917772,30,1
RandomForest,per_class,Lymphatic,0.9939024390243902,0.21618037135278514,30,1
RandomForest,per_class,Lymphatic,0.9936708860759493,0.20822281167108753,30,1
RandomForest,per_class,Lymphatic,0.9931506849315068,0.19230769230769232,30,1
RandomForest,per_class,Lymphatic,1.0,0.1816976127320955,30,1
RandomForest,per_class,Lymphatic,1.0,0.16976127320954906,30,1
RandomForest,per_class,Lymphatic,1.0,0.16312997347480107,30,1
RandomForest,per_class,Lymphatic,1.0,0.14986737400530503,30,1
RandomForest,per_class,Lymphatic,1.0,0.14456233421750664,30,1
RandomForest,per_class,Lymphatic,1.0,0.1312997347480106,30,1
RandomForest,per_class,Lymphatic,1.0,0.1206896551724138,30,1
RandomForest,per_class,Lymphatic,1.0,0.11007957559681697,30,1
RandomForest,per_class,Lymphatic,1.0,0.10212201591511937,30,1
RandomForest,per_class,Lymphatic,1.0,0.09416445623342175,30,1
RandomForest,per_class,Lymphatic,1.0,0.08488063660477453,30,1
RandomForest,per_class,Lymphatic,1.0,0.07559681697612732,30,1
RandomForest,per_class,Lymphatic,1.0,0.06896551724137931,30,1
RandomForest,per_class,Lymphatic,1.0,0.058355437665782495,30,1
RandomForest,per_class,Lymphatic,1.0,0.05305039787798409,30,1
RandomForest,per_class,Lymphatic,1.0,0.050397877984084884,30,1
RandomForest,per_class,Lymphatic,1.0,0.04774535809018567,30,1
RandomForest,per_class,Lymphatic,1.0,0.042440318302387266,30,1
RandomForest,per_class,Lymphatic,1.0,0.03713527851458886,30,1
RandomForest,per_class,Lymphatic,1.0,0.034482758620689655,30,1
RandomForest,per_class,Lymphatic,1.0,0.033156498673740056,30,1
RandomForest,per_class,Lymphatic,1.0,0.03050397877984085,30,1
RandomForest,per_class,Lymphatic,1.0,0.027851458885941646,30,1
RandomForest,per_class,Lymphatic,1.0,0.023872679045092837,30,1
RandomForest,per_class,Lymphatic,1.0,0.01856763925729443,30,1
RandomForest,per_class,Lymphatic,1.0,0.017241379310344827,30,1
RandomForest,per_class,Lymphatic,1.0,0.014588859416445624,30,1
RandomForest,per_class,Lymphatic,1.0,0.009283819628647215,30,1
RandomForest,per_class,Lymphatic,1.0,0.007957559681697613,30,1
RandomForest,per_class,Lymphatic,1.0,0.006631299734748011,30,1
RandomForest,per_class,Lymphatic,1.0,0.003978779840848806,30,1
RandomForest,per_class,Lymphatic,1.0,0.002652519893899204,30,1
RandomForest,per_class,Lymphatic,1.0,0.001326259946949602,30,1
RandomForest,per_class,Lymphatic,1.0,0.0,30,1
RandomForest,per_class,M1,0.021568218186878173,1.0,30,1
RandomForest,per_class,M1,0.022621957893968696,1.0,30,1
RandomForest,per_class,M1,0.02487163029525032,1.0,30,1
RandomForest,per_class,M1,0.028045415479259962,1.0,30,1
RandomForest,per_class,M1,0.03205956874709137,1.0,30,1
RandomForest,per_class,M1,0.036677709417889254,1.0,30,1
RandomForest,per_class,M1,0.042102403911449135,1.0,30,1
RandomForest,per_class,M1,0.04852849092047589,1.0,30,1
RandomForest,per_class,M1,0.05547602004294918,1.0,30,1
RandomForest,per_class,M1,0.06260129659643436,0.9967741935483871,30,1
RandomForest,per_class,M1,0.07016348773841961,0.9967741935483871,30,1
RandomForest,per_class,M1,0.07784658157462404,0.9935483870967742,30,1
RandomForest,per_class,M1,0.08652222847495779,0.9919354838709677,30,1
RandomForest,per_class,M1,0.09462166743720142,0.9903225806451613,30,1
RandomForest,per_class,M1,0.10294365012615643,0.9870967741935484,30,1
RandomForest,per_class,M1,0.11129355956942164,0.9838709677419355,30,1
RandomForest,per_class,M1,0.119637937819756,0.9806451612903225,30,1
RandomForest,per_class,M1,0.1280590717299578,0.9790322580645161,30,1
RandomForest,per_class,M1,0.13613749434644956,0.9709677419354839,30,1
RandomForest,per_class,M1,0.14350961538461537,0.9629032258064516,30,1
RandomForest,per_class,M1,0.15053489556800814,0.9532258064516129,30,1
RandomForest,per_class,M1,0.15817838857450822,0.9467741935483871,30,1
RandomForest,per_class,M1,0.16657142857142856,0.9403225806451613,30,1
RandomForest,per_class,M1,0.17529518619436876,0.9338709677419355,30,1
RandomForest,per_class,M1,0.18268618714194781,0.9258064516129032,30,1
RandomForest,per_class,M1,0.18955769870302627,0.9193548387096774,30,1
RandomForest,per_class,M1,0.19727653631284917,0.9112903225806451,30,1
RandomForest,per_class,M1,0.20474452554744527,0.9048387096774193,30,1
RandomForest,per_class,M1,0.21176470588235294,0.9,30,1
RandomForest,per_class,M1,0.21936758893280633,0.8951612903225806,30,1
RandomForest,per_class,M1,0.22907122032486463,0.8870967741935484,30,1
RandomForest,per_class,M1,0.23712678494158373,0.8838709677419355,30,1
RandomForest,per_class,M1,0.24249215598386373,0.8725806451612903,30,1
RandomForest,per_class,M1,0.2491894395553497,0.867741935483871,30,1
RandomForest,per_class,M1,0.25565719788155994,0.8564516129032258,30,1
RandomForest,per_class,M1,0.26278836509528586,0.8451612903225807,30,1
RandomForest,per_class,M1,0.26911157024793386,0.8403225806451613,30,1
RandomForest,per_class,M1,0.2781065088757396,0.8338709677419355,30,1
RandomForest,per_class,M1,0.2853154662199888,0.8241935483870968,30,1
RandomForest,per_class,M1,0.2874564459930314,0.7983870967741935,30,1
RandomForest,per_class,M1,0.2923169267707083,0.785483870967742,30,1
RandomForest,per_class,M1,0.29615861214374223,0.7709677419354839,30,1
RandomForest,per_class,M1,0.3032258064516129,0.7580645161290323,30,1
RandomForest,per_class,M1,0.30933333333333335,0.7483870967741936,30,1
RandomForest,per_class,M1,0.3146997929606625,0.7354838709677419,30,1
RandomForest,per_class,M1,0.31905781584582443,0.7209677419354839,30,1
RandomForest,per_class,M1,0.3219837157660992,0.7016129032258065,30,1
RandomForest,per_class,M1,0.32720306513409964,0.6887096774193548,30,1
RandomForest,per_class,M1,0.33386454183266934,0.6758064516129032,30,1
RandomForest,per_class,M1,0.33828382838283827,0.6612903225806451,30,1
RandomForest,per_class,M1,0.3461868037703513,0.6516129032258065,30,1
RandomForest,per_class,M1,0.3507067137809187,0.6403225806451613,30,1
RandomForest,per_class,M1,0.3515981735159817,0.6209677419354839,30,1
RandomForest,per_class,M1,0.3612167300380228,0.6129032258064516,30,1
RandomForest,per_class,M1,0.3657086223984143,0.5951612903225807,30,1
RandomForest,per_class,M1,0.37018255578093306,0.5887096774193549,30,1
RandomForest,per_class,M1,0.37697993664202745,0.5758064516129032,30,1
RandomForest,per_class,M1,0.38427947598253276,0.567741935483871,30,1
RandomForest,per_class,M1,0.3888888888888889,0.5532258064516129,30,1
RandomForest,per_class,M1,0.39369158878504673,0.5435483870967742,30,1
RandomForest,per_class,M1,0.3983050847457627,0.5306451612903226,30,1
RandomForest,per_class,M1,0.40302267002518893,0.5161290322580645,30,1
RandomForest,per_class,M1,0.4086161879895561,0.5048387096774194,30,1
RandomForest,per_class,M1,0.4167794316644114,0.4967741935483871,30,1
RandomForest,per_class,M1,0.4179523141654979,0.4806451612903226,30,1
RandomForest,per_class,M1,0.4294032023289665,0.47580645161290325,30,1
RandomForest,per_class,M1,0.4292168674698795,0.4596774193548387,30,1
RandomForest,per_class,M1,0.4332298136645963,0.45,30,1
RandomForest,per_class,M1,0.4416,0.44516129032258067,30,1
RandomForest,per_class,M1,0.44901315789473684,0.4403225806451613,30,1
RandomForest,per_class,M1,0.45733788395904434,0.432258064516129,30,1
RandomForest,per_class,M1,0.4555160142348754,0.4129032258064516,30,1
RandomForest,per_class,M1,0.46309963099630996,0.40483870967741936,30,1
RandomForest,per_class,M1,0.467680608365019,0.3967741935483871,30,1
RandomForest,per_class,M1,0.4760956175298805,0.38548387096774195,30,1
RandomForest,per_class,M1,0.48739495798319327,0.3741935483870968,30,1
RandomForest,per_class,M1,0.49452954048140046,0.36451612903225805,30,1
RandomForest,per_class,M1,0.49885057471264366,0.35,30,1
RandomForest,per_class,M1,0.5012165450121655,0.33225806451612905,30,1
RandomForest,per_class,M1,0.5025252525252525,0.3209677419354839,30,1
RandomForest,per_class,M1,0.5079787234042553,0.30806451612903224,30,1
RandomForest,per_class,M1,0.5041322314049587,0.29516129032258065,30,1
RandomForest,per_class,M1,0.504297994269341,0.2838709677419355,30,1
RandomForest,per_class,M1,0.5166163141993958,0.27580645161290324,30,1
RandomForest,per_class,M1,0.5220125786163522,0.267741935483871,30,1
RandomForest,per_class,M1,0.5252525252525253,0.25161290322580643,30,1
RandomForest,per_class,M1,0.5211267605633803,0.23870967741935484,30,1
RandomForest,per_class,M1,0.5185185185185185,0.22580645161290322,30,1
RandomForest,per_class,M1,0.525096525096525,0.21935483870967742,30,1
RandomForest,per_class,M1,0.5163934426229508,0.2032258064516129,30,1
RandomForest,per_class,M1,0.5213675213675214,0.1967741935483871,30,1
RandomForest,per_class,M1,0.5265486725663717,0.19193548387096773,30,1
RandomForest,per_class,M1,0.5251141552511416,0.18548387096774194,30,1
RandomForest,per_class,M1,0.5235849056603774,0.17903225806451614,30,1
RandomForest,per_class,M1,0.5343137254901961,0.17580645161290323,30,1
RandomForest,per_class,M1,0.5459183673469388,0.17258064516129032,30,1
RandomForest,per_class,M1,0.5526315789473685,0.1693548387096774,30,1
RandomForest,per_class,M1,0.5604395604395604,0.16451612903225807,30,1
RandomForest,per_class,M1,0.5649717514124294,0.16129032258064516,30,1
RandomForest,per_class,M1,0.5730994152046783,0.15806451612903225,30,1
RandomForest,per_class,M1,0.573170731707317,0.15161290322580645,30,1
RandomForest,per_class,M1,0.5949367088607594,0.15161290322580645,30,1
RandomForest,per_class,M1,0.6,0.14516129032258066,30,1
RandomForest,per_class,M1,0.5915492957746479,0.13548387096774195,30,1
RandomForest,per_class,M1,0.5985401459854015,0.13225806451612904,30,1
RandomForest,per_class,M1,0.609375,0.12580645161290321,30,1
RandomForest,per_class,M1,0.616,0.12419354838709677,30,1
RandomForest,per_class,M1,0.635593220338983,0.12096774193548387,30,1
RandomForest,per_class,M1,0.6607142857142857,0.11935483870967742,30,1
RandomForest,per_class,M1,0.6448598130841121,0.11129032258064517,30,1
RandomForest,per_class,M1,0.6633663366336634,0.10806451612903226,30,1
RandomForest,per_class,M1,0.6597938144329897,0.1032258064516129,30,1
RandomForest,per_class,M1,0.6630434782608695,0.09838709677419355,30,1
RandomForest,per_class,M1,0.6704545454545454,0.09516129032258064,30,1
RandomForest,per_class,M1,0.6785714285714286,0.09193548387096774,30,1
RandomForest,per_class,M1,0.6883116883116883,0.08548387096774193,30,1
RandomForest,per_class,M1,0.684931506849315,0.08064516129032258,30,1
RandomForest,per_class,M1,0.6764705882352942,0.07419354838709677,30,1
RandomForest,per_class,M1,0.6875,0.07096774193548387,30,1
RandomForest,per_class,M1,0.7166666666666667,0.06935483870967742,30,1
RandomForest,per_class,M1,0.7407407407407407,0.06451612903225806,30,1
RandomForest,per_class,M1,0.7346938775510204,0.05806451612903226,30,1
RandomForest,per_class,M1,0.75,0.0532258064516129,30,1
RandomForest,per_class,M1,0.7441860465116279,0.05161290322580645,30,1
RandomForest,per_class,M1,0.7560975609756098,0.05,30,1
RandomForest,per_class,M1,0.7837837837837838,0.0467741935483871,30,1
RandomForest,per_class,M1,0.7647058823529411,0.041935483870967745,30,1
RandomForest,per_class,M1,0.78125,0.04032258064516129,30,1
RandomForest,per_class,M1,0.8,0.03870967741935484,30,1
RandomForest,per_class,M1,0.8148148148148148,0.035483870967741936,30,1
RandomForest,per_class,M1,0.8,0.03225806451612903,30,1
RandomForest,per_class,M1,0.782608695652174,0.02903225806451613,30,1
RandomForest,per_class,M1,0.7368421052631579,0.02258064516129032,30,1
RandomForest,per_class,M1,0.75,0.01935483870967742,30,1
RandomForest,per_class,M1,0.7857142857142857,0.017741935483870968,30,1
RandomForest,per_class,M1,0.8333333333333334,0.016129032258064516,30,1
RandomForest,per_class,M1,0.8181818181818182,0.014516129032258065,30,1
RandomForest,per_class,M1,0.7777777777777778,0.01129032258064516,30,1
RandomForest,per_class,M1,0.75,0.00967741935483871,30,1
RandomForest,per_class,M1,1.0,0.00967741935483871,30,1
RandomForest,per_class,M1,1.0,0.008064516129032258,30,1
RandomForest,per_class,M1,1.0,0.0064516129032258064,30,1
RandomForest,per_class,M1,1.0,0.004838709677419355,30,1
RandomForest,per_class,M1,1.0,0.0032258064516129032,30,1
RandomForest,per_class,M1,1.0,0.0016129032258064516,30,1
RandomForest,per_class,M1,1.0,0.0,30,1
RandomForest,per_class,M2,0.05068531273916371,1.0,30,1
RandomForest,per_class,M2,0.05255184851217313,1.0,30,1
RandomForest,per_class,M2,0.056907393664804906,1.0,30,1
RandomForest,per_class,M2,0.06322138332031589,1.0,30,1
RandomForest,per_class,M2,0.07137258743999217,1.0,30,1
RandomForest,per_class,M2,0.08082884284206433,0.9986273164035689,30,1
RandomForest,per_class,M2,0.09159584513692162,0.9986273164035689,30,1
RandomForest,per_class,M2,0.10318362706083002,0.9965682910089224,30,1
RandomForest,per_class,M2,0.1153999521492942,0.9931365820178449,30,1
RandomForest,per_class,M2,0.1287959985709182,0.9897048730267674,30,1
RandomForest,per_class,M2,0.14208135860979462,0.9876458476321208,30,1
RandomForest,per_class,M2,0.15689069181010853,0.9821551132463967,30,1
RandomForest,per_class,M2,0.17230546157564042,0.9787234042553191,30,1
RandomForest,per_class,M2,0.18749175352948938,0.9752916952642416,30,1
RandomForest,per_class,M2,0.20441749675184062,0.9718599862731641,30,1
RandomForest,per_class,M2,0.22120974076983504,0.9663692518874399,30,1
RandomForest,per_class,M2,0.23940533151059468,0.9615648592999314,30,1
RandomForest,per_class,M2,0.25736377025036816,0.9595058339052849,30,1
RandomForest,per_class,M2,0.27596439169139464,0.9574468085106383,30,1
RandomForest,per_class,M2,0.29536761580960474,0.9540150995195608,30,1
RandomForest,per_class,M2,0.31276933545021546,0.9464653397391901,30,1
RandomForest,per_class,M2,0.33148237566393046,0.942347288949897,30,1
RandomForest,per_class,M2,0.3516795865633075,0.9341111873713109,30,1
RandomForest,per_class,M2,0.372041827187672,0.9279341111873713,30,1
RandomForest,per_class,M2,0.39184861717612807,0.9238160603980783,30,1
RandomForest,per_class,M2,0.41249611439229095,0.9107755662319835,30,1
RandomForest,per_class,M2,0.4303466317854807,0.9032258064516129,30,1
RandomForest,per_class,M2,0.447766323024055,0.8943033630748113,30,1
RandomForest,per_class,M2,0.46239255014326647,0.8860672614962252,30,1
RandomForest,per_class,M2,0.4784885895997007,0.8778311599176389,30,1
RandomForest,per_class,M2,0.49297971918876754,0.8675360329444063,30,1
RandomForest,per_class,M2,0.5050545895673272,0.8572409059711736,30,1
RandomForest,per_class,M2,0.5165757448594209,0.8448867536032945,30,1
RandomForest,per_class,M2,0.526707530647986,0.8256691832532601,30,1
RandomForest,per_class,M2,0.5430009149130832,0.814687714481812,30,1
RandomForest,per_class,M2,0.5582175371346431,0.7995881949210707,30,1
RandomForest,per_class,M2,0.5716432865731463,0.7831159917638985,30,1
RandomForest,per_class,M2,0.5799275737196068,0.7693891557995882,30,1
RandomForest,per_class,M2,0.5855758880516685,0.7467398764584763,30,1
RandomForest,per_class,M2,0.6002245929253228,0.7336993822923816,30,1
RandomForest,per_class,M2,0.607728337236534,0.7124227865477007,30,1
RandomForest,per_class,M2,0.6177536231884058,0.7021276595744681,30,1
RandomForest,per_class,M2,0.6277463904582549,0.6863417982155113,30,1
RandomForest,per_class,M2,0.6388526727509778,0.6726149622512011,30,1
RandomForest,per_class,M2,0.6528532608695652,0.6595744680851063,30,1
RandomForest,per_class,M2,0.6645525017618041,0.6472203157172272,30,1
RandomForest,per_class,M2,0.6703136396790663,0.6307481125600549,30,1
RandomForest,per_class,M2,0.6774436090225564,0.6183939601921757,30,1
RandomForest,per_class,M2,0.6863813229571984,0.605353466026081,30,1
RandomForest,per_class,M2,0.6921850079744817,0.5957446808510638,30,1
RandomForest,per_class,M2,0.7014061207609594,0.5820178448867536,30,1
RandomForest,per_class,M2,0.7192676547515258,0.5662319835277968,30,1
RandomForest,per_class,M2,0.7267025089605734,0.5566231983527797,30,1
RandomForest,per_class,M2,0.7323420074349443,0.540837336993823,30,1
RandomForest,per_class,M2,0.7382098171318575,0.5264241592312972,30,1
RandomForest,per_class,M2,0.7445328031809145,0.514070006863418,30,1
RandomForest,per_class,M2,0.7484662576687117,0.5024021962937543,30,1
RandomForest,per_class,M2,0.7553191489361702,0.48730267673301303,30,1
RandomForest,per_class,M2,0.7599118942731278,0.4735758407687028,30,1
RandomForest,per_class,M2,0.7656427758816837,0.46190803019903914,30,1
RandomForest,per_class,M2,0.768595041322314,0.44680851063829785,30,1
RandomForest,per_class,M2,0.7719512195121951,0.4344543582704187,30,1
RandomForest,per_class,M2,0.7755359394703657,0.42210020590253944,30,1
RandomForest,per_class,M2,0.7816993464052288,0.4104323953328758,30,1
RandomForest,per_class,M2,0.7883310719131614,0.3987645847632121,30,1
RandomForest,per_class,M2,0.7906647807637907,0.38366506520247085,30,1
RandomForest,per_class,M2,0.7947598253275109,0.3747426218256692,30,1
RandomForest,per_class,M2,0.7946026986506747,0.363761153054221,30,1
RandomForest,per_class,M2,0.7984251968503937,0.34797529169526425,30,1
RandomForest,per_class,M2,0.8038897893030794,0.3404255319148936,30,1
RandomForest,per_class,M2,0.8091216216216216,0.3287577213452299,30,1
RandomForest,per_class,M2,0.8123893805309734,0.3150308853809197,30,1
RandomForest,per_class,M2,0.8115942028985508,0.3074811256005491,30,1
RandomForest,per_class,M2,0.8145315487571702,0.29238160603980784,30,1
RandomForest,per_class,M2,0.8210735586481114,0.2834591626630062,30,1
RandomForest,per_class,M2,0.8195020746887967,0.27110501029512696,30,1
RandomForest,per_class,M2,0.8272921108742004,0.26630061770761837,30,1
RandomForest,per_class,M2,0.8318385650224215,0.2546328071379547,30,1
RandomForest,per_class,M2,0.827906976744186,0.24433768016472204,30,1
RandomForest,per_class,M2,0.8321167883211679,0.23472889498970487,30,1
RandomForest,per_class,M2,0.8290816326530612,0.2230610844200412,30,1
RandomForest,per_class,M2,0.8324468085106383,0.21482498284145504,30,1
RandomForest,per_class,M2,0.8370786516853933,0.20452985586822237,30,1
RandomForest,per_class,M2,0.8368580060422961,0.19011667810569663,30,1
RandomForest,per_class,M2,0.8517350157728707,0.18531228551818807,30,1
RandomForest,per_class,M2,0.8603896103896104,0.1818805765271105,30,1
RandomForest,per_class,M2,0.8666666666666667,0.17844886753603295,30,1
RandomForest,per_class,M2,0.875,0.17295813315030886,30,1
RandomForest,per_class,M2,0.88,0.16609471516815374,30,1
RandomForest,per_class,M2,0.8787878787878788,0.15923129718599863,30,1
RandomForest,per_class,M2,0.8790322580645161,0.14962251201098148,30,1
RandomForest,per_class,M2,0.8846153846153846,0.14207275223061083,30,1
RandomForest,per_class,M2,0.8918918918918919,0.13589567604667124,30,1
RandomForest,per_class,M2,0.8811881188118812,0.12216884008236102,30,1
RandomForest,per_class,M2,0.8958333333333334,0.11805078929306795,30,1
RandomForest,per_class,M2,0.8918918918918919,0.11324639670555937,30,1
RandomForest,per_class,M2,0.8908045977011494,0.10638297872340426,30,1
RandomForest,per_class,M2,0.8928571428571429,0.1029512697323267,30,1
RandomForest,per_class,M2,0.9006211180124224,0.09951956074124914,30,1
RandomForest,per_class,M2,0.8947368421052632,0.09334248455730954,30,1
RandomForest,per_class,M2,0.9148936170212766,0.08853809196980096,30,1
RandomForest,per_class,M2,0.9402985074626866,0.08647906657515443,30,1
RandomForest,per_class,M2,0.937984496124031,0.08304735758407687,30,1
RandomForest,per_class,M2,0.9354838709677419,0.07961564859299931,30,1
RandomForest,per_class,M2,0.9401709401709402,0.07549759780370624,30,1
RandomForest,per_class,M2,0.9385964912280702,0.07343857240905971,30,1
RandomForest,per_class,M2,0.9357798165137615,0.07000686341798215,30,1
RandomForest,per_class,M2,0.9313725490196079,0.06520247083047358,30,1
RandomForest,per_class,M2,0.9263157894736842,0.060398078242964996,30,1
RandomForest,per_class,M2,0.9222222222222223,0.05696636925188744,30,1
RandomForest,per_class,M2,0.927710843373494,0.05284831846259437,30,1
RandomForest,per_class,M2,0.922077922077922,0.048730267673301304,30,1
RandomForest,per_class,M2,0.9154929577464789,0.04461221688400824,30,1
RandomForest,per_class,M2,0.9104477611940298,0.041866849691146193,30,1
RandomForest,per_class,M2,0.9032258064516129,0.038435140700068635,30,1
RandomForest,per_class,M2,0.9107142857142857,0.035003431708991076,30,1
RandomForest,per_class,M2,0.9245283018867925,0.033630748112560054,30,1
RandomForest,per_class,M2,0.92,0.031571722717913524,30,1
RandomForest,per_class,M2,0.9148936170212766,0.029512697323266987,30,1
RandomForest,per_class,M2,0.9024390243902439,0.02539464653397392,30,1
RandomForest,per_class,M2,0.9230769230769231,0.024708304735758406,30,1
RandomForest,per_class,M2,0.9459459459459459,0.024021962937542895,30,1
RandomForest,per_class,M2,0.9375,0.02059025394646534,30,1
RandomForest,per_class,M2,0.9285714285714286,0.017844886753603295,30,1
RandomForest,per_class,M2,0.9230769230769231,0.016472203157172273,30,1
RandomForest,per_class,M2,0.9523809523809523,0.013726835964310227,30,1
RandomForest,per_class,M2,0.9285714285714286,0.008922443376801648,30,1
RandomForest,per_class,M2,0.9166666666666666,0.0075497597803706245,30,1
RandomForest,per_class,M2,1.0,0.0061770761839396015,30,1
RandomForest,per_class,M2,1.0,0.00549073438572409,30,1
RandomForest,per_class,M2,1.0,0.004804392587508579,30,1
RandomForest,per_class,M2,1.0,0.004118050789293068,30,1
RandomForest,per_class,M2,1.0,0.0034317089910775567,30,1
RandomForest,per_class,M2,1.0,0.002745367192862045,30,1
RandomForest,per_class,M2,1.0,0.0013726835964310226,30,1
RandomForest,per_class,M2,1.0,0.0006863417982155113,30,1
RandomForest,per_class,M2,1.0,0.0,30,1
RandomForest,per_class,Mast,0.023133653377861267,1.0,30,1
RandomForest,per_class,Mast,0.02608252274866646,1.0,30,1
RandomForest,per_class,Mast,0.031201614038380333,1.0,30,1
RandomForest,per_class,Mast,0.03920066022164584,1.0,30,1
RandomForest,per_class,Mast,0.05172145193955445,0.9984962406015038,30,1
RandomForest,per_class,Mast,0.07071352502662406,0.9984962406015038,30,1
RandomForest,per_class,Mast,0.0971713322585373,0.9969924812030075,30,1
RandomForest,per_class,Mast,0.13366935483870968,0.9969924812030075,30,1
RandomForest,per_class,Mast,0.17836965294592413,0.9969924812030075,30,1
RandomForest,per_class,Mast,0.22398648648648647,0.9969924812030075,30,1
RandomForest,per_class,Mast,0.27442052980132453,0.9969924812030075,30,1
RandomForest,per_class,Mast,0.31921039961482905,0.9969924812030075,30,1
RandomForest,per_class,Mast,0.35378868729989327,0.9969924812030075,30,1
RandomForest,per_class,Mast,0.38288027761711974,0.9954887218045113,30,1
RandomForest,per_class,Mast,0.400726392251816,0.9954887218045113,30,1
RandomForest,per_class,Mast,0.4143126177024482,0.9924812030075187,30,1
RandomForest,per_class,Mast,0.427367055771725,0.9909774436090225,30,1
RandomForest,per_class,Mast,0.43584656084656087,0.9909774436090225,30,1
RandomForest,per_class,Mast,0.44339622641509435,0.9894736842105263,30,1
RandomForest,per_class,Mast,0.4515463917525773,0.98796992481203,30,1
RandomForest,per_class,Mast,0.4568245125348189,0.9864661654135338,30,1
RandomForest,per_class,Mast,0.4615926708949965,0.9849624060150376,30,1
RandomForest,per_class,Mast,0.4664764621968616,0.9834586466165414,30,1
RandomForest,per_class,Mast,0.47186147186147187,0.9834586466165414,30,1
RandomForest,per_class,Mast,0.47873900293255134,0.9819548872180451,30,1
RandomForest,per_class,Mast,0.48695003728560776,0.9819548872180451,30,1
RandomForest,per_class,Mast,0.49206349206349204,0.9789473684210527,30,1
RandomForest,per_class,Mast,0.4946646341463415,0.9759398496240601,30,1
RandomForest,per_class,Mast,0.4996150885296382,0.9759398496240601,30,1
RandomForest,per_class,Mast,0.5042735042735043,0.9759398496240601,30,1
RandomForest,per_class,Mast,0.5114263199369582,0.9759398496240601,30,1
RandomForest,per_class,Mast,0.514670896114195,0.9759398496240601,30,1
RandomForest,per_class,Mast,0.5233870967741936,0.9759398496240601,30,1
RandomForest,per_class,Mast,0.5293637846655791,0.9759398496240601,30,1
RandomForest,per_class,Mast,0.5363636363636364,0.9759398496240601,30,1
RandomForest,per_class,Mast,0.5399334442595674,0.9759398496240601,30,1
RandomForest,per_class,Mast,0.5459915611814345,0.9729323308270676,30,1
RandomForest,per_class,Mast,0.5499573014517506,0.968421052631579,30,1
RandomForest,per_class,Mast,0.5533562822719449,0.9669172932330827,30,1
RandomForest,per_class,Mast,0.5606986899563319,0.9654135338345865,30,1
RandomForest,per_class,Mast,0.5671111111111111,0.9593984962406015,30,1
RandomForest,per_class,Mast,0.5734896302975654,0.956390977443609,30,1
RandomForest,per_class,Mast,0.5761166818596172,0.9503759398496241,30,1
RandomForest,per_class,Mast,0.5868152274837511,0.9503759398496241,30,1
RandomForest,per_class,Mast,0.5915492957746479,0.9473684210526315,30,1
RandomForest,per_class,Mast,0.5994236311239193,0.9383458646616541,30,1
RandomForest,per_class,Mast,0.6070038910505836,0.9383458646616541,30,1
RandomForest,per_class,Mast,0.6172106824925816,0.9383458646616541,30,1
RandomForest,per_class,Mast,0.621,0.9338345864661655,30,1
RandomForest,per_class,Mast,0.6256306760847629,0.9323308270676691,30,1
RandomForest,per_class,Mast,0.630346232179226,0.9308270676691729,30,1
RandomForest,per_class,Mast,0.635523613963039,0.9308270676691729,30,1
RandomForest,per_class,Mast,0.6390899689762151,0.9293233082706767,30,1
RandomForest,per_class,Mast,0.64576802507837,0.9293233082706767,30,1
RandomForest,per_class,Mast,0.6536016949152542,0.9278195488721804,30,1
RandomForest,per_class,Mast,0.6595289079229122,0.9263157894736842,30,1
RandomForest,per_class,Mast,0.6648590021691974,0.9218045112781955,30,1
RandomForest,per_class,Mast,0.6699561403508771,0.9187969924812031,30,1
RandomForest,per_class,Mast,0.6789297658862876,0.9157894736842105,30,1
RandomForest,per_class,Mast,0.6858757062146893,0.912781954887218,30,1
RandomForest,per_class,Mast,0.6886363636363636,0.9112781954887218,30,1
RandomForest,per_class,Mast,0.6997690531177829,0.9112781954887218,30,1
RandomForest,per_class,Mast,0.7046511627906977,0.9112781954887218,30,1
RandomForest,per_class,Mast,0.7084309133489461,0.9097744360902256,30,1
RandomForest,per_class,Mast,0.7122641509433962,0.9082706766917293,30,1
RandomForest,per_class,Mast,0.7178571428571429,0.9067669172932331,30,1
RandomForest,per_class,Mast,0.7267230955259976,0.9037593984962407,30,1
RandomForest,per_class,Mast,0.7310513447432763,0.8992481203007519,30,1
RandomForest,per_class,Mast,0.7367119901112484,0.8962406015037594,30,1
RandomForest,per_class,Mast,0.7428214731585518,0.8947368421052632,30,1
RandomForest,per_class,Mast,0.7468513853904282,0.8917293233082707,30,1
RandomForest,per_class,Mast,0.7484116899618806,0.8857142857142857,30,1
RandomForest,per_class,Mast,0.7528809218950064,0.8842105263157894,30,1
RandomForest,per_class,Mast,0.7574578469520103,0.8781954887218045,30,1
RandomForest,per_class,Mast,0.7634691195795007,0.8736842105263158,30,1
RandomForest,per_class,Mast,0.7658730158730159,0.8706766917293233,30,1
RandomForest,per_class,Mast,0.7677852348993288,0.8601503759398497,30,1
RandomForest,per_class,Mast,0.7710027100271003,0.8556390977443609,30,1
RandomForest,per_class,Mast,0.7750342935528121,0.849624060150376,30,1
RandomForest,per_class,Mast,0.7808599167822469,0.8466165413533835,30,1
RandomForest,per_class,Mast,0.7854137447405329,0.8421052631578947,30,1
RandomForest,per_class,Mast,0.7932011331444759,0.8421052631578947,30,1
RandomForest,per_class,Mast,0.7931526390870185,0.8360902255639098,30,1
RandomForest,per_class,Mast,0.797979797979798,0.8315789473684211,30,1
RandomForest,per_class,Mast,0.7985507246376812,0.8285714285714286,30,1
RandomForest,per_class,Mast,0.8091042584434655,0.8285714285714286,30,1
RandomForest,per_class,Mast,0.8100147275405007,0.8270676691729323,30,1
RandomForest,per_class,Mast,0.8124076809453471,0.8270676691729323,30,1
RandomForest,per_class,Mast,0.8107302533532041,0.8180451127819549,30,1
RandomForest,per_class,Mast,0.8157099697885196,0.8120300751879699,30,1
RandomForest,per_class,Mast,0.8205521472392638,0.8045112781954887,30,1
RandomForest,per_class,Mast,0.8212634822804314,0.8015037593984963,30,1
RandomForest,per_class,Mast,0.8237129485179407,0.793984962406015,30,1
RandomForest,per_class,Mast,0.8251968503937008,0.7879699248120301,30,1
RandomForest,per_class,Mast,0.8285714285714286,0.7849624060150376,30,1
RandomForest,per_class,Mast,0.8314606741573034,0.7789473684210526,30,1
RandomForest,per_class,Mast,0.8344155844155844,0.7729323308270677,30,1
RandomForest,per_class,Mast,0.8357723577235773,0.7729323308270677,30,1
RandomForest,per_class,Mast,0.839344262295082,0.7699248120300752,30,1
RandomForest,per_class,Mast,0.8415841584158416,0.7669172932330827,30,1
RandomForest,per_class,Mast,0.8469217970049917,0.7654135338345864,30,1
RandomForest,per_class,Mast,0.8491525423728814,0.7533834586466165,30,1
RandomForest,per_class,Mast,0.8517887563884157,0.7518796992481203,30,1
RandomForest,per_class,Mast,0.8549222797927462,0.7443609022556391,30,1
RandomForest,per_class,Mast,0.8631578947368421,0.7398496240601504,30,1
RandomForest,per_class,Mast,0.8642857142857143,0.7278195488721805,30,1
RandomForest,per_class,Mast,0.8653500897666068,0.724812030075188,30,1
RandomForest,per_class,Mast,0.8667883211678832,0.7142857142857143,30,1
RandomForest,per_class,Mast,0.8690036900369004,0.7082706766917293,30,1
RandomForest,per_class,Mast,0.8733705772811918,0.7052631578947368,30,1
RandomForest,per_class,Mast,0.8733459357277883,0.6947368421052632,30,1
RandomForest,per_class,Mast,0.8797709923664122,0.6932330827067669,30,1
RandomForest,per_class,Mast,0.8878143133462283,0.6902255639097744,30,1
RandomForest,per_class,Mast,0.888671875,0.6842105263157895,30,1
RandomForest,per_class,Mast,0.8899803536345776,0.681203007518797,30,1
RandomForest,per_class,Mast,0.8942115768463074,0.6736842105263158,30,1
RandomForest,per_class,Mast,0.8929292929292929,0.6646616541353384,30,1
RandomForest,per_class,Mast,0.8948453608247423,0.6526315789473685,30,1
RandomForest,per_class,Mast,0.8941908713692946,0.6481203007518797,30,1
RandomForest,per_class,Mast,0.8989473684210526,0.6421052631578947,30,1
RandomForest,per_class,Mast,0.9092872570194385,0.6330827067669172,30,1
RandomForest,per_class,Mast,0.9106753812636166,0.6285714285714286,30,1
RandomForest,per_class,Mast,0.9118942731277533,0.6225563909774436,30,1
RandomForest,per_class,Mast,0.9146067415730337,0.6120300751879699,30,1
RandomForest,per_class,Mast,0.9147465437788018,0.5969924812030075,30,1
RandomForest,per_class,Mast,0.9198113207547169,0.5864661654135338,30,1
RandomForest,per_class,Mast,0.9228915662650602,0.5759398496240602,30,1
RandomForest,per_class,Mast,0.9253731343283582,0.5593984962406015,30,1
RandomForest,per_class,Mast,0.9289340101522843,0.5503759398496241,30,1
RandomForest,per_class,Mast,0.9298701298701298,0.5383458646616541,30,1
RandomForest,per_class,Mast,0.93048128342246,0.5233082706766917,30,1
RandomForest,per_class,Mast,0.9361111111111111,0.5067669172932331,30,1
RandomForest,per_class,Mast,0.9376770538243626,0.49774436090225566,30,1
RandomForest,per_class,Mast,0.938953488372093,0.4857142857142857,30,1
RandomForest,per_class,Mast,0.9427710843373494,0.4706766917293233,30,1
RandomForest,per_class,Mast,0.9446153846153846,0.4616541353383459,30,1
RandomForest,per_class,Mast,0.9433962264150944,0.45112781954887216,30,1
RandomForest,per_class,Mast,0.9421221864951769,0.4406015037593985,30,1
RandomForest,per_class,Mast,0.940983606557377,0.43157894736842106,30,1
RandomForest,per_class,Mast,0.9417808219178082,0.41353383458646614,30,1
RandomForest,per_class,Mast,0.946236559139785,0.3969924812030075,30,1
RandomForest,per_class,Mast,0.9522058823529411,0.3894736842105263,30,1
RandomForest,per_class,Mast,0.9618320610687023,0.37894736842105264,30,1
RandomForest,per_class,Mast,0.9609375,0.3699248120300752,30,1
RandomForest,per_class,Mast,0.9595141700404858,0.35639097744360904,30,1
RandomForest,per_class,Mast,0.9620253164556962,0.34285714285714286,30,1
RandomForest,per_class,Mast,0.9612068965517241,0.33533834586466166,30,1
RandomForest,per_class,Mast,0.960352422907489,0.32781954887218046,30,1
RandomForest,per_class,Mast,0.963302752293578,0.3157894736842105,30,1
RandomForest,per_class,Mast,0.9624413145539906,0.3082706766917293,30,1
RandomForest,per_class,Mast,0.9617224880382775,0.3022556390977444,30,1
RandomForest,per_class,Mast,0.9692307692307692,0.28421052631578947,30,1
RandomForest,per_class,Mast,0.9675675675675676,0.26917293233082706,30,1
RandomForest,per_class,Mast,0.9666666666666667,0.26165413533834586,30,1
RandomForest,per_class,Mast,0.9712643678160919,0.25413533834586466,30,1
RandomForest,per_class,Mast,0.9759036144578314,0.24360902255639097,30,1
RandomForest,per_class,Mast,0.9738562091503268,0.22406015037593985,30,1
RandomForest,per_class,Mast,0.9727891156462585,0.21503759398496242,30,1
RandomForest,per_class,Mast,0.9859154929577465,0.21052631578947367,30,1
RandomForest,per_class,Mast,0.9850746268656716,0.19849624060150375,30,1
RandomForest,per_class,Mast,0.984251968503937,0.18796992481203006,30,1
RandomForest,per_class,Mast,0.9915254237288136,0.17593984962406015,30,1
RandomForest,per_class,Mast,0.9914529914529915,0.17443609022556392,30,1
RandomForest,per_class,Mast,0.9908256880733946,0.162406015037594,30,1
RandomForest,per_class,Mast,0.98989898989899,0.14736842105263157,30,1
RandomForest,per_class,Mast,0.9891304347826086,0.1368421052631579,30,1
RandomForest,per_class,Mast,0.9887640449438202,0.13233082706766916,30,1
RandomForest,per_class,Mast,0.9880952380952381,0.12481203007518797,30,1
RandomForest,per_class,Mast,0.9875,0.11879699248120301,30,1
RandomForest,per_class,Mast,0.9866666666666667,0.11127819548872181,30,1
RandomForest,per_class,Mast,0.9855072463768116,0.10225563909774436,30,1
RandomForest,per_class,Mast,0.984375,0.09473684210526316,30,1
RandomForest,per_class,Mast,0.9807692307692307,0.07669172932330827,30,1
RandomForest,per_class,Mast,0.9787234042553191,0.06917293233082707,30,1
RandomForest,per_class,Mast,0.975609756097561,0.06015037593984962,30,1
RandomForest,per_class,Mast,0.9722222222222222,0.05263157894736842,30,1
RandomForest,per_class,Mast,0.96875,0.04661654135338346,30,1
RandomForest,per_class,Mast,0.9583333333333334,0.03458646616541353,30,1
RandomForest,per_class,Mast,1.0,0.02556390977443609,30,1
RandomForest,per_class,Mast,1.0,0.022556390977443608,30,1
RandomForest,per_class,Mast,1.0,0.01804511278195489,30,1
RandomForest,per_class,Mast,1.0,0.010526315789473684,30,1
RandomForest,per_class,Mast,1.0,0.006015037593984963,30,1
RandomForest,per_class,Mast,1.0,0.004511278195488722,30,1
RandomForest,per_class,Mast,1.0,0.0,30,1
RandomForest,per_class,Monocyte,0.04807625408752522,1.0,30,1
RandomForest,per_class,Monocyte,0.05026753539839115,0.9992764109985528,30,1
RandomForest,per_class,Monocyte,0.054723204705321306,0.9963820549927641,30,1
RandomForest,per_class,Monocyte,0.0612354281120193,0.992040520984081,30,1
RandomForest,per_class,Monocyte,0.0699078812691914,0.9884225759768451,30,1
RandomForest,per_class,Monocyte,0.08111005240590757,0.9855282199710564,30,1
RandomForest,per_class,Monocyte,0.0938191371681416,0.9819102749638206,30,1
RandomForest,per_class,Monocyte,0.1078462770216173,0.9746743849493488,30,1
RandomForest,per_class,Monocyte,0.12231072049803168,0.9667149059334298,30,1
RandomForest,per_class,Monocyte,0.13784827298340813,0.9558610709117221,30,1
RandomForest,per_class,Monocyte,0.15379213483146068,0.9507959479015919,30,1
RandomForest,per_class,Monocyte,0.16865594187856772,0.9406657018813314,30,1
RandomForest,per_class,Monocyte,0.183624237264084,0.9363241678726484,30,1
RandomForest,per_class,Monocyte,0.19916369831190955,0.9305354558610709,30,1
RandomForest,per_class,Monocyte,0.21164372201028364,0.9232995658465991,30,1
RandomForest,per_class,Monocyte,0.2240891404315529,0.9167872648335745,30,1
RandomForest,per_class,Monocyte,0.23553641640142295,0.91027496382055,30,1
RandomForest,per_class,Monocyte,0.24607227022780834,0.9066570188133141,30,1
RandomForest,per_class,Monocyte,0.25543255432554324,0.9015918958031838,30,1
RandomForest,per_class,Monocyte,0.26475620188195037,0.8958031837916064,30,1
RandomForest,per_class,Monocyte,0.27331548415885765,0.886396526772793,30,1
RandomForest,per_class,Monocyte,0.2825330549756437,0.8813314037626628,30,1
RandomForest,per_class,Monocyte,0.2916566482327483,0.877713458755427,30,1
RandomForest,per_class,Monocyte,0.29985082048731976,0.8726483357452967,30,1
RandomForest,per_class,Monocyte,0.3096407340398036,0.8668596237337193,30,1
RandomForest,per_class,Monocyte,0.3185343674779353,0.861794500723589,30,1
RandomForest,per_class,Monocyte,0.3271416689769892,0.85383502170767,30,1
RandomForest,per_class,Monocyte,0.334954233409611,0.8473227206946454,30,1
RandomForest,per_class,Monocyte,0.3436669619131975,0.8422575976845152,30,1
RandomForest,per_class,Monocyte,0.35263480392156865,0.8328509406657019,30,1
RandomForest,per_class,Monocyte,0.3622222222222222,0.8256150506512301,30,1
RandomForest,per_class,Monocyte,0.3689542483660131,0.816931982633864,30,1
RandomForest,per_class,Monocyte,0.37920489296636084,0.8075253256150506,30,1
RandomForest,per_class,Monocyte,0.3864193209660483,0.7988422575976846,30,1
RandomForest,per_class,Monocyte,0.3964389534883721,0.7894356005788712,30,1
RandomForest,per_class,Monocyte,0.401424287856072,0.7749638205499276,30,1
RandomForest,per_class,Monocyte,0.4081081081081081,0.7648335745296672,30,1
RandomForest,per_class,Monocyte,0.4165341812400636,0.7583212735166426,30,1
RandomForest,per_class,Monocyte,0.42406876790830944,0.7496382054992764,30,1
RandomForest,per_class,Monocyte,0.43154761904761907,0.7344428364688856,30,1
RandomForest,per_class,Monocyte,0.4399301004805592,0.7286541244573083,30,1
RandomForest,per_class,Monocyte,0.44594594594594594,0.7163531114327062,30,1
RandomForest,per_class,Monocyte,0.45539906103286387,0.7018813314037626,30,1
RandomForest,per_class,Monocyte,0.46406174626145685,0.6960926193921853,30,1
RandomForest,per_class,Monocyte,0.47146401985111663,0.6874095513748191,30,1
RandomForest,per_class,Monocyte,0.4776579352850539,0.6729377713458755,30,1
RandomForest,per_class,Monocyte,0.48255813953488375,0.6606367583212736,30,1
RandomForest,per_class,Monocyte,0.48994018488308866,0.6519536903039074,30,1
RandomForest,per_class,Monocyte,0.5019897669130188,0.6389290882778582,30,1
RandomForest,per_class,Monocyte,0.509929906542056,0.6316931982633864,30,1
RandomForest,per_class,Monocyte,0.5164967006598681,0.6230101302460203,30,1
RandomForest,per_class,Monocyte,0.5234567901234568,0.613603473227207,30,1
RandomForest,per_class,Monocyte,0.5308328035600763,0.6041968162083936,30,1
RandomForest,per_class,Monocyte,0.539568345323741,0.5969609261939218,30,1
RandomForest,per_class,Monocyte,0.5506756756756757,0.58972503617945,30,1
RandomForest,per_class,Monocyte,0.5646401118099231,0.5846599131693199,30,1
RandomForest,per_class,Monocyte,0.5698924731182796,0.5752532561505065,30,1
RandomForest,per_class,Monocyte,0.5793768545994066,0.565123010130246,30,1
RandomForest,per_class,Monocyte,0.5857580398162328,0.5535455861070911,30,1
RandomForest,per_class,Monocyte,0.5936758893280633,0.5434153400868307,30,1
RandomForest,per_class,Monocyte,0.6036184210526315,0.5311143270622286,30,1
RandomForest,per_class,Monocyte,0.606035205364627,0.5231548480463097,30,1
RandomForest,per_class,Monocyte,0.6089577950043066,0.5115774240231549,30,1
RandomForest,per_class,Monocyte,0.6170212765957447,0.5036179450072359,30,1
RandomForest,per_class,Monocyte,0.6190909090909091,0.4927641099855282,30,1
RandomForest,per_class,Monocyte,0.627689429373246,0.48552821997105644,30,1
RandomForest,per_class,Monocyte,0.6286266924564797,0.4703328509406657,30,1
RandomForest,per_class,Monocyte,0.6307385229540918,0.4573082489146165,30,1
RandomForest,per_class,Monocyte,0.6384297520661157,0.447178002894356,30,1
RandomForest,per_class,Monocyte,0.6481283422459893,0.4384949348769899,30,1
RandomForest,per_class,Monocyte,0.656319290465632,0.4283646888567294,30,1
RandomForest,per_class,Monocyte,0.6620847651775487,0.4182344428364689,30,1
RandomForest,per_class,Monocyte,0.669833729216152,0.4081041968162084,30,1
RandomForest,per_class,Monocyte,0.6743620899149453,0.4015918958031838,30,1
RandomForest,per_class,Monocyte,0.6788413098236776,0.39001447178002896,30,1
RandomForest,per_class,Monocyte,0.6862745098039216,0.37988422575976843,30,1
RandomForest,per_class,Monocyte,0.6904441453566622,0.3712011577424023,30,1
RandomForest,per_class,Monocyte,0.6929460580912863,0.3625180897250362,30,1
RandomForest,per_class,Monocyte,0.7004341534008683,0.35021707670043417,30,1
RandomForest,per_class,Monocyte,0.704647676161919,0.34008683068017365,30,1
RandomForest,per_class,Monocyte,0.7104851330203443,0.32850940665701883,30,1
RandomForest,per_class,Monocyte,0.7135922330097088,0.3191027496382055,30,1
RandomForest,per_class,Monocyte,0.7213930348258707,0.3147612156295224,30,1
RandomForest,per_class,Monocyte,0.7213675213675214,0.3053545586107091,30,1
RandomForest,per_class,Monocyte,0.7152899824253075,0.2945007235890014,30,1
RandomForest,per_class,Monocyte,0.7213114754098361,0.2865412445730825,30,1
RandomForest,per_class,Monocyte,0.7179962894248608,0.28002894356005786,30,1
RandomForest,per_class,Monocyte,0.7211538461538461,0.27134587554269174,30,1
RandomForest,per_class,Monocyte,0.7252964426877471,0.2655571635311143,30,1
RandomForest,per_class,Monocyte,0.735655737704918,0.2597684515195369,30,1
RandomForest,per_class,Monocyte,0.740343347639485,0.2496382054992764,30,1
RandomForest,per_class,Monocyte,0.7443946188340808,0.2402315484804631,30,1
RandomForest,per_class,Monocyte,0.7442396313364056,0.2337192474674385,30,1
RandomForest,per_class,Monocyte,0.7440758293838863,0.2272069464544139,30,1
RandomForest,per_class,Monocyte,0.7402912621359223,0.22069464544138928,30,1
RandomForest,per_class,Monocyte,0.7456359102244389,0.21635311143270622,30,1
RandomForest,per_class,Monocyte,0.7525773195876289,0.21128798842257598,30,1
RandomForest,per_class,Monocyte,0.7580645161290323,0.2040520984081042,30,1
RandomForest,per_class,Monocyte,0.7617728531855956,0.19898697539797394,30,1
RandomForest,per_class,Monocyte,0.7681159420289855,0.19175108538350216,30,1
RandomForest,per_class,Monocyte,0.7760736196319018,0.18306801736613604,30,1
RandomForest,per_class,Monocyte,0.7746031746031746,0.17655571635311143,30,1
RandomForest,per_class,Monocyte,0.77,0.1671490593342981,30,1
RandomForest,per_class,Monocyte,0.7735191637630662,0.16063675832127353,30,1
RandomForest,per_class,Monocyte,0.7765567765567766,0.15340086830680175,30,1
RandomForest,per_class,Monocyte,0.7915057915057915,0.14833574529667148,30,1
RandomForest,per_class,Monocyte,0.7903225806451613,0.14182344428364688,30,1
RandomForest,per_class,Monocyte,0.8,0.13603473227206947,30,1
RandomForest,per_class,Monocyte,0.8026905829596412,0.12952243125904486,30,1
RandomForest,per_class,Monocyte,0.8104265402843602,0.12373371924746744,30,1
RandomForest,per_class,Monocyte,0.801980198019802,0.11722141823444283,30,1
RandomForest,per_class,Monocyte,0.7916666666666666,0.10998552821997105,30,1
RandomForest,per_class,Monocyte,0.8131868131868132,0.10709117221418235,30,1
RandomForest,per_class,Monocyte,0.8176470588235294,0.10057887120115774,30,1
RandomForest,per_class,Monocyte,0.8136645962732919,0.09479015918958032,30,1
RandomForest,per_class,Monocyte,0.8211920529801324,0.08972503617945007,30,1
RandomForest,per_class,Monocyte,0.8333333333333334,0.08683068017366136,30,1
RandomForest,per_class,Monocyte,0.8270676691729323,0.07959479015918958,30,1
RandomForest,per_class,Monocyte,0.8294573643410853,0.07742402315484805,30,1
RandomForest,per_class,Monocyte,0.832,0.07525325615050651,30,1
RandomForest,per_class,Monocyte,0.8347107438016529,0.07308248914616498,30,1
RandomForest,per_class,Monocyte,0.8333333333333334,0.06874095513748191,30,1
RandomForest,per_class,Monocyte,0.822429906542056,0.06367583212735166,30,1
RandomForest,per_class,Monocyte,0.8247422680412371,0.05788712011577424,30,1
RandomForest,per_class,Monocyte,0.8279569892473119,0.055716353111432707,30,1
RandomForest,per_class,Monocyte,0.8214285714285714,0.049927641099855286,30,1
RandomForest,per_class,Monocyte,0.84,0.045586107091172216,30,1
RandomForest,per_class,Monocyte,0.8405797101449275,0.041968162083936326,30,1
RandomForest,per_class,Monocyte,0.8615384615384616,0.04052098408104197,30,1
RandomForest,per_class,Monocyte,0.8571428571428571,0.03907380607814761,30,1
RandomForest,per_class,Monocyte,0.8688524590163934,0.03835021707670044,30,1
RandomForest,per_class,Monocyte,0.8771929824561403,0.0361794500723589,30,1
RandomForest,per_class,Monocyte,0.8775510204081632,0.031114327062228653,30,1
RandomForest,per_class,Monocyte,0.8723404255319149,0.029667149059334298,30,1
RandomForest,per_class,Monocyte,0.8571428571428571,0.02604920405209841,30,1
RandomForest,per_class,Monocyte,0.85,0.024602026049204053,30,1
RandomForest,per_class,Monocyte,0.868421052631579,0.023878437047756874,30,1
RandomForest,per_class,Monocyte,0.8571428571428571,0.02170767004341534,30,1
RandomForest,per_class,Monocyte,0.8484848484848485,0.020260492040520984,30,1
RandomForest,per_class,Monocyte,0.875,0.020260492040520984,30,1
RandomForest,per_class,Monocyte,0.8888888888888888,0.017366136034732273,30,1
RandomForest,per_class,Monocyte,0.8846153846153846,0.016642547033285094,30,1
RandomForest,per_class,Monocyte,0.9090909090909091,0.01447178002894356,30,1
RandomForest,per_class,Monocyte,0.9047619047619048,0.013748191027496382,30,1
RandomForest,per_class,Monocyte,0.9,0.013024602026049204,30,1
RandomForest,per_class,Monocyte,0.8947368421052632,0.012301013024602027,30,1
RandomForest,per_class,Monocyte,0.8888888888888888,0.011577424023154847,30,1
RandomForest,per_class,Monocyte,0.9375,0.01085383502170767,30,1
RandomForest,per_class,Monocyte,0.9285714285714286,0.009406657018813314,30,1
RandomForest,per_class,Monocyte,0.9230769230769231,0.008683068017366137,30,1
RandomForest,per_class,Monocyte,0.9166666666666666,0.007959479015918957,30,1
RandomForest,per_class,Monocyte,0.9090909090909091,0.00723589001447178,30,1
RandomForest,per_class,Monocyte,0.9,0.006512301013024602,30,1
RandomForest,per_class,Monocyte,1.0,0.005788712011577424,30,1
RandomForest,per_class,Monocyte,1.0,0.004341534008683068,30,1
RandomForest,per_class,Monocyte,1.0,0.002894356005788712,30,1
RandomForest,per_class,Monocyte,1.0,0.001447178002894356,30,1
RandomForest,per_class,Monocyte,1.0,0.000723589001447178,30,1
RandomForest,per_class,Monocyte,1.0,0.0,30,1
RandomForest,per_class,NK,0.05106797467473735,1.0,30,1
RandomForest,per_class,NK,0.054931896422691216,1.0,30,1
RandomForest,per_class,NK,0.06339883394515224,1.0,30,1
RandomForest,per_class,NK,0.07687873388533696,0.9993188010899182,30,1
RandomForest,per_class,NK,0.09609963946247133,0.9986376021798365,30,1
RandomForest,per_class,NK,0.12077214981026234,0.997275204359673,30,1
RandomForest,per_class,NK,0.1495346220722103,0.9959128065395095,30,1
RandomForest,per_class,NK,0.18062600519609057,0.9945504087193461,30,1
RandomForest,per_class,NK,0.21293053123175715,0.9938692098092643,30,1
RandomForest,per_class,NK,0.24304050675112518,0.9931880108991825,30,1
RandomForest,per_class,NK,0.2692379009827554,0.989100817438692,30,1
RandomForest,per_class,NK,0.29328478964401294,0.9877384196185286,30,1
RandomForest,per_class,NK,0.3132165260653256,0.9863760217983651,30,1
RandomForest,per_class,NK,0.3311970702677958,0.9856948228882834,30,1
RandomForest,per_class,NK,0.3468847726726004,0.9822888283378747,30,1
RandomForest,per_class,NK,0.36196935443355943,0.9816076294277929,30,1
RandomForest,per_class,NK,0.37697160883280756,0.9768392370572208,30,1
RandomForest,per_class,NK,0.38941914371420777,0.9727520435967303,30,1
RandomForest,per_class,NK,0.4016949152542373,0.9686648501362398,30,1
RandomForest,per_class,NK,0.4112503643252696,0.9611716621253406,30,1
RandomForest,per_class,NK,0.42310012062726177,0.9557220708446866,30,1
RandomForest,per_class,NK,0.43529778609292175,0.9509536784741145,30,1
RandomForest,per_class,NK,0.44390715667311414,0.9380108991825613,30,1
RandomForest,per_class,NK,0.45691382765531063,0.9318801089918256,30,1
RandomForest,per_class,NK,0.46795313576843556,0.9250681198910081,30,1
RandomForest,per_class,NK,0.4768353528153956,0.9114441416893733,30,1
RandomForest,per_class,NK,0.48694372931224716,0.9019073569482289,30,1
RandomForest,per_class,NK,0.4967741935483871,0.8916893732970027,30,1
RandomForest,per_class,NK,0.5054559625876851,0.8835149863760218,30,1
RandomForest,per_class,NK,0.5175050301810865,0.8760217983651226,30,1
RandomForest,per_class,NK,0.5283097418817652,0.864441416893733,30,1
RandomForest,per_class,NK,0.5350914504466184,0.8569482288828338,30,1
RandomForest,per_class,NK,0.5454144620811288,0.8426430517711172,30,1
RandomForest,per_class,NK,0.55474784189005,0.8317438692098093,30,1
RandomForest,per_class,NK,0.5606343283582089,0.8188010899182562,30,1
RandomForest,per_class,NK,0.5703988467083133,0.80858310626703,30,1
RandomForest,per_class,NK,0.5797530864197531,0.7997275204359673,30,1
RandomForest,per_class,NK,0.5899390243902439,0.7908719346049047,30,1
RandomForest,per_class,NK,0.6040901940220241,0.784741144414169,30,1
RandomForest,per_class,NK,0.6114101184068891,0.773841961852861,30,1
RandomForest,per_class,NK,0.6182825484764543,0.7602179836512262,30,1
RandomForest,per_class,NK,0.6255681818181819,0.75,30,1
RandomForest,per_class,NK,0.6322505800464037,0.7425068119891008,30,1
RandomForest,per_class,NK,0.6423880597014925,0.7329700272479565,30,1
RandomForest,per_class,NK,0.6519337016574586,0.723433242506812,30,1
RandomForest,per_class,NK,0.6620341124447252,0.7138964577656676,30,1
RandomForest,per_class,NK,0.6733897202342225,0.7050408719346049,30,1
RandomForest,per_class,NK,0.6810918774966711,0.696866485013624,30,1
RandomForest,per_class,NK,0.6918882072256305,0.69141689373297,30,1
RandomForest,per_class,NK,0.6997900629811057,0.6811989100817438,30,1
RandomForest,per_class,NK,0.7106782106782107,0.6709809264305178,30,1
RandomForest,per_class,NK,0.7149187592319055,0.659400544959128,30,1
RandomForest,per_class,NK,0.7220973782771536,0.6566757493188011,30,1
RandomForest,per_class,NK,0.7298541826554106,0.6478201634877384,30,1
RandomForest,per_class,NK,0.7368421052631579,0.6389645776566758,30,1
RandomForest,per_class,NK,0.7430167597765364,0.6341961852861036,30,1
RandomForest,per_class,NK,0.7483818770226537,0.6301089918256131,30,1
RandomForest,per_class,NK,0.7559966914805625,0.6226158038147139,30,1
RandomForest,per_class,NK,0.7630691399662732,0.6164850136239782,30,1
RandomForest,per_class,NK,0.7677806341045416,0.6103542234332425,30,1
RandomForest,per_class,NK,0.7715780296425457,0.6028610354223434,30,1
RandomForest,per_class,NK,0.7766816143497758,0.5899182561307902,30,1
RandomForest,per_class,NK,0.7814207650273224,0.5844686648501363,30,1
RandomForest,per_class,NK,0.7881040892193308,0.5776566757493188,30,1
RandomForest,per_class,NK,0.7914691943127962,0.5688010899182562,30,1
RandomForest,per_class,NK,0.796692607003891,0.5579019073569482,30,1
RandomForest,per_class,NK,0.8017839444995044,0.5510899182561307,30,1
RandomForest,per_class,NK,0.8052208835341366,0.5463215258855586,30,1
RandomForest,per_class,NK,0.8117283950617284,0.5374659400544959,30,1
RandomForest,per_class,NK,0.8194297782470961,0.5286103542234333,30,1
RandomForest,per_class,NK,0.8211991434689507,0.5224795640326976,30,1
RandomForest,per_class,NK,0.8248095756256801,0.5163487738419619,30,1
RandomForest,per_class,NK,0.8269018743109151,0.510899182561308,30,1
RandomForest,per_class,NK,0.831096196868009,0.5061307901907357,30,1
RandomForest,per_class,NK,0.8333333333333334,0.5006811989100818,30,1
RandomForest,per_class,NK,0.8406466512702079,0.49591280653950953,30,1
RandomForest,per_class,NK,0.8466981132075472,0.4891008174386921,30,1
RandomForest,per_class,NK,0.8471720818291215,0.47956403269754766,30,1
RandomForest,per_class,NK,0.854679802955665,0.47275204359673023,30,1
RandomForest,per_class,NK,0.8540880503144654,0.46253405994550406,30,1
RandomForest,per_class,NK,0.8565941101152369,0.45572207084468663,30,1
RandomForest,per_class,NK,0.8614379084967321,0.4489100817438692,30,1
RandomForest,per_class,NK,0.8674698795180723,0.44141689373297005,30,1
RandomForest,per_class,NK,0.8710990502035278,0.4373297002724796,30,1
RandomForest,per_class,NK,0.8762169680111266,0.42915531335149865,30,1
RandomForest,per_class,NK,0.8760683760683761,0.4189373297002725,30,1
RandomForest,per_class,NK,0.8806404657933042,0.41212534059945505,30,1
RandomForest,per_class,NK,0.8847858197932054,0.4080381471389646,30,1
RandomForest,per_class,NK,0.8887218045112782,0.4025885558583106,30,1
RandomForest,per_class,NK,0.8931297709923665,0.39850136239782014,30,1
RandomForest,per_class,NK,0.9007874015748032,0.3896457765667575,30,1
RandomForest,per_class,NK,0.9042207792207793,0.37942779291553136,30,1
RandomForest,per_class,NK,0.905940594059406,0.3739782016348774,30,1
RandomForest,per_class,NK,0.910472972972973,0.36716621253405995,30,1
RandomForest,per_class,NK,0.9120689655172414,0.3603542234332425,30,1
RandomForest,per_class,NK,0.9121265377855887,0.35354223433242504,30,1
RandomForest,per_class,NK,0.9127272727272727,0.3419618528610354,30,1
RandomForest,per_class,NK,0.9146567717996289,0.3358310626702997,30,1
RandomForest,per_class,NK,0.9147727272727273,0.3290190735694823,30,1
RandomForest,per_class,NK,0.9137254901960784,0.31743869209809267,30,1
RandomForest,per_class,NK,0.9142857142857143,0.30517711171662126,30,1
RandomForest,per_class,NK,0.9180672268907563,0.29768392370572205,30,1
RandomForest,per_class,NK,0.9232409381663113,0.2949591280653951,30,1
RandomForest,per_class,NK,0.9276315789473685,0.28814713896457766,30,1
RandomForest,per_class,NK,0.9280898876404494,0.28133514986376024,30,1
RandomForest,per_class,NK,0.926605504587156,0.27520435967302453,30,1
RandomForest,per_class,NK,0.9290780141843972,0.2677111716621253,30,1
RandomForest,per_class,NK,0.9278846153846154,0.26294277929155313,30,1
RandomForest,per_class,NK,0.9301745635910225,0.25408719346049047,30,1
RandomForest,per_class,NK,0.9324675324675324,0.24455040871934605,30,1
RandomForest,per_class,NK,0.9326145552560647,0.2356948228882834,30,1
RandomForest,per_class,NK,0.9285714285714286,0.22138964577656675,30,1
RandomForest,per_class,NK,0.9253731343283582,0.2111716621253406,30,1
RandomForest,per_class,NK,0.925,0.2016348773841962,30,1
RandomForest,per_class,NK,0.9271523178807947,0.1907356948228883,30,1
RandomForest,per_class,NK,0.9278350515463918,0.18392370572207084,30,1
RandomForest,per_class,NK,0.925531914893617,0.17779291553133514,30,1
RandomForest,per_class,NK,0.9256505576208178,0.16961852861035423,30,1
RandomForest,per_class,NK,0.9296875,0.16212534059945505,30,1
RandomForest,per_class,NK,0.9344262295081968,0.1553133514986376,30,1
RandomForest,per_class,NK,0.9319148936170213,0.14918256130790192,30,1
RandomForest,per_class,NK,0.9403669724770642,0.1396457765667575,30,1
RandomForest,per_class,NK,0.9389671361502347,0.1362397820163488,30,1
RandomForest,per_class,NK,0.9356435643564357,0.1287465940054496,30,1
RandomForest,per_class,NK,0.9378238341968912,0.12329700272479564,30,1
RandomForest,per_class,NK,0.9388888888888889,0.11512261580381472,30,1
RandomForest,per_class,NK,0.9575757575757575,0.10762942779291552,30,1
RandomForest,per_class,NK,0.95625,0.10422343324250681,30,1
RandomForest,per_class,NK,0.959731543624161,0.09741144414168937,30,1
RandomForest,per_class,NK,0.9642857142857143,0.09196185286103542,30,1
RandomForest,per_class,NK,0.9624060150375939,0.08719346049046321,30,1
RandomForest,per_class,NK,0.967479674796748,0.08106267029972752,30,1
RandomForest,per_class,NK,0.9741379310344828,0.07697547683923706,30,1
RandomForest,per_class,NK,0.9732142857142857,0.07425068119891008,30,1
RandomForest,per_class,NK,0.9702970297029703,0.0667574931880109,30,1
RandomForest,per_class,NK,0.9693877551020408,0.06471389645776567,30,1
RandomForest,per_class,NK,0.968421052631579,0.06267029972752043,30,1
RandomForest,per_class,NK,0.967391304347826,0.060626702997275204,30,1
RandomForest,per_class,NK,0.9767441860465116,0.05722070844686648,30,1
RandomForest,per_class,NK,0.9743589743589743,0.051771117166212535,30,1
RandomForest,per_class,NK,0.9705882352941176,0.04495912806539509,30,1
RandomForest,per_class,NK,0.9833333333333333,0.040190735694822885,30,1
RandomForest,per_class,NK,1.0,0.0388283378746594,30,1
RandomForest,per_class,NK,1.0,0.036103542234332424,30,1
RandomForest,per_class,NK,1.0,0.0326975476839237,30,1
RandomForest,per_class,NK,1.0,0.02997275204359673,30,1
RandomForest,per_class,NK,1.0,0.027247956403269755,30,1
RandomForest,per_class,NK,1.0,0.021798365122615803,30,1
RandomForest,per_class,NK,1.0,0.02111716621253406,30,1
RandomForest,per_class,NK,1.0,0.01907356948228883,30,1
RandomForest,per_class,NK,1.0,0.014986376021798364,30,1
RandomForest,per_class,NK,1.0,0.01226158038147139,30,1
RandomForest,per_class,NK,1.0,0.010217983651226158,30,1
RandomForest,per_class,NK,1.0,0.008174386920980926,30,1
RandomForest,per_class,NK,1.0,0.005449591280653951,30,1
RandomForest,per_class,NK,1.0,0.004768392370572207,30,1
RandomForest,per_class,NK,1.0,0.004087193460490463,30,1
RandomForest,per_class,NK,1.0,0.0034059945504087193,30,1
RandomForest,per_class,NK,1.0,0.0027247956403269754,30,1
RandomForest,per_class,NK,1.0,0.0020435967302452314,30,1
RandomForest,per_class,NK,1.0,0.0013623978201634877,30,1
RandomForest,per_class,NK,1.0,0.0006811989100817438,30,1
RandomForest,per_class,NK,1.0,0.0,30,1
RandomForest,per_class,Neutrophil,0.02393376469769707,1.0,30,1
RandomForest,per_class,Neutrophil,0.025271818983250073,1.0,30,1
RandomForest,per_class,Neutrophil,0.028159790438768827,1.0,30,1
RandomForest,per_class,Neutrophil,0.032377994258553346,1.0,30,1
RandomForest,per_class,Neutrophil,0.037768994290733424,1.0,30,1
RandomForest,per_class,Neutrophil,0.044308287649145434,0.998546511627907,30,1
RandomForest,per_class,Neutrophil,0.0519549270210996,0.998546511627907,30,1
RandomForest,per_class,Neutrophil,0.060533967750462596,0.998546511627907,30,1
RandomForest,per_class,Neutrophil,0.0694570821959357,0.998546511627907,30,1
RandomForest,per_class,Neutrophil,0.07905958280511698,0.997093023255814,30,1
RandomForest,per_class,Neutrophil,0.08931128759276136,0.997093023255814,30,1
RandomForest,per_class,Neutrophil,0.1003810082063306,0.9956395348837209,30,1
RandomForest,per_class,Neutrophil,0.11172728755504811,0.9956395348837209,30,1
RandomForest,per_class,Neutrophil,0.12335674410228706,0.9956395348837209,30,1
RandomForest,per_class,Neutrophil,0.13710968775020016,0.9956395348837209,30,1
RandomForest,per_class,Neutrophil,0.14941022280471822,0.9941860465116279,30,1
RandomForest,per_class,Neutrophil,0.16161855182205395,0.9927325581395349,30,1
RandomForest,per_class,Neutrophil,0.1751412429378531,0.9912790697674418,30,1
RandomForest,per_class,Neutrophil,0.18705234159779616,0.9869186046511628,30,1
RandomForest,per_class,Neutrophil,0.20041444641799883,0.9840116279069767,30,1
RandomForest,per_class,Neutrophil,0.212102111566341,0.9781976744186046,30,1
RandomForest,per_class,Neutrophil,0.22521008403361345,0.9738372093023255,30,1
RandomForest,per_class,Neutrophil,0.2373972112978191,0.9651162790697675,30,1
RandomForest,per_class,Neutrophil,0.24877497173011684,0.9593023255813954,30,1
RandomForest,per_class,Neutrophil,0.261007536691789,0.9563953488372093,30,1
RandomForest,per_class,Neutrophil,0.2720434600919348,0.9462209302325582,30,1
RandomForest,per_class,Neutrophil,0.28685612788632325,0.938953488372093,30,1
RandomForest,per_class,Neutrophil,0.3015500234852043,0.9331395348837209,30,1
RandomForest,per_class,Neutrophil,0.316699604743083,0.9316860465116279,30,1
RandomForest,per_class,Neutrophil,0.3268342739866598,0.9258720930232558,30,1
RandomForest,per_class,Neutrophil,0.33905579399141633,0.9186046511627907,30,1
RandomForest,per_class,Neutrophil,0.35297418630751964,0.9142441860465116,30,1
RandomForest,per_class,Neutrophil,0.36851415094339623,0.9084302325581395,30,1
RandomForest,per_class,Neutrophil,0.3809230769230769,0.8997093023255814,30,1
RandomForest,per_class,Neutrophil,0.394448030987734,0.8880813953488372,30,1
RandomForest,per_class,Neutrophil,0.40681362725450904,0.8851744186046512,30,1
RandomForest,per_class,Neutrophil,0.4241788958770091,0.8822674418604651,30,1
RandomForest,per_class,Neutrophil,0.43513119533527694,0.8677325581395349,30,1
RandomForest,per_class,Neutrophil,0.44294294294294295,0.8575581395348837,30,1
RandomForest,per_class,Neutrophil,0.455962587685113,0.8502906976744186,30,1
RandomForest,per_class,Neutrophil,0.4706362153344209,0.8386627906976745,30,1
RandomForest,per_class,Neutrophil,0.4842820730671198,0.8284883720930233,30,1
RandomForest,per_class,Neutrophil,0.499558693733451,0.8226744186046512,30,1
RandomForest,per_class,Neutrophil,0.5109489051094891,0.813953488372093,30,1
RandomForest,per_class,Neutrophil,0.5204178537511871,0.7965116279069767,30,1
RandomForest,per_class,Neutrophil,0.537,0.7805232558139535,30,1
RandomForest,per_class,Neutrophil,0.5461139896373057,0.7659883720930233,30,1
RandomForest,per_class,Neutrophil,0.5575888051668461,0.752906976744186,30,1
RandomForest,per_class,Neutrophil,0.5663322185061316,0.7383720930232558,30,1
RandomForest,per_class,Neutrophil,0.5835266821345708,0.7311046511627907,30,1
RandomForest,per_class,Neutrophil,0.5944645006016848,0.7180232558139535,30,1
RandomForest,per_class,Neutrophil,0.6034696406443618,0.7078488372093024,30,1
RandomForest,per_class,Neutrophil,0.6104725415070242,0.6947674418604651,30,1
RandomForest,per_class,Neutrophil,0.6191744340878829,0.6758720930232558,30,1
RandomForest,per_class,Neutrophil,0.626193724420191,0.6671511627906976,30,1
RandomForest,per_class,Neutrophil,0.6336633663366337,0.6511627906976745,30,1
RandomForest,per_class,Neutrophil,0.6568047337278107,0.6453488372093024,30,1
RandomForest,per_class,Neutrophil,0.665648854961832,0.6337209302325582,30,1
RandomForest,per_class,Neutrophil,0.6746031746031746,0.6177325581395349,30,1
RandomForest,per_class,Neutrophil,0.6918032786885245,0.6133720930232558,30,1
RandomForest,per_class,Neutrophil,0.7074829931972789,0.6046511627906976,30,1
RandomForest,per_class,Neutrophil,0.7188612099644128,0.5872093023255814,30,1
RandomForest,per_class,Neutrophil,0.7292817679558011,0.5755813953488372,30,1
RandomForest,per_class,Neutrophil,0.7447619047619047,0.5683139534883721,30,1
RandomForest,per_class,Neutrophil,0.7485380116959064,0.5581395348837209,30,1
RandomForest,per_class,Neutrophil,0.7565922920892495,0.5421511627906976,30,1
RandomForest,per_class,Neutrophil,0.7658227848101266,0.5276162790697675,30,1
RandomForest,per_class,Neutrophil,0.7787418655097614,0.5218023255813954,30,1
RandomForest,per_class,Neutrophil,0.7820224719101123,0.5058139534883721,30,1
RandomForest,per_class,Neutrophil,0.783410138248848,0.4941860465116279,30,1
RandomForest,per_class,Neutrophil,0.8014354066985646,0.48691860465116277,30,1
RandomForest,per_class,Neutrophil,0.800982800982801,0.4738372093023256,30,1
RandomForest,per_class,Neutrophil,0.8144329896907216,0.45930232558139533,30,1
RandomForest,per_class,Neutrophil,0.8233695652173914,0.44040697674418605,30,1
RandomForest,per_class,Neutrophil,0.8361581920903954,0.43023255813953487,30,1
RandomForest,per_class,Neutrophil,0.8461538461538461,0.41569767441860467,30,1
RandomForest,per_class,Neutrophil,0.850609756097561,0.4055232558139535,30,1
RandomForest,per_class,Neutrophil,0.8616352201257862,0.39825581395348836,30,1
RandomForest,per_class,Neutrophil,0.8770226537216829,0.3938953488372093,30,1
RandomForest,per_class,Neutrophil,0.8803986710963455,0.3851744186046512,30,1
RandomForest,per_class,Neutrophil,0.8821548821548821,0.3808139534883721,30,1
RandomForest,per_class,Neutrophil,0.8912280701754386,0.3691860465116279,30,1
RandomForest,per_class,Neutrophil,0.894927536231884,0.35901162790697677,30,1
RandomForest,per_class,Neutrophil,0.9060150375939849,0.3502906976744186,30,1
RandomForest,per_class,Neutrophil,0.9058823529411765,0.33575581395348836,30,1
RandomForest,per_class,Neutrophil,0.9186991869918699,0.32848837209302323,30,1
RandomForest,per_class,Neutrophil,0.923728813559322,0.3168604651162791,30,1
RandomForest,per_class,Neutrophil,0.933920704845815,0.3081395348837209,30,1
RandomForest,per_class,Neutrophil,0.9321266968325792,0.29941860465116277,30,1
RandomForest,per_class,Neutrophil,0.9351851851851852,0.2936046511627907,30,1
RandomForest,per_class,Neutrophil,0.9342723004694836,0.28924418604651164,30,1
RandomForest,per_class,Neutrophil,0.9514563106796117,0.28488372093023256,30,1
RandomForest,per_class,Neutrophil,0.9547738693467337,0.2761627906976744,30,1
RandomForest,per_class,Neutrophil,0.9536082474226805,0.2688953488372093,30,1
RandomForest,per_class,Neutrophil,0.9621621621621622,0.25872093023255816,30,1
RandomForest,per_class,Neutrophil,0.967032967032967,0.2558139534883721,30,1
RandomForest,per_class,Neutrophil,0.9664804469273743,0.251453488372093,30,1
RandomForest,per_class,Neutrophil,0.9710982658959537,0.2441860465116279,30,1
RandomForest,per_class,Neutrophil,0.9700598802395209,0.23546511627906977,30,1
RandomForest,per_class,Neutrophil,0.9693251533742331,0.22965116279069767,30,1
RandomForest,per_class,Neutrophil,0.9745222929936306,0.22238372093023256,30,1
RandomForest,per_class,Neutrophil,0.9733333333333334,0.21220930232558138,30,1
RandomForest,per_class,Neutrophil,0.972027972027972,0.20203488372093023,30,1
RandomForest,per_class,Neutrophil,0.9710144927536232,0.19476744186046513,30,1
RandomForest,per_class,Neutrophil,0.9699248120300752,0.1875,30,1
RandomForest,per_class,Neutrophil,0.96875,0.18023255813953487,30,1
RandomForest,per_class,Neutrophil,0.9754098360655737,0.17296511627906977,30,1
RandomForest,per_class,Neutrophil,0.9826086956521739,0.16424418604651161,30,1
RandomForest,per_class,Neutrophil,0.9823008849557522,0.1613372093023256,30,1
RandomForest,per_class,Neutrophil,0.9813084112149533,0.15261627906976744,30,1
RandomForest,per_class,Neutrophil,0.9807692307692307,0.14825581395348839,30,1
RandomForest,per_class,Neutrophil,0.9801980198019802,0.1438953488372093,30,1
RandomForest,per_class,Neutrophil,0.9787234042553191,0.13372093023255813,30,1
RandomForest,per_class,Neutrophil,0.9777777777777777,0.12790697674418605,30,1
RandomForest,per_class,Neutrophil,0.9764705882352941,0.12063953488372094,30,1
RandomForest,per_class,Neutrophil,0.9761904761904762,0.11918604651162791,30,1
RandomForest,per_class,Neutrophil,0.9878048780487805,0.11773255813953488,30,1
RandomForest,per_class,Neutrophil,0.9873417721518988,0.11337209302325581,30,1
RandomForest,per_class,Neutrophil,0.9868421052631579,0.10901162790697674,30,1
RandomForest,per_class,Neutrophil,0.9855072463768116,0.09883720930232558,30,1
RandomForest,per_class,Neutrophil,0.984375,0.09156976744186046,30,1
RandomForest,per_class,Neutrophil,0.9836065573770492,0.0872093023255814,30,1
RandomForest,per_class,Neutrophil,0.9830508474576272,0.08430232558139535,30,1
RandomForest,per_class,Neutrophil,0.9821428571428571,0.07994186046511628,30,1
RandomForest,per_class,Neutrophil,0.9807692307692307,0.07412790697674419,30,1
RandomForest,per_class,Neutrophil,1.0,0.07267441860465117,30,1
RandomForest,per_class,Neutrophil,1.0,0.06831395348837209,30,1
RandomForest,per_class,Neutrophil,1.0,0.06540697674418605,30,1
RandomForest,per_class,Neutrophil,1.0,0.061046511627906974,30,1
RandomForest,per_class,Neutrophil,1.0,0.05377906976744186,30,1
RandomForest,per_class,Neutrophil,1.0,0.04941860465116279,30,1
RandomForest,per_class,Neutrophil,1.0,0.046511627906976744,30,1
RandomForest,per_class,Neutrophil,1.0,0.0436046511627907,30,1
RandomForest,per_class,Neutrophil,1.0,0.040697674418604654,30,1
RandomForest,per_class,Neutrophil,1.0,0.03488372093023256,30,1
RandomForest,per_class,Neutrophil,1.0,0.029069767441860465,30,1
RandomForest,per_class,Neutrophil,1.0,0.027616279069767442,30,1
RandomForest,per_class,Neutrophil,1.0,0.023255813953488372,30,1
RandomForest,per_class,Neutrophil,1.0,0.020348837209302327,30,1
RandomForest,per_class,Neutrophil,1.0,0.0188953488372093,30,1
RandomForest,per_class,Neutrophil,1.0,0.014534883720930232,30,1
RandomForest,per_class,Neutrophil,1.0,0.010174418604651164,30,1
RandomForest,per_class,Neutrophil,1.0,0.007267441860465116,30,1
RandomForest,per_class,Neutrophil,1.0,0.005813953488372093,30,1
RandomForest,per_class,Neutrophil,1.0,0.00436046511627907,30,1
RandomForest,per_class,Neutrophil,1.0,0.0029069767441860465,30,1
RandomForest,per_class,Neutrophil,1.0,0.0,30,1
RandomForest,per_class,Other,0.03551798511097196,1.0,30,1
RandomForest,per_class,Other,0.04099578397912066,1.0,30,1
RandomForest,per_class,Other,0.048657157849544434,0.9990205680705191,30,1
RandomForest,per_class,Other,0.057324482448244826,0.9980411361410382,30,1
RandomForest,per_class,Other,0.06617119760088663,0.9941234084231146,30,1
RandomForest,per_class,Other,0.07515394317085837,0.9921645445641528,30,1
RandomForest,per_class,Other,0.08507952537238071,0.990205680705191,30,1
RandomForest,per_class,Other,0.09469838890970401,0.990205680705191,30,1
RandomForest,per_class,Other,0.104199066874028,0.9843290891283056,30,1
RandomForest,per_class,Other,0.11369831894593367,0.980411361410382,30,1
RandomForest,per_class,Other,0.12382133995037221,0.9774730656219393,30,1
RandomForest,per_class,Other,0.13254943880277925,0.9715964740450539,30,1
RandomForest,per_class,Other,0.14203812526874016,0.970617042115573,30,1
RandomForest,per_class,Other,0.15174320380893871,0.9676787463271302,30,1
RandomForest,per_class,Other,0.161422484431334,0.9647404505386875,30,1
RandomForest,per_class,Other,0.1716430941155928,0.9627815866797258,30,1
RandomForest,per_class,Other,0.18154817152403935,0.9578844270323212,30,1
RandomForest,per_class,Other,0.19239109008476246,0.9559255631733594,30,1
RandomForest,per_class,Other,0.20207684319833852,0.9529872673849168,30,1
RandomForest,per_class,Other,0.21251372118551043,0.9480901077375122,30,1
RandomForest,per_class,Other,0.2226598702502317,0.941234084231146,30,1
RandomForest,per_class,Other,0.23101189031788402,0.9324191968658179,30,1
RandomForest,per_class,Other,0.24205942622950818,0.9255631733594515,30,1
RandomForest,per_class,Other,0.2509323388385722,0.9226248775710089,30,1
RandomForest,per_class,Other,0.26114827201783725,0.9177277179236043,30,1
RandomForest,per_class,Other,0.2702152414194299,0.9098922624877571,30,1
RandomForest,per_class,Other,0.279371790999698,0.9059745347698335,30,1
RandomForest,per_class,Other,0.28763693270735524,0.9000979431929481,30,1
RandomForest,per_class,Other,0.2965606748864374,0.8952007835455436,30,1
RandomForest,per_class,Other,0.30487394957983194,0.8883447600391773,30,1
RandomForest,per_class,Other,0.31606765327695563,0.8785504407443683,30,1
RandomForest,per_class,Other,0.32503660322108346,0.8697355533790402,30,1
RandomForest,per_class,Other,0.3320740460899131,0.8609206660137121,30,1
RandomForest,per_class,Other,0.3395565927654609,0.8550440744368266,30,1
RandomForest,per_class,Other,0.34744054816606207,0.8442703232125367,30,1
RandomForest,per_class,Other,0.35562941420855837,0.8383937316356513,30,1
RandomForest,per_class,Other,0.3630546075085324,0.8334965719882468,30,1
RandomForest,per_class,Other,0.3707617789520035,0.8246816846229187,30,1
RandomForest,per_class,Other,0.3793103448275862,0.8188050930460333,30,1
RandomForest,per_class,Other,0.38640595903165736,0.8129285014691479,30,1
RandomForest,per_class,Other,0.39408396946564883,0.8090107737512243,30,1
RandomForest,per_class,Other,0.4015709376534119,0.801175318315377,30,1
RandomForest,per_class,Other,0.4084720121028744,0.7933398628795298,30,1
RandomForest,per_class,Other,0.41567202906071615,0.7845249755142018,30,1
RandomForest,per_class,Other,0.4226254002134472,0.7757100881488737,30,1
RandomForest,per_class,Other,0.43014301430143015,0.7659157688540646,30,1
RandomForest,per_class,Other,0.435347261434218,0.7551420176297747,30,1
RandomForest,per_class,Other,0.44696969696969696,0.7512242899118511,30,1
RandomForest,per_class,Other,0.4553089382123575,0.7433888344760039,30,1
RandomForest,per_class,Other,0.46191950464396286,0.7306562193927522,30,1
RandomForest,per_class,Other,0.4684914067472947,0.7208619000979432,30,1
RandomForest,per_class,Other,0.4768125408229915,0.7149853085210578,30,1
RandomForest,per_class,Other,0.481951871657754,0.7061704211557297,30,1
RandomForest,per_class,Other,0.48667122351332875,0.6973555337904016,30,1
RandomForest,per_class,Other,0.493361285814116,0.6914789422135161,30,1
RandomForest,per_class,Other,0.5021551724137931,0.6846229187071499,30,1
RandomForest,per_class,Other,0.5110294117647058,0.6807051909892262,30,1
RandomForest,per_class,Other,0.5172932330827068,0.67384916748286,30,1
RandomForest,per_class,Other,0.5246913580246914,0.6660137120470128,30,1
RandomForest,per_class,Other,0.531496062992126,0.6611165523996082,30,1
RandomForest,per_class,Other,0.5361736334405145,0.653281096963761,30,1
RandomForest,per_class,Other,0.5438884331419196,0.6493633692458374,30,1
RandomForest,per_class,Other,0.5515202702702703,0.6395690499510284,30,1
RandomForest,per_class,Other,0.5583623693379791,0.6278158667972575,30,1
RandomForest,per_class,Other,0.5635555555555556,0.6209598432908913,30,1
RandomForest,per_class,Other,0.5762867647058824,0.614103819784525,30,1
RandomForest,per_class,Other,0.5846736045411542,0.6052889324191969,30,1
RandomForest,per_class,Other,0.5941463414634146,0.5964740450538688,30,1
RandomForest,per_class,Other,0.605,0.5925563173359452,30,1
RandomForest,per_class,Other,0.6174358974358974,0.5896180215475024,30,1
RandomForest,per_class,Other,0.6238145416227608,0.5798237022526934,30,1
RandomForest,per_class,Other,0.6273022751895991,0.5670910871694417,30,1
RandomForest,per_class,Other,0.6325167037861915,0.5563173359451518,30,1
RandomForest,per_class,Other,0.6426940639269406,0.5514201762977473,30,1
RandomForest,per_class,Other,0.6494117647058824,0.5406464250734574,30,1
RandomForest,per_class,Other,0.6581818181818182,0.5318315377081293,30,1
RandomForest,per_class,Other,0.6704119850187266,0.5259549461312438,30,1
RandomForest,per_class,Other,0.676962676962677,0.515181194906954,30,1
RandomForest,per_class,Other,0.6788036410923277,0.5112634671890304,30,1
RandomForest,per_class,Other,0.6826666666666666,0.5014691478942214,30,1
RandomForest,per_class,Other,0.6893732970027248,0.49559255631733595,30,1
RandomForest,per_class,Other,0.6980337078651685,0.48677766895200786,30,1
RandomForest,per_class,Other,0.7052023121387283,0.4779627815866797,30,1
RandomForest,per_class,Other,0.711738484398217,0.4691478942213516,30,1
RandomForest,per_class,Other,0.7199391171993912,0.4632713026444662,30,1
RandomForest,per_class,Other,0.7191358024691358,0.4564152791380999,30,1
RandomForest,per_class,Other,0.7310126582278481,0.4524975514201763,30,1
RandomForest,per_class,Other,0.7386363636363636,0.44564152791381,30,1
RandomForest,per_class,Other,0.7470489038785835,0.4338883447600392,30,1
RandomForest,per_class,Other,0.7538726333907056,0.4289911851126347,30,1
RandomForest,per_class,Other,0.7602131438721137,0.41919686581782567,30,1
RandomForest,per_class,Other,0.7686703096539163,0.41332027424094026,30,1
RandomForest,per_class,Other,0.7693726937269373,0.40842311459353575,30,1
RandomForest,per_class,Other,0.7756286266924565,0.39275220372184133,30,1
RandomForest,per_class,Other,0.7813121272365805,0.38491674828599415,30,1
RandomForest,per_class,Other,0.7885010266940452,0.376101860920666,30,1
RandomForest,per_class,Other,0.8008565310492506,0.366307541625857,30,1
RandomForest,per_class,Other,0.8057395143487859,0.3574926542605289,30,1
RandomForest,per_class,Other,0.8040540540540541,0.34965719882468166,30,1
RandomForest,per_class,Other,0.8177570093457944,0.3428011753183154,30,1
RandomForest,per_class,Other,0.8325242718446602,0.33594515181194906,30,1
RandomForest,per_class,Other,0.8349753694581281,0.33202742409402547,30,1
RandomForest,per_class,Other,0.8483290488431876,0.3232125367286974,30,1
RandomForest,per_class,Other,0.8590425531914894,0.31635651322233105,30,1
RandomForest,per_class,Other,0.8598901098901099,0.30656219392752204,30,1
RandomForest,per_class,Other,0.8725212464589235,0.30166503428011754,30,1
RandomForest,per_class,Other,0.873900293255132,0.29187071498530853,30,1
RandomForest,per_class,Other,0.8712574850299402,0.2850146914789422,30,1
RandomForest,per_class,Other,0.8734567901234568,0.277179236043095,30,1
RandomForest,per_class,Other,0.8793650793650793,0.2713026444662096,30,1
RandomForest,per_class,Other,0.8885245901639345,0.2654260528893242,30,1
RandomForest,per_class,Other,0.8926174496644296,0.2605288932419197,30,1
RandomForest,per_class,Other,0.9,0.2556317335945152,30,1
RandomForest,per_class,Other,0.9049295774647887,0.2517140058765916,30,1
RandomForest,per_class,Other,0.9094202898550725,0.24583741429970618,30,1
RandomForest,per_class,Other,0.9101123595505618,0.23800195886385897,30,1
RandomForest,per_class,Other,0.9137254901960784,0.22820763956904996,30,1
RandomForest,per_class,Other,0.9156626506024096,0.22331047992164543,30,1
RandomForest,per_class,Other,0.9259259259259259,0.22037218413320275,30,1
RandomForest,per_class,Other,0.9276595744680851,0.21351616062683643,30,1
RandomForest,per_class,Other,0.9383259911894273,0.20861900097943192,30,1
RandomForest,per_class,Other,0.9481132075471698,0.19686581782566112,30,1
RandomForest,per_class,Other,0.9468599033816425,0.19196865817825662,30,1
RandomForest,per_class,Other,0.9489795918367347,0.1821743388834476,30,1
RandomForest,per_class,Other,0.9565217391304348,0.17238001958863858,30,1
RandomForest,per_class,Other,0.9608938547486033,0.168462291870715,30,1
RandomForest,per_class,Other,0.9655172413793104,0.16454456415279137,30,1
RandomForest,per_class,Other,0.9647058823529412,0.16062683643486778,30,1
RandomForest,per_class,Other,0.9696969696969697,0.15670910871694418,30,1
RandomForest,per_class,Other,0.9683544303797469,0.14985308521057786,30,1
RandomForest,per_class,Other,0.9657534246575342,0.13809990205680706,30,1
RandomForest,per_class,Other,0.9642857142857143,0.13222331047992164,30,1
RandomForest,per_class,Other,0.9624060150375939,0.12536728697355534,30,1
RandomForest,per_class,Other,0.9596774193548387,0.11655239960822723,30,1
RandomForest,per_class,Other,0.9655172413793104,0.10969637610186092,30,1
RandomForest,per_class,Other,0.963302752293578,0.10284035259549461,30,1
RandomForest,per_class,Other,0.9702970297029703,0.09598432908912831,30,1
RandomForest,per_class,Other,0.9789473684210527,0.0910871694417238,30,1
RandomForest,per_class,Other,0.9775280898876404,0.08521057786483839,30,1
RandomForest,per_class,Other,0.9746835443037974,0.07541625857002938,30,1
RandomForest,per_class,Other,0.9722222222222222,0.06856023506366307,30,1
RandomForest,per_class,Other,0.9692307692307692,0.061704211557296766,30,1
RandomForest,per_class,Other,0.9655172413793104,0.05484818805093046,30,1
RandomForest,per_class,Other,0.9636363636363636,0.05190989226248776,30,1
RandomForest,per_class,Other,1.0,0.050930460333006855,30,1
RandomForest,per_class,Other,1.0,0.04603330068560235,30,1
RandomForest,per_class,Other,1.0,0.04211557296767875,30,1
RandomForest,per_class,Other,1.0,0.03525954946131244,30,1
RandomForest,per_class,Other,1.0,0.030362389813907934,30,1
RandomForest,per_class,Other,1.0,0.02742409402546523,30,1
RandomForest,per_class,Other,1.0,0.024485798237022526,30,1
RandomForest,per_class,Other,1.0,0.023506366307541625,30,1
RandomForest,per_class,Other,1.0,0.022526934378060724,30,1
RandomForest,per_class,Other,1.0,0.021547502448579822,30,1
RandomForest,per_class,Other,1.0,0.019588638589618023,30,1
RandomForest,per_class,Other,1.0,0.01762977473065622,30,1
RandomForest,per_class,Other,1.0,0.015670910871694418,30,1
RandomForest,per_class,Other,1.0,0.012732615083251714,30,1
RandomForest,per_class,Other,1.0,0.00881488736532811,30,1
RandomForest,per_class,Other,1.0,0.0068560235063663075,30,1
RandomForest,per_class,Other,1.0,0.004897159647404506,30,1
RandomForest,per_class,Other,1.0,0.0039177277179236044,30,1
RandomForest,per_class,Other,1.0,0.002938295788442703,30,1
RandomForest,per_class,Other,1.0,0.0009794319294809011,30,1
RandomForest,per_class,Other,1.0,0.0,30,1
RandomForest,per_class,Treg,0.023342378069992346,1.0,30,1
RandomForest,per_class,Treg,0.02652069088178333,1.0,30,1
RandomForest,per_class,Treg,0.03080949538546306,1.0,30,1
RandomForest,per_class,Treg,0.035706683695189444,1.0,30,1
RandomForest,per_class,Treg,0.04080886831526374,0.9985096870342772,30,1
RandomForest,per_class,Treg,0.04615278638837225,0.9985096870342772,30,1
RandomForest,per_class,Treg,0.05135696163604213,0.9955290611028316,30,1
RandomForest,per_class,Treg,0.05657660709748454,0.9955290611028316,30,1
RandomForest,per_class,Treg,0.061800351558886114,0.9955290611028316,30,1
RandomForest,per_class,Treg,0.06706827309236948,0.9955290611028316,30,1
RandomForest,per_class,Treg,0.07196110210696921,0.992548435171386,30,1
RandomForest,per_class,Treg,0.07708333333333334,0.992548435171386,30,1
RandomForest,per_class,Treg,0.08241554263086252,0.992548435171386,30,1
RandomForest,per_class,Treg,0.08810689244609075,0.992548435171386,30,1
RandomForest,per_class,Treg,0.09356560831694297,0.992548435171386,30,1
RandomForest,per_class,Treg,0.09944751381215469,0.992548435171386,30,1
RandomForest,per_class,Treg,0.10427135678391959,0.9895678092399404,30,1
RandomForest,per_class,Treg,0.10956866633614279,0.9880774962742176,30,1
RandomForest,per_class,Treg,0.11536453801983644,0.9880774962742176,30,1
RandomForest,per_class,Treg,0.12135655362053162,0.9865871833084948,30,1
RandomForest,per_class,Treg,0.12667946257197696,0.9836065573770492,30,1
RandomForest,per_class,Treg,0.1326201049656843,0.9791356184798807,30,1
RandomForest,per_class,Treg,0.1382956227532248,0.9746646795827124,30,1
RandomForest,per_class,Treg,0.14383410544893008,0.9716840536512668,30,1
RandomForest,per_class,Treg,0.14926402943882244,0.9672131147540983,30,1
RandomForest,per_class,Treg,0.1547448736289938,0.9672131147540983,30,1
RandomForest,per_class,Treg,0.15943466402182,0.9582712369597616,30,1
RandomForest,per_class,Treg,0.16537667698658412,0.9552906110283159,30,1
RandomForest,per_class,Treg,0.17235816079591287,0.9552906110283159,30,1
RandomForest,per_class,Treg,0.17874125874125874,0.9523099850968704,30,1
RandomForest,per_class,Treg,0.18461538461538463,0.9478390461997019,30,1
RandomForest,per_class,Treg,0.19036144578313252,0.9418777943368107,30,1
RandomForest,per_class,Treg,0.1963228420068557,0.9388971684053651,30,1
RandomForest,per_class,Treg,0.20384239661348094,0.9329359165424739,30,1
RandomForest,per_class,Treg,0.21116751269035533,0.9299552906110283,30,1
RandomForest,per_class,Treg,0.21940035273368608,0.9269746646795827,30,1
RandomForest,per_class,Treg,0.22391857506361323,0.9180327868852459,30,1
RandomForest,per_class,Treg,0.23149546827794562,0.9135618479880775,30,1
RandomForest,per_class,Treg,0.23850350740452064,0.9120715350223547,30,1
RandomForest,per_class,Treg,0.24586860137041516,0.9090909090909091,30,1
RandomForest,per_class,Treg,0.255050505050505,0.9031296572280179,30,1
RandomForest,per_class,Treg,0.26147186147186147,0.9001490312965723,30,1
RandomForest,per_class,Treg,0.2678011643528885,0.8912071535022354,30,1
RandomForest,per_class,Treg,0.274582560296846,0.8822652757078987,30,1
RandomForest,per_class,Treg,0.2825564632388275,0.8763040238450075,30,1
RandomForest,per_class,Treg,0.2908366533864542,0.8703427719821163,30,1
RandomForest,per_class,Treg,0.30077519379844964,0.8673621460506706,30,1
RandomForest,per_class,Treg,0.3089257081774452,0.8614008941877794,30,1
RandomForest,per_class,Treg,0.31767955801104975,0.856929955290611,30,1
RandomForest,per_class,Treg,0.3259005145797599,0.849478390461997,30,1
RandomForest,per_class,Treg,0.33411903358868594,0.8450074515648286,30,1
RandomForest,per_class,Treg,0.3418181818181818,0.8405365126676602,30,1
RandomForest,per_class,Treg,0.35106382978723405,0.8360655737704918,30,1
RandomForest,per_class,Treg,0.3597678916827853,0.8315946348733234,30,1
RandomForest,per_class,Treg,0.3694054776219105,0.8241430700447094,30,1
RandomForest,per_class,Treg,0.3741403026134801,0.8107302533532041,30,1
RandomForest,per_class,Treg,0.3822064056939502,0.8002980625931445,30,1
RandomForest,per_class,Treg,0.39162380602498165,0.7943368107302533,30,1
RandomForest,per_class,Treg,0.4010654490106545,0.7853949329359166,30,1
RandomForest,per_class,Treg,0.41130298273155413,0.7809239940387481,30,1
RandomForest,per_class,Treg,0.41995172968624295,0.7779433681073026,30,1
RandomForest,per_class,Treg,0.4300083822296731,0.7645305514157973,30,1
RandomForest,per_class,Treg,0.4392764857881137,0.7600596125186289,30,1
RandomForest,per_class,Treg,0.45308310991957107,0.7555886736214605,30,1
RandomForest,per_class,Treg,0.46289424860853434,0.7436661698956781,30,1
RandomForest,per_class,Treg,0.47444551591128253,0.7332339791356185,30,1
RandomForest,per_class,Treg,0.488,0.7272727272727273,30,1
RandomForest,per_class,Treg,0.49743589743589745,0.7228017883755589,30,1
RandomForest,per_class,Treg,0.5069222577209798,0.7093889716840537,30,1
RandomForest,per_class,Treg,0.5175824175824176,0.7019374068554396,30,1
RandomForest,per_class,Treg,0.5290102389078498,0.6929955290611028,30,1
RandomForest,per_class,Treg,0.5367561260210035,0.6855439642324889,30,1
RandomForest,per_class,Treg,0.5455635491606715,0.6780923994038748,30,1
RandomForest,per_class,Treg,0.5532435740514076,0.6736214605067065,30,1
RandomForest,per_class,Treg,0.5579078455790785,0.6676602086438153,30,1
RandomForest,per_class,Treg,0.5686528497409327,0.65424739195231,30,1
RandomForest,per_class,Treg,0.5761589403973509,0.6482861400894188,30,1
RandomForest,per_class,Treg,0.5793010752688172,0.6423248882265276,30,1
RandomForest,per_class,Treg,0.5921787709497207,0.6318926974664679,30,1
RandomForest,per_class,Treg,0.6078147612156295,0.6259314456035767,30,1
RandomForest,per_class,Treg,0.61698956780924,0.61698956780924,30,1
RandomForest,per_class,Treg,0.6242331288343558,0.6065573770491803,30,1
RandomForest,per_class,Treg,0.6305031446540881,0.5976154992548435,30,1
RandomForest,per_class,Treg,0.6443719412724307,0.5886736214605067,30,1
RandomForest,per_class,Treg,0.6548821548821548,0.5797317436661699,30,1
RandomForest,per_class,Treg,0.660377358490566,0.5737704918032787,30,1
RandomForest,per_class,Treg,0.672566371681416,0.5663189269746647,30,1
RandomForest,per_class,Treg,0.6781193490054249,0.5588673621460507,30,1
RandomForest,per_class,Treg,0.6852886405959032,0.5484351713859911,30,1
RandomForest,per_class,Treg,0.7024952015355086,0.5454545454545454,30,1
RandomForest,per_class,Treg,0.7140039447731755,0.5394932935916542,30,1
RandomForest,per_class,Treg,0.7244897959183674,0.5290611028315947,30,1
RandomForest,per_class,Treg,0.7387580299785867,0.5141579731743666,30,1
RandomForest,per_class,Treg,0.7489082969432315,0.511177347242921,30,1
RandomForest,per_class,Treg,0.753880266075388,0.5067064083457526,30,1
RandomForest,per_class,Treg,0.7574370709382151,0.4932935916542474,30,1
RandomForest,per_class,Treg,0.765807962529274,0.4873323397913562,30,1
RandomForest,per_class,Treg,0.7679425837320574,0.4783904619970194,30,1
RandomForest,per_class,Treg,0.7783251231527094,0.47093889716840537,30,1
RandomForest,per_class,Treg,0.7794486215538847,0.46348733233979134,30,1
RandomForest,per_class,Treg,0.7857142857142857,0.45901639344262296,30,1
RandomForest,per_class,Treg,0.7881136950904393,0.45454545454545453,30,1
RandomForest,per_class,Treg,0.7889182058047494,0.4456035767511177,30,1
RandomForest,per_class,Treg,0.7855227882037533,0.4366616989567809,30,1
RandomForest,per_class,Treg,0.7863013698630137,0.4277198211624441,30,1
RandomForest,per_class,Treg,0.7905027932960894,0.4217585692995529,30,1
RandomForest,per_class,Treg,0.7953890489913544,0.4113263785394933,30,1
RandomForest,per_class,Treg,0.8047337278106509,0.40536512667660207,30,1
RandomForest,per_class,Treg,0.823170731707317,0.40238450074515647,30,1
RandomForest,per_class,Treg,0.828125,0.3949329359165425,30,1
RandomForest,per_class,Treg,0.8376623376623377,0.38450074515648286,30,1
RandomForest,per_class,Treg,0.8383838383838383,0.3710879284649776,30,1
RandomForest,per_class,Treg,0.8430034129692833,0.368107302533532,30,1
RandomForest,per_class,Treg,0.8472222222222222,0.36363636363636365,30,1
RandomForest,per_class,Treg,0.8469750889679716,0.35469448584202684,30,1
RandomForest,per_class,Treg,0.8442028985507246,0.3472429210134128,30,1
RandomForest,per_class,Treg,0.8419117647058824,0.3412816691505216,30,1
RandomForest,per_class,Treg,0.8401486988847584,0.33681073025335323,30,1
RandomForest,per_class,Treg,0.8435114503816794,0.3293591654247392,30,1
RandomForest,per_class,Treg,0.8455598455598455,0.3263785394932936,30,1
RandomForest,per_class,Treg,0.8537549407114624,0.32190760059612517,30,1
RandomForest,per_class,Treg,0.8554216867469879,0.3174366616989568,30,1
RandomForest,per_class,Treg,0.8559670781893004,0.30998509687034276,30,1
RandomForest,per_class,Treg,0.8559322033898306,0.30104321907600595,30,1
RandomForest,per_class,Treg,0.8558951965065502,0.29210134128166915,30,1
RandomForest,per_class,Treg,0.8654708520179372,0.28763040238450077,30,1
RandomForest,per_class,Treg,0.8727272727272727,0.28614008941877794,30,1
RandomForest,per_class,Treg,0.8697674418604651,0.2786885245901639,30,1
RandomForest,per_class,Treg,0.8701923076923077,0.2697466467958271,30,1
RandomForest,per_class,Treg,0.8855721393034826,0.26527570789865873,30,1
RandomForest,per_class,Treg,0.8838383838383839,0.2608047690014903,30,1
RandomForest,per_class,Treg,0.8947368421052632,0.2533532041728763,30,1
RandomForest,per_class,Treg,0.8924731182795699,0.2473919523099851,30,1
RandomForest,per_class,Treg,0.8950276243093923,0.2414307004470939,30,1
RandomForest,per_class,Treg,0.8977272727272727,0.23546944858420268,30,1
RandomForest,per_class,Treg,0.9064327485380117,0.23099850968703428,30,1
RandomForest,per_class,Treg,0.9041916167664671,0.22503725782414308,30,1
RandomForest,per_class,Treg,0.90625,0.21609538002980627,30,1
RandomForest,per_class,Treg,0.9096774193548387,0.21013412816691504,30,1
RandomForest,per_class,Treg,0.9066666666666666,0.20268256333830104,30,1
RandomForest,per_class,Treg,0.9027777777777778,0.19374068554396423,30,1
RandomForest,per_class,Treg,0.9264705882352942,0.18777943368107303,30,1
RandomForest,per_class,Treg,0.9224806201550387,0.17734724292101342,30,1
RandomForest,per_class,Treg,0.9354838709677419,0.17287630402384502,30,1
RandomForest,per_class,Treg,0.940677966101695,0.16542473919523099,30,1
RandomForest,per_class,Treg,0.9478260869565217,0.16244411326378538,30,1
RandomForest,per_class,Treg,0.9459459459459459,0.15648286140089418,30,1
RandomForest,per_class,Treg,0.9423076923076923,0.14605067064083457,30,1
RandomForest,per_class,Treg,0.9387755102040817,0.13710879284649777,30,1
RandomForest,per_class,Treg,0.9361702127659575,0.13114754098360656,30,1
RandomForest,per_class,Treg,0.9333333333333333,0.12518628912071536,30,1
RandomForest,per_class,Treg,0.9411764705882353,0.11922503725782414,30,1
RandomForest,per_class,Treg,0.9404761904761905,0.11773472429210134,30,1
RandomForest,per_class,Treg,0.9390243902439024,0.11475409836065574,30,1
RandomForest,per_class,Treg,0.9367088607594937,0.11028315946348734,30,1
RandomForest,per_class,Treg,0.9315068493150684,0.10134128166915052,30,1
RandomForest,per_class,Treg,0.9393939393939394,0.09239940387481371,30,1
RandomForest,per_class,Treg,0.9322033898305084,0.08196721311475409,30,1
RandomForest,per_class,Treg,0.9433962264150944,0.07451564828614009,30,1
RandomForest,per_class,Treg,0.9361702127659575,0.06557377049180328,30,1
RandomForest,per_class,Treg,0.9318181818181818,0.06110283159463487,30,1
RandomForest,per_class,Treg,0.918918918918919,0.05067064083457526,30,1
RandomForest,per_class,Treg,0.9090909090909091,0.044709388971684055,30,1
RandomForest,per_class,Treg,0.9230769230769231,0.03576751117734724,30,1
RandomForest,per_class,Treg,0.92,0.03427719821162444,30,1
RandomForest,per_class,Treg,0.9047619047619048,0.028315946348733235,30,1
RandomForest,per_class,Treg,0.8823529411764706,0.022354694485842028,30,1
RandomForest,per_class,Treg,0.9333333333333333,0.020864381520119227,30,1
RandomForest,per_class,Treg,0.9090909090909091,0.014903129657228018,30,1
RandomForest,per_class,Treg,1.0,0.013412816691505217,30,1
RandomForest,per_class,Treg,1.0,0.011922503725782414,30,1
RandomForest,per_class,Treg,1.0,0.007451564828614009,30,1
RandomForest,per_class,Treg,1.0,0.004470938897168405,30,1
RandomForest,per_class,Treg,1.0,0.0029806259314456036,30,1
RandomForest,per_class,Treg,1.0,0.0014903129657228018,30,1
RandomForest,per_class,Treg,1.0,0.0,30,1
RandomForest,per_class,Tumor,0.05746886523342378,1.0,30,1
RandomForest,per_class,Tumor,0.07266649071874726,1.0,30,1
RandomForest,per_class,Tumor,0.09322273009423847,1.0,30,1
RandomForest,per_class,Tumor,0.11716312056737589,1.0,30,1
RandomForest,per_class,Tumor,0.14455722786139308,1.0,30,1
RandomForest,per_class,Tumor,0.17427998734043676,1.0,30,1
RandomForest,per_class,Tumor,0.2038775006174364,0.9993946731234867,30,1
RandomForest,per_class,Tumor,0.2343239016067112,0.9975786924939467,30,1
RandomForest,per_class,Tumor,0.2671099578332793,0.9969733656174334,30,1
RandomForest,per_class,Tumor,0.2964498107767165,0.9957627118644068,30,1
RandomForest,per_class,Tumor,0.32177830003916963,0.9945520581113801,30,1
RandomForest,per_class,Tumor,0.34620253164556963,0.9933414043583535,30,1
RandomForest,per_class,Tumor,0.3680898876404494,0.9915254237288136,30,1
RandomForest,per_class,Tumor,0.3881906568650699,0.9909200968523002,30,1
RandomForest,per_class,Tumor,0.4027093596059113,0.9897094430992736,30,1
RandomForest,per_class,Tumor,0.41799077396207074,0.9872881355932204,30,1
RandomForest,per_class,Tumor,0.43160127253446445,0.9854721549636803,30,1
RandomForest,per_class,Tumor,0.44563133388112847,0.9848668280871671,30,1
RandomForest,per_class,Tumor,0.4569014084507042,0.9818401937046005,30,1
RandomForest,per_class,Tumor,0.46701238836070297,0.9812348668280871,30,1
RandomForest,per_class,Tumor,0.48100890207715136,0.9812348668280871,30,1
RandomForest,per_class,Tumor,0.49120679199514855,0.9806295399515739,30,1
RandomForest,per_class,Tumor,0.5023313646254274,0.9782082324455206,30,1
RandomForest,per_class,Tumor,0.5142217961009907,0.9739709443099274,30,1
RandomForest,per_class,Tumor,0.5253848673435965,0.9709443099273608,30,1
RandomForest,per_class,Tumor,0.5359411568037445,0.9703389830508474,30,1
RandomForest,per_class,Tumor,0.5445881552076243,0.9685230024213075,30,1
RandomForest,per_class,Tumor,0.5524766193280222,0.965496368038741,30,1
RandomForest,per_class,Tumor,0.5610014104372355,0.9630750605326877,30,1
RandomForest,per_class,Tumor,0.5702479338842975,0.9606537530266344,30,1
RandomForest,per_class,Tumor,0.579274990845844,0.9576271186440678,30,1
RandomForest,per_class,Tumor,0.5904155746911269,0.9546004842615012,30,1
RandomForest,per_class,Tumor,0.6001523229246002,0.9539951573849879,30,1
RandomForest,per_class,Tumor,0.609150833656456,0.9509685230024213,30,1
RandomForest,per_class,Tumor,0.6175314465408805,0.9509685230024213,30,1
RandomForest,per_class,Tumor,0.6244019138755981,0.9479418886198547,30,1
RandomForest,per_class,Tumor,0.6324543610547667,0.9437046004842615,30,1
RandomForest,per_class,Tumor,0.6425320645428216,0.9400726392251816,30,1
RandomForest,per_class,Tumor,0.6479463537300922,0.9358353510895884,30,1
RandomForest,per_class,Tumor,0.65587734241908,0.9322033898305084,30,1
RandomForest,per_class,Tumor,0.6632124352331606,0.9297820823244553,30,1
RandomForest,per_class,Tumor,0.6720736519070583,0.9279661016949152,30,1
RandomForest,per_class,Tumor,0.6818384649709951,0.9249394673123487,30,1
RandomForest,per_class,Tumor,0.6926584587323301,0.9194915254237288,30,1
RandomForest,per_class,Tumor,0.7009735744089013,0.9152542372881356,30,1
RandomForest,per_class,Tumor,0.7113840340103921,0.9116222760290557,30,1
RandomForest,per_class,Tumor,0.7199807877041307,0.9073849878934624,30,1
RandomForest,per_class,Tumor,0.7253281477880409,0.9031476997578692,30,1
RandomForest,per_class,Tumor,0.7330696984676224,0.8976997578692494,30,1
RandomForest,per_class,Tumor,0.7402010050251256,0.8916464891041163,30,1
RandomForest,per_class,Tumor,0.7476970317297851,0.8843825665859564,30,1
RandomForest,per_class,Tumor,0.7553246753246753,0.8801452784503632,30,1
RandomForest,per_class,Tumor,0.7616279069767442,0.8722760290556901,30,1
RandomForest,per_class,Tumor,0.7719203873050027,0.8686440677966102,30,1
RandomForest,per_class,Tumor,0.778809393773894,0.8631961259079903,30,1
RandomForest,per_class,Tumor,0.7865480822679266,0.8565375302663438,30,1
RandomForest,per_class,Tumor,0.7919010123734533,0.8523002421307506,30,1
RandomForest,per_class,Tumor,0.7962435970404098,0.8468523002421308,30,1
RandomForest,per_class,Tumor,0.8031088082901554,0.8444309927360775,30,1
RandomForest,per_class,Tumor,0.8071095571095571,0.8383777239709443,30,1
RandomForest,per_class,Tumor,0.8127584170112226,0.8329297820823245,30,1
RandomForest,per_class,Tumor,0.8180730101735487,0.8274818401937046,30,1
RandomForest,per_class,Tumor,0.8231744115872058,0.8256658595641646,30,1
RandomForest,per_class,Tumor,0.8360049321824907,0.8208232445520581,30,1
RandomForest,per_class,Tumor,0.841577958672511,0.8135593220338984,30,1
RandomForest,per_class,Tumor,0.8479087452471483,0.8099273607748184,30,1
RandomForest,per_class,Tumor,0.8547557840616966,0.8050847457627118,30,1
RandomForest,per_class,Tumor,0.8600260416666666,0.799636803874092,30,1
RandomForest,per_class,Tumor,0.8653088042049935,0.7972154963680388,30,1
RandomForest,per_class,Tumor,0.8695941450432468,0.7911622276029056,30,1
RandomForest,per_class,Tumor,0.8804347826086957,0.784503631961259,30,1
RandomForest,per_class,Tumor,0.8836088154269972,0.7766343825665859,30,1
RandomForest,per_class,Tumor,0.8902097902097902,0.7705811138014528,30,1
RandomForest,per_class,Tumor,0.8939179632248939,0.7651331719128329,30,1
RandomForest,per_class,Tumor,0.898353614889048,0.7596852300242131,30,1
RandomForest,per_class,Tumor,0.9024566473988439,0.7560532687651331,30,1
RandomForest,per_class,Tumor,0.904029304029304,0.7469733656174334,30,1
RandomForest,per_class,Tumor,0.9074074074074074,0.7415254237288136,30,1
RandomForest,per_class,Tumor,0.9086142322097378,0.7342615012106537,30,1
RandomForest,per_class,Tumor,0.91350531107739,0.7288135593220338,30,1
RandomForest,per_class,Tumor,0.9201841903300076,0.7257869249394673,30,1
RandomForest,per_class,Tumor,0.9217054263565891,0.7197336561743342,30,1
RandomForest,per_class,Tumor,0.9223529411764706,0.711864406779661,30,1
RandomForest,per_class,Tumor,0.9270833333333334,0.700363196125908,30,1
RandomForest,per_class,Tumor,0.9297253634894992,0.6967312348668281,30,1
RandomForest,per_class,Tumor,0.9343724364232978,0.6894673123486683,30,1
RandomForest,per_class,Tumor,0.9358333333333333,0.6797820823244553,30,1
RandomForest,per_class,Tumor,0.9407281964436918,0.6725181598062954,30,1
RandomForest,per_class,Tumor,0.946551724137931,0.6646489104116223,30,1
RandomForest,per_class,Tumor,0.9515418502202643,0.6537530266343826,30,1
RandomForest,per_class,Tumor,0.9536541889483066,0.6476997578692494,30,1
RandomForest,per_class,Tumor,0.9533213644524237,0.6428571428571429,30,1
RandomForest,per_class,Tumor,0.9537205081669692,0.6361985472154964,30,1
RandomForest,per_class,Tumor,0.9558417663293468,0.6289346246973365,30,1
RandomForest,per_class,Tumor,0.9608938547486033,0.6246973365617433,30,1
RandomForest,per_class,Tumor,0.9612476370510397,0.6156174334140436,30,1
RandomForest,per_class,Tumor,0.9617224880382775,0.6083535108958837,30,1
RandomForest,per_class,Tumor,0.9630709426627794,0.5998789346246973,30,1
RandomForest,per_class,Tumor,0.9635467980295567,0.5920096852300242,30,1
RandomForest,per_class,Tumor,0.966900702106319,0.5835351089588378,30,1
RandomForest,per_class,Tumor,0.9663608562691132,0.5738498789346247,30,1
RandomForest,per_class,Tumor,0.96900826446281,0.5677966101694916,30,1
RandomForest,per_class,Tumor,0.974869109947644,0.5635593220338984,30,1
RandomForest,per_class,Tumor,0.975635593220339,0.5575060532687651,30,1
RandomForest,per_class,Tumor,0.9753483386923901,0.5508474576271186,30,1
RandomForest,per_class,Tumor,0.9781897491821155,0.5429782082324455,30,1
RandomForest,per_class,Tumor,0.9800884955752213,0.5363196125907991,30,1
RandomForest,per_class,Tumor,0.9797525309336333,0.5272397094430993,30,1
RandomForest,per_class,Tumor,0.9796149490373726,0.5236077481840193,30,1
RandomForest,per_class,Tumor,0.9803921568627451,0.5145278450363197,30,1
RandomForest,per_class,Tumor,0.9824970828471412,0.5096852300242131,30,1
RandomForest,per_class,Tumor,0.9822485207100592,0.5024213075060533,30,1
RandomForest,per_class,Tumor,0.9832335329341317,0.49697336561743344,30,1
RandomForest,per_class,Tumor,0.9841656516443362,0.4891041162227603,30,1
RandomForest,per_class,Tumor,0.9851668726823238,0.4824455205811138,30,1
RandomForest,per_class,Tumor,0.9849812265331664,0.4763922518159806,30,1
RandomForest,per_class,Tumor,0.9885496183206107,0.4703389830508475,30,1
RandomForest,per_class,Tumor,0.9881889763779528,0.45581113801452783,30,1
RandomForest,per_class,Tumor,0.9919678714859438,0.44854721549636806,30,1
RandomForest,per_class,Tumor,0.994535519125683,0.4406779661016949,30,1
RandomForest,per_class,Tumor,0.9943899018232819,0.42917675544794187,30,1
RandomForest,per_class,Tumor,0.9942279942279942,0.41707021791767557,30,1
RandomForest,per_class,Tumor,0.9941690962099126,0.4128329297820823,30,1
RandomForest,per_class,Tumor,0.9940652818991098,0.40556900726392253,30,1
RandomForest,per_class,Tumor,0.9939301972685888,0.39648910411622273,30,1
RandomForest,per_class,Tumor,0.9953560371517027,0.38922518159806296,30,1
RandomForest,per_class,Tumor,0.9952830188679245,0.3831719128329298,30,1
RandomForest,per_class,Tumor,0.9952,0.3765133171912833,30,1
RandomForest,per_class,Tumor,0.9983579638752053,0.36803874092009686,30,1
RandomForest,per_class,Tumor,0.9983050847457627,0.3565375302663438,30,1
RandomForest,per_class,Tumor,0.9982788296041308,0.35108958837772397,30,1
RandomForest,per_class,Tumor,0.9982517482517482,0.3456416464891041,30,1
RandomForest,per_class,Tumor,0.9982300884955753,0.3414043583535109,30,1
RandomForest,per_class,Tumor,0.9981818181818182,0.33232445520581116,30,1
RandomForest,per_class,Tumor,0.9981167608286252,0.32082324455205813,30,1
RandomForest,per_class,Tumor,0.9980392156862745,0.30811138014527845,30,1
RandomForest,per_class,Tumor,0.9979633401221996,0.2966101694915254,30,1
RandomForest,per_class,Tumor,0.9978858350951374,0.2857142857142857,30,1
RandomForest,per_class,Tumor,0.9978165938864629,0.27663438256658596,30,1
RandomForest,per_class,Tumor,0.9977728285077951,0.2711864406779661,30,1
RandomForest,per_class,Tumor,0.9976905311778291,0.26150121065375304,30,1
RandomForest,per_class,Tumor,0.9976303317535545,0.25484261501210653,30,1
RandomForest,per_class,Tumor,0.9975369458128078,0.24515738498789347,30,1
RandomForest,per_class,Tumor,1.0,0.23849878934624696,30,1
RandomForest,per_class,Tumor,1.0,0.22699757869249396,30,1
RandomForest,per_class,Tumor,1.0,0.22033898305084745,30,1
RandomForest,per_class,Tumor,1.0,0.20823244552058112,30,1
RandomForest,per_class,Tumor,1.0,0.20520581113801453,30,1
RandomForest,per_class,Tumor,1.0,0.19612590799031476,30,1
RandomForest,per_class,Tumor,1.0,0.1894673123486683,30,1
RandomForest,per_class,Tumor,1.0,0.17433414043583534,30,1
RandomForest,per_class,Tumor,1.0,0.16464891041162227,30,1
RandomForest,per_class,Tumor,1.0,0.15677966101694915,30,1
RandomForest,per_class,Tumor,1.0,0.14951573849878935,30,1
RandomForest,per_class,Tumor,1.0,0.14467312348668282,30,1
RandomForest,per_class,Tumor,1.0,0.13619854721549637,30,1
RandomForest,per_class,Tumor,1.0,0.12530266343825666,30,1
RandomForest,per_class,Tumor,1.0,0.1198547215496368,30,1
RandomForest,per_class,Tumor,1.0,0.11077481840193705,30,1
RandomForest,per_class,Tumor,1.0,0.10472154963680387,30,1
RandomForest,per_class,Tumor,1.0,0.09987893462469734,30,1
RandomForest,per_class,Tumor,1.0,0.09564164648910412,30,1
RandomForest,per_class,Tumor,1.0,0.08777239709443099,30,1
RandomForest,per_class,Tumor,1.0,0.08232445520581114,30,1
RandomForest,per_class,Tumor,1.0,0.07324455205811138,30,1
RandomForest,per_class,Tumor,1.0,0.0671912832929782,30,1
RandomForest,per_class,Tumor,1.0,0.061138014527845036,30,1
RandomForest,per_class,Tumor,1.0,0.05871670702179177,30,1
RandomForest,per_class,Tumor,1.0,0.0526634382566586,30,1
RandomForest,per_class,Tumor,1.0,0.044794188861985475,30,1
RandomForest,per_class,Tumor,1.0,0.04055690072639225,30,1
RandomForest,per_class,Tumor,1.0,0.036924939467312345,30,1
RandomForest,per_class,Tumor,1.0,0.03268765133171913,30,1
RandomForest,per_class,Tumor,1.0,0.02784503631961259,30,1
RandomForest,per_class,Tumor,1.0,0.020581113801452784,30,1
RandomForest,per_class,Tumor,1.0,0.015738498789346248,30,1
RandomForest,per_class,Tumor,1.0,0.012711864406779662,30,1
RandomForest,per_class,Tumor,1.0,0.010895883777239709,30,1
RandomForest,per_class,Tumor,1.0,0.005447941888619854,30,1
RandomForest,per_class,Tumor,1.0,0.004842615012106538,30,1
RandomForest,per_class,Tumor,1.0,0.0036319612590799033,30,1
RandomForest,per_class,Tumor,1.0,0.003026634382566586,30,1
RandomForest,per_class,Tumor,1.0,0.0018159806295399517,30,1
RandomForest,per_class,Tumor,1.0,0.0006053268765133172,30,1
RandomForest,per_class,Tumor,1.0,0.0,30,1
