model_type,curve_type,class_name,precision,recall,samples_per_class,fold
RandomForest,per_class,B,0.11271133375078271,1.0,30,3
RandomForest,per_class,B,0.12396662584200857,0.9996913580246913,30,3
RandomForest,per_class,B,0.13911922663802362,0.9993827160493827,30,3
RandomForest,per_class,B,0.15618347203406233,0.9962962962962963,30,3
RandomForest,per_class,B,0.17453698689483374,0.9947530864197531,30,3
RandomForest,per_class,B,0.19458217438626194,0.9932098765432099,30,3
RandomForest,per_class,B,0.21558092679650773,0.9907407407407407,30,3
RandomForest,per_class,B,0.23755017095287648,0.9864197530864197,30,3
RandomForest,per_class,B,0.2601439790575916,0.9814814814814815,30,3
RandomForest,per_class,B,0.2820832961740837,0.9762345679012345,30,3
RandomForest,per_class,B,0.30420054200542007,0.9700617283950618,30,3
RandomForest,per_class,B,0.32595762446508714,0.9638888888888889,30,3
RandomForest,per_class,B,0.3475193190726845,0.957716049382716,30,3
RandomForest,per_class,B,0.36663894499227756,0.9524691358024692,30,3
RandomForest,per_class,B,0.38415245737211634,0.945679012345679,30,3
RandomForest,per_class,B,0.39847649067507224,0.9364197530864198,30,3
RandomForest,per_class,B,0.4136695604244178,0.9265432098765433,30,3
RandomForest,per_class,B,0.4258175067828074,0.9203703703703704,30,3
RandomForest,per_class,B,0.43853919239904987,0.9117283950617284,30,3
RandomForest,per_class,B,0.4525061881188119,0.9027777777777778,30,3
RandomForest,per_class,B,0.4629422122618857,0.8925925925925926,30,3
RandomForest,per_class,B,0.472568988173456,0.887962962962963,30,3
RandomForest,per_class,B,0.481612685560054,0.8811728395061729,30,3
RandomForest,per_class,B,0.48906492164628895,0.8765432098765432,30,3
RandomForest,per_class,B,0.4960324457767589,0.8682098765432099,30,3
RandomForest,per_class,B,0.5038015930485156,0.8589506172839506,30,3
RandomForest,per_class,B,0.5101663585951941,0.8518518518518519,30,3
RandomForest,per_class,B,0.516195856873823,0.8459876543209877,30,3
RandomForest,per_class,B,0.5197318007662836,0.8373456790123457,30,3
RandomForest,per_class,B,0.5229929851909587,0.828395061728395,30,3
RandomForest,per_class,B,0.5287105106298431,0.8212962962962963,30,3
RandomForest,per_class,B,0.534357316087308,0.8160493827160494,30,3
RandomForest,per_class,B,0.5404457284358234,0.8083333333333333,30,3
RandomForest,per_class,B,0.5472134595162986,0.8030864197530864,30,3
RandomForest,per_class,B,0.5532506415739948,0.7984567901234568,30,3
RandomForest,per_class,B,0.5591186736474695,0.7910493827160494,30,3
RandomForest,per_class,B,0.564358632933866,0.7848765432098765,30,3
RandomForest,per_class,B,0.5692655367231638,0.7774691358024691,30,3
RandomForest,per_class,B,0.572744014732965,0.7679012345679013,30,3
RandomForest,per_class,B,0.5778977006100422,0.7601851851851852,30,3
RandomForest,per_class,B,0.583154378429969,0.754320987654321,30,3
RandomForest,per_class,B,0.5867828612926652,0.7481481481481481,30,3
RandomForest,per_class,B,0.5913343180699163,0.741358024691358,30,3
RandomForest,per_class,B,0.5980909319266516,0.7348765432098765,30,3
RandomForest,per_class,B,0.6025641025641025,0.7253086419753086,30,3
RandomForest,per_class,B,0.60858189429618,0.7179012345679012,30,3
RandomForest,per_class,B,0.6096072186836518,0.7089506172839506,30,3
RandomForest,per_class,B,0.6116216216216216,0.6984567901234567,30,3
RandomForest,per_class,B,0.6151731720725674,0.6907407407407408,30,3
RandomForest,per_class,B,0.6202071088720963,0.6839506172839506,30,3
RandomForest,per_class,B,0.6262135922330098,0.6768518518518518,30,3
RandomForest,per_class,B,0.6292526897353882,0.6679012345679012,30,3
RandomForest,per_class,B,0.6327917282127031,0.6611111111111111,30,3
RandomForest,per_class,B,0.6369101292455666,0.6540123456790123,30,3
RandomForest,per_class,B,0.6428571428571429,0.65,30,3
RandomForest,per_class,B,0.6470405949798574,0.6444444444444445,30,3
RandomForest,per_class,B,0.6514195583596214,0.6373456790123457,30,3
RandomForest,per_class,B,0.6537966537966537,0.6271604938271605,30,3
RandomForest,per_class,B,0.6592325352574615,0.6203703703703703,30,3
RandomForest,per_class,B,0.6628800534580688,0.6123456790123457,30,3
RandomForest,per_class,B,0.6670071501532175,0.6046296296296296,30,3
RandomForest,per_class,B,0.6711711711711712,0.5978395061728395,30,3
RandomForest,per_class,B,0.6745001753770606,0.5935185185185186,30,3
RandomForest,per_class,B,0.6771316446664288,0.5858024691358025,30,3
RandomForest,per_class,B,0.6810282404055032,0.5805555555555556,30,3
RandomForest,per_class,B,0.684906353286816,0.5756172839506173,30,3
RandomForest,per_class,B,0.6869402985074626,0.5682098765432099,30,3
RandomForest,per_class,B,0.6876660341555977,0.5592592592592592,30,3
RandomForest,per_class,B,0.6894696387394312,0.5537037037037037,30,3
RandomForest,per_class,B,0.69317738791423,0.5487654320987654,30,3
RandomForest,per_class,B,0.6975357710651828,0.5416666666666666,30,3
RandomForest,per_class,B,0.7011308562197092,0.5358024691358024,30,3
RandomForest,per_class,B,0.7061961427985227,0.5311728395061729,30,3
RandomForest,per_class,B,0.7100963552576456,0.5231481481481481,30,3
RandomForest,per_class,B,0.7139208173690932,0.5175925925925926,30,3
RandomForest,per_class,B,0.7175704989154013,0.5104938271604939,30,3
RandomForest,per_class,B,0.7210433244916004,0.5033950617283951,30,3
RandomForest,per_class,B,0.7260830324909747,0.49660493827160496,30,3
RandomForest,per_class,B,0.7291954022988506,0.48950617283950615,30,3
RandomForest,per_class,B,0.7341772151898734,0.48333333333333334,30,3
RandomForest,per_class,B,0.7394837476099426,0.47746913580246914,30,3
RandomForest,per_class,B,0.7422330097087378,0.4719135802469136,30,3
RandomForest,per_class,B,0.7446913580246913,0.4654320987654321,30,3
RandomForest,per_class,B,0.7481146304675717,0.45925925925925926,30,3
RandomForest,per_class,B,0.7503844182470528,0.45185185185185184,30,3
RandomForest,per_class,B,0.7523316062176166,0.44814814814814813,30,3
RandomForest,per_class,B,0.756999471737982,0.4422839506172839,30,3
RandomForest,per_class,B,0.7604951560818084,0.4361111111111111,30,3
RandomForest,per_class,B,0.7631004366812227,0.43148148148148147,30,3
RandomForest,per_class,B,0.7655555555555555,0.42530864197530865,30,3
RandomForest,per_class,B,0.7683201803833145,0.420679012345679,30,3
RandomForest,per_class,B,0.7720504009163803,0.4160493827160494,30,3
RandomForest,per_class,B,0.7766143106457243,0.41203703703703703,30,3
RandomForest,per_class,B,0.7812313209802749,0.40339506172839507,30,3
RandomForest,per_class,B,0.7856272838002436,0.39814814814814814,30,3
RandomForest,per_class,B,0.7883302296710117,0.39197530864197533,30,3
RandomForest,per_class,B,0.7886075949367088,0.3845679012345679,30,3
RandomForest,per_class,B,0.7927461139896373,0.37777777777777777,30,3
RandomForest,per_class,B,0.793827971109652,0.3731481481481482,30,3
RandomForest,per_class,B,0.7939597315436242,0.3651234567901235,30,3
RandomForest,per_class,B,0.7986348122866894,0.3611111111111111,30,3
RandomForest,per_class,B,0.8005559416261293,0.35555555555555557,30,3
RandomForest,per_class,B,0.8036853295535081,0.35,30,3
RandomForest,per_class,B,0.806056236481615,0.3450617283950617,30,3
RandomForest,per_class,B,0.8052902277736959,0.33827160493827163,30,3
RandomForest,per_class,B,0.8118440779610195,0.33425925925925926,30,3
RandomForest,per_class,B,0.8168582375478928,0.32901234567901233,30,3
RandomForest,per_class,B,0.8188914910226386,0.3237654320987654,30,3
RandomForest,per_class,B,0.820943245403677,0.3169753086419753,30,3
RandomForest,per_class,B,0.8227124183006536,0.31080246913580245,30,3
RandomForest,per_class,B,0.8257261410788381,0.30709876543209874,30,3
RandomForest,per_class,B,0.8277027027027027,0.30246913580246915,30,3
RandomForest,per_class,B,0.8308886971527178,0.2972222222222222,30,3
RandomForest,per_class,B,0.8350970017636684,0.29228395061728396,30,3
RandomForest,per_class,B,0.8445454545454546,0.28672839506172837,30,3
RandomForest,per_class,B,0.8465855940130963,0.279320987654321,30,3
RandomForest,per_class,B,0.8494208494208494,0.2716049382716049,30,3
RandomForest,per_class,B,0.8486646884272997,0.26481481481481484,30,3
RandomForest,per_class,B,0.8527918781725888,0.25925925925925924,30,3
RandomForest,per_class,B,0.8523560209424084,0.25123456790123455,30,3
RandomForest,per_class,B,0.8580715059588299,0.24444444444444444,30,3
RandomForest,per_class,B,0.8631813125695217,0.23950617283950618,30,3
RandomForest,per_class,B,0.8649885583524027,0.23333333333333334,30,3
RandomForest,per_class,B,0.8661971830985915,0.22777777777777777,30,3
RandomForest,per_class,B,0.8698795180722891,0.2228395061728395,30,3
RandomForest,per_class,B,0.869727047146402,0.21635802469135804,30,3
RandomForest,per_class,B,0.8722860791826309,0.21080246913580247,30,3
RandomForest,per_class,B,0.8733681462140992,0.2064814814814815,30,3
RandomForest,per_class,B,0.8729729729729729,0.1993827160493827,30,3
RandomForest,per_class,B,0.8736111111111111,0.1941358024691358,30,3
RandomForest,per_class,B,0.8782234957020058,0.18919753086419752,30,3
RandomForest,per_class,B,0.880354505169867,0.18395061728395062,30,3
RandomForest,per_class,B,0.881638846737481,0.179320987654321,30,3
RandomForest,per_class,B,0.8867924528301887,0.17407407407407408,30,3
RandomForest,per_class,B,0.8845528455284553,0.16790123456790124,30,3
RandomForest,per_class,B,0.8851351351351351,0.1617283950617284,30,3
RandomForest,per_class,B,0.8854166666666666,0.1574074074074074,30,3
RandomForest,per_class,B,0.8952042628774423,0.15555555555555556,30,3
RandomForest,per_class,B,0.8983364140480592,0.15,30,3
RandomForest,per_class,B,0.9052224371373307,0.14444444444444443,30,3
RandomForest,per_class,B,0.9114688128772636,0.1398148148148148,30,3
RandomForest,per_class,B,0.9106029106029107,0.13518518518518519,30,3
RandomForest,per_class,B,0.9098712446351931,0.1308641975308642,30,3
RandomForest,per_class,B,0.9076923076923077,0.12746913580246913,30,3
RandomForest,per_class,B,0.908256880733945,0.12222222222222222,30,3
RandomForest,per_class,B,0.9121140142517815,0.11851851851851852,30,3
RandomForest,per_class,B,0.9095477386934674,0.1117283950617284,30,3
RandomForest,per_class,B,0.9146666666666666,0.10586419753086419,30,3
RandomForest,per_class,B,0.9126760563380282,0.1,30,3
RandomForest,per_class,B,0.9093567251461988,0.09598765432098766,30,3
RandomForest,per_class,B,0.9090909090909091,0.09259259259259259,30,3
RandomForest,per_class,B,0.9116719242902208,0.08919753086419753,30,3
RandomForest,per_class,B,0.9090909090909091,0.08333333333333333,30,3
RandomForest,per_class,B,0.9145907473309609,0.07932098765432098,30,3
RandomForest,per_class,B,0.9157088122605364,0.07376543209876543,30,3
RandomForest,per_class,B,0.916,0.07067901234567901,30,3
RandomForest,per_class,B,0.9276595744680851,0.06728395061728396,30,3
RandomForest,per_class,B,0.9298245614035088,0.0654320987654321,30,3
RandomForest,per_class,B,0.9269406392694064,0.06265432098765432,30,3
RandomForest,per_class,B,0.9330143540669856,0.06018518518518518,30,3
RandomForest,per_class,B,0.927461139896373,0.055246913580246915,30,3
RandomForest,per_class,B,0.9375,0.05092592592592592,30,3
RandomForest,per_class,B,0.937888198757764,0.04660493827160494,30,3
RandomForest,per_class,B,0.94,0.04351851851851852,30,3
RandomForest,per_class,B,0.9366197183098591,0.04104938271604938,30,3
RandomForest,per_class,B,0.9338235294117647,0.039197530864197534,30,3
RandomForest,per_class,B,0.9354838709677419,0.03580246913580247,30,3
RandomForest,per_class,B,0.9316239316239316,0.03364197530864198,30,3
RandomForest,per_class,B,0.926605504587156,0.03117283950617284,30,3
RandomForest,per_class,B,0.95,0.029320987654320986,30,3
RandomForest,per_class,B,0.945054945054945,0.02654320987654321,30,3
RandomForest,per_class,B,0.9397590361445783,0.024074074074074074,30,3
RandomForest,per_class,B,0.9473684210526315,0.022222222222222223,30,3
RandomForest,per_class,B,0.9411764705882353,0.019753086419753086,30,3
RandomForest,per_class,B,0.9298245614035088,0.016358024691358025,30,3
RandomForest,per_class,B,0.9215686274509803,0.014506172839506172,30,3
RandomForest,per_class,B,0.9318181818181818,0.012654320987654321,30,3
RandomForest,per_class,B,0.9285714285714286,0.012037037037037037,30,3
RandomForest,per_class,B,0.9333333333333333,0.008641975308641974,30,3
RandomForest,per_class,B,0.9166666666666666,0.006790123456790123,30,3
RandomForest,per_class,B,0.9090909090909091,0.006172839506172839,30,3
RandomForest,per_class,B,0.8888888888888888,0.0049382716049382715,30,3
RandomForest,per_class,B,0.875,0.004320987654320987,30,3
RandomForest,per_class,B,0.9090909090909091,0.0030864197530864196,30,3
RandomForest,per_class,B,0.8888888888888888,0.0024691358024691358,30,3
RandomForest,per_class,B,0.8333333333333334,0.0015432098765432098,30,3
RandomForest,per_class,B,1.0,0.0015432098765432098,30,3
RandomForest,per_class,B,1.0,0.00030864197530864197,30,3
RandomForest,per_class,B,1.0,0.0,30,3
RandomForest,per_class,CD4 T,0.26076671536909485,1.0,30,3
RandomForest,per_class,CD4 T,0.26499929248620346,0.999332977588047,30,3
RandomForest,per_class,CD4 T,0.2733812949640288,0.9986659551760939,30,3
RandomForest,per_class,CD4 T,0.28473465655834507,0.9970651013874067,30,3
RandomForest,per_class,CD4 T,0.29865395401009537,0.994530416221985,30,3
RandomForest,per_class,CD4 T,0.3137221776407484,0.9909284951974386,30,3
RandomForest,per_class,CD4 T,0.3298541415763415,0.9865261472785486,30,3
RandomForest,per_class,CD4 T,0.3459329693089814,0.9803895410885806,30,3
RandomForest,per_class,CD4 T,0.3641670408621464,0.9737193169690501,30,3
RandomForest,per_class,CD4 T,0.3833315672353502,0.9651814300960512,30,3
RandomForest,per_class,CD4 T,0.4027146783330529,0.9578441835645678,30,3
RandomForest,per_class,CD4 T,0.42118037056769075,0.9491728922091782,30,3
RandomForest,per_class,CD4 T,0.44146066005772366,0.9386339381003201,30,3
RandomForest,per_class,CD4 T,0.4618556701030928,0.9263607257203842,30,3
RandomForest,per_class,CD4 T,0.48333450778662534,0.9150213447171825,30,3
RandomForest,per_class,CD4 T,0.5049194991055456,0.9036819637139808,30,3
RandomForest,per_class,CD4 T,0.5257642609517806,0.8902081109925294,30,3
RandomForest,per_class,CD4 T,0.5462693999502033,0.878068303094984,30,3
RandomForest,per_class,CD4 T,0.5660327983251919,0.8656616862326574,30,3
RandomForest,per_class,CD4 T,0.5853345554537122,0.8519210245464247,30,3
RandomForest,per_class,CD4 T,0.6019948211374316,0.8373799359658485,30,3
RandomForest,per_class,CD4 T,0.6191145467322557,0.8227054429028815,30,3
RandomForest,per_class,CD4 T,0.6357247744912943,0.808564567769477,30,3
RandomForest,per_class,CD4 T,0.6563153837683074,0.7950907150480256,30,3
RandomForest,per_class,CD4 T,0.673406088454911,0.782017075773746,30,3
RandomForest,per_class,CD4 T,0.6904761904761905,0.766008537886873,30,3
RandomForest,per_class,CD4 T,0.7033834586466166,0.7487993596584845,30,3
RandomForest,per_class,CD4 T,0.7196335078534032,0.7334578441835645,30,3
RandomForest,per_class,CD4 T,0.7330514254535534,0.7169156883671292,30,3
RandomForest,per_class,CD4 T,0.7475163213170594,0.7026414087513341,30,3
RandomForest,per_class,CD4 T,0.7594750036867719,0.6870330843116329,30,3
RandomForest,per_class,CD4 T,0.7720294749769727,0.6708911419423693,30,3
RandomForest,per_class,CD4 T,0.7834262948207171,0.6558164354322306,30,3
RandomForest,per_class,CD4 T,0.7946843853820598,0.6382070437566703,30,3
RandomForest,per_class,CD4 T,0.8050129645635263,0.621264674493063,30,3
RandomForest,per_class,CD4 T,0.8144958736993183,0.6056563500533618,30,3
RandomForest,per_class,CD4 T,0.8218208899646249,0.5888473852721452,30,3
RandomForest,per_class,CD4 T,0.828914263595897,0.5713713980789754,30,3
RandomForest,per_class,CD4 T,0.8381316690155023,0.5553628601921025,30,3
RandomForest,per_class,CD4 T,0.8470883954754922,0.53948772678762,30,3
RandomForest,per_class,CD4 T,0.8562979189485214,0.5214781216648879,30,3
RandomForest,per_class,CD4 T,0.8621081326669695,0.5062700106723586,30,3
RandomForest,per_class,CD4 T,0.8673928486857684,0.4886606189967983,30,3
RandomForest,per_class,CD4 T,0.8732707509881423,0.4715848452508004,30,3
RandomForest,per_class,CD4 T,0.8789825282631039,0.4563767342582711,30,3
RandomForest,per_class,CD4 T,0.8850698174006445,0.439701173959445,30,3
RandomForest,per_class,CD4 T,0.8902989283699944,0.42115795090715047,30,3
RandomForest,per_class,CD4 T,0.8947058823529411,0.4058164354322305,30,3
RandomForest,per_class,CD4 T,0.900339401419315,0.3892742796157951,30,3
RandomForest,per_class,CD4 T,0.9043309631544926,0.3732657417289221,30,3
RandomForest,per_class,CD4 T,0.9055064581917063,0.35538954108858056,30,3
RandomForest,per_class,CD4 T,0.9102518623625399,0.34231590181430094,30,3
RandomForest,per_class,CD4 T,0.9134615384615384,0.3295090715048026,30,3
RandomForest,per_class,CD4 T,0.91311093871218,0.314034151547492,30,3
RandomForest,per_class,CD4 T,0.9149715215622457,0.3000266808964781,30,3
RandomForest,per_class,CD4 T,0.9163807890222985,0.28508537886873,30,3
RandomForest,per_class,CD4 T,0.918394950405771,0.27174493062966915,30,3
RandomForest,per_class,CD4 T,0.9237005245588936,0.2584044823906083,30,3
RandomForest,per_class,CD4 T,0.9283536585365854,0.24372998932764142,30,3
RandomForest,per_class,CD4 T,0.9329430548163917,0.2338580576307364,30,3
RandomForest,per_class,CD4 T,0.9353374929098128,0.21998399146211312,30,3
RandomForest,per_class,CD4 T,0.9380264741275571,0.20797758804695837,30,3
RandomForest,per_class,CD4 T,0.9373401534526854,0.1955709711846318,30,3
RandomForest,per_class,CD4 T,0.9404019404019404,0.1810298826040555,30,3
RandomForest,per_class,CD4 T,0.9450631031922792,0.1698239060832444,30,3
RandomForest,per_class,CD4 T,0.9461172741679873,0.15928495197438633,30,3
RandomForest,per_class,CD4 T,0.9494097807757167,0.15021344717182497,30,3
RandomForest,per_class,CD4 T,0.9490909090909091,0.13927427961579508,30,3
RandomForest,per_class,CD4 T,0.9464980544747081,0.12980256136606189,30,3
RandomForest,per_class,CD4 T,0.9481481481481482,0.11953041622198506,30,3
RandomForest,per_class,CD4 T,0.9511918274687855,0.11179295624332977,30,3
RandomForest,per_class,CD4 T,0.9522058823529411,0.10365528281750266,30,3
RandomForest,per_class,CD4 T,0.9509933774834437,0.09578441835645678,30,3
RandomForest,per_class,CD4 T,0.948644793152639,0.08871398078975454,30,3
RandomForest,per_class,CD4 T,0.9505409582689336,0.08204375667022412,30,3
RandomForest,per_class,CD4 T,0.9511784511784511,0.0753735325506937,30,3
RandomForest,per_class,CD4 T,0.9560439560439561,0.06963713980789754,30,3
RandomForest,per_class,CD4 T,0.9594320486815415,0.06310032017075774,30,3
RandomForest,per_class,CD4 T,0.9586056644880174,0.05869797225186766,30,3
RandomForest,per_class,CD4 T,0.9612590799031477,0.0529615795090715,30,3
RandomForest,per_class,CD4 T,0.964769647696477,0.047491995731056565,30,3
RandomForest,per_class,CD4 T,0.9666666666666667,0.042556029882604055,30,3
RandomForest,per_class,CD4 T,0.9667774086378738,0.03882070437566702,30,3
RandomForest,per_class,CD4 T,0.9629629629629629,0.03468516542155817,30,3
RandomForest,per_class,CD4 T,0.9583333333333334,0.030683030949839915,30,3
RandomForest,per_class,CD4 T,0.9619047619047619,0.02694770544290288,30,3
RandomForest,per_class,CD4 T,0.9728260869565217,0.02387940234791889,30,3
RandomForest,per_class,CD4 T,0.9810126582278481,0.02067769477054429,30,3
RandomForest,per_class,CD4 T,0.9782608695652174,0.018009605122732125,30,3
RandomForest,per_class,CD4 T,0.9741379310344828,0.01507470651013874,30,3
RandomForest,per_class,CD4 T,0.9803921568627451,0.013340448239060833,30,3
RandomForest,per_class,CD4 T,0.9775280898876404,0.011606189967982924,30,3
RandomForest,per_class,CD4 T,0.9746835443037974,0.01027214514407684,30,3
RandomForest,per_class,CD4 T,0.972972972972973,0.0096051227321238,30,3
RandomForest,per_class,CD4 T,0.9672131147540983,0.00787086446104589,30,3
RandomForest,per_class,CD4 T,0.9821428571428571,0.0073372465314834575,30,3
RandomForest,per_class,CD4 T,0.9803921568627451,0.006670224119530417,30,3
RandomForest,per_class,CD4 T,0.972972972972973,0.0048025613660619,30,3
RandomForest,per_class,CD4 T,0.96875,0.004135538954108858,30,3
RandomForest,per_class,CD4 T,0.9642857142857143,0.003601921024546425,30,3
RandomForest,per_class,CD4 T,1.0,0.0030683030949839912,30,3
RandomForest,per_class,CD4 T,1.0,0.002534685165421558,30,3
RandomForest,per_class,CD4 T,1.0,0.0021344717182497333,30,3
RandomForest,per_class,CD4 T,1.0,0.0018676627534685165,30,3
RandomForest,per_class,CD4 T,1.0,0.0016008537886872999,30,3
RandomForest,per_class,CD4 T,1.0,0.0014674493062966916,30,3
RandomForest,per_class,CD4 T,1.0,0.001200640341515475,30,3
RandomForest,per_class,CD4 T,1.0,0.0010672358591248667,30,3
RandomForest,per_class,CD4 T,1.0,0.0008004268943436499,30,3
RandomForest,per_class,CD4 T,1.0,0.0006670224119530416,30,3
RandomForest,per_class,CD4 T,1.0,0.0005336179295624333,30,3
RandomForest,per_class,CD4 T,1.0,0.00026680896478121667,30,3
RandomForest,per_class,CD4 T,1.0,0.00013340448239060833,30,3
RandomForest,per_class,CD4 T,1.0,0.0,30,3
RandomForest,per_class,CD8 T,0.12224309469143534,1.0,30,3
RandomForest,per_class,CD8 T,0.1324438413990653,1.0,30,3
RandomForest,per_class,CD8 T,0.146089850249584,0.9994308480364257,30,3
RandomForest,per_class,CD8 T,0.16116442444556683,0.9988616960728515,30,3
RandomForest,per_class,CD8 T,0.17613094341517296,0.9982925441092771,30,3
RandomForest,per_class,CD8 T,0.19162790697674417,0.9965850882185544,30,3
RandomForest,per_class,CD8 T,0.20763014024245305,0.9943084803642572,30,3
RandomForest,per_class,CD8 T,0.22425997425997427,0.9917472965281731,30,3
RandomForest,per_class,CD8 T,0.2424390243902439,0.9900398406374502,30,3
RandomForest,per_class,CD8 T,0.2600029971527049,0.9874786568013659,30,3
RandomForest,per_class,CD8 T,0.2801131770412288,0.9860557768924303,30,3
RandomForest,per_class,CD8 T,0.3016759776536313,0.983494593056346,30,3
RandomForest,per_class,CD8 T,0.32210192271793914,0.9820717131474104,30,3
RandomForest,per_class,CD8 T,0.346173187166851,0.9795105293113261,30,3
RandomForest,per_class,CD8 T,0.37171980047711994,0.9755264655663062,30,3
RandomForest,per_class,CD8 T,0.39727938611789326,0.9723961297666477,30,3
RandomForest,per_class,CD8 T,0.42176281257737064,0.9695503699487763,30,3
RandomForest,per_class,CD8 T,0.44631800816756684,0.9641434262948207,30,3
RandomForest,per_class,CD8 T,0.4716401229393685,0.960728514513375,30,3
RandomForest,per_class,CD8 T,0.49799970365980145,0.956459874786568,30,3
RandomForest,per_class,CD8 T,0.5212102308172177,0.9510529311326124,30,3
RandomForest,per_class,CD8 T,0.5457821457821458,0.9482071713147411,30,3
RandomForest,per_class,CD8 T,0.5705922865013774,0.9430848036425725,30,3
RandomForest,per_class,CD8 T,0.5907543450994446,0.9382470119521913,30,3
RandomForest,per_class,CD8 T,0.6129092609915809,0.9322709163346613,30,3
RandomForest,per_class,CD8 T,0.6308854873086611,0.9265793966989186,30,3
RandomForest,per_class,CD8 T,0.6485891534920952,0.9223107569721115,30,3
RandomForest,per_class,CD8 T,0.662962962962963,0.916903813318156,30,3
RandomForest,per_class,CD8 T,0.6777331359695495,0.9120660216277746,30,3
RandomForest,per_class,CD8 T,0.6924581612692893,0.9066590779738191,30,3
RandomForest,per_class,CD8 T,0.7041314971123945,0.9021058622652248,30,3
RandomForest,per_class,CD8 T,0.7142857142857143,0.896414342629482,30,3
RandomForest,per_class,CD8 T,0.7258848022206801,0.8929994308480365,30,3
RandomForest,per_class,CD8 T,0.7359470949456779,0.8867387592487194,30,3
RandomForest,per_class,CD8 T,0.7456119259437365,0.8824701195219123,30,3
RandomForest,per_class,CD8 T,0.7570690926973199,0.8762094479225954,30,3
RandomForest,per_class,CD8 T,0.7665496489468405,0.8699487763232783,30,3
RandomForest,per_class,CD8 T,0.7739219188568512,0.863118952760387,30,3
RandomForest,per_class,CD8 T,0.7797311271975181,0.8582811610700057,30,3
RandomForest,per_class,CD8 T,0.786670165310942,0.8531587933978372,30,3
RandomForest,per_class,CD8 T,0.7943602021814312,0.8497438816163916,30,3
RandomForest,per_class,CD8 T,0.8009147161689535,0.8471826977803073,30,3
RandomForest,per_class,CD8 T,0.8051310043668122,0.8394991462720547,30,3
RandomForest,per_class,CD8 T,0.8122743682310469,0.8323847467273762,30,3
RandomForest,per_class,CD8 T,0.819847758669298,0.8275469550369948,30,3
RandomForest,per_class,CD8 T,0.8236301369863014,0.8212862834376778,30,3
RandomForest,per_class,CD8 T,0.83241519280951,0.8170176437108708,30,3
RandomForest,per_class,CD8 T,0.8388235294117647,0.8116107000569152,30,3
RandomForest,per_class,CD8 T,0.8433591423466349,0.8059191804211725,30,3
RandomForest,per_class,CD8 T,0.8482925355092172,0.798804780876494,30,3
RandomForest,per_class,CD8 T,0.8519536019536019,0.7942515651678999,30,3
RandomForest,per_class,CD8 T,0.854320987654321,0.7877063175867957,30,3
RandomForest,per_class,CD8 T,0.8582578832344677,0.7822993739328401,30,3
RandomForest,per_class,CD8 T,0.8617088607594937,0.7749003984063745,30,3
RandomForest,per_class,CD8 T,0.8662175168431184,0.7683551508252704,30,3
RandomForest,per_class,CD8 T,0.8703282417939552,0.7620944792259533,30,3
RandomForest,per_class,CD8 T,0.8742200328407225,0.7575412635173592,30,3
RandomForest,per_class,CD8 T,0.8786764705882353,0.7481502561183836,30,3
RandomForest,per_class,CD8 T,0.8836104513064132,0.7410358565737052,30,3
RandomForest,per_class,CD8 T,0.8868575370817523,0.7316448491747296,30,3
RandomForest,per_class,CD8 T,0.8904445222261113,0.723961297666477,30,3
RandomForest,per_class,CD8 T,0.8954271534916696,0.7188389299943084,30,3
RandomForest,per_class,CD8 T,0.8980547550432276,0.709447922595333,30,3
RandomForest,per_class,CD8 T,0.9013109978150037,0.7043255549231645,30,3
RandomForest,per_class,CD8 T,0.9048852701702442,0.6957882754695504,30,3
RandomForest,per_class,CD8 T,0.9082706766917293,0.6875355719977234,30,3
RandomForest,per_class,CD8 T,0.9122472338801983,0.680421172453045,30,3
RandomForest,per_class,CD8 T,0.915149166989539,0.672168468981218,30,3
RandomForest,per_class,CD8 T,0.9177165354330709,0.6633466135458167,30,3
RandomForest,per_class,CD8 T,0.9208,0.6550939100739898,30,3
RandomForest,per_class,CD8 T,0.9216326530612244,0.6425725668753557,30,3
RandomForest,per_class,CD8 T,0.924968736973739,0.6314741035856574,30,3
RandomForest,per_class,CD8 T,0.9286926994906621,0.6226522481502561,30,3
RandomForest,per_class,CD8 T,0.9308556611927399,0.6129766647694934,30,3
RandomForest,per_class,CD8 T,0.9342453662842012,0.6024473534433694,30,3
RandomForest,per_class,CD8 T,0.9367429340511441,0.5941946499715424,30,3
RandomForest,per_class,CD8 T,0.9390467461044913,0.583096186681844,30,3
RandomForest,per_class,CD8 T,0.9400557620817844,0.5756972111553785,30,3
RandomForest,per_class,CD8 T,0.9404536862003781,0.566306203756403,30,3
RandomForest,per_class,CD8 T,0.9436958614051973,0.558053500284576,30,3
RandomForest,per_class,CD8 T,0.946225949679329,0.545816733067729,30,3
RandomForest,per_class,CD8 T,0.948,0.5395560614684121,30,3
RandomForest,per_class,CD8 T,0.9500764136525726,0.5307342060330108,30,3
RandomForest,per_class,CD8 T,0.9513709260217279,0.5233352305065453,30,3
RandomForest,per_class,CD8 T,0.9532660647902284,0.5108138873079112,30,3
RandomForest,per_class,CD8 T,0.9526659412404788,0.4982925441092772,30,3
RandomForest,per_class,CD8 T,0.9556541019955654,0.4906089926010245,30,3
RandomForest,per_class,CD8 T,0.9580022701475596,0.4803642572566875,30,3
RandomForest,per_class,CD8 T,0.9603498542274053,0.46869664200341493,30,3
RandomForest,per_class,CD8 T,0.9651442307692307,0.4570290267501423,30,3
RandomForest,per_class,CD8 T,0.9670602858918583,0.4428002276607854,30,3
RandomForest,per_class,CD8 T,0.969309462915601,0.43141718838929993,30,3
RandomForest,per_class,CD8 T,0.9704918032786886,0.421172453044963,30,3
RandomForest,per_class,CD8 T,0.9716981132075472,0.4103585657370518,30,3
RandomForest,per_class,CD8 T,0.9715079916608756,0.39783722253841775,30,3
RandomForest,per_class,CD8 T,0.9734386216798278,0.385885031303358,30,3
RandomForest,per_class,CD8 T,0.9755555555555555,0.37478656801365967,30,3
RandomForest,per_class,CD8 T,0.9762452107279693,0.36254980079681276,30,3
RandomForest,per_class,CD8 T,0.9770387965162312,0.3511667615253273,30,3
RandomForest,per_class,CD8 T,0.9793559042113955,0.33750711439954467,30,3
RandomForest,per_class,CD8 T,0.979539641943734,0.3269778030734206,30,3
RandomForest,per_class,CD8 T,0.9796460176991151,0.31502561183836086,30,3
RandomForest,per_class,CD8 T,0.9806629834254144,0.30307342060330106,30,3
RandomForest,per_class,CD8 T,0.9818007662835249,0.2916903813318156,30,3
RandomForest,per_class,CD8 T,0.9832512315270936,0.2840068298235629,30,3
RandomForest,per_class,CD8 T,0.984646878198567,0.27376209447922595,30,3
RandomForest,per_class,CD8 T,0.987152034261242,0.26237905520774046,30,3
RandomForest,per_class,CD8 T,0.9877641824249166,0.2527034718269778,30,3
RandomForest,per_class,CD8 T,0.9872389791183295,0.24217416050085372,30,3
RandomForest,per_class,CD8 T,0.988009592326139,0.23449060899260102,30,3
RandomForest,per_class,CD8 T,0.9888475836431226,0.22709163346613545,30,3
RandomForest,per_class,CD8 T,0.9895968790637191,0.2165623221400114,30,3
RandomForest,per_class,CD8 T,0.99039780521262,0.20546385885031304,30,3
RandomForest,per_class,CD8 T,0.9912917271407837,0.1943653955606147,30,3
RandomForest,per_class,CD8 T,0.9922958397534669,0.18326693227091634,30,3
RandomForest,per_class,CD8 T,0.9936507936507937,0.17814456459874786,30,3
RandomForest,per_class,CD8 T,0.9932546374367622,0.1676152532726238,30,3
RandomForest,per_class,CD8 T,0.9930313588850174,0.1622083096186682,30,3
RandomForest,per_class,CD8 T,0.9925788497217068,0.15224815025611838,30,3
RandomForest,per_class,CD8 T,0.9923224568138196,0.14712578258394993,30,3
RandomForest,per_class,CD8 T,0.9959349593495935,0.1394422310756972,30,3
RandomForest,per_class,CD8 T,0.9956896551724138,0.13147410358565736,30,3
RandomForest,per_class,CD8 T,0.9977064220183486,0.12379055207740466,30,3
RandomForest,per_class,CD8 T,0.9975669099756691,0.11667615253272624,30,3
RandomForest,per_class,CD8 T,0.9974293059125964,0.11041548093340922,30,3
RandomForest,per_class,CD8 T,0.997229916897507,0.10244735344336937,30,3
RandomForest,per_class,CD8 T,0.996996996996997,0.09447922595332954,30,3
RandomForest,per_class,CD8 T,0.9968454258675079,0.08992601024473534,30,3
RandomForest,per_class,CD8 T,0.9967105263157895,0.08622652248150256,30,3
RandomForest,per_class,CD8 T,0.9963503649635036,0.07768924302788845,30,3
RandomForest,per_class,CD8 T,0.996078431372549,0.07228229937393284,30,3
RandomForest,per_class,CD8 T,0.9959349593495935,0.0697211155378486,30,3
RandomForest,per_class,CD8 T,1.0,0.06374501992031872,30,3
RandomForest,per_class,CD8 T,1.0,0.06089926010244735,30,3
RandomForest,per_class,CD8 T,1.0,0.056630620375640296,30,3
RandomForest,per_class,CD8 T,1.0,0.05036994877632328,30,3
RandomForest,per_class,CD8 T,1.0,0.04638588503130336,30,3
RandomForest,per_class,CD8 T,1.0,0.042686397268070574,30,3
RandomForest,per_class,CD8 T,1.0,0.040409789413773475,30,3
RandomForest,per_class,CD8 T,1.0,0.035287421741605006,30,3
RandomForest,per_class,CD8 T,1.0,0.030734206033010813,30,3
RandomForest,per_class,CD8 T,1.0,0.027888446215139442,30,3
RandomForest,per_class,CD8 T,1.0,0.024473534433693798,30,3
RandomForest,per_class,CD8 T,1.0,0.020774046670461014,30,3
RandomForest,per_class,CD8 T,1.0,0.018782014797951052,30,3
RandomForest,per_class,CD8 T,1.0,0.017643710870802503,30,3
RandomForest,per_class,CD8 T,1.0,0.014228799089356859,30,3
RandomForest,per_class,CD8 T,1.0,0.01309049516220831,30,3
RandomForest,per_class,CD8 T,1.0,0.012521343198634035,30,3
RandomForest,per_class,CD8 T,1.0,0.01109846328969835,30,3
RandomForest,per_class,CD8 T,1.0,0.00910643141718839,30,3
RandomForest,per_class,CD8 T,1.0,0.008821855435401251,30,3
RandomForest,per_class,CD8 T,1.0,0.007398975526465566,30,3
RandomForest,per_class,CD8 T,1.0,0.006545247581104155,30,3
RandomForest,per_class,CD8 T,1.0,0.005406943653955606,30,3
RandomForest,per_class,CD8 T,1.0,0.0042686397268070575,30,3
RandomForest,per_class,CD8 T,1.0,0.003699487763232783,30,3
RandomForest,per_class,CD8 T,1.0,0.003414911781445646,30,3
RandomForest,per_class,CD8 T,1.0,0.0025611838360842347,30,3
RandomForest,per_class,CD8 T,1.0,0.001707455890722823,30,3
RandomForest,per_class,CD8 T,1.0,0.0014228799089356858,30,3
RandomForest,per_class,CD8 T,1.0,0.0011383039271485487,30,3
RandomForest,per_class,CD8 T,1.0,0.0008537279453614115,30,3
RandomForest,per_class,CD8 T,1.0,0.0005691519635742744,30,3
RandomForest,per_class,CD8 T,1.0,0.0002845759817871372,30,3
RandomForest,per_class,CD8 T,1.0,0.0,30,3
RandomForest,per_class,DC,0.06703541362276491,1.0,30,3
RandomForest,per_class,DC,0.06922441355031074,1.0,30,3
RandomForest,per_class,DC,0.07323097970662006,1.0,30,3
RandomForest,per_class,DC,0.07851930368135676,0.9994810586403736,30,3
RandomForest,per_class,DC,0.08519305703152674,0.9984431759211209,30,3
RandomForest,per_class,DC,0.09281682666795311,0.9984431759211209,30,3
RandomForest,per_class,DC,0.10175234263327863,0.9974052932018682,30,3
RandomForest,per_class,DC,0.11175819695999069,0.9958484691229891,30,3
RandomForest,per_class,DC,0.12220871456907031,0.9911779968863519,30,3
RandomForest,per_class,DC,0.13386325267304447,0.9875454073689673,30,3
RandomForest,per_class,DC,0.14592969472710454,0.9823559937727037,30,3
RandomForest,per_class,DC,0.15892585711872995,0.9766476388168137,30,3
RandomForest,per_class,DC,0.17178873757821125,0.9688635184224182,30,3
RandomForest,per_class,DC,0.1855371074214843,0.9626362221069019,30,3
RandomForest,per_class,DC,0.19907057170647358,0.9558899844317592,30,3
RandomForest,per_class,DC,0.21358428805237317,0.9481058640373637,30,3
RandomForest,per_class,DC,0.2284559009350518,0.9382459782044629,30,3
RandomForest,per_class,DC,0.24449279303780255,0.9330565646081993,30,3
RandomForest,per_class,DC,0.261493411420205,0.926829268292683,30,3
RandomForest,per_class,DC,0.2750586395621579,0.9128178515827712,30,3
RandomForest,per_class,DC,0.28882969868486763,0.9003632589517384,30,3
RandomForest,per_class,DC,0.3054125998225377,0.8930980799169694,30,3
RandomForest,per_class,DC,0.32209170140204624,0.8822003113648158,30,3
RandomForest,per_class,DC,0.3383034454966754,0.8713025428126622,30,3
RandomForest,per_class,DC,0.3536480686695279,0.855215360664245,30,3
RandomForest,per_class,DC,0.37178899082568806,0.8412039439543332,30,3
RandomForest,per_class,DC,0.38914577756145047,0.8297872340425532,30,3
RandomForest,per_class,DC,0.4082901554404145,0.8178515827711469,30,3
RandomForest,per_class,DC,0.4235100247184839,0.8002075765438506,30,3
RandomForest,per_class,DC,0.43793503480278423,0.783601453035807,30,3
RandomForest,per_class,DC,0.4518495872821767,0.7669953295277634,30,3
RandomForest,per_class,DC,0.46829739298358547,0.755059678256357,30,3
RandomForest,per_class,DC,0.4810810810810811,0.7389724961079398,30,3
RandomForest,per_class,DC,0.5043196544276458,0.7270368448365335,30,3
RandomForest,per_class,DC,0.5237366003062787,0.7099117799688636,30,3
RandomForest,per_class,DC,0.5428221859706363,0.6907109496626881,30,3
RandomForest,per_class,DC,0.5628534145280557,0.6715101193565127,30,3
RandomForest,per_class,DC,0.575386012715713,0.6574987026466009,30,3
RandomForest,per_class,DC,0.5955917585050311,0.6450441100155683,30,3
RandomForest,per_class,DC,0.6106060606060606,0.6274001037882719,30,3
RandomForest,per_class,DC,0.6260638297872341,0.6107939802802284,30,3
RandomForest,per_class,DC,0.6411997736276174,0.5879605604566684,30,3
RandomForest,per_class,DC,0.6646489104116223,0.5697976128697457,30,3
RandomForest,per_class,DC,0.6822549647661755,0.5526725480020758,30,3
RandomForest,per_class,DC,0.6933333333333334,0.5396990140114167,30,3
RandomForest,per_class,DC,0.7088068181818182,0.5179034769071095,30,3
RandomForest,per_class,DC,0.718773373223635,0.4987026466009341,30,3
RandomForest,per_class,DC,0.7308892355694228,0.4862480539699014,30,3
RandomForest,per_class,DC,0.7465135356849877,0.4722366372599896,30,3
RandomForest,per_class,DC,0.7589519650655022,0.4509600415153088,30,3
RandomForest,per_class,DC,0.7733580018501388,0.4338349766476388,30,3
RandomForest,per_class,DC,0.7875494071146245,0.4135962636222107,30,3
RandomForest,per_class,DC,0.8048780487804879,0.39387649195640895,30,3
RandomForest,per_class,DC,0.8137472283813747,0.38090295796574986,30,3
RandomForest,per_class,DC,0.8238702201622248,0.3689673066943435,30,3
RandomForest,per_class,DC,0.8311057108140948,0.3549558899844318,30,3
RandomForest,per_class,DC,0.8408215661103979,0.33990659055526723,30,3
RandomForest,per_class,DC,0.8495212038303693,0.32226258432797095,30,3
RandomForest,per_class,DC,0.851528384279476,0.3035806953814219,30,3
RandomForest,per_class,DC,0.8614916286149162,0.29372080954852103,30,3
RandomForest,per_class,DC,0.8737864077669902,0.2802283341982356,30,3
RandomForest,per_class,DC,0.8821490467937608,0.26414115204981836,30,3
RandomForest,per_class,DC,0.8957169459962756,0.24961079398028022,30,3
RandomForest,per_class,DC,0.9134808853118712,0.23559937727036845,30,3
RandomForest,per_class,DC,0.9244060475161987,0.22210690192008303,30,3
RandomForest,per_class,DC,0.9271070615034168,0.21120913336792943,30,3
RandomForest,per_class,DC,0.9347826086956522,0.20083030617540218,30,3
RandomForest,per_class,DC,0.9368421052631579,0.18474312402698495,30,3
RandomForest,per_class,DC,0.9405099150141643,0.17228853139595227,30,3
RandomForest,per_class,DC,0.940625,0.15620134924753504,30,3
RandomForest,per_class,DC,0.9457627118644067,0.14478463933575506,30,3
RandomForest,per_class,DC,0.9525547445255474,0.13544369486248053,30,3
RandomForest,per_class,DC,0.951417004048583,0.12195121951219512,30,3
RandomForest,per_class,DC,0.9497716894977168,0.10793980280228334,30,3
RandomForest,per_class,DC,0.9572192513368984,0.09289050337311884,30,3
RandomForest,per_class,DC,0.9580838323353293,0.08303061754021795,30,3
RandomForest,per_class,DC,0.9602649006622517,0.07524649714582252,30,3
RandomForest,per_class,DC,0.9558823529411765,0.06746237675142709,30,3
RandomForest,per_class,DC,0.9739130434782609,0.05812143227815257,30,3
RandomForest,per_class,DC,0.9809523809523809,0.05345096004151531,30,3
RandomForest,per_class,DC,0.9789473684210527,0.048261546445251685,30,3
RandomForest,per_class,DC,0.9876543209876543,0.04151530877010898,30,3
RandomForest,per_class,DC,1.0,0.03528801245459263,30,3
RandomForest,per_class,DC,1.0,0.029579657498702647,30,3
RandomForest,per_class,DC,1.0,0.026984950700570835,30,3
RandomForest,per_class,DC,1.0,0.024390243902439025,30,3
RandomForest,per_class,DC,1.0,0.020238713025428127,30,3
RandomForest,per_class,DC,1.0,0.01816294758692268,30,3
RandomForest,per_class,DC,1.0,0.01660612350804359,30,3
RandomForest,per_class,DC,1.0,0.015568240788790867,30,3
RandomForest,per_class,DC,1.0,0.011416709911779968,30,3
RandomForest,per_class,DC,1.0,0.008303061754021795,30,3
RandomForest,per_class,DC,1.0,0.006227296315516347,30,3
RandomForest,per_class,DC,1.0,0.005189413596263622,30,3
RandomForest,per_class,DC,1.0,0.0031136481577581734,30,3
RandomForest,per_class,DC,1.0,0.002594706798131811,30,3
RandomForest,per_class,DC,1.0,0.0020757654385054488,30,3
RandomForest,per_class,DC,1.0,0.0015568240788790867,30,3
RandomForest,per_class,DC,1.0,0.0005189413596263622,30,3
RandomForest,per_class,DC,1.0,0.0,30,3
RandomForest,per_class,Endothelial,0.06056494816670145,1.0,30,3
RandomForest,per_class,Endothelial,0.0671009018731211,1.0,30,3
RandomForest,per_class,Endothelial,0.07729189789123196,1.0,30,3
RandomForest,per_class,Endothelial,0.09029146354112644,1.0,30,3
RandomForest,per_class,Endothelial,0.10589812332439678,0.9982768523836876,30,3
RandomForest,per_class,Endothelial,0.12454238748115713,0.996553704767375,30,3
RandomForest,per_class,Endothelial,0.14555256064690028,0.9925330269959793,30,3
RandomForest,per_class,Endothelial,0.1705242334322453,0.9902354968408961,30,3
RandomForest,per_class,Endothelial,0.19708615349317427,0.9867892016082711,30,3
RandomForest,per_class,Endothelial,0.22704352441613587,0.9827685238368754,30,3
RandomForest,per_class,Endothelial,0.25804004854368934,0.9770246984491672,30,3
RandomForest,per_class,Endothelial,0.2916233991000346,0.967834577828834,30,3
RandomForest,per_class,Endothelial,0.3251212415130941,0.9626651349798966,30,3
RandomForest,per_class,Endothelial,0.3577567683712935,0.9563469270534176,30,3
RandomForest,per_class,Endothelial,0.3894637817497648,0.9511774842044802,30,3
RandomForest,per_class,Endothelial,0.4188880426504189,0.9477311889718553,30,3
RandomForest,per_class,Endothelial,0.4458909682668836,0.9442848937392303,30,3
RandomForest,per_class,Endothelial,0.4693233944954128,0.9402642159678346,30,3
RandomForest,per_class,Endothelial,0.48874887488748875,0.9356691556576681,30,3
RandomForest,per_class,Endothelial,0.509748427672956,0.9310740953475014,30,3
RandomForest,per_class,Endothelial,0.5276053577262333,0.9276278001148766,30,3
RandomForest,per_class,Endothelial,0.5414420485175202,0.9230327398047099,30,3
RandomForest,per_class,Endothelial,0.556056924678931,0.9201608271108558,30,3
RandomForest,per_class,Endothelial,0.5698463737048947,0.9161401493394601,30,3
RandomForest,per_class,Endothelial,0.5804093567251462,0.9121194715680643,30,3
RandomForest,per_class,Endothelial,0.5894384529564894,0.9103963239517519,30,3
RandomForest,per_class,Endothelial,0.599772382397572,0.9080987937966686,30,3
RandomForest,per_class,Endothelial,0.6074874565804709,0.9040781160252729,30,3
RandomForest,per_class,Endothelial,0.6135831381733021,0.9029293509477312,30,3
RandomForest,per_class,Endothelial,0.6211278792692613,0.8983342906375646,30,3
RandomForest,per_class,Endothelial,0.6276167471819646,0.8954623779437105,30,3
RandomForest,per_class,Endothelial,0.637331150225133,0.8943136128661688,30,3
RandomForest,per_class,Endothelial,0.6436258278145696,0.8931648477886273,30,3
RandomForest,per_class,Endothelial,0.6473046385290431,0.8897185525560023,30,3
RandomForest,per_class,Endothelial,0.6560644614079728,0.8885697874784606,30,3
RandomForest,per_class,Endothelial,0.6600942991855979,0.8845491097070649,30,3
RandomForest,per_class,Endothelial,0.6655127650367806,0.8834003446295232,30,3
RandomForest,per_class,Endothelial,0.6694359422824662,0.8793796668581275,30,3
RandomForest,per_class,Endothelial,0.6731363034847816,0.8765077541642734,30,3
RandomForest,per_class,Endothelial,0.6770740410347904,0.8719126938541069,30,3
RandomForest,per_class,Endothelial,0.6803241782980639,0.867892016082711,30,3
RandomForest,per_class,Endothelial,0.684234438891413,0.8650201033888569,30,3
RandomForest,per_class,Endothelial,0.6881868131868132,0.8632969557725445,30,3
RandomForest,per_class,Endothelial,0.6931608133086876,0.8615738081562321,30,3
RandomForest,per_class,Endothelial,0.6983161833489242,0.8575531303848363,30,3
RandomForest,per_class,Endothelial,0.7031618688060406,0.8558299827685238,30,3
RandomForest,per_class,Endothelial,0.708969465648855,0.8535324526134406,30,3
RandomForest,per_class,Endothelial,0.7136669874879692,0.851809304997128,30,3
RandomForest,per_class,Endothelial,0.7193579766536965,0.8495117748420448,30,3
RandomForest,per_class,Endothelial,0.7227674190382728,0.8460654796094199,30,3
RandomForest,per_class,Endothelial,0.7287630402384501,0.842619184376795,30,3
RandomForest,per_class,Endothelial,0.7315973960941412,0.83917288914417,30,3
RandomForest,per_class,Endothelial,0.7369488089204258,0.8351522113727743,30,3
RandomForest,per_class,Endothelial,0.7396630934150077,0.8322802986789202,30,3
RandomForest,per_class,Endothelial,0.7440660474716202,0.8282596209075244,30,3
RandomForest,per_class,Endothelial,0.7501306847882906,0.8242389431361287,30,3
RandomForest,per_class,Endothelial,0.7555438225976768,0.8219414129810454,30,3
RandomForest,per_class,Endothelial,0.7595744680851064,0.8202182653647329,30,3
RandomForest,per_class,Endothelial,0.7630586968228326,0.8139000574382539,30,3
RandomForest,per_class,Endothelial,0.7694822888283379,0.8110281447443998,30,3
RandomForest,per_class,Endothelial,0.775206611570248,0.8081562320505457,30,3
RandomForest,per_class,Endothelial,0.7783333333333333,0.8047099368179207,30,3
RandomForest,per_class,Endothelial,0.7841483979763912,0.8012636415852958,30,3
RandomForest,per_class,Endothelial,0.7893242475865985,0.7983917288914417,30,3
RandomForest,per_class,Endothelial,0.7931428571428571,0.7972429638139,30,3
RandomForest,per_class,Endothelial,0.79700977573318,0.7960941987363584,30,3
RandomForest,per_class,Endothelial,0.797093023255814,0.7874784606547961,30,3
RandomForest,per_class,Endothelial,0.7997651203758074,0.7823090178058587,30,3
RandomForest,per_class,Endothelial,0.8036773428232503,0.7782883400344629,30,3
RandomForest,per_class,Endothelial,0.8074162679425837,0.7754164273406089,30,3
RandomForest,per_class,Endothelial,0.8141646489104116,0.7725445146467548,30,3
RandomForest,per_class,Endothelial,0.8204656862745098,0.7690982194141298,30,3
RandomForest,per_class,Endothelial,0.8233106013639182,0.7627800114876507,30,3
RandomForest,per_class,Endothelial,0.8275,0.7604824813325675,30,3
RandomForest,per_class,Endothelial,0.8287153652392947,0.7558874210224009,30,3
RandomForest,per_class,Endothelial,0.8331210191082803,0.7512923607122344,30,3
RandomForest,per_class,Endothelial,0.8350449293966624,0.7472716829408386,30,3
RandomForest,per_class,Endothelial,0.8380829015544041,0.7432510051694429,30,3
RandomForest,per_class,Endothelial,0.8443860801050558,0.7386559448592763,30,3
RandomForest,per_class,Endothelial,0.8471760797342193,0.7323377369327972,30,3
RandomForest,per_class,Endothelial,0.8531986531986532,0.7277426766226307,30,3
RandomForest,per_class,Endothelial,0.8559782608695652,0.7237219988512349,30,3
RandomForest,per_class,Endothelial,0.8605769230769231,0.7197013210798392,30,3
RandomForest,per_class,Endothelial,0.8657858136300417,0.7151062607696727,30,3
RandomForest,per_class,Endothelial,0.8667601683029453,0.7099368179207353,30,3
RandomForest,per_class,Endothelial,0.8689458689458689,0.7007466973004021,30,3
RandomForest,per_class,Endothelial,0.8704103671706264,0.694428489373923,30,3
RandomForest,per_class,Endothelial,0.8732702112163147,0.6886846639862149,30,3
RandomForest,per_class,Endothelial,0.8758314855875832,0.6806433084434234,30,3
RandomForest,per_class,Endothelial,0.8788332086761406,0.6748994830557151,30,3
RandomForest,per_class,Endothelial,0.8818181818181818,0.668581275129236,30,3
RandomForest,per_class,Endothelial,0.8831667947732513,0.6599655370476738,30,3
RandomForest,per_class,Endothelial,0.8855140186915887,0.6530729465824239,30,3
RandomForest,per_class,Endothelial,0.887223974763407,0.6461803561171741,30,3
RandomForest,per_class,Endothelial,0.888268156424581,0.6392877656519241,30,3
RandomForest,per_class,Endothelial,0.8887987012987013,0.6289488799540494,30,3
RandomForest,per_class,Endothelial,0.8898931799506984,0.6220562894887995,30,3
RandomForest,per_class,Endothelial,0.8892589508742714,0.6134405514072372,30,3
RandomForest,per_class,Endothelial,0.8917089678510999,0.6053991958644457,30,3
RandomForest,per_class,Endothelial,0.8947368421052632,0.5956346927053418,30,3
RandomForest,per_class,Endothelial,0.8982456140350877,0.5881677197013211,30,3
RandomForest,per_class,Endothelial,0.8992869875222816,0.5795519816197587,30,3
RandomForest,per_class,Endothelial,0.9041970802919708,0.569213095921884,30,3
RandomForest,per_class,Endothelial,0.9047619047619048,0.5565766800689259,30,3
RandomForest,per_class,Endothelial,0.9053030303030303,0.5491097070649053,30,3
RandomForest,per_class,Endothelial,0.9104046242774566,0.5427914991384262,30,3
RandomForest,per_class,Endothelial,0.9136408243375859,0.5347501435956347,30,3
RandomForest,per_class,Endothelial,0.9183467741935484,0.5232624928202183,30,3
RandomForest,per_class,Endothelial,0.9238683127572016,0.5157955198161975,30,3
RandomForest,per_class,Endothelial,0.929769392033543,0.5094773118897186,30,3
RandomForest,per_class,Endothelial,0.9310344827586207,0.49626651349798967,30,3
RandomForest,per_class,Endothelial,0.9338478500551268,0.4865020103388857,30,3
RandomForest,per_class,Endothelial,0.937641723356009,0.47501435956346927,30,3
RandomForest,per_class,Endothelial,0.9380841121495327,0.4612291786329696,30,3
RandomForest,per_class,Endothelial,0.9411764705882353,0.45031591039632396,30,3
RandomForest,per_class,Endothelial,0.9434889434889435,0.4411257897759908,30,3
RandomForest,per_class,Endothelial,0.9445145018915511,0.4302125215393452,30,3
RandomForest,per_class,Endothelial,0.9458064516129032,0.42102240091901205,30,3
RandomForest,per_class,Endothelial,0.9462647444298821,0.414704192992533,30,3
RandomForest,per_class,Endothelial,0.9477211796246648,0.40608845491097073,30,3
RandomForest,per_class,Endothelial,0.9491059147180193,0.39632395175186674,30,3
RandomForest,per_class,Endothelial,0.9540389972144847,0.3934520390580126,30,3
RandomForest,per_class,Endothelial,0.9572039942938659,0.3854106835152211,30,3
RandomForest,per_class,Endothelial,0.9591240875912409,0.3773693279724296,30,3
RandomForest,per_class,Endothelial,0.9577039274924471,0.3641585295807008,30,3
RandomForest,per_class,Endothelial,0.9565891472868217,0.3543940264215968,30,3
RandomForest,per_class,Endothelial,0.9570747217806042,0.3457782883400345,30,3
RandomForest,per_class,Endothelial,0.9570957095709571,0.3331418724870764,30,3
RandomForest,per_class,Endothelial,0.9581939799331104,0.32912119471568063,30,3
RandomForest,per_class,Endothelial,0.9576988155668359,0.3251005169442849,30,3
RandomForest,per_class,Endothelial,0.9562171628721541,0.31361286616886846,30,3
RandomForest,per_class,Endothelial,0.9579524680073126,0.3009764503159104,30,3
RandomForest,per_class,Endothelial,0.9622641509433962,0.2929350947731189,30,3
RandomForest,per_class,Endothelial,0.9631067961165048,0.2848937392303274,30,3
RandomForest,per_class,Endothelial,0.9696356275303644,0.2751292360712234,30,3
RandomForest,per_class,Endothelial,0.96875,0.2670878805284319,30,3
RandomForest,per_class,Endothelial,0.9674620390455532,0.25617461229178634,30,3
RandomForest,per_class,Endothelial,0.967816091954023,0.24181504882251578,30,3
RandomForest,per_class,Endothelial,0.9710144927536232,0.2309017805858702,30,3
RandomForest,per_class,Endothelial,0.9724310776942355,0.22286042504307868,30,3
RandomForest,per_class,Endothelial,0.9741602067183462,0.21654221711659966,30,3
RandomForest,per_class,Endothelial,0.9753424657534246,0.2044801838024124,30,3
RandomForest,per_class,Endothelial,0.9769452449567724,0.19471568064330844,30,3
RandomForest,per_class,Endothelial,0.9820359281437125,0.1883974727168294,30,3
RandomForest,per_class,Endothelial,0.9843260188087775,0.1803561171740379,30,3
RandomForest,per_class,Endothelial,0.9867986798679867,0.17174037909247558,30,3
RandomForest,per_class,Endothelial,0.9858657243816255,0.16025272831705917,30,3
RandomForest,per_class,Endothelial,0.9846743295019157,0.1476163124641011,30,3
RandomForest,per_class,Endothelial,0.984,0.14129810453762207,30,3
RandomForest,per_class,Endothelial,0.9872340425531915,0.13325674899483056,30,3
RandomForest,per_class,Endothelial,0.9864864864864865,0.12578977599080987,30,3
RandomForest,per_class,Endothelial,0.9902912621359223,0.11717403790924756,30,3
RandomForest,per_class,Endothelial,0.9893617021276596,0.10683515221137277,30,3
RandomForest,per_class,Endothelial,0.9885057471264368,0.09879379666858128,30,3
RandomForest,per_class,Endothelial,0.9874213836477987,0.09017805858701895,30,3
RandomForest,per_class,Endothelial,0.986013986013986,0.08098793796668581,30,3
RandomForest,per_class,Endothelial,0.9921875,0.07294658242389432,30,3
RandomForest,per_class,Endothelial,0.9915966386554622,0.06777713957495692,30,3
RandomForest,per_class,Endothelial,0.9903846153846154,0.0591614014933946,30,3
RandomForest,per_class,Endothelial,0.9897959183673469,0.05571510626076967,30,3
RandomForest,per_class,Endothelial,0.9879518072289156,0.04709936817920735,30,3
RandomForest,per_class,Endothelial,0.9857142857142858,0.03963239517518667,30,3
RandomForest,per_class,Endothelial,0.9827586206896551,0.032739804709936815,30,3
RandomForest,per_class,Endothelial,0.9791666666666666,0.026995979322228605,30,3
RandomForest,per_class,Endothelial,0.975,0.022400919012062034,30,3
RandomForest,per_class,Endothelial,0.9696969696969697,0.018380241240666284,30,3
RandomForest,per_class,Endothelial,0.967741935483871,0.01723147616312464,30,3
RandomForest,per_class,Endothelial,0.9655172413793104,0.016082711085583,30,3
RandomForest,per_class,Endothelial,0.9545454545454546,0.012062033314187249,30,3
RandomForest,per_class,Endothelial,0.9375,0.00861573808156232,30,3
RandomForest,per_class,Endothelial,1.0,0.0068925904652498565,30,3
RandomForest,per_class,Endothelial,1.0,0.005169442848937392,30,3
RandomForest,per_class,Endothelial,1.0,0.00402067777139575,30,3
RandomForest,per_class,Endothelial,1.0,0.0034462952326249283,30,3
RandomForest,per_class,Endothelial,1.0,0.0022975301550832855,30,3
RandomForest,per_class,Endothelial,1.0,0.0011487650775416428,30,3
RandomForest,per_class,Endothelial,1.0,0.0005743825387708214,30,3
RandomForest,per_class,Endothelial,1.0,0.0,30,3
RandomForest,per_class,Epithelial,0.015654351909830933,1.0,30,3
RandomForest,per_class,Epithelial,0.016642627316098967,1.0,30,3
RandomForest,per_class,Epithelial,0.018532246108228317,1.0,30,3
RandomForest,per_class,Epithelial,0.02109803553846875,1.0,30,3
RandomForest,per_class,Epithelial,0.024216984178237002,1.0,30,3
RandomForest,per_class,Epithelial,0.027945103396882567,1.0,30,3
RandomForest,per_class,Epithelial,0.032390412437918376,1.0,30,3
RandomForest,per_class,Epithelial,0.03769159896138705,1.0,30,3
RandomForest,per_class,Epithelial,0.04433060782188947,1.0,30,3
RandomForest,per_class,Epithelial,0.05197505197505198,1.0,30,3
RandomForest,per_class,Epithelial,0.060876623376623376,1.0,30,3
RandomForest,per_class,Epithelial,0.07258064516129033,1.0,30,3
RandomForest,per_class,Epithelial,0.08511443162473993,1.0,30,3
RandomForest,per_class,Epithelial,0.10112359550561797,1.0,30,3
RandomForest,per_class,Epithelial,0.11868887126619085,0.9977777777777778,30,3
RandomForest,per_class,Epithelial,0.14022485946283572,0.9977777777777778,30,3
RandomForest,per_class,Epithelial,0.16249546608632573,0.9955555555555555,30,3
RandomForest,per_class,Epithelial,0.1859883236030025,0.9911111111111112,30,3
RandomForest,per_class,Epithelial,0.20823584464202152,0.9888888888888889,30,3
RandomForest,per_class,Epithelial,0.2339304531085353,0.9866666666666667,30,3
RandomForest,per_class,Epithelial,0.2532875929102344,0.9844444444444445,30,3
RandomForest,per_class,Epithelial,0.2736256948733786,0.9844444444444445,30,3
RandomForest,per_class,Epithelial,0.29155672823219,0.9822222222222222,30,3
RandomForest,per_class,Epithelial,0.30801393728223,0.9822222222222222,30,3
RandomForest,per_class,Epithelial,0.31956521739130433,0.98,30,3
RandomForest,per_class,Epithelial,0.33083270817704424,0.98,30,3
RandomForest,per_class,Epithelial,0.33767228177641656,0.98,30,3
RandomForest,per_class,Epithelial,0.34296875,0.9755555555555555,30,3
RandomForest,per_class,Epithelial,0.34868943606036534,0.9755555555555555,30,3
RandomForest,per_class,Epithelial,0.3551779935275081,0.9755555555555555,30,3
RandomForest,per_class,Epithelial,0.3628831814415907,0.9733333333333334,30,3
RandomForest,per_class,Epithelial,0.36815501263689976,0.9711111111111111,30,3
RandomForest,per_class,Epithelial,0.3729683490162532,0.9688888888888889,30,3
RandomForest,per_class,Epithelial,0.3771626297577855,0.9688888888888889,30,3
RandomForest,per_class,Epithelial,0.38191395961369623,0.9666666666666667,30,3
RandomForest,per_class,Epithelial,0.38632326820603907,0.9666666666666667,30,3
RandomForest,per_class,Epithelial,0.3920505871725384,0.9644444444444444,30,3
RandomForest,per_class,Epithelial,0.39780018331805683,0.9644444444444444,30,3
RandomForest,per_class,Epithelial,0.4025974025974026,0.9644444444444444,30,3
RandomForest,per_class,Epithelial,0.40751173708920185,0.9644444444444444,30,3
RandomForest,per_class,Epithelial,0.4145176695319962,0.9644444444444444,30,3
RandomForest,per_class,Epithelial,0.41998060135790494,0.9622222222222222,30,3
RandomForest,per_class,Epithelial,0.4287128712871287,0.9622222222222222,30,3
RandomForest,per_class,Epithelial,0.43286573146292584,0.96,30,3
RandomForest,per_class,Epithelial,0.43667679837892603,0.9577777777777777,30,3
RandomForest,per_class,Epithelial,0.4414784394250513,0.9555555555555556,30,3
RandomForest,per_class,Epithelial,0.44676409185803756,0.9511111111111111,30,3
RandomForest,per_class,Epithelial,0.4523305084745763,0.9488888888888889,30,3
RandomForest,per_class,Epithelial,0.45837837837837836,0.9422222222222222,30,3
RandomForest,per_class,Epithelial,0.46424642464246424,0.9377777777777778,30,3
RandomForest,per_class,Epithelial,0.46547884187082406,0.9288888888888889,30,3
RandomForest,per_class,Epithelial,0.46906636670416196,0.9266666666666666,30,3
RandomForest,per_class,Epithelial,0.4737442922374429,0.9222222222222223,30,3
RandomForest,per_class,Epithelial,0.48088064889918886,0.9222222222222223,30,3
RandomForest,per_class,Epithelial,0.48520710059171596,0.9111111111111111,30,3
RandomForest,per_class,Epithelial,0.49215922798552475,0.9066666666666666,30,3
RandomForest,per_class,Epithelial,0.4963325183374083,0.9022222222222223,30,3
RandomForest,per_class,Epithelial,0.5,0.9,30,3
RandomForest,per_class,Epithelial,0.505,0.8977777777777778,30,3
RandomForest,per_class,Epithelial,0.5101522842639594,0.8933333333333333,30,3
RandomForest,per_class,Epithelial,0.5180878552971576,0.8911111111111111,30,3
RandomForest,per_class,Epithelial,0.5231788079470199,0.8777777777777778,30,3
RandomForest,per_class,Epithelial,0.5288590604026846,0.8755555555555555,30,3
RandomForest,per_class,Epithelial,0.5375170532060027,0.8755555555555555,30,3
RandomForest,per_class,Epithelial,0.5465924895688457,0.8733333333333333,30,3
RandomForest,per_class,Epithelial,0.5536723163841808,0.8711111111111111,30,3
RandomForest,per_class,Epithelial,0.5569800569800569,0.8688888888888889,30,3
RandomForest,per_class,Epithelial,0.5621387283236994,0.8644444444444445,30,3
RandomForest,per_class,Epithelial,0.5676470588235294,0.8577777777777778,30,3
RandomForest,per_class,Epithelial,0.5763473053892215,0.8555555555555555,30,3
RandomForest,per_class,Epithelial,0.5823170731707317,0.8488888888888889,30,3
RandomForest,per_class,Epithelial,0.58887171561051,0.8466666666666667,30,3
RandomForest,per_class,Epithelial,0.5914826498422713,0.8333333333333334,30,3
RandomForest,per_class,Epithelial,0.5958132045088567,0.8222222222222222,30,3
RandomForest,per_class,Epithelial,0.5993485342019544,0.8177777777777778,30,3
RandomForest,per_class,Epithelial,0.6043405676126878,0.8044444444444444,30,3
RandomForest,per_class,Epithelial,0.6123499142367067,0.7933333333333333,30,3
RandomForest,per_class,Epithelial,0.6149825783972126,0.7844444444444445,30,3
RandomForest,per_class,Epithelial,0.6243291592128801,0.7755555555555556,30,3
RandomForest,per_class,Epithelial,0.6254612546125461,0.7533333333333333,30,3
RandomForest,per_class,Epithelial,0.625,0.7444444444444445,30,3
RandomForest,per_class,Epithelial,0.6326923076923077,0.7311111111111112,30,3
RandomForest,per_class,Epithelial,0.63671875,0.7244444444444444,30,3
RandomForest,per_class,Epithelial,0.6441351888667992,0.72,30,3
RandomForest,per_class,Epithelial,0.6497975708502024,0.7133333333333334,30,3
RandomForest,per_class,Epithelial,0.6495901639344263,0.7044444444444444,30,3
RandomForest,per_class,Epithelial,0.6574468085106383,0.6866666666666666,30,3
RandomForest,per_class,Epithelial,0.6673913043478261,0.6822222222222222,30,3
RandomForest,per_class,Epithelial,0.6674057649667405,0.6688888888888889,30,3
RandomForest,per_class,Epithelial,0.6749435665914221,0.6644444444444444,30,3
RandomForest,per_class,Epithelial,0.6774193548387096,0.6533333333333333,30,3
RandomForest,per_class,Epithelial,0.6810551558752997,0.6311111111111111,30,3
RandomForest,per_class,Epithelial,0.6862745098039216,0.6222222222222222,30,3
RandomForest,per_class,Epithelial,0.6878172588832487,0.6022222222222222,30,3
RandomForest,per_class,Epithelial,0.6931216931216931,0.5822222222222222,30,3
RandomForest,per_class,Epithelial,0.6970509383378016,0.5777777777777777,30,3
RandomForest,per_class,Epithelial,0.7075208913649025,0.5644444444444444,30,3
RandomForest,per_class,Epithelial,0.7097701149425287,0.5488888888888889,30,3
RandomForest,per_class,Epithelial,0.711764705882353,0.5377777777777778,30,3
RandomForest,per_class,Epithelial,0.7168674698795181,0.5288888888888889,30,3
RandomForest,per_class,Epithelial,0.7267080745341615,0.52,30,3
RandomForest,per_class,Epithelial,0.7331189710610932,0.5066666666666667,30,3
RandomForest,per_class,Epithelial,0.7441860465116279,0.49777777777777776,30,3
RandomForest,per_class,Epithelial,0.7517006802721088,0.4911111111111111,30,3
RandomForest,per_class,Epithelial,0.7455830388692579,0.4688888888888889,30,3
RandomForest,per_class,Epithelial,0.7536764705882353,0.45555555555555555,30,3
RandomForest,per_class,Epithelial,0.7547169811320755,0.4444444444444444,30,3
RandomForest,per_class,Epithelial,0.7635658914728682,0.43777777777777777,30,3
RandomForest,per_class,Epithelial,0.7842323651452282,0.42,30,3
RandomForest,per_class,Epithelial,0.8008658008658008,0.4111111111111111,30,3
RandomForest,per_class,Epithelial,0.8054298642533937,0.39555555555555555,30,3
RandomForest,per_class,Epithelial,0.8142857142857143,0.38,30,3
RandomForest,per_class,Epithelial,0.8159203980099502,0.36444444444444446,30,3
RandomForest,per_class,Epithelial,0.8210526315789474,0.3466666666666667,30,3
RandomForest,per_class,Epithelial,0.8342541436464088,0.33555555555555555,30,3
RandomForest,per_class,Epithelial,0.8439306358381503,0.3244444444444444,30,3
RandomForest,per_class,Epithelial,0.8562874251497006,0.31777777777777777,30,3
RandomForest,per_class,Epithelial,0.8633540372670807,0.3088888888888889,30,3
RandomForest,per_class,Epithelial,0.8636363636363636,0.29555555555555557,30,3
RandomForest,per_class,Epithelial,0.8657718120805369,0.2866666666666667,30,3
RandomForest,per_class,Epithelial,0.8680555555555556,0.2777777777777778,30,3
RandomForest,per_class,Epithelial,0.875,0.2644444444444444,30,3
RandomForest,per_class,Epithelial,0.8778625954198473,0.25555555555555554,30,3
RandomForest,per_class,Epithelial,0.888,0.24666666666666667,30,3
RandomForest,per_class,Epithelial,0.8833333333333333,0.23555555555555555,30,3
RandomForest,per_class,Epithelial,0.8899082568807339,0.21555555555555556,30,3
RandomForest,per_class,Epithelial,0.8942307692307693,0.20666666666666667,30,3
RandomForest,per_class,Epithelial,0.9,0.2,30,3
RandomForest,per_class,Epithelial,0.8977272727272727,0.17555555555555555,30,3
RandomForest,per_class,Epithelial,0.9259259259259259,0.16666666666666666,30,3
RandomForest,per_class,Epithelial,0.9358974358974359,0.1622222222222222,30,3
RandomForest,per_class,Epithelial,0.9436619718309859,0.14888888888888888,30,3
RandomForest,per_class,Epithelial,0.9402985074626866,0.14,30,3
RandomForest,per_class,Epithelial,0.9365079365079365,0.13111111111111112,30,3
RandomForest,per_class,Epithelial,0.9344262295081968,0.12666666666666668,30,3
RandomForest,per_class,Epithelial,0.9322033898305084,0.12222222222222222,30,3
RandomForest,per_class,Epithelial,0.9272727272727272,0.11333333333333333,30,3
RandomForest,per_class,Epithelial,0.9215686274509803,0.10444444444444445,30,3
RandomForest,per_class,Epithelial,0.9333333333333333,0.09333333333333334,30,3
RandomForest,per_class,Epithelial,0.9512195121951219,0.08666666666666667,30,3
RandomForest,per_class,Epithelial,0.95,0.08444444444444445,30,3
RandomForest,per_class,Epithelial,0.9473684210526315,0.08,30,3
RandomForest,per_class,Epithelial,0.9428571428571428,0.07333333333333333,30,3
RandomForest,per_class,Epithelial,0.9375,0.06666666666666667,30,3
RandomForest,per_class,Epithelial,0.9642857142857143,0.06,30,3
RandomForest,per_class,Epithelial,0.9629629629629629,0.057777777777777775,30,3
RandomForest,per_class,Epithelial,0.96,0.05333333333333334,30,3
RandomForest,per_class,Epithelial,0.95,0.042222222222222223,30,3
RandomForest,per_class,Epithelial,0.9473684210526315,0.04,30,3
RandomForest,per_class,Epithelial,0.9411764705882353,0.035555555555555556,30,3
RandomForest,per_class,Epithelial,0.9375,0.03333333333333333,30,3
RandomForest,per_class,Epithelial,0.9285714285714286,0.028888888888888888,30,3
RandomForest,per_class,Epithelial,0.9166666666666666,0.024444444444444446,30,3
RandomForest,per_class,Epithelial,0.875,0.015555555555555555,30,3
RandomForest,per_class,Epithelial,0.8571428571428571,0.013333333333333334,30,3
RandomForest,per_class,Epithelial,1.0,0.013333333333333334,30,3
RandomForest,per_class,Epithelial,1.0,0.008888888888888889,30,3
RandomForest,per_class,Epithelial,1.0,0.006666666666666667,30,3
RandomForest,per_class,Epithelial,1.0,0.0044444444444444444,30,3
RandomForest,per_class,Epithelial,1.0,0.0022222222222222222,30,3
RandomForest,per_class,Epithelial,1.0,0.0,30,3
RandomForest,per_class,Lymphatic,0.02622973631113894,1.0,30,3
RandomForest,per_class,Lymphatic,0.02853898561695685,1.0,30,3
RandomForest,per_class,Lymphatic,0.03251401466149202,1.0,30,3
RandomForest,per_class,Lymphatic,0.03812123969867031,1.0,30,3
RandomForest,per_class,Lymphatic,0.045344910757356485,0.9973474801061007,30,3
RandomForest,per_class,Lymphatic,0.054957921697768024,0.9960212201591512,30,3
RandomForest,per_class,Lymphatic,0.06702412868632708,0.9946949602122016,30,3
RandomForest,per_class,Lymphatic,0.0826336721166593,0.9920424403183024,30,3
RandomForest,per_class,Lymphatic,0.1019099590723056,0.9907161803713528,30,3
RandomForest,per_class,Lymphatic,0.125,0.9907161803713528,30,3
RandomForest,per_class,Lymphatic,0.1519038892282631,0.9893899204244032,30,3
RandomForest,per_class,Lymphatic,0.18181818181818182,0.9893899204244032,30,3
RandomForest,per_class,Lymphatic,0.2152155047729245,0.986737400530504,30,3
RandomForest,per_class,Lymphatic,0.2536752136752137,0.9840848806366048,30,3
RandomForest,per_class,Lymphatic,0.29306930693069305,0.9814323607427056,30,3
RandomForest,per_class,Lymphatic,0.3303531515422441,0.980106100795756,30,3
RandomForest,per_class,Lymphatic,0.3655753968253968,0.9774535809018567,30,3
RandomForest,per_class,Lymphatic,0.4009793253536453,0.9774535809018567,30,3
RandomForest,per_class,Lymphatic,0.42832167832167833,0.9748010610079576,30,3
RandomForest,per_class,Lymphatic,0.4590368980612883,0.9734748010610079,30,3
RandomForest,per_class,Lymphatic,0.47908496732026146,0.9721485411140584,30,3
RandomForest,per_class,Lymphatic,0.5024054982817869,0.9694960212201591,30,3
RandomForest,per_class,Lymphatic,0.5210263720598717,0.9694960212201591,30,3
RandomForest,per_class,Lymphatic,0.5371050698016164,0.9694960212201591,30,3
RandomForest,per_class,Lymphatic,0.5529500756429652,0.9694960212201591,30,3
RandomForest,per_class,Lymphatic,0.5663304887509697,0.9681697612732095,30,3
RandomForest,per_class,Lymphatic,0.5774424146147736,0.9641909814323607,30,3
RandomForest,per_class,Lymphatic,0.587378640776699,0.9628647214854111,30,3
RandomForest,per_class,Lymphatic,0.5985099337748344,0.9588859416445623,30,3
RandomForest,per_class,Lymphatic,0.6079258010118044,0.9562334217506632,30,3
RandomForest,per_class,Lymphatic,0.6198275862068966,0.9535809018567639,30,3
RandomForest,per_class,Lymphatic,0.6272965879265092,0.9509283819628647,30,3
RandomForest,per_class,Lymphatic,0.6373333333333333,0.9509283819628647,30,3
RandomForest,per_class,Lymphatic,0.6414414414414414,0.9442970822281167,30,3
RandomForest,per_class,Lymphatic,0.6513761467889908,0.9416445623342176,30,3
RandomForest,per_class,Lymphatic,0.6601307189542484,0.9376657824933687,30,3
RandomForest,per_class,Lymphatic,0.6743075453677173,0.9363395225464191,30,3
RandomForest,per_class,Lymphatic,0.6865234375,0.9323607427055703,30,3
RandomForest,per_class,Lymphatic,0.6975124378109453,0.9297082228116711,30,3
RandomForest,per_class,Lymphatic,0.7011033099297894,0.9270557029177718,30,3
RandomForest,per_class,Lymphatic,0.7068965517241379,0.9244031830238727,30,3
RandomForest,per_class,Lymphatic,0.7128205128205128,0.9217506631299734,30,3
RandomForest,per_class,Lymphatic,0.719626168224299,0.9190981432360743,30,3
RandomForest,per_class,Lymphatic,0.7275607180570222,0.9137931034482759,30,3
RandomForest,per_class,Lymphatic,0.7334047109207709,0.9084880636604774,30,3
RandomForest,per_class,Lymphatic,0.7399783315276273,0.9058355437665783,30,3
RandomForest,per_class,Lymphatic,0.7437295528898582,0.9045092838196287,30,3
RandomForest,per_class,Lymphatic,0.7466960352422908,0.8992042440318302,30,3
RandomForest,per_class,Lymphatic,0.7513873473917869,0.8978779840848806,30,3
RandomForest,per_class,Lymphatic,0.7539149888143176,0.8938992042440318,30,3
RandomForest,per_class,Lymphatic,0.7607709750566893,0.889920424403183,30,3
RandomForest,per_class,Lymphatic,0.7645714285714286,0.8872679045092838,30,3
RandomForest,per_class,Lymphatic,0.7747957992998833,0.8806366047745358,30,3
RandomForest,per_class,Lymphatic,0.7773851590106007,0.8753315649867374,30,3
RandomForest,per_class,Lymphatic,0.7813620071684588,0.8673740053050398,30,3
RandomForest,per_class,Lymphatic,0.7890909090909091,0.863395225464191,30,3
RandomForest,per_class,Lymphatic,0.7975460122699386,0.8620689655172413,30,3
RandomForest,per_class,Lymphatic,0.8017348203221809,0.8580901856763926,30,3
RandomForest,per_class,Lymphatic,0.8077889447236181,0.8527851458885941,30,3
RandomForest,per_class,Lymphatic,0.8132147395171537,0.8488063660477454,30,3
RandomForest,per_class,Lymphatic,0.8213367609254498,0.8474801061007957,30,3
RandomForest,per_class,Lymphatic,0.8227684346701164,0.843501326259947,30,3
RandomForest,per_class,Lymphatic,0.8293963254593176,0.8381962864721485,30,3
RandomForest,per_class,Lymphatic,0.8306878306878307,0.8328912466843501,30,3
RandomForest,per_class,Lymphatic,0.8348868175765646,0.8315649867374005,30,3
RandomForest,per_class,Lymphatic,0.8407557354925776,0.8262599469496021,30,3
RandomForest,per_class,Lymphatic,0.8457300275482094,0.8143236074270557,30,3
RandomForest,per_class,Lymphatic,0.85,0.8116710875331565,30,3
RandomForest,per_class,Lymphatic,0.8581460674157303,0.8103448275862069,30,3
RandomForest,per_class,Lymphatic,0.8601694915254238,0.8076923076923077,30,3
RandomForest,per_class,Lymphatic,0.8667621776504298,0.8023872679045093,30,3
RandomForest,per_class,Lymphatic,0.8661870503597122,0.7984084880636605,30,3
RandomForest,per_class,Lymphatic,0.8688046647230321,0.7904509283819628,30,3
RandomForest,per_class,Lymphatic,0.8733431516936672,0.786472148541114,30,3
RandomForest,per_class,Lymphatic,0.8733233979135618,0.7771883289124668,30,3
RandomForest,per_class,Lymphatic,0.8786039453717754,0.7679045092838196,30,3
RandomForest,per_class,Lymphatic,0.8865030674846626,0.76657824933687,30,3
RandomForest,per_class,Lymphatic,0.8914728682170543,0.7625994694960212,30,3
RandomForest,per_class,Lymphatic,0.896875,0.7612732095490716,30,3
RandomForest,per_class,Lymphatic,0.8987341772151899,0.753315649867374,30,3
RandomForest,per_class,Lymphatic,0.8992,0.7453580901856764,30,3
RandomForest,per_class,Lymphatic,0.9029126213592233,0.7400530503978779,30,3
RandomForest,per_class,Lymphatic,0.9099836333878887,0.7374005305039788,30,3
RandomForest,per_class,Lymphatic,0.9166666666666666,0.7294429708222812,30,3
RandomForest,per_class,Lymphatic,0.9208754208754208,0.7254641909814323,30,3
RandomForest,per_class,Lymphatic,0.9203389830508475,0.7201591511936339,30,3
RandomForest,per_class,Lymphatic,0.9228130360205832,0.713527851458886,30,3
RandomForest,per_class,Lymphatic,0.9221453287197232,0.7068965517241379,30,3
RandomForest,per_class,Lymphatic,0.921875,0.7042440318302388,30,3
RandomForest,per_class,Lymphatic,0.9278169014084507,0.6989389920424404,30,3
RandomForest,per_class,Lymphatic,0.9275618374558304,0.6962864721485411,30,3
RandomForest,per_class,Lymphatic,0.9289520426287744,0.6936339522546419,30,3
RandomForest,per_class,Lymphatic,0.9285714285714286,0.6896551724137931,30,3
RandomForest,per_class,Lymphatic,0.9328493647912885,0.6816976127320955,30,3
RandomForest,per_class,Lymphatic,0.9338235294117647,0.6737400530503979,30,3
RandomForest,per_class,Lymphatic,0.9351851851851852,0.669761273209549,30,3
RandomForest,per_class,Lymphatic,0.9366852886405959,0.6671087533156499,30,3
RandomForest,per_class,Lymphatic,0.9365671641791045,0.6657824933687002,30,3
RandomForest,per_class,Lymphatic,0.935969868173258,0.6591511936339522,30,3
RandomForest,per_class,Lymphatic,0.9369024856596558,0.649867374005305,30,3
RandomForest,per_class,Lymphatic,0.9357976653696498,0.6379310344827587,30,3
RandomForest,per_class,Lymphatic,0.9429133858267716,0.6352785145888594,30,3
RandomForest,per_class,Lymphatic,0.9424603174603174,0.629973474801061,30,3
RandomForest,per_class,Lymphatic,0.9474747474747475,0.6220159151193634,30,3
RandomForest,per_class,Lymphatic,0.9463917525773196,0.6087533156498673,30,3
RandomForest,per_class,Lymphatic,0.9478079331941545,0.6021220159151194,30,3
RandomForest,per_class,Lymphatic,0.9469214437367304,0.5915119363395226,30,3
RandomForest,per_class,Lymphatic,0.9502164502164502,0.5822281167108754,30,3
RandomForest,per_class,Lymphatic,0.9497816593886463,0.5769230769230769,30,3
RandomForest,per_class,Lymphatic,0.9490022172949002,0.5676392572944297,30,3
RandomForest,per_class,Lymphatic,0.9487750556792873,0.5649867374005305,30,3
RandomForest,per_class,Lymphatic,0.950561797752809,0.5610079575596817,30,3
RandomForest,per_class,Lymphatic,0.9491916859122402,0.5450928381962865,30,3
RandomForest,per_class,Lymphatic,0.95260663507109,0.53315649867374,30,3
RandomForest,per_class,Lymphatic,0.9522673031026253,0.5291777188328912,30,3
RandomForest,per_class,Lymphatic,0.9631449631449631,0.519893899204244,30,3
RandomForest,per_class,Lymphatic,0.9625935162094763,0.5119363395225465,30,3
RandomForest,per_class,Lymphatic,0.9619289340101523,0.5026525198938993,30,3
RandomForest,per_class,Lymphatic,0.9637305699481865,0.493368700265252,30,3
RandomForest,per_class,Lymphatic,0.9633507853403142,0.4880636604774536,30,3
RandomForest,per_class,Lymphatic,0.9623655913978495,0.47480106100795755,30,3
RandomForest,per_class,Lymphatic,0.9619565217391305,0.46949602122015915,30,3
RandomForest,per_class,Lymphatic,0.9642857142857143,0.46551724137931033,30,3
RandomForest,per_class,Lymphatic,0.9636871508379888,0.45755968169761274,30,3
RandomForest,per_class,Lymphatic,0.9683908045977011,0.4469496021220159,30,3
RandomForest,per_class,Lymphatic,0.9673590504451038,0.4323607427055703,30,3
RandomForest,per_class,Lymphatic,0.9665653495440729,0.4217506631299735,30,3
RandomForest,per_class,Lymphatic,0.9688473520249221,0.4124668435013263,30,3
RandomForest,per_class,Lymphatic,0.9678456591639871,0.39920424403183025,30,3
RandomForest,per_class,Lymphatic,0.9707792207792207,0.39655172413793105,30,3
RandomForest,per_class,Lymphatic,0.9701986754966887,0.3885941644562334,30,3
RandomForest,per_class,Lymphatic,0.9696969696969697,0.3819628647214854,30,3
RandomForest,per_class,Lymphatic,0.9686411149825784,0.3687002652519894,30,3
RandomForest,per_class,Lymphatic,0.9715302491103203,0.3620689655172414,30,3
RandomForest,per_class,Lymphatic,0.9816849816849816,0.35543766578249336,30,3
RandomForest,per_class,Lymphatic,0.9812734082397003,0.34748010610079577,30,3
RandomForest,per_class,Lymphatic,0.980544747081712,0.33421750663129973,30,3
RandomForest,per_class,Lymphatic,0.9799196787148594,0.32360742705570295,30,3
RandomForest,per_class,Lymphatic,0.979253112033195,0.3129973474801061,30,3
RandomForest,per_class,Lymphatic,0.978448275862069,0.3010610079575597,30,3
RandomForest,per_class,Lymphatic,0.9823788546255506,0.2957559681697613,30,3
RandomForest,per_class,Lymphatic,0.9817351598173516,0.28514588859416445,30,3
RandomForest,per_class,Lymphatic,0.9903381642512077,0.2718832891246684,30,3
RandomForest,per_class,Lymphatic,0.9901960784313726,0.26790450928381965,30,3
RandomForest,per_class,Lymphatic,0.9893048128342246,0.2453580901856764,30,3
RandomForest,per_class,Lymphatic,0.9890710382513661,0.24005305039787797,30,3
RandomForest,per_class,Lymphatic,0.9886363636363636,0.23076923076923078,30,3
RandomForest,per_class,Lymphatic,0.9884393063583815,0.22679045092838196,30,3
RandomForest,per_class,Lymphatic,0.9939393939393939,0.21750663129973474,30,3
RandomForest,per_class,Lymphatic,0.9936708860759493,0.20822281167108753,30,3
RandomForest,per_class,Lymphatic,0.9933774834437086,0.1989389920424403,30,3
RandomForest,per_class,Lymphatic,0.9928057553956835,0.1830238726790451,30,3
RandomForest,per_class,Lymphatic,0.9921259842519685,0.16710875331564987,30,3
RandomForest,per_class,Lymphatic,0.9915966386554622,0.15649867374005305,30,3
RandomForest,per_class,Lymphatic,0.9910714285714286,0.14721485411140584,30,3
RandomForest,per_class,Lymphatic,0.9902912621359223,0.13527851458885942,30,3
RandomForest,per_class,Lymphatic,0.989010989010989,0.11936339522546419,30,3
RandomForest,per_class,Lymphatic,0.9883720930232558,0.11273209549071618,30,3
RandomForest,per_class,Lymphatic,0.9873417721518988,0.10344827586206896,30,3
RandomForest,per_class,Lymphatic,0.9859154929577465,0.09283819628647215,30,3
RandomForest,per_class,Lymphatic,0.9838709677419355,0.08090185676392574,30,3
RandomForest,per_class,Lymphatic,0.9818181818181818,0.07161803713527852,30,3
RandomForest,per_class,Lymphatic,1.0,0.058355437665782495,30,3
RandomForest,per_class,Lymphatic,1.0,0.054376657824933686,30,3
RandomForest,per_class,Lymphatic,1.0,0.04907161803713528,30,3
RandomForest,per_class,Lymphatic,1.0,0.038461538461538464,30,3
RandomForest,per_class,Lymphatic,1.0,0.03580901856763926,30,3
RandomForest,per_class,Lymphatic,1.0,0.029177718832891247,30,3
RandomForest,per_class,Lymphatic,1.0,0.023872679045092837,30,3
RandomForest,per_class,Lymphatic,1.0,0.01989389920424403,30,3
RandomForest,per_class,Lymphatic,1.0,0.01856763925729443,30,3
RandomForest,per_class,Lymphatic,1.0,0.017241379310344827,30,3
RandomForest,per_class,Lymphatic,1.0,0.015915119363395226,30,3
RandomForest,per_class,Lymphatic,1.0,0.010610079575596816,30,3
RandomForest,per_class,Lymphatic,1.0,0.005305039787798408,30,3
RandomForest,per_class,Lymphatic,1.0,0.002652519893899204,30,3
RandomForest,per_class,Lymphatic,1.0,0.001326259946949602,30,3
RandomForest,per_class,Lymphatic,1.0,0.0,30,3
RandomForest,per_class,M1,0.021568218186878173,1.0,30,3
RandomForest,per_class,M1,0.022386712402960824,1.0,30,3
RandomForest,per_class,M1,0.02391698491686919,1.0,30,3
RandomForest,per_class,M1,0.025965323728955523,1.0,30,3
RandomForest,per_class,M1,0.02859778597785978,1.0,30,3
RandomForest,per_class,M1,0.03166011336363172,1.0,30,3
RandomForest,per_class,M1,0.0353377030493018,1.0,30,3
RandomForest,per_class,M1,0.039639409244933185,1.0,30,3
RandomForest,per_class,M1,0.04434272636246603,1.0,30,3
RandomForest,per_class,M1,0.04938567097494814,0.9983870967741936,30,3
RandomForest,per_class,M1,0.05495775900400178,0.9967741935483871,30,3
RandomForest,per_class,M1,0.0612954500298033,0.9951612903225806,30,3
RandomForest,per_class,M1,0.06784530386740331,0.9903225806451613,30,3
RandomForest,per_class,M1,0.07493287771540151,0.9903225806451613,30,3
RandomForest,per_class,M1,0.0825910931174089,0.9870967741935484,30,3
RandomForest,per_class,M1,0.09057164068299926,0.9838709677419355,30,3
RandomForest,per_class,M1,0.09834737524303305,0.9790322580645161,30,3
RandomForest,per_class,M1,0.10638673253352153,0.9725806451612903,30,3
RandomForest,per_class,M1,0.11512027491408934,0.9725806451612903,30,3
RandomForest,per_class,M1,0.12572977481234363,0.9725806451612903,30,3
RandomForest,per_class,M1,0.1352755194218609,0.9661290322580646,30,3
RandomForest,per_class,M1,0.14316702819956617,0.9580645161290322,30,3
RandomForest,per_class,M1,0.15215137376879212,0.9467741935483871,30,3
RandomForest,per_class,M1,0.16003316749585406,0.9338709677419355,30,3
RandomForest,per_class,M1,0.17020648967551621,0.9306451612903226,30,3
RandomForest,per_class,M1,0.18016321406151914,0.9258064516129032,30,3
RandomForest,per_class,M1,0.19033333333333333,0.9209677419354839,30,3
RandomForest,per_class,M1,0.1984517945109078,0.9096774193548387,30,3
RandomForest,per_class,M1,0.20568685376661744,0.8983870967741936,30,3
RandomForest,per_class,M1,0.21331784746418891,0.8887096774193548,30,3
RandomForest,per_class,M1,0.22294814209881583,0.8806451612903226,30,3
RandomForest,per_class,M1,0.23198970840480274,0.8725806451612903,30,3
RandomForest,per_class,M1,0.24236983842010773,0.8709677419354839,30,3
RandomForest,per_class,M1,0.25046904315197,0.8612903225806452,30,3
RandomForest,per_class,M1,0.25842696629213485,0.853225806451613,30,3
RandomForest,per_class,M1,0.2668024439918534,0.8451612903225807,30,3
RandomForest,per_class,M1,0.2737341772151899,0.8370967741935483,30,3
RandomForest,per_class,M1,0.2812670671764063,0.8306451612903226,30,3
RandomForest,per_class,M1,0.28893905191873587,0.8258064516129032,30,3
RandomForest,per_class,M1,0.2963615023474178,0.8145161290322581,30,3
RandomForest,per_class,M1,0.3071297989031079,0.8129032258064516,30,3
RandomForest,per_class,M1,0.3147914032869785,0.8032258064516129,30,3
RandomForest,per_class,M1,0.31844660194174756,0.7935483870967742,30,3
RandomForest,per_class,M1,0.3256756756756757,0.7774193548387097,30,3
RandomForest,per_class,M1,0.3330995792426367,0.7661290322580645,30,3
RandomForest,per_class,M1,0.3371757925072046,0.7548387096774194,30,3
RandomForest,per_class,M1,0.3458929917106255,0.7403225806451613,30,3
RandomForest,per_class,M1,0.3529868114817688,0.7338709677419355,30,3
RandomForest,per_class,M1,0.35874799357945425,0.7209677419354839,30,3
RandomForest,per_class,M1,0.3673805601317957,0.7193548387096774,30,3
RandomForest,per_class,M1,0.37553464499572287,0.7080645161290322,30,3
RandomForest,per_class,M1,0.382171226831421,0.6983870967741935,30,3
RandomForest,per_class,M1,0.3879231473010064,0.6838709677419355,30,3
RandomForest,per_class,M1,0.3973509933774834,0.6774193548387096,30,3
RandomForest,per_class,M1,0.40233236151603496,0.667741935483871,30,3
RandomForest,per_class,M1,0.4083080040526849,0.65,30,3
RandomForest,per_class,M1,0.4129979035639413,0.635483870967742,30,3
RandomForest,per_class,M1,0.42145178764897073,0.6274193548387097,30,3
RandomForest,per_class,M1,0.4340909090909091,0.6161290322580645,30,3
RandomForest,per_class,M1,0.44379391100702575,0.6112903225806452,30,3
RandomForest,per_class,M1,0.4543239951278928,0.6016129032258064,30,3
RandomForest,per_class,M1,0.4618320610687023,0.5854838709677419,30,3
RandomForest,per_class,M1,0.46788990825688076,0.5758064516129032,30,3
RandomForest,per_class,M1,0.47831978319783197,0.5693548387096774,30,3
RandomForest,per_class,M1,0.4872159090909091,0.5532258064516129,30,3
RandomForest,per_class,M1,0.48600883652430044,0.532258064516129,30,3
RandomForest,per_class,M1,0.49691358024691357,0.5193548387096775,30,3
RandomForest,per_class,M1,0.5064102564102564,0.5096774193548387,30,3
RandomForest,per_class,M1,0.5141903171953256,0.4967741935483871,30,3
RandomForest,per_class,M1,0.5305410122164049,0.49032258064516127,30,3
RandomForest,per_class,M1,0.5377697841726619,0.482258064516129,30,3
RandomForest,per_class,M1,0.5427509293680297,0.47096774193548385,30,3
RandomForest,per_class,M1,0.5540540540540541,0.4629032258064516,30,3
RandomForest,per_class,M1,0.562,0.4532258064516129,30,3
RandomForest,per_class,M1,0.5661157024793388,0.44193548387096776,30,3
RandomForest,per_class,M1,0.5601750547045952,0.4129032258064516,30,3
RandomForest,per_class,M1,0.5588235294117647,0.39838709677419354,30,3
RandomForest,per_class,M1,0.5581947743467933,0.3790322580645161,30,3
RandomForest,per_class,M1,0.5586034912718204,0.36129032258064514,30,3
RandomForest,per_class,M1,0.5677083333333334,0.35161290322580646,30,3
RandomForest,per_class,M1,0.5616438356164384,0.33064516129032256,30,3
RandomForest,per_class,M1,0.5641025641025641,0.3193548387096774,30,3
RandomForest,per_class,M1,0.5495495495495496,0.29516129032258065,30,3
RandomForest,per_class,M1,0.5432098765432098,0.2838709677419355,30,3
RandomForest,per_class,M1,0.538961038961039,0.267741935483871,30,3
RandomForest,per_class,M1,0.5358361774744027,0.2532258064516129,30,3
RandomForest,per_class,M1,0.5428571428571428,0.24516129032258063,30,3
RandomForest,per_class,M1,0.5492424242424242,0.23387096774193547,30,3
RandomForest,per_class,M1,0.5426356589147286,0.22580645161290322,30,3
RandomForest,per_class,M1,0.5483870967741935,0.21935483870967742,30,3
RandomForest,per_class,M1,0.5579399141630901,0.20967741935483872,30,3
RandomForest,per_class,M1,0.5540540540540541,0.19838709677419356,30,3
RandomForest,per_class,M1,0.5566037735849056,0.19032258064516128,30,3
RandomForest,per_class,M1,0.5665024630541872,0.18548387096774194,30,3
RandomForest,per_class,M1,0.5698924731182796,0.17096774193548386,30,3
RandomForest,per_class,M1,0.5730337078651685,0.16451612903225807,30,3
RandomForest,per_class,M1,0.5730994152046783,0.15806451612903225,30,3
RandomForest,per_class,M1,0.5818181818181818,0.15483870967741936,30,3
RandomForest,per_class,M1,0.5620915032679739,0.13870967741935483,30,3
RandomForest,per_class,M1,0.5743243243243243,0.13709677419354838,30,3
RandomForest,per_class,M1,0.5797101449275363,0.12903225806451613,30,3
RandomForest,per_class,M1,0.5970149253731343,0.12903225806451613,30,3
RandomForest,per_class,M1,0.592,0.11935483870967742,30,3
RandomForest,per_class,M1,0.6065573770491803,0.11935483870967742,30,3
RandomForest,per_class,M1,0.6068376068376068,0.11451612903225807,30,3
RandomForest,per_class,M1,0.6181818181818182,0.10967741935483871,30,3
RandomForest,per_class,M1,0.6346153846153846,0.1064516129032258,30,3
RandomForest,per_class,M1,0.6464646464646465,0.1032258064516129,30,3
RandomForest,per_class,M1,0.6702127659574468,0.10161290322580645,30,3
RandomForest,per_class,M1,0.6704545454545454,0.09516129032258064,30,3
RandomForest,per_class,M1,0.6707317073170732,0.08870967741935484,30,3
RandomForest,per_class,M1,0.6883116883116883,0.08548387096774193,30,3
RandomForest,per_class,M1,0.6712328767123288,0.07903225806451612,30,3
RandomForest,per_class,M1,0.6811594202898551,0.07580645161290323,30,3
RandomForest,per_class,M1,0.6615384615384615,0.06935483870967742,30,3
RandomForest,per_class,M1,0.6721311475409836,0.06612903225806452,30,3
RandomForest,per_class,M1,0.6964285714285714,0.06290322580645161,30,3
RandomForest,per_class,M1,0.7115384615384616,0.05967741935483871,30,3
RandomForest,per_class,M1,0.7,0.056451612903225805,30,3
RandomForest,per_class,M1,0.7291666666666666,0.056451612903225805,30,3
RandomForest,per_class,M1,0.723404255319149,0.054838709677419356,30,3
RandomForest,per_class,M1,0.7894736842105263,0.04838709677419355,30,3
RandomForest,per_class,M1,0.8333333333333334,0.04838709677419355,30,3
RandomForest,per_class,M1,0.8787878787878788,0.0467741935483871,30,3
RandomForest,per_class,M1,0.8928571428571429,0.04032258064516129,30,3
RandomForest,per_class,M1,0.9230769230769231,0.03870967741935484,30,3
RandomForest,per_class,M1,0.9130434782608695,0.03387096774193549,30,3
RandomForest,per_class,M1,0.9,0.02903225806451613,30,3
RandomForest,per_class,M1,0.8947368421052632,0.027419354838709678,30,3
RandomForest,per_class,M1,0.8888888888888888,0.025806451612903226,30,3
RandomForest,per_class,M1,0.875,0.02258064516129032,30,3
RandomForest,per_class,M1,0.9230769230769231,0.01935483870967742,30,3
RandomForest,per_class,M1,0.9166666666666666,0.017741935483870968,30,3
RandomForest,per_class,M1,0.9090909090909091,0.016129032258064516,30,3
RandomForest,per_class,M1,1.0,0.014516129032258065,30,3
RandomForest,per_class,M1,1.0,0.01129032258064516,30,3
RandomForest,per_class,M1,1.0,0.00967741935483871,30,3
RandomForest,per_class,M1,1.0,0.008064516129032258,30,3
RandomForest,per_class,M1,1.0,0.0064516129032258064,30,3
RandomForest,per_class,M1,1.0,0.0032258064516129032,30,3
RandomForest,per_class,M1,1.0,0.0016129032258064516,30,3
RandomForest,per_class,M1,1.0,0.0,30,3
RandomForest,per_class,M2,0.05068531273916371,1.0,30,3
RandomForest,per_class,M2,0.05565529622980251,1.0,30,3
RandomForest,per_class,M2,0.06323012116211404,0.9993136582017845,30,3
RandomForest,per_class,M2,0.07200475082892067,0.9986273164035689,30,3
RandomForest,per_class,M2,0.08240635641316686,0.9965682910089224,30,3
RandomForest,per_class,M2,0.09343564611813257,0.9945092656142759,30,3
RandomForest,per_class,M2,0.10554744525547445,0.9924502402196294,30,3
RandomForest,per_class,M2,0.11904565343019896,0.9897048730267674,30,3
RandomForest,per_class,M2,0.13351903435468895,0.9869595058339052,30,3
RandomForest,per_class,M2,0.14873286248442044,0.9828414550446122,30,3
RandomForest,per_class,M2,0.16540917005223446,0.9780370624571036,30,3
RandomForest,per_class,M2,0.18241503604531412,0.9725463280713795,30,3
RandomForest,per_class,M2,0.20034052213393871,0.9691146190803019,30,3
RandomForest,per_class,M2,0.21859884537369326,0.9615648592999314,30,3
RandomForest,per_class,M2,0.23718712753277713,0.9560741249142073,30,3
RandomForest,per_class,M2,0.25763216679076695,0.9498970487302677,30,3
RandomForest,per_class,M2,0.2802275960170697,0.9464653397391901,30,3
RandomForest,per_class,M2,0.3005249343832021,0.9430336307481125,30,3
RandomForest,per_class,M2,0.3212349752533585,0.9354838709677419,30,3
RandomForest,per_class,M2,0.3391282438901487,0.9238160603980783,30,3
RandomForest,per_class,M2,0.36093707436665756,0.9094028826355525,30,3
RandomForest,per_class,M2,0.3849737914967967,0.9073438572409059,30,3
RandomForest,per_class,M2,0.40477667493796526,0.8956760466712422,30,3
RandomForest,per_class,M2,0.42439184746877057,0.8860672614962252,30,3
RandomForest,per_class,M2,0.4422075668170774,0.8743994509265615,30,3
RandomForest,per_class,M2,0.46139773143066226,0.8654770075497598,30,3
RandomForest,per_class,M2,0.47839388145315487,0.8586135895676047,30,3
RandomForest,per_class,M2,0.4951961569255404,0.8490048043925875,30,3
RandomForest,per_class,M2,0.5166737019839595,0.8400823610157858,30,3
RandomForest,per_class,M2,0.5331858407079646,0.8270418668496912,30,3
RandomForest,per_class,M2,0.5476300046019328,0.8167467398764585,30,3
RandomForest,per_class,M2,0.558305568776773,0.8050789293067948,30,3
RandomForest,per_class,M2,0.5728444003964321,0.7934111187371311,30,3
RandomForest,per_class,M2,0.5836317135549872,0.7831159917638985,30,3
RandomForest,per_class,M2,0.5990415335463258,0.7721345229924502,30,3
RandomForest,per_class,M2,0.6121212121212121,0.762525737817433,30,3
RandomForest,per_class,M2,0.6282782212086659,0.7563486616334935,30,3
RandomForest,per_class,M2,0.642899233942251,0.7487989018531228,30,3
RandomForest,per_class,M2,0.6535908267954134,0.7433081674673988,30,3
RandomForest,per_class,M2,0.6643920595533499,0.7350720658888126,30,3
RandomForest,per_class,M2,0.6745373324824505,0.7254632807137955,30,3
RandomForest,per_class,M2,0.687910643889619,0.7185998627316403,30,3
RandomForest,per_class,M2,0.703326544467074,0.7110501029512697,30,3
RandomForest,per_class,M2,0.7119944211994421,0.700754975978037,30,3
RandomForest,per_class,M2,0.7258992805755395,0.6925188743994509,30,3
RandomForest,per_class,M2,0.7414307004470939,0.6829100892244337,30,3
RandomForest,per_class,M2,0.7446483180428135,0.668496911461908,30,3
RandomForest,per_class,M2,0.750975800156128,0.6602608098833219,30,3
RandomForest,per_class,M2,0.762779552715655,0.6554564172958133,30,3
RandomForest,per_class,M2,0.7689178193653377,0.6485929993136582,30,3
RandomForest,per_class,M2,0.7728395061728395,0.6444749485243652,30,3
RandomForest,per_class,M2,0.7866215071972904,0.63761153054221,30,3
RandomForest,per_class,M2,0.7941176470588235,0.6300617707618394,30,3
RandomForest,per_class,M2,0.796669588080631,0.6238846945778997,30,3
RandomForest,per_class,M2,0.8055555555555556,0.6170212765957447,30,3
RandomForest,per_class,M2,0.8132969034608379,0.6129032258064516,30,3
RandomForest,per_class,M2,0.8140610545790934,0.6039807824296499,30,3
RandomForest,per_class,M2,0.8192999053926207,0.5943719972546329,30,3
RandomForest,per_class,M2,0.8227969348659003,0.5895676046671242,30,3
RandomForest,per_class,M2,0.826171875,0.5806451612903226,30,3
RandomForest,per_class,M2,0.83,0.5696636925188744,30,3
RandomForest,per_class,M2,0.8338430173292558,0.5614275909402883,30,3
RandomForest,per_class,M2,0.8425443169968717,0.5545641729581332,30,3
RandomForest,per_class,M2,0.8508583690987125,0.5442690459849004,30,3
RandomForest,per_class,M2,0.8532608695652174,0.5387783115991764,30,3
RandomForest,per_class,M2,0.8568257491675916,0.5298558682223747,30,3
RandomForest,per_class,M2,0.8611422172452408,0.5277968428277282,30,3
RandomForest,per_class,M2,0.8627002288329519,0.5175017158544956,30,3
RandomForest,per_class,M2,0.8662790697674418,0.511324639670556,30,3
RandomForest,per_class,M2,0.8684834123222749,0.5030885380919699,30,3
RandomForest,per_class,M2,0.8710462287104623,0.4914207275223061,30,3
RandomForest,per_class,M2,0.8773234200743495,0.48592999313658203,30,3
RandomForest,per_class,M2,0.8827238335435057,0.4804392587508579,30,3
RandomForest,per_class,M2,0.8867438867438867,0.4728894989704873,30,3
RandomForest,per_class,M2,0.88671875,0.4673987645847632,30,3
RandomForest,per_class,M2,0.8873994638069705,0.4543582704186685,30,3
RandomForest,per_class,M2,0.8934426229508197,0.4488675360329444,30,3
RandomForest,per_class,M2,0.8959778085991679,0.4433768016472203,30,3
RandomForest,per_class,M2,0.8970380818053597,0.4365133836650652,30,3
RandomForest,per_class,M2,0.9018759018759018,0.42896362388469456,30,3
RandomForest,per_class,M2,0.9036496350364963,0.4248455730954015,30,3
RandomForest,per_class,M2,0.9037037037037037,0.4186684969114619,30,3
RandomForest,per_class,M2,0.9081325301204819,0.4138641043239533,30,3
RandomForest,per_class,M2,0.9162790697674419,0.4056280027453672,30,3
RandomForest,per_class,M2,0.9167974882260597,0.4008236101578586,30,3
RandomForest,per_class,M2,0.9153354632587859,0.39327385037748797,30,3
RandomForest,per_class,M2,0.9174757281553398,0.3891557995881949,30,3
RandomForest,per_class,M2,0.916256157635468,0.3829787234042553,30,3
RandomForest,per_class,M2,0.9180602006688964,0.3768016472203157,30,3
RandomForest,per_class,M2,0.9196581196581196,0.3692518874399451,30,3
RandomForest,per_class,M2,0.9228070175438596,0.36101578586135896,30,3
RandomForest,per_class,M2,0.925589836660617,0.3500343170899108,30,3
RandomForest,per_class,M2,0.9242144177449169,0.34317089910775567,30,3
RandomForest,per_class,M2,0.9288389513108615,0.3404255319148936,30,3
RandomForest,per_class,M2,0.9305019305019305,0.33081674673987643,30,3
RandomForest,per_class,M2,0.9362549800796812,0.3225806451612903,30,3
RandomForest,per_class,M2,0.9381443298969072,0.31228551818805766,30,3
RandomForest,per_class,M2,0.9381663113006397,0.30199039121482496,30,3
RandomForest,per_class,M2,0.9391304347826087,0.2964996568291009,30,3
RandomForest,per_class,M2,0.9415730337078652,0.28757721345229925,30,3
RandomForest,per_class,M2,0.9509345794392523,0.27934111187371313,30,3
RandomForest,per_class,M2,0.9590361445783132,0.2731640356897735,30,3
RandomForest,per_class,M2,0.9606879606879607,0.26835964310226496,30,3
RandomForest,per_class,M2,0.9622166246851386,0.2621825669183253,30,3
RandomForest,per_class,M2,0.961038961038961,0.2539464653397392,30,3
RandomForest,per_class,M2,0.9652406417112299,0.2477693891557996,30,3
RandomForest,per_class,M2,0.9672131147540983,0.24296499656829101,30,3
RandomForest,per_class,M2,0.969187675070028,0.23747426218256693,30,3
RandomForest,per_class,M2,0.9710144927536232,0.2299245024021963,30,3
RandomForest,per_class,M2,0.9702380952380952,0.2237474262182567,30,3
RandomForest,per_class,M2,0.9696048632218845,0.2189430336307481,30,3
RandomForest,per_class,M2,0.9748427672955975,0.2127659574468085,30,3
RandomForest,per_class,M2,0.9768211920529801,0.20247083047357584,30,3
RandomForest,per_class,M2,0.9763513513513513,0.19835277968428278,30,3
RandomForest,per_class,M2,0.9755244755244755,0.19148936170212766,30,3
RandomForest,per_class,M2,0.9748201438848921,0.18599862731640357,30,3
RandomForest,per_class,M2,0.9737827715355806,0.17844886753603295,30,3
RandomForest,per_class,M2,0.9724409448818898,0.1695264241592313,30,3
RandomForest,per_class,M2,0.9713114754098361,0.16266300617707619,30,3
RandomForest,per_class,M2,0.9703389830508474,0.1571722717913521,30,3
RandomForest,per_class,M2,0.9695652173913043,0.15305422100205904,30,3
RandomForest,per_class,M2,0.968609865470852,0.14824982841455045,30,3
RandomForest,per_class,M2,0.9716981132075472,0.14138641043239533,30,3
RandomForest,per_class,M2,0.9804878048780488,0.13795470144131777,30,3
RandomForest,per_class,M2,0.9795918367346939,0.13177762525737818,30,3
RandomForest,per_class,M2,0.9786096256684492,0.12560054907343857,30,3
RandomForest,per_class,M2,0.9834254143646409,0.12216884008236102,30,3
RandomForest,per_class,M2,0.9826589595375722,0.11667810569663692,30,3
RandomForest,per_class,M2,0.9821428571428571,0.11324639670555937,30,3
RandomForest,per_class,M2,0.9807692307692307,0.10501029512697323,30,3
RandomForest,per_class,M2,0.9864864864864865,0.10020590253946465,30,3
RandomForest,per_class,M2,0.9929078014184397,0.09608785175017158,30,3
RandomForest,per_class,M2,0.9924812030075187,0.09059711736444749,30,3
RandomForest,per_class,M2,1.0,0.08373369938229239,30,3
RandomForest,per_class,M2,1.0,0.07618393960192175,30,3
RandomForest,per_class,M2,1.0,0.07069320521619767,30,3
RandomForest,per_class,M2,1.0,0.06657515442690459,30,3
RandomForest,per_class,M2,1.0,0.06451612903225806,30,3
RandomForest,per_class,M2,1.0,0.05971173644474949,30,3
RandomForest,per_class,M2,1.0,0.05628002745367193,30,3
RandomForest,per_class,M2,1.0,0.050102951269732326,30,3
RandomForest,per_class,M2,1.0,0.04735758407687028,30,3
RandomForest,per_class,M2,1.0,0.04598490048043926,30,3
RandomForest,per_class,M2,1.0,0.043239533287577216,30,3
RandomForest,per_class,M2,1.0,0.04049416609471517,30,3
RandomForest,per_class,M2,1.0,0.035003431708991076,30,3
RandomForest,per_class,M2,1.0,0.031571722717913524,30,3
RandomForest,per_class,M2,1.0,0.024708304735758406,30,3
RandomForest,per_class,M2,1.0,0.023335621139327384,30,3
RandomForest,per_class,M2,1.0,0.022649279341111873,30,3
RandomForest,per_class,M2,1.0,0.02059025394646534,30,3
RandomForest,per_class,M2,1.0,0.015785861358956762,30,3
RandomForest,per_class,M2,1.0,0.015099519560741249,30,3
RandomForest,per_class,M2,1.0,0.013040494166094716,30,3
RandomForest,per_class,M2,1.0,0.01029512697323267,30,3
RandomForest,per_class,M2,1.0,0.009608785175017159,30,3
RandomForest,per_class,M2,1.0,0.008236101578586136,30,3
RandomForest,per_class,M2,1.0,0.00549073438572409,30,3
RandomForest,per_class,M2,1.0,0.004118050789293068,30,3
RandomForest,per_class,M2,1.0,0.0034317089910775567,30,3
RandomForest,per_class,M2,1.0,0.002059025394646534,30,3
RandomForest,per_class,M2,1.0,0.0013726835964310226,30,3
RandomForest,per_class,M2,1.0,0.0006863417982155113,30,3
RandomForest,per_class,M2,1.0,0.0,30,3
RandomForest,per_class,Mast,0.023133653377861267,1.0,30,3
RandomForest,per_class,Mast,0.02660745008602409,1.0,30,3
RandomForest,per_class,Mast,0.03267813267813268,1.0,30,3
RandomForest,per_class,Mast,0.04212059792247277,1.0,30,3
RandomForest,per_class,Mast,0.056494775295217056,1.0,30,3
RandomForest,per_class,Mast,0.0777686820254941,1.0,30,3
RandomForest,per_class,Mast,0.10520487264673312,1.0,30,3
RandomForest,per_class,Mast,0.13917957304311426,1.0,30,3
RandomForest,per_class,Mast,0.17852348993288591,1.0,30,3
RandomForest,per_class,Mast,0.22129783693843594,1.0,30,3
RandomForest,per_class,Mast,0.261314443132625,0.9984962406015038,30,3
RandomForest,per_class,Mast,0.29624664879356566,0.9969924812030075,30,3
RandomForest,per_class,Mast,0.3253071253071253,0.9954887218045113,30,3
RandomForest,per_class,Mast,0.34698162729658794,0.9939849624060151,30,3
RandomForest,per_class,Mast,0.3685092127303183,0.9924812030075187,30,3
RandomForest,per_class,Mast,0.38448074679113187,0.9909774436090225,30,3
RandomForest,per_class,Mast,0.40146430750457596,0.9894736842105263,30,3
RandomForest,per_class,Mast,0.41514195583596214,0.9894736842105263,30,3
RandomForest,per_class,Mast,0.425614489003881,0.9894736842105263,30,3
RandomForest,per_class,Mast,0.43309162821357944,0.98796992481203,30,3
RandomForest,per_class,Mast,0.4450474898236092,0.9864661654135338,30,3
RandomForest,per_class,Mast,0.4536652835408022,0.9864661654135338,30,3
RandomForest,per_class,Mast,0.46262341325811,0.9864661654135338,30,3
RandomForest,per_class,Mast,0.46790299572039945,0.9864661654135338,30,3
RandomForest,per_class,Mast,0.47671033478893743,0.9849624060150376,30,3
RandomForest,per_class,Mast,0.4823008849557522,0.9834586466165414,30,3
RandomForest,per_class,Mast,0.493202416918429,0.9819548872180451,30,3
RandomForest,per_class,Mast,0.4984709480122324,0.9804511278195489,30,3
RandomForest,per_class,Mast,0.504266873545384,0.9774436090225563,30,3
RandomForest,per_class,Mast,0.512214342001576,0.9774436090225563,30,3
RandomForest,per_class,Mast,0.5171042163882259,0.9774436090225563,30,3
RandomForest,per_class,Mast,0.5255060728744939,0.9759398496240601,30,3
RandomForest,per_class,Mast,0.5324036095159967,0.9759398496240601,30,3
RandomForest,per_class,Mast,0.5376967688483845,0.9759398496240601,30,3
RandomForest,per_class,Mast,0.5426421404682275,0.9759398496240601,30,3
RandomForest,per_class,Mast,0.5491525423728814,0.9744360902255639,30,3
RandomForest,per_class,Mast,0.5562231759656653,0.9744360902255639,30,3
RandomForest,per_class,Mast,0.5597920277296361,0.9714285714285714,30,3
RandomForest,per_class,Mast,0.5662862159789289,0.9699248120300752,30,3
RandomForest,per_class,Mast,0.5728241563055062,0.9699248120300752,30,3
RandomForest,per_class,Mast,0.581081081081081,0.9699248120300752,30,3
RandomForest,per_class,Mast,0.5842391304347826,0.9699248120300752,30,3
RandomForest,per_class,Mast,0.5919117647058824,0.968421052631579,30,3
RandomForest,per_class,Mast,0.6005612722170253,0.9654135338345865,30,3
RandomForest,per_class,Mast,0.6054872280037843,0.9624060150375939,30,3
RandomForest,per_class,Mast,0.6176185866408519,0.9593984962406015,30,3
RandomForest,per_class,Mast,0.623046875,0.9593984962406015,30,3
RandomForest,per_class,Mast,0.629812438302073,0.9593984962406015,30,3
RandomForest,per_class,Mast,0.637,0.9578947368421052,30,3
RandomForest,per_class,Mast,0.6479591836734694,0.9548872180451128,30,3
RandomForest,per_class,Mast,0.6566390041493776,0.9518796992481203,30,3
RandomForest,per_class,Mast,0.6649159663865546,0.9518796992481203,30,3
RandomForest,per_class,Mast,0.6687898089171974,0.9473684210526315,30,3
RandomForest,per_class,Mast,0.6759956942949408,0.9443609022556391,30,3
RandomForest,per_class,Mast,0.6803900325027086,0.9443609022556391,30,3
RandomForest,per_class,Mast,0.6894273127753304,0.9413533834586466,30,3
RandomForest,per_class,Mast,0.6964285714285714,0.9383458646616541,30,3
RandomForest,per_class,Mast,0.7037457434733257,0.9323308270676691,30,3
RandomForest,per_class,Mast,0.709049255441008,0.9308270676691729,30,3
RandomForest,per_class,Mast,0.7152777777777778,0.9293233082706767,30,3
RandomForest,per_class,Mast,0.7226792009400705,0.924812030075188,30,3
RandomForest,per_class,Mast,0.7259786476868327,0.9203007518796993,30,3
RandomForest,per_class,Mast,0.7310924369747899,0.9157894736842105,30,3
RandomForest,per_class,Mast,0.7384428223844283,0.912781954887218,30,3
RandomForest,per_class,Mast,0.7407862407862408,0.9067669172932331,30,3
RandomForest,per_class,Mast,0.7437810945273632,0.8992481203007519,30,3
RandomForest,per_class,Mast,0.7503152585119798,0.8947368421052632,30,3
RandomForest,per_class,Mast,0.7576530612244898,0.8932330827067669,30,3
RandomForest,per_class,Mast,0.7672301690507152,0.8872180451127819,30,3
RandomForest,per_class,Mast,0.7733860342555995,0.8827067669172932,30,3
RandomForest,per_class,Mast,0.7758620689655172,0.8796992481203008,30,3
RandomForest,per_class,Mast,0.7788203753351206,0.8736842105263158,30,3
RandomForest,per_class,Mast,0.7815468113975577,0.8661654135338346,30,3
RandomForest,per_class,Mast,0.7846364883401921,0.8601503759398497,30,3
RandomForest,per_class,Mast,0.7888888888888889,0.8541353383458646,30,3
RandomForest,per_class,Mast,0.7899159663865546,0.8481203007518797,30,3
RandomForest,per_class,Mast,0.796875,0.843609022556391,30,3
RandomForest,per_class,Mast,0.8014388489208633,0.837593984962406,30,3
RandomForest,per_class,Mast,0.8031837916063675,0.8345864661654135,30,3
RandomForest,per_class,Mast,0.8075801749271136,0.8330827067669173,30,3
RandomForest,per_class,Mast,0.8121301775147929,0.825563909774436,30,3
RandomForest,per_class,Mast,0.8195488721804511,0.8195488721804511,30,3
RandomForest,per_class,Mast,0.8224582701062215,0.8150375939849624,30,3
RandomForest,per_class,Mast,0.8236196319018405,0.8075187969924812,30,3
RandomForest,per_class,Mast,0.8299531981279251,0.8,30,3
RandomForest,per_class,Mast,0.8372827804107424,0.7969924812030075,30,3
RandomForest,per_class,Mast,0.8421052631578947,0.793984962406015,30,3
RandomForest,per_class,Mast,0.8465266558966075,0.7879699248120301,30,3
RandomForest,per_class,Mast,0.8499184339314845,0.7834586466165413,30,3
RandomForest,per_class,Mast,0.8500823723228995,0.7759398496240602,30,3
RandomForest,per_class,Mast,0.8547579298831386,0.7699248120300752,30,3
RandomForest,per_class,Mast,0.853781512605042,0.7639097744360902,30,3
RandomForest,per_class,Mast,0.8568994889267462,0.7563909774436091,30,3
RandomForest,per_class,Mast,0.8663194444444444,0.750375939849624,30,3
RandomForest,per_class,Mast,0.8707964601769912,0.7398496240601504,30,3
RandomForest,per_class,Mast,0.8732142857142857,0.7353383458646616,30,3
RandomForest,per_class,Mast,0.8848263254113345,0.7278195488721805,30,3
RandomForest,per_class,Mast,0.8907407407407407,0.7233082706766917,30,3
RandomForest,per_class,Mast,0.8913857677902621,0.7157894736842105,30,3
RandomForest,per_class,Mast,0.8954372623574145,0.7082706766917293,30,3
RandomForest,per_class,Mast,0.8959537572254336,0.6992481203007519,30,3
RandomForest,per_class,Mast,0.900390625,0.6932330827067669,30,3
RandomForest,per_class,Mast,0.9017681728880157,0.6902255639097744,30,3
RandomForest,per_class,Mast,0.9063745019920318,0.6842105263157895,30,3
RandomForest,per_class,Mast,0.9105691056910569,0.6736842105263158,30,3
RandomForest,per_class,Mast,0.9154639175257732,0.6676691729323309,30,3
RandomForest,per_class,Mast,0.919661733615222,0.6541353383458647,30,3
RandomForest,per_class,Mast,0.9264069264069265,0.643609022556391,30,3
RandomForest,per_class,Mast,0.9287305122494433,0.6270676691729323,30,3
RandomForest,per_class,Mast,0.9276018099547512,0.6165413533834586,30,3
RandomForest,per_class,Mast,0.9330254041570438,0.6075187969924812,30,3
RandomForest,per_class,Mast,0.9369158878504673,0.6030075187969924,30,3
RandomForest,per_class,Mast,0.9360189573459715,0.5939849624060151,30,3
RandomForest,per_class,Mast,0.9396135265700483,0.5849624060150376,30,3
RandomForest,per_class,Mast,0.9405940594059405,0.5714285714285714,30,3
RandomForest,per_class,Mast,0.9462915601023018,0.556390977443609,30,3
RandomForest,per_class,Mast,0.9476439790575916,0.544360902255639,30,3
RandomForest,per_class,Mast,0.946949602122016,0.5368421052631579,30,3
RandomForest,per_class,Mast,0.9534246575342465,0.5233082706766917,30,3
RandomForest,per_class,Mast,0.9555555555555556,0.5172932330827068,30,3
RandomForest,per_class,Mast,0.9563953488372093,0.49473684210526314,30,3
RandomForest,per_class,Mast,0.9642857142857143,0.48721804511278194,30,3
RandomForest,per_class,Mast,0.9663608562691132,0.47518796992481205,30,3
RandomForest,per_class,Mast,0.9716088328075709,0.4631578947368421,30,3
RandomForest,per_class,Mast,0.9714285714285714,0.46015037593984964,30,3
RandomForest,per_class,Mast,0.9771241830065359,0.4496240601503759,30,3
RandomForest,per_class,Mast,0.9832214765100671,0.4406015037593985,30,3
RandomForest,per_class,Mast,0.9825783972125436,0.42406015037593986,30,3
RandomForest,per_class,Mast,0.9857142857142858,0.4150375939849624,30,3
RandomForest,per_class,Mast,0.9856115107913669,0.4120300751879699,30,3
RandomForest,per_class,Mast,0.9888888888888889,0.40150375939849625,30,3
RandomForest,per_class,Mast,0.9885931558935361,0.39097744360902253,30,3
RandomForest,per_class,Mast,0.9920948616600791,0.3774436090225564,30,3
RandomForest,per_class,Mast,0.9919354838709677,0.3699248120300752,30,3
RandomForest,per_class,Mast,0.9916317991631799,0.35639097744360904,30,3
RandomForest,per_class,Mast,0.9914529914529915,0.34887218045112783,30,3
RandomForest,per_class,Mast,0.9911894273127754,0.3383458646616541,30,3
RandomForest,per_class,Mast,0.9908256880733946,0.324812030075188,30,3
RandomForest,per_class,Mast,0.9906103286384976,0.3172932330827068,30,3
RandomForest,per_class,Mast,0.9902912621359223,0.3067669172932331,30,3
RandomForest,per_class,Mast,0.99,0.29774436090225564,30,3
RandomForest,per_class,Mast,0.9896373056994818,0.28721804511278193,30,3
RandomForest,per_class,Mast,0.9891304347826086,0.2736842105263158,30,3
RandomForest,per_class,Mast,0.9888888888888889,0.26766917293233083,30,3
RandomForest,per_class,Mast,0.9941860465116279,0.2571428571428571,30,3
RandomForest,per_class,Mast,0.9937888198757764,0.24060150375939848,30,3
RandomForest,per_class,Mast,0.9932432432432432,0.22105263157894736,30,3
RandomForest,per_class,Mast,1.0,0.20601503759398496,30,3
RandomForest,per_class,Mast,1.0,0.19398496240601504,30,3
RandomForest,per_class,Mast,1.0,0.18045112781954886,30,3
RandomForest,per_class,Mast,1.0,0.17293233082706766,30,3
RandomForest,per_class,Mast,1.0,0.16691729323308271,30,3
RandomForest,per_class,Mast,1.0,0.16090225563909774,30,3
RandomForest,per_class,Mast,1.0,0.15037593984962405,30,3
RandomForest,per_class,Mast,1.0,0.13834586466165413,30,3
RandomForest,per_class,Mast,1.0,0.13082706766917293,30,3
RandomForest,per_class,Mast,1.0,0.12330827067669173,30,3
RandomForest,per_class,Mast,1.0,0.11578947368421053,30,3
RandomForest,per_class,Mast,1.0,0.10977443609022557,30,3
RandomForest,per_class,Mast,1.0,0.10225563909774436,30,3
RandomForest,per_class,Mast,1.0,0.0962406015037594,30,3
RandomForest,per_class,Mast,1.0,0.08571428571428572,30,3
RandomForest,per_class,Mast,1.0,0.07819548872180451,30,3
RandomForest,per_class,Mast,1.0,0.07218045112781955,30,3
RandomForest,per_class,Mast,1.0,0.06466165413533835,30,3
RandomForest,per_class,Mast,1.0,0.061654135338345864,30,3
RandomForest,per_class,Mast,1.0,0.05112781954887218,30,3
RandomForest,per_class,Mast,1.0,0.04661654135338346,30,3
RandomForest,per_class,Mast,1.0,0.04360902255639098,30,3
RandomForest,per_class,Mast,1.0,0.03609022556390978,30,3
RandomForest,per_class,Mast,1.0,0.03458646616541353,30,3
RandomForest,per_class,Mast,1.0,0.03007518796992481,30,3
RandomForest,per_class,Mast,1.0,0.02556390977443609,30,3
RandomForest,per_class,Mast,1.0,0.02406015037593985,30,3
RandomForest,per_class,Mast,1.0,0.015037593984962405,30,3
RandomForest,per_class,Mast,1.0,0.013533834586466165,30,3
RandomForest,per_class,Mast,1.0,0.012030075187969926,30,3
RandomForest,per_class,Mast,1.0,0.009022556390977444,30,3
RandomForest,per_class,Mast,1.0,0.007518796992481203,30,3
RandomForest,per_class,Mast,1.0,0.004511278195488722,30,3
RandomForest,per_class,Mast,1.0,0.0015037593984962407,30,3
RandomForest,per_class,Mast,1.0,0.0,30,3
RandomForest,per_class,Monocyte,0.04807625408752522,1.0,30,3
RandomForest,per_class,Monocyte,0.05348359862127725,0.9992764109985528,30,3
RandomForest,per_class,Monocyte,0.06233013227033883,0.9956584659913169,30,3
RandomForest,per_class,Monocyte,0.07296,0.9898697539797395,30,3
RandomForest,per_class,Monocyte,0.08575031525851198,0.984081041968162,30,3
RandomForest,per_class,Monocyte,0.0999261447562777,0.9790159189580319,30,3
RandomForest,per_class,Monocyte,0.115868366643694,0.9732272069464544,30,3
RandomForest,per_class,Monocyte,0.13105076741440377,0.9638205499276411,30,3
RandomForest,per_class,Monocyte,0.1476105404198303,0.9565846599131693,30,3
RandomForest,per_class,Monocyte,0.16415851517431654,0.947178002894356,30,3
RandomForest,per_class,Monocyte,0.1793455750379677,0.9399421128798843,30,3
RandomForest,per_class,Monocyte,0.19301415236374586,0.9276410998552822,30,3
RandomForest,per_class,Monocyte,0.2064935064935065,0.9204052098408104,30,3
RandomForest,per_class,Monocyte,0.2190874259839777,0.91027496382055,30,3
RandomForest,per_class,Monocyte,0.2329175200148948,0.9052098408104197,30,3
RandomForest,per_class,Monocyte,0.24440957238132602,0.9015918958031838,30,3
RandomForest,per_class,Monocyte,0.2564847478730027,0.894356005788712,30,3
RandomForest,per_class,Monocyte,0.2670875054418807,0.8878437047756874,30,3
RandomForest,per_class,Monocyte,0.2772975432211101,0.88205499276411,30,3
RandomForest,per_class,Monocyte,0.2870699881376038,0.8755426917510853,30,3
RandomForest,per_class,Monocyte,0.296998031496063,0.8733719247467439,30,3
RandomForest,per_class,Monocyte,0.30674531931264426,0.8654124457308249,30,3
RandomForest,per_class,Monocyte,0.31633466135458166,0.861794500723589,30,3
RandomForest,per_class,Monocyte,0.325626204238921,0.8560057887120116,30,3
RandomForest,per_class,Monocyte,0.3323847467273762,0.8451519536903039,30,3
RandomForest,per_class,Monocyte,0.34169371496016526,0.8379160636758322,30,3
RandomForest,per_class,Monocyte,0.34943786083257367,0.8321273516642547,30,3
RandomForest,per_class,Monocyte,0.35734507706826046,0.8219971056439942,30,3
RandomForest,per_class,Monocyte,0.3648736228127025,0.8147612156295224,30,3
RandomForest,per_class,Monocyte,0.3741200134093195,0.8075253256150506,30,3
RandomForest,per_class,Monocyte,0.38065630397236616,0.7973950795947902,30,3
RandomForest,per_class,Monocyte,0.38813920454545453,0.7908827785817656,30,3
RandomForest,per_class,Monocyte,0.39705882352941174,0.7814761215629522,30,3
RandomForest,per_class,Monocyte,0.40636846095526913,0.7756874095513748,30,3
RandomForest,per_class,Monocyte,0.4139008199921905,0.7670043415340086,30,3
RandomForest,per_class,Monocyte,0.4204180064308682,0.7568740955137482,30,3
RandomForest,per_class,Monocyte,0.42975893599334997,0.748191027496382,30,3
RandomForest,per_class,Monocyte,0.44348202685145083,0.7409551374819102,30,3
RandomForest,per_class,Monocyte,0.4532794249775382,0.7301013024602026,30,3
RandomForest,per_class,Monocyte,0.46111111111111114,0.7206946454413893,30,3
RandomForest,per_class,Monocyte,0.4700813786500718,0.7105643994211288,30,3
RandomForest,per_class,Monocyte,0.47705969412925503,0.6997105643994211,30,3
RandomForest,per_class,Monocyte,0.48928571428571427,0.6939218523878437,30,3
RandomForest,per_class,Monocyte,0.4989495798319328,0.6874095513748191,30,3
RandomForest,per_class,Monocyte,0.5078590785907859,0.6780028943560058,30,3
RandomForest,per_class,Monocyte,0.5167410714285714,0.6700434153400868,30,3
RandomForest,per_class,Monocyte,0.5225843339050886,0.6613603473227206,30,3
RandomForest,per_class,Monocyte,0.5305164319248826,0.6541244573082489,30,3
RandomForest,per_class,Monocyte,0.5347721822541966,0.6454413892908828,30,3
RandomForest,per_class,Monocyte,0.5433312845728334,0.6396526772793053,30,3
RandomForest,per_class,Monocyte,0.5482233502538071,0.6251808972503617,30,3
RandomForest,per_class,Monocyte,0.5570032573289903,0.6186685962373372,30,3
RandomForest,per_class,Monocyte,0.5593561368209256,0.6034732272069464,30,3
RandomForest,per_class,Monocyte,0.5663230240549828,0.5962373371924746,30,3
RandomForest,per_class,Monocyte,0.5729537366548043,0.5824891461649783,30,3
RandomForest,per_class,Monocyte,0.5812591508052709,0.5745296671490593,30,3
RandomForest,per_class,Monocyte,0.5896656534954408,0.5615050651230101,30,3
RandomForest,per_class,Monocyte,0.5965463108320251,0.5499276410998553,30,3
RandomForest,per_class,Monocyte,0.6046887631366209,0.5412445730824892,30,3
RandomForest,per_class,Monocyte,0.613255033557047,0.5289435600578871,30,3
RandomForest,per_class,Monocyte,0.6208981001727115,0.5202604920405209,30,3
RandomForest,per_class,Monocyte,0.631484794275492,0.5108538350217077,30,3
RandomForest,per_class,Monocyte,0.6382783882783882,0.5043415340086831,30,3
RandomForest,per_class,Monocyte,0.6395131086142322,0.49421128798842257,30,3
RandomForest,per_class,Monocyte,0.6477927063339731,0.48842257597684513,30,3
RandomForest,per_class,Monocyte,0.6508407517309595,0.4761215629522431,30,3
RandomForest,per_class,Monocyte,0.6575481256332321,0.46960926193921854,30,3
RandomForest,per_class,Monocyte,0.6611226611226612,0.4602026049204052,30,3
RandomForest,per_class,Monocyte,0.6663101604278074,0.4507959479015919,30,3
RandomForest,per_class,Monocyte,0.6769911504424779,0.44283646888567296,30,3
RandomForest,per_class,Monocyte,0.6841505131128849,0.4341534008683068,30,3
RandomForest,per_class,Monocyte,0.6928487690504103,0.4276410998552822,30,3
RandomForest,per_class,Monocyte,0.6974483596597812,0.4153400868306802,30,3
RandomForest,per_class,Monocyte,0.6997518610421837,0.4081041968162084,30,3
RandomForest,per_class,Monocyte,0.7039390088945362,0.40086830680173663,30,3
RandomForest,per_class,Monocyte,0.7105606258148631,0.394356005788712,30,3
RandomForest,per_class,Monocyte,0.7186666666666667,0.39001447178002896,30,3
RandomForest,per_class,Monocyte,0.7248968363136176,0.38133140376266283,30,3
RandomForest,per_class,Monocyte,0.7291960507757405,0.374095513748191,30,3
RandomForest,per_class,Monocyte,0.7344877344877345,0.3683068017366136,30,3
RandomForest,per_class,Monocyte,0.7422222222222222,0.3625180897250362,30,3
RandomForest,per_class,Monocyte,0.7522796352583586,0.3581765557163531,30,3
RandomForest,per_class,Monocyte,0.7590551181102362,0.34876989869753977,30,3
RandomForest,per_class,Monocyte,0.766721044045677,0.34008683068017365,30,3
RandomForest,per_class,Monocyte,0.7728813559322034,0.3299565846599132,30,3
RandomForest,per_class,Monocyte,0.7773913043478261,0.32344428364688854,30,3
RandomForest,per_class,Monocyte,0.781981981981982,0.3140376266280753,30,3
RandomForest,per_class,Monocyte,0.7839851024208566,0.30463096960926195,30,3
RandomForest,per_class,Monocyte,0.7923809523809524,0.30101302460202606,30,3
RandomForest,per_class,Monocyte,0.7948717948717948,0.29160636758321273,30,3
RandomForest,per_class,Monocyte,0.7983706720977597,0.28364688856729375,30,3
RandomForest,per_class,Monocyte,0.8037578288100209,0.2785817655571635,30,3
RandomForest,per_class,Monocyte,0.8103448275862069,0.27206946454413894,30,3
RandomForest,per_class,Monocyte,0.8157303370786517,0.2626628075253256,30,3
RandomForest,per_class,Monocyte,0.8261904761904761,0.25108538350217074,30,3
RandomForest,per_class,Monocyte,0.8308823529411765,0.24529667149059334,30,3
RandomForest,per_class,Monocyte,0.8341836734693877,0.2366136034732272,30,3
RandomForest,per_class,Monocyte,0.8302872062663186,0.2301013024602026,30,3
RandomForest,per_class,Monocyte,0.8387096774193549,0.22575976845151954,30,3
RandomForest,per_class,Monocyte,0.8463687150837989,0.21924746743849494,30,3
RandomForest,per_class,Monocyte,0.8530259365994236,0.2141823444283647,30,3
RandomForest,per_class,Monocyte,0.8532934131736527,0.20622286541244572,30,3
RandomForest,per_class,Monocyte,0.8553846153846154,0.2011577424023155,30,3
RandomForest,per_class,Monocyte,0.8594249201277955,0.19464544138929088,30,3
RandomForest,per_class,Monocyte,0.8624161073825504,0.18596237337192476,30,3
RandomForest,per_class,Monocyte,0.8698630136986302,0.1837916063675832,30,3
RandomForest,per_class,Monocyte,0.8763250883392226,0.17945007235890015,30,3
RandomForest,per_class,Monocyte,0.8814814814814815,0.17221418234442837,30,3
RandomForest,per_class,Monocyte,0.87890625,0.16280752532561504,30,3
RandomForest,per_class,Monocyte,0.8790322580645161,0.1577424023154848,30,3
RandomForest,per_class,Monocyte,0.8836206896551724,0.14833574529667148,30,3
RandomForest,per_class,Monocyte,0.8828828828828829,0.14182344428364688,30,3
RandomForest,per_class,Monocyte,0.883177570093458,0.13675832127351664,30,3
RandomForest,per_class,Monocyte,0.8894230769230769,0.13386396526772792,30,3
RandomForest,per_class,Monocyte,0.8923076923076924,0.12590448625180897,30,3
RandomForest,per_class,Monocyte,0.8882978723404256,0.12083936324167872,30,3
RandomForest,per_class,Monocyte,0.8977272727272727,0.11432706222865413,30,3
RandomForest,per_class,Monocyte,0.9006211180124224,0.1049204052098408,30,3
RandomForest,per_class,Monocyte,0.8954248366013072,0.09913169319826338,30,3
RandomForest,per_class,Monocyte,0.896551724137931,0.09406657018813314,30,3
RandomForest,per_class,Monocyte,0.9083969465648855,0.08610709117221418,30,3
RandomForest,per_class,Monocyte,0.9105691056910569,0.08104196816208394,30,3
RandomForest,per_class,Monocyte,0.9210526315789473,0.07597684515195369,30,3
RandomForest,per_class,Monocyte,0.918918918918919,0.07380607814761216,30,3
RandomForest,per_class,Monocyte,0.9245283018867925,0.07091172214182344,30,3
RandomForest,per_class,Monocyte,0.93,0.06729377713458755,30,3
RandomForest,per_class,Monocyte,0.925531914893617,0.06295224312590449,30,3
RandomForest,per_class,Monocyte,0.9347826086956522,0.06222865412445731,30,3
RandomForest,per_class,Monocyte,0.9425287356321839,0.059334298118668596,30,3
RandomForest,per_class,Monocyte,0.9620253164556962,0.05499276410998553,30,3
RandomForest,per_class,Monocyte,0.9714285714285714,0.049204052098408106,30,3
RandomForest,per_class,Monocyte,0.9838709677419355,0.04413892908827786,30,3
RandomForest,per_class,Monocyte,0.9818181818181818,0.03907380607814761,30,3
RandomForest,per_class,Monocyte,1.0,0.03690303907380608,30,3
RandomForest,per_class,Monocyte,1.0,0.03473227206946455,30,3
RandomForest,per_class,Monocyte,1.0,0.030390738060781478,30,3
RandomForest,per_class,Monocyte,1.0,0.027496382054992764,30,3
RandomForest,per_class,Monocyte,1.0,0.02532561505065123,30,3
RandomForest,per_class,Monocyte,1.0,0.020260492040520984,30,3
RandomForest,per_class,Monocyte,1.0,0.01881331403762663,30,3
RandomForest,per_class,Monocyte,1.0,0.017366136034732273,30,3
RandomForest,per_class,Monocyte,1.0,0.016642547033285094,30,3
RandomForest,per_class,Monocyte,1.0,0.013748191027496382,30,3
RandomForest,per_class,Monocyte,1.0,0.013024602026049204,30,3
RandomForest,per_class,Monocyte,1.0,0.012301013024602027,30,3
RandomForest,per_class,Monocyte,1.0,0.010130246020260492,30,3
RandomForest,per_class,Monocyte,1.0,0.008683068017366137,30,3
RandomForest,per_class,Monocyte,1.0,0.00723589001447178,30,3
RandomForest,per_class,Monocyte,1.0,0.005788712011577424,30,3
RandomForest,per_class,Monocyte,1.0,0.002894356005788712,30,3
RandomForest,per_class,Monocyte,1.0,0.001447178002894356,30,3
RandomForest,per_class,Monocyte,1.0,0.000723589001447178,30,3
RandomForest,per_class,Monocyte,1.0,0.0,30,3
RandomForest,per_class,NK,0.05106797467473735,1.0,30,3
RandomForest,per_class,NK,0.06420412271871855,0.9993188010899182,30,3
RandomForest,per_class,NK,0.08493515516442797,0.9993188010899182,30,3
RandomForest,per_class,NK,0.10905977815826695,0.9979564032697548,30,3
RandomForest,per_class,NK,0.13488843813387424,0.9965940054495913,30,3
RandomForest,per_class,NK,0.1603556140928548,0.9952316076294278,30,3
RandomForest,per_class,NK,0.18377358490566037,0.9952316076294278,30,3
RandomForest,per_class,NK,0.20534458509142053,0.9945504087193461,30,3
RandomForest,per_class,NK,0.22435798862063663,0.9938692098092643,30,3
RandomForest,per_class,NK,0.23961766644693475,0.9904632152588556,30,3
RandomForest,per_class,NK,0.25412136092599086,0.9870572207084468,30,3
RandomForest,per_class,NK,0.2669006280014776,0.9843324250681199,30,3
RandomForest,per_class,NK,0.2787773263687367,0.9816076294277929,30,3
RandomForest,per_class,NK,0.2917174177831912,0.978882833787466,30,3
RandomForest,per_class,NK,0.30274841437632133,0.9754768392370572,30,3
RandomForest,per_class,NK,0.311924594476107,0.9693460490463215,30,3
RandomForest,per_class,NK,0.3223159334397082,0.9632152588555858,30,3
RandomForest,per_class,NK,0.3332545497518317,0.9604904632152589,30,3
RandomForest,per_class,NK,0.34587020648967554,0.9584468664850136,30,3
RandomForest,per_class,NK,0.3563247645711377,0.9536784741144414,30,3
RandomForest,per_class,NK,0.36538461538461536,0.9448228882833788,30,3
RandomForest,per_class,NK,0.37530662305805396,0.9380108991825613,30,3
RandomForest,per_class,NK,0.3841189674523008,0.9325613079019074,30,3
RandomForest,per_class,NK,0.39376443418013857,0.9291553133514986,30,3
RandomForest,per_class,NK,0.40476190476190477,0.9264305177111717,30,3
RandomForest,per_class,NK,0.41679530719357827,0.9196185286103542,30,3
RandomForest,per_class,NK,0.4274322169059011,0.9128065395095368,30,3
RandomForest,per_class,NK,0.4381171823568137,0.9066757493188011,30,3
RandomForest,per_class,NK,0.4479591836734694,0.8971389645776566,30,3
RandomForest,per_class,NK,0.45734265734265733,0.8910081743869209,30,3
RandomForest,per_class,NK,0.46904247660187187,0.8876021798365122,30,3
RandomForest,per_class,NK,0.47664582567120267,0.8828337874659401,30,3
RandomForest,per_class,NK,0.48828420256991684,0.8801089918256131,30,3
RandomForest,per_class,NK,0.49671179883945843,0.8746594005449592,30,3
RandomForest,per_class,NK,0.5069637883008357,0.8678474114441417,30,3
RandomForest,per_class,NK,0.5165103954341622,0.8630790190735694,30,3
RandomForest,per_class,NK,0.5280569514237856,0.8589918256130791,30,3
RandomForest,per_class,NK,0.5395528804815133,0.8549046321525886,30,3
RandomForest,per_class,NK,0.5516171909614532,0.8480926430517711,30,3
RandomForest,per_class,NK,0.5630979498861047,0.8419618528610354,30,3
RandomForest,per_class,NK,0.5725618292113859,0.8358310626702997,30,3
RandomForest,per_class,NK,0.5824964131994261,0.829700272479564,30,3
RandomForest,per_class,NK,0.5931372549019608,0.8242506811989101,30,3
RandomForest,per_class,NK,0.6039354187689203,0.8153950953678474,30,3
RandomForest,per_class,NK,0.6136716727084413,0.8072207084468664,30,3
RandomForest,per_class,NK,0.625531914893617,0.8010899182561307,30,3
RandomForest,per_class,NK,0.6310363537710255,0.7922343324250681,30,3
RandomForest,per_class,NK,0.6391061452513966,0.779291553133515,30,3
RandomForest,per_class,NK,0.6452894438138479,0.7745231607629428,30,3
RandomForest,per_class,NK,0.6531322505800464,0.7670299727520435,30,3
RandomForest,per_class,NK,0.6650859513930053,0.7643051771117166,30,3
RandomForest,per_class,NK,0.673728813559322,0.7581743869209809,30,3
RandomForest,per_class,NK,0.6790123456790124,0.7493188010899182,30,3
RandomForest,per_class,NK,0.684940138626339,0.7404632152588556,30,3
RandomForest,per_class,NK,0.6934964584674823,0.7336512261580381,30,3
RandomForest,per_class,NK,0.69750656167979,0.7241144414168937,30,3
RandomForest,per_class,NK,0.7045454545454546,0.717983651226158,30,3
RandomForest,per_class,NK,0.7110808973487424,0.7125340599455041,30,3
RandomForest,per_class,NK,0.7184466019417476,0.7057220708446866,30,3
RandomForest,per_class,NK,0.7276595744680852,0.6989100817438693,30,3
RandomForest,per_class,NK,0.7302393038433648,0.6859673024523161,30,3
RandomForest,per_class,NK,0.7357512953367875,0.6771117166212534,30,3
RandomForest,per_class,NK,0.7435508345978755,0.667574931880109,30,3
RandomForest,per_class,NK,0.7517347725520431,0.6641689373297003,30,3
RandomForest,per_class,NK,0.7561168113654302,0.6525885558583107,30,3
RandomForest,per_class,NK,0.7639902676399026,0.6416893732970027,30,3
RandomForest,per_class,NK,0.769742310889443,0.6307901907356949,30,3
RandomForest,per_class,NK,0.7813834329632793,0.6232970027247956,30,3
RandomForest,per_class,NK,0.7899305555555556,0.6198910081743869,30,3
RandomForest,per_class,NK,0.7964601769911505,0.6130790190735694,30,3
RandomForest,per_class,NK,0.8056312443233424,0.6042234332425068,30,3
RandomForest,per_class,NK,0.8118628359592215,0.5967302452316077,30,3
RandomForest,per_class,NK,0.8195631528964862,0.587874659400545,30,3
RandomForest,per_class,NK,0.8259187620889749,0.5817438692098093,30,3
RandomForest,per_class,NK,0.8296812749003984,0.5674386920980926,30,3
RandomForest,per_class,NK,0.8304568527918782,0.5572207084468664,30,3
RandomForest,per_class,NK,0.8417190775681341,0.5470027247956403,30,3
RandomForest,per_class,NK,0.8493003229278795,0.5374659400544959,30,3
RandomForest,per_class,NK,0.8524229074889867,0.5272479564032697,30,3
RandomForest,per_class,NK,0.8548931383577053,0.5177111716621253,30,3
RandomForest,per_class,NK,0.8631090487238979,0.5068119891008175,30,3
RandomForest,per_class,NK,0.8665879574970484,0.5,30,3
RandomForest,per_class,NK,0.8681983071342201,0.4891008174386921,30,3
RandomForest,per_class,NK,0.8725247524752475,0.48024523160762944,30,3
RandomForest,per_class,NK,0.8775773195876289,0.46389645776566757,30,3
RandomForest,per_class,NK,0.8811748998664887,0.44959128065395093,30,3
RandomForest,per_class,NK,0.8871866295264624,0.43392370572207084,30,3
RandomForest,per_class,NK,0.8922413793103449,0.42302452316076294,30,3
RandomForest,per_class,NK,0.8961424332344213,0.4114441416893733,30,3
RandomForest,per_class,NK,0.8964992389649924,0.40122615803814715,30,3
RandomForest,per_class,NK,0.8988941548183255,0.38760217983651224,30,3
RandomForest,per_class,NK,0.9029126213592233,0.3801089918256131,30,3
RandomForest,per_class,NK,0.9083333333333333,0.3712534059945504,30,3
RandomForest,per_class,NK,0.9120689655172414,0.3603542234332425,30,3
RandomForest,per_class,NK,0.9162210338680927,0.35013623978201636,30,3
RandomForest,per_class,NK,0.9229323308270677,0.33446866485013627,30,3
RandomForest,per_class,NK,0.9278752436647173,0.3242506811989101,30,3
RandomForest,per_class,NK,0.9295774647887324,0.31471389645776565,30,3
RandomForest,per_class,NK,0.9333333333333333,0.2956403269754768,30,3
RandomForest,per_class,NK,0.9407744874715261,0.28133514986376024,30,3
RandomForest,per_class,NK,0.9473684210526315,0.26975476839237056,30,3
RandomForest,per_class,NK,0.9496221662468514,0.25681198910081743,30,3
RandomForest,per_class,NK,0.9516129032258065,0.24114441416893734,30,3
RandomForest,per_class,NK,0.9556786703601108,0.23501362397820164,30,3
RandomForest,per_class,NK,0.9566473988439307,0.22547683923705722,30,3
RandomForest,per_class,NK,0.9575757575757575,0.21525885558583105,30,3
RandomForest,per_class,NK,0.9583333333333334,0.20367847411444143,30,3
RandomForest,per_class,NK,0.95578231292517,0.19141689373297002,30,3
RandomForest,per_class,NK,0.960431654676259,0.1818801089918256,30,3
RandomForest,per_class,NK,0.9584905660377359,0.17302452316076294,30,3
RandomForest,per_class,NK,0.9571984435797666,0.167574931880109,30,3
RandomForest,per_class,NK,0.9585062240663901,0.15735694822888283,30,3
RandomForest,per_class,NK,0.968609865470852,0.14713896457765668,30,3
RandomForest,per_class,NK,0.9710144927536232,0.1369209809264305,30,3
RandomForest,per_class,NK,0.9783783783783784,0.12329700272479564,30,3
RandomForest,per_class,NK,0.9827586206896551,0.1164850136239782,30,3
RandomForest,per_class,NK,0.9820359281437125,0.11171662125340599,30,3
RandomForest,per_class,NK,0.9813664596273292,0.10762942779291552,30,3
RandomForest,per_class,NK,0.9795918367346939,0.09809264305177112,30,3
RandomForest,per_class,NK,0.9779411764705882,0.09059945504087194,30,3
RandomForest,per_class,NK,0.992,0.08446866485013624,30,3
RandomForest,per_class,NK,0.9914529914529915,0.07901907356948229,30,3
RandomForest,per_class,NK,1.0,0.07561307901907358,30,3
RandomForest,per_class,NK,1.0,0.07084468664850137,30,3
RandomForest,per_class,NK,1.0,0.06471389645776567,30,3
RandomForest,per_class,NK,1.0,0.060626702997275204,30,3
RandomForest,per_class,NK,1.0,0.05790190735694823,30,3
RandomForest,per_class,NK,1.0,0.055858310626702996,30,3
RandomForest,per_class,NK,1.0,0.05108991825613079,30,3
RandomForest,per_class,NK,1.0,0.048365122615803814,30,3
RandomForest,per_class,NK,1.0,0.04427792915531335,30,3
RandomForest,per_class,NK,1.0,0.040190735694822885,30,3
RandomForest,per_class,NK,1.0,0.035422343324250684,30,3
RandomForest,per_class,NK,1.0,0.03337874659400545,30,3
RandomForest,per_class,NK,1.0,0.03201634877384196,30,3
RandomForest,per_class,NK,1.0,0.02861035422343324,30,3
RandomForest,per_class,NK,1.0,0.025885558583106268,30,3
RandomForest,per_class,NK,1.0,0.02452316076294278,30,3
RandomForest,per_class,NK,1.0,0.023841961852861037,30,3
RandomForest,per_class,NK,1.0,0.022479564032697547,30,3
RandomForest,per_class,NK,1.0,0.02111716621253406,30,3
RandomForest,per_class,NK,1.0,0.020435967302452316,30,3
RandomForest,per_class,NK,1.0,0.01907356948228883,30,3
RandomForest,per_class,NK,1.0,0.0170299727520436,30,3
RandomForest,per_class,NK,1.0,0.015667574931880108,30,3
RandomForest,per_class,NK,1.0,0.01430517711171662,30,3
RandomForest,per_class,NK,1.0,0.01226158038147139,30,3
RandomForest,per_class,NK,1.0,0.010899182561307902,30,3
RandomForest,per_class,NK,1.0,0.008855585831062671,30,3
RandomForest,per_class,NK,1.0,0.007493188010899182,30,3
RandomForest,per_class,NK,1.0,0.006811989100817439,30,3
RandomForest,per_class,NK,1.0,0.006130790190735695,30,3
RandomForest,per_class,NK,1.0,0.004768392370572207,30,3
RandomForest,per_class,NK,1.0,0.004087193460490463,30,3
RandomForest,per_class,NK,1.0,0.0020435967302452314,30,3
RandomForest,per_class,NK,1.0,0.0013623978201634877,30,3
RandomForest,per_class,NK,1.0,0.0,30,3
RandomForest,per_class,Neutrophil,0.02393376469769707,1.0,30,3
RandomForest,per_class,Neutrophil,0.025930951304085632,1.0,30,3
RandomForest,per_class,Neutrophil,0.029760359892724284,1.0,30,3
RandomForest,per_class,Neutrophil,0.035285670325161556,1.0,30,3
RandomForest,per_class,Neutrophil,0.04241264353623904,0.998546511627907,30,3
RandomForest,per_class,Neutrophil,0.05041583866931626,0.9956395348837209,30,3
RandomForest,per_class,Neutrophil,0.0594679186228482,0.9941860465116279,30,3
RandomForest,per_class,Neutrophil,0.06875062820383958,0.9941860465116279,30,3
RandomForest,per_class,Neutrophil,0.07839541547277937,0.9941860465116279,30,3
RandomForest,per_class,Neutrophil,0.0886552440290758,0.9927325581395349,30,3
RandomForest,per_class,Neutrophil,0.09863847045191193,0.9898255813953488,30,3
RandomForest,per_class,Neutrophil,0.1091288974606236,0.9869186046511628,30,3
RandomForest,per_class,Neutrophil,0.12060390763765541,0.9869186046511628,30,3
RandomForest,per_class,Neutrophil,0.13179507235041063,0.9796511627906976,30,3
RandomForest,per_class,Neutrophil,0.1454820579334198,0.9781976744186046,30,3
RandomForest,per_class,Neutrophil,0.15874524714828897,0.9709302325581395,30,3
RandomForest,per_class,Neutrophil,0.17130345182895415,0.9665697674418605,30,3
RandomForest,per_class,Neutrophil,0.1853932584269663,0.9593023255813954,30,3
RandomForest,per_class,Neutrophil,0.20030534351145038,0.9534883720930233,30,3
RandomForest,per_class,Neutrophil,0.21374795417348608,0.9491279069767442,30,3
RandomForest,per_class,Neutrophil,0.22876277758195276,0.9433139534883721,30,3
RandomForest,per_class,Neutrophil,0.24347826086956523,0.936046511627907,30,3
RandomForest,per_class,Neutrophil,0.26104746317512273,0.9273255813953488,30,3
RandomForest,per_class,Neutrophil,0.27602799650043747,0.9171511627906976,30,3
RandomForest,per_class,Neutrophil,0.28743625405656004,0.9011627906976745,30,3
RandomForest,per_class,Neutrophil,0.30093734583127774,0.8866279069767442,30,3
RandomForest,per_class,Neutrophil,0.3182773109243697,0.8808139534883721,30,3
RandomForest,per_class,Neutrophil,0.3333333333333333,0.8706395348837209,30,3
RandomForest,per_class,Neutrophil,0.34780023781212843,0.8502906976744186,30,3
RandomForest,per_class,Neutrophil,0.36152882205513787,0.8386627906976745,30,3
RandomForest,per_class,Neutrophil,0.37812911725955206,0.8343023255813954,30,3
RandomForest,per_class,Neutrophil,0.3955119214586255,0.8197674418604651,30,3
RandomForest,per_class,Neutrophil,0.41185185185185186,0.8081395348837209,30,3
RandomForest,per_class,Neutrophil,0.4318181818181818,0.8008720930232558,30,3
RandomForest,per_class,Neutrophil,0.44526748971193414,0.7863372093023255,30,3
RandomForest,per_class,Neutrophil,0.46320346320346323,0.7776162790697675,30,3
RandomForest,per_class,Neutrophil,0.47714808043875684,0.7587209302325582,30,3
RandomForest,per_class,Neutrophil,0.49235181644359466,0.748546511627907,30,3
RandomForest,per_class,Neutrophil,0.5075225677031093,0.7354651162790697,30,3
RandomForest,per_class,Neutrophil,0.5204188481675392,0.7223837209302325,30,3
RandomForest,per_class,Neutrophil,0.535675082327113,0.7093023255813954,30,3
RandomForest,per_class,Neutrophil,0.5552995391705069,0.7005813953488372,30,3
RandomForest,per_class,Neutrophil,0.5707434052757794,0.6918604651162791,30,3
RandomForest,per_class,Neutrophil,0.5909090909090909,0.6802325581395349,30,3
RandomForest,per_class,Neutrophil,0.6039473684210527,0.6671511627906976,30,3
RandomForest,per_class,Neutrophil,0.6146540027137042,0.6584302325581395,30,3
RandomForest,per_class,Neutrophil,0.6190476190476191,0.6424418604651163,30,3
RandomForest,per_class,Neutrophil,0.6325036603221084,0.627906976744186,30,3
RandomForest,per_class,Neutrophil,0.6465256797583081,0.622093023255814,30,3
RandomForest,per_class,Neutrophil,0.659375,0.6133720930232558,30,3
RandomForest,per_class,Neutrophil,0.6682769726247987,0.6031976744186046,30,3
RandomForest,per_class,Neutrophil,0.678391959798995,0.5886627906976745,30,3
RandomForest,per_class,Neutrophil,0.6903114186851211,0.5799418604651163,30,3
RandomForest,per_class,Neutrophil,0.6959578207381371,0.5755813953488372,30,3
RandomForest,per_class,Neutrophil,0.7078039927404719,0.5668604651162791,30,3
RandomForest,per_class,Neutrophil,0.7166979362101313,0.5552325581395349,30,3
RandomForest,per_class,Neutrophil,0.7192307692307692,0.5436046511627907,30,3
RandomForest,per_class,Neutrophil,0.7288801571709234,0.5392441860465116,30,3
RandomForest,per_class,Neutrophil,0.7399193548387096,0.5334302325581395,30,3
RandomForest,per_class,Neutrophil,0.7520833333333333,0.5247093023255814,30,3
RandomForest,per_class,Neutrophil,0.7569892473118279,0.5116279069767442,30,3
RandomForest,per_class,Neutrophil,0.7613882863340564,0.5101744186046512,30,3
RandomForest,per_class,Neutrophil,0.7762863534675615,0.5043604651162791,30,3
RandomForest,per_class,Neutrophil,0.7835990888382688,0.5,30,3
RandomForest,per_class,Neutrophil,0.7971698113207547,0.49127906976744184,30,3
RandomForest,per_class,Neutrophil,0.8033573141486811,0.48691860465116277,30,3
RandomForest,per_class,Neutrophil,0.8103448275862069,0.47819767441860467,30,3
RandomForest,per_class,Neutrophil,0.8188775510204082,0.46656976744186046,30,3
RandomForest,per_class,Neutrophil,0.819371727748691,0.45494186046511625,30,3
RandomForest,per_class,Neutrophil,0.8278688524590164,0.44040697674418605,30,3
RandomForest,per_class,Neutrophil,0.8328690807799443,0.43459302325581395,30,3
RandomForest,per_class,Neutrophil,0.8600583090379009,0.42877906976744184,30,3
RandomForest,per_class,Neutrophil,0.8678678678678678,0.42005813953488375,30,3
RandomForest,per_class,Neutrophil,0.8711656441717791,0.4127906976744186,30,3
RandomForest,per_class,Neutrophil,0.8857142857142857,0.4055232558139535,30,3
RandomForest,per_class,Neutrophil,0.8918032786885246,0.3953488372093023,30,3
RandomForest,per_class,Neutrophil,0.8966666666666666,0.39098837209302323,30,3
RandomForest,per_class,Neutrophil,0.9016949152542373,0.3866279069767442,30,3
RandomForest,per_class,Neutrophil,0.9,0.3793604651162791,30,3
RandomForest,per_class,Neutrophil,0.9078014184397163,0.37209302325581395,30,3
RandomForest,per_class,Neutrophil,0.9120879120879121,0.36191860465116277,30,3
RandomForest,per_class,Neutrophil,0.9107806691449815,0.3561046511627907,30,3
RandomForest,per_class,Neutrophil,0.9163498098859315,0.3502906976744186,30,3
RandomForest,per_class,Neutrophil,0.9192307692307692,0.34738372093023256,30,3
RandomForest,per_class,Neutrophil,0.9263565891472868,0.34738372093023256,30,3
RandomForest,per_class,Neutrophil,0.9362549800796812,0.34156976744186046,30,3
RandomForest,per_class,Neutrophil,0.9469387755102041,0.3372093023255814,30,3
RandomForest,per_class,Neutrophil,0.9535864978902954,0.32848837209302323,30,3
RandomForest,per_class,Neutrophil,0.9650655021834061,0.32122093023255816,30,3
RandomForest,per_class,Neutrophil,0.9642857142857143,0.313953488372093,30,3
RandomForest,per_class,Neutrophil,0.9678899082568807,0.3066860465116279,30,3
RandomForest,per_class,Neutrophil,0.971830985915493,0.3008720930232558,30,3
RandomForest,per_class,Neutrophil,0.9715639810426541,0.29796511627906974,30,3
RandomForest,per_class,Neutrophil,0.9714285714285714,0.29651162790697677,30,3
RandomForest,per_class,Neutrophil,0.9710144927536232,0.2921511627906977,30,3
RandomForest,per_class,Neutrophil,0.9705882352941176,0.2877906976744186,30,3
RandomForest,per_class,Neutrophil,0.9698492462311558,0.2805232558139535,30,3
RandomForest,per_class,Neutrophil,0.9693877551020408,0.2761627906976744,30,3
RandomForest,per_class,Neutrophil,0.9787234042553191,0.26744186046511625,30,3
RandomForest,per_class,Neutrophil,0.9834254143646409,0.25872093023255816,30,3
RandomForest,per_class,Neutrophil,0.9831460674157303,0.2543604651162791,30,3
RandomForest,per_class,Neutrophil,0.9829545454545454,0.251453488372093,30,3
RandomForest,per_class,Neutrophil,0.9826589595375722,0.24709302325581395,30,3
RandomForest,per_class,Neutrophil,0.9823529411764705,0.24273255813953487,30,3
RandomForest,per_class,Neutrophil,0.9820359281437125,0.23837209302325582,30,3
RandomForest,per_class,Neutrophil,0.9818181818181818,0.23546511627906977,30,3
RandomForest,per_class,Neutrophil,0.9813664596273292,0.22965116279069767,30,3
RandomForest,per_class,Neutrophil,0.9811320754716981,0.22674418604651161,30,3
RandomForest,per_class,Neutrophil,0.9808917197452229,0.2238372093023256,30,3
RandomForest,per_class,Neutrophil,0.9866666666666667,0.21511627906976744,30,3
RandomForest,per_class,Neutrophil,0.9863013698630136,0.20930232558139536,30,3
RandomForest,per_class,Neutrophil,0.986013986013986,0.20494186046511628,30,3
RandomForest,per_class,Neutrophil,0.9855072463768116,0.19767441860465115,30,3
RandomForest,per_class,Neutrophil,0.9851851851851852,0.1933139534883721,30,3
RandomForest,per_class,Neutrophil,0.9846153846153847,0.18604651162790697,30,3
RandomForest,per_class,Neutrophil,0.984375,0.18313953488372092,30,3
RandomForest,per_class,Neutrophil,0.9838709677419355,0.17732558139534885,30,3
RandomForest,per_class,Neutrophil,0.9830508474576272,0.1686046511627907,30,3
RandomForest,per_class,Neutrophil,0.9829059829059829,0.16715116279069767,30,3
RandomForest,per_class,Neutrophil,0.9818181818181818,0.1569767441860465,30,3
RandomForest,per_class,Neutrophil,0.981651376146789,0.1555232558139535,30,3
RandomForest,per_class,Neutrophil,0.9801980198019802,0.1438953488372093,30,3
RandomForest,per_class,Neutrophil,0.9795918367346939,0.13953488372093023,30,3
RandomForest,per_class,Neutrophil,0.9895833333333334,0.1380813953488372,30,3
RandomForest,per_class,Neutrophil,1.0,0.13372093023255813,30,3
RandomForest,per_class,Neutrophil,1.0,0.1308139534883721,30,3
RandomForest,per_class,Neutrophil,1.0,0.12645348837209303,30,3
RandomForest,per_class,Neutrophil,1.0,0.12063953488372094,30,3
RandomForest,per_class,Neutrophil,1.0,0.11482558139534883,30,3
RandomForest,per_class,Neutrophil,1.0,0.10465116279069768,30,3
RandomForest,per_class,Neutrophil,1.0,0.09883720930232558,30,3
RandomForest,per_class,Neutrophil,1.0,0.09593023255813954,30,3
RandomForest,per_class,Neutrophil,1.0,0.08575581395348837,30,3
RandomForest,per_class,Neutrophil,1.0,0.07848837209302326,30,3
RandomForest,per_class,Neutrophil,1.0,0.07267441860465117,30,3
RandomForest,per_class,Neutrophil,1.0,0.0625,30,3
RandomForest,per_class,Neutrophil,1.0,0.059593023255813955,30,3
RandomForest,per_class,Neutrophil,1.0,0.05377906976744186,30,3
RandomForest,per_class,Neutrophil,1.0,0.04215116279069767,30,3
RandomForest,per_class,Neutrophil,1.0,0.036337209302325583,30,3
RandomForest,per_class,Neutrophil,1.0,0.030523255813953487,30,3
RandomForest,per_class,Neutrophil,1.0,0.027616279069767442,30,3
RandomForest,per_class,Neutrophil,1.0,0.024709302325581394,30,3
RandomForest,per_class,Neutrophil,1.0,0.01744186046511628,30,3
RandomForest,per_class,Neutrophil,1.0,0.011627906976744186,30,3
RandomForest,per_class,Neutrophil,1.0,0.010174418604651164,30,3
RandomForest,per_class,Neutrophil,1.0,0.00872093023255814,30,3
RandomForest,per_class,Neutrophil,1.0,0.007267441860465116,30,3
RandomForest,per_class,Neutrophil,1.0,0.005813953488372093,30,3
RandomForest,per_class,Neutrophil,1.0,0.0029069767441860465,30,3
RandomForest,per_class,Neutrophil,1.0,0.0014534883720930232,30,3
RandomForest,per_class,Neutrophil,1.0,0.0,30,3
RandomForest,per_class,Other,0.03551798511097196,1.0,30,3
RandomForest,per_class,Other,0.03842824344160488,1.0,30,3
RandomForest,per_class,Other,0.04322241977817289,1.0,30,3
RandomForest,per_class,Other,0.049443099273607745,1.0,30,3
RandomForest,per_class,Other,0.056232427366447985,0.9990205680705191,30,3
RandomForest,per_class,Other,0.06338247185420165,0.9980411361410382,30,3
RandomForest,per_class,Other,0.071228266965788,0.9951028403525954,30,3
RandomForest,per_class,Other,0.07943595769682726,0.9931439764936337,30,3
RandomForest,per_class,Other,0.08826601671309192,0.9931439764936337,30,3
RandomForest,per_class,Other,0.09706502973335891,0.9911851126346719,30,3
RandomForest,per_class,Other,0.1067018469656992,0.990205680705191,30,3
RandomForest,per_class,Other,0.11570722739285304,0.9862879529872673,30,3
RandomForest,per_class,Other,0.12559300873907617,0.9853085210577864,30,3
RandomForest,per_class,Other,0.1348405329027049,0.9813907933398629,30,3
RandomForest,per_class,Other,0.14542815674891146,0.9813907933398629,30,3
RandomForest,per_class,Other,0.1557632398753894,0.9794319294809011,30,3
RandomForest,per_class,Other,0.16616816218012628,0.9794319294809011,30,3
RandomForest,per_class,Other,0.17577574047954866,0.9764936336924583,30,3
RandomForest,per_class,Other,0.18479880774962743,0.9715964740450539,30,3
RandomForest,per_class,Other,0.19514601420678768,0.9686581782566112,30,3
RandomForest,per_class,Other,0.20571071279699876,0.9666993143976493,30,3
RandomForest,per_class,Other,0.21717060251600087,0.9637610186092067,30,3
RandomForest,per_class,Other,0.22715706685172335,0.9618021547502449,30,3
RandomForest,per_class,Other,0.237539508874301,0.9569049951028403,30,3
RandomForest,per_class,Other,0.24821792260692466,0.9549461312438785,30,3
RandomForest,per_class,Other,0.2580387988307202,0.951028403525955,30,3
RandomForest,per_class,Other,0.2669058791057135,0.9471106758080313,30,3
RandomForest,per_class,Other,0.277073732718894,0.9422135161606269,30,3
RandomForest,per_class,Other,0.2859701492537313,0.9382957884427032,30,3
RandomForest,per_class,Other,0.2953625894802365,0.9294809010773751,30,3
RandomForest,per_class,Other,0.30426356589147285,0.9226248775710089,30,3
RandomForest,per_class,Other,0.3143622363575494,0.9196865817825661,30,3
RandomForest,per_class,Other,0.32285911602209943,0.9157688540646425,30,3
RandomForest,per_class,Other,0.3315450643776824,0.9079333986287953,30,3
RandomForest,per_class,Other,0.3418708240534521,0.9020568070519099,30,3
RandomForest,per_class,Other,0.350210970464135,0.8942213516160626,30,3
RandomForest,per_class,Other,0.3565525383707202,0.8873653281096964,30,3
RandomForest,per_class,Other,0.3637469586374696,0.8785504407443683,30,3
RandomForest,per_class,Other,0.37057107127969985,0.8707149853085211,30,3
RandomForest,per_class,Other,0.3808703145196036,0.8658178256611165,30,3
RandomForest,per_class,Other,0.3890119627824546,0.8599412340842312,30,3
RandomForest,per_class,Other,0.4003690036900369,0.8501469147894222,30,3
RandomForest,per_class,Other,0.408876298394712,0.8481880509304603,30,3
RandomForest,per_class,Other,0.4176356589147287,0.8442703232125367,30,3
RandomForest,per_class,Other,0.43029087261785354,0.8403525954946132,30,3
RandomForest,per_class,Other,0.43808049535603716,0.8315377081292851,30,3
RandomForest,per_class,Other,0.4463246959280804,0.8266405484818805,30,3
RandomForest,per_class,Other,0.45499181669394434,0.8168462291870715,30,3
RandomForest,per_class,Other,0.46106442577030815,0.8060724779627816,30,3
RandomForest,per_class,Other,0.4747533372025537,0.801175318315377,30,3
RandomForest,per_class,Other,0.48300536672629696,0.7933398628795298,30,3
RandomForest,per_class,Other,0.492619926199262,0.7845249755142018,30,3
RandomForest,per_class,Other,0.5006305170239597,0.7776689520078355,30,3
RandomForest,per_class,Other,0.508101101749838,0.7678746327130265,30,3
RandomForest,per_class,Other,0.5169660678642715,0.7610186092066601,30,3
RandomForest,per_class,Other,0.5257378174330817,0.7502448579823702,30,3
RandomForest,per_class,Other,0.5346045197740112,0.7414299706170421,30,3
RandomForest,per_class,Other,0.540520984081042,0.7316356513222331,30,3
RandomForest,per_class,Other,0.5454545454545454,0.722820763956905,30,3
RandomForest,per_class,Other,0.5524528301886793,0.7169441723800196,30,3
RandomForest,per_class,Other,0.5619195046439629,0.7110675808031341,30,3
RandomForest,per_class,Other,0.566350710900474,0.702252693437806,30,3
RandomForest,per_class,Other,0.5768608414239482,0.6983349657198825,30,3
RandomForest,per_class,Other,0.5836092715231788,0.6904995102840352,30,3
RandomForest,per_class,Other,0.5867908552074513,0.6787463271302644,30,3
RandomForest,per_class,Other,0.5905923344947736,0.6640548481880509,30,3
RandomForest,per_class,Other,0.5994671403197158,0.6611165523996082,30,3
RandomForest,per_class,Other,0.6025293586269196,0.653281096963761,30,3
RandomForest,per_class,Other,0.6084949215143121,0.6454456415279138,30,3
RandomForest,per_class,Other,0.6164772727272727,0.6376101860920667,30,3
RandomForest,per_class,Other,0.623062015503876,0.6297747306562194,30,3
RandomForest,per_class,Other,0.628968253968254,0.6209598432908913,30,3
RandomForest,per_class,Other,0.6319514661274014,0.6121449559255632,30,3
RandomForest,per_class,Other,0.63579604578564,0.5984329089128305,30,3
RandomForest,per_class,Other,0.6424759871931697,0.5896180215475024,30,3
RandomForest,per_class,Other,0.6482084690553745,0.584720861900098,30,3
RandomForest,per_class,Other,0.655902004454343,0.5768854064642507,30,3
RandomForest,per_class,Other,0.6583143507972665,0.5661116552399609,30,3
RandomForest,per_class,Other,0.661610268378063,0.555337904015671,30,3
RandomForest,per_class,Other,0.671875,0.5475024485798237,30,3
RandomForest,per_class,Other,0.6753407682775713,0.5337904015670911,30,3
RandomForest,per_class,Other,0.6871794871794872,0.524975514201763,30,3
RandomForest,per_class,Other,0.6912928759894459,0.5132223310479922,30,3
RandomForest,per_class,Other,0.6977058029689609,0.5063663075416258,30,3
RandomForest,per_class,Other,0.7022160664819944,0.49657198824681686,30,3
RandomForest,per_class,Other,0.7078014184397163,0.4887365328109696,30,3
RandomForest,per_class,Other,0.7149122807017544,0.4789422135161606,30,3
RandomForest,per_class,Other,0.7155824508320726,0.4632713026444662,30,3
RandomForest,per_class,Other,0.7234375,0.4534769833496572,30,3
RandomForest,per_class,Other,0.7277147487844409,0.4397649363369246,30,3
RandomForest,per_class,Other,0.7333333333333333,0.4309500489715965,30,3
RandomForest,per_class,Other,0.7440273037542662,0.42703232125367285,30,3
RandomForest,per_class,Other,0.7583187390542907,0.4240940254652302,30,3
RandomForest,per_class,Other,0.7656529516994633,0.41919686581782567,30,3
RandomForest,per_class,Other,0.769090909090909,0.41429970617042117,30,3
RandomForest,per_class,Other,0.7757009345794392,0.40646425073457393,30,3
RandomForest,per_class,Other,0.780952380952381,0.4015670910871694,30,3
RandomForest,per_class,Other,0.7928994082840237,0.39373163565132224,30,3
RandomForest,per_class,Other,0.7947686116700201,0.3868756121449559,30,3
RandomForest,per_class,Other,0.8045738045738046,0.37904015670910873,30,3
RandomForest,per_class,Other,0.8089171974522293,0.3731635651322233,30,3
RandomForest,per_class,Other,0.8217391304347826,0.3702252693437806,30,3
RandomForest,per_class,Other,0.827354260089686,0.3614103819784525,30,3
RandomForest,per_class,Other,0.8298850574712644,0.3535749265426053,30,3
RandomForest,per_class,Other,0.8349056603773585,0.346718903036239,30,3
RandomForest,per_class,Other,0.8390243902439024,0.33692458374143,30,3
RandomForest,per_class,Other,0.8405063291139241,0.32517140058765914,30,3
RandomForest,per_class,Other,0.8439897698209718,0.3232125367286974,30,3
RandomForest,per_class,Other,0.8463541666666666,0.31831537708129287,30,3
RandomForest,per_class,Other,0.8451443569553806,0.31537708129285014,30,3
RandomForest,per_class,Other,0.8521505376344086,0.31047992164544563,30,3
RandomForest,per_class,Other,0.8547486033519553,0.2997061704211557,30,3
RandomForest,per_class,Other,0.8579710144927536,0.2899118511263467,30,3
RandomForest,per_class,Other,0.8605341246290801,0.2840352595494613,30,3
RandomForest,per_class,Other,0.8636363636363636,0.2791380999020568,30,3
RandomForest,per_class,Other,0.870253164556962,0.2693437806072478,30,3
RandomForest,per_class,Other,0.8803986710963455,0.2595494613124388,30,3
RandomForest,per_class,Other,0.8854166666666666,0.24975514201762977,30,3
RandomForest,per_class,Other,0.8941605839416058,0.23996082272282077,30,3
RandomForest,per_class,Other,0.8905660377358491,0.23114593535749264,30,3
RandomForest,per_class,Other,0.890625,0.22331047992164543,30,3
RandomForest,per_class,Other,0.9,0.22037218413320275,30,3
RandomForest,per_class,Other,0.9094650205761317,0.21645445641527913,30,3
RandomForest,per_class,Other,0.9110169491525424,0.21057786483839372,30,3
RandomForest,per_class,Other,0.9122807017543859,0.20372184133202742,30,3
RandomForest,per_class,Other,0.91324200913242,0.1958863858961802,30,3
RandomForest,per_class,Other,0.9146919431279621,0.1890303623898139,30,3
RandomForest,per_class,Other,0.9303482587064676,0.1831537708129285,30,3
RandomForest,per_class,Other,0.9326424870466321,0.1762977473065622,30,3
RandomForest,per_class,Other,0.9398907103825137,0.168462291870715,30,3
RandomForest,per_class,Other,0.9393939393939394,0.15181194906953965,30,3
RandomForest,per_class,Other,0.949685534591195,0.14789422135161606,30,3
RandomForest,per_class,Other,0.9536423841059603,0.14103819784524976,30,3
RandomForest,per_class,Other,0.9716312056737588,0.13418217433888344,30,3
RandomForest,per_class,Other,0.9849624060150376,0.12830558276199805,30,3
RandomForest,per_class,Other,0.9834710743801653,0.11655239960822723,30,3
RandomForest,per_class,Other,0.9826086956521739,0.11067580803134182,30,3
RandomForest,per_class,Other,0.9818181818181818,0.10577864838393732,30,3
RandomForest,per_class,Other,0.9902912621359223,0.09990205680705191,30,3
RandomForest,per_class,Other,0.98989898989899,0.09598432908912831,30,3
RandomForest,per_class,Other,0.989247311827957,0.0901077375122429,30,3
RandomForest,per_class,Other,1.0,0.08129285014691479,30,3
RandomForest,per_class,Other,1.0,0.07345739471106758,30,3
RandomForest,per_class,Other,1.0,0.06562193927522038,30,3
RandomForest,per_class,Other,1.0,0.06268364348677767,30,3
RandomForest,per_class,Other,1.0,0.05680705190989226,30,3
RandomForest,per_class,Other,1.0,0.05386875612144956,30,3
RandomForest,per_class,Other,1.0,0.047992164544564155,30,3
RandomForest,per_class,Other,1.0,0.043095004897159644,30,3
RandomForest,per_class,Other,1.0,0.03819784524975514,30,3
RandomForest,per_class,Other,1.0,0.03721841332027424,30,3
RandomForest,per_class,Other,1.0,0.03525954946131244,30,3
RandomForest,per_class,Other,1.0,0.031341821743388835,30,3
RandomForest,per_class,Other,1.0,0.02644466209598433,30,3
RandomForest,per_class,Other,1.0,0.024485798237022526,30,3
RandomForest,per_class,Other,1.0,0.019588638589618023,30,3
RandomForest,per_class,Other,1.0,0.015670910871694418,30,3
RandomForest,per_class,Other,1.0,0.010773751224289911,30,3
RandomForest,per_class,Other,1.0,0.0068560235063663075,30,3
RandomForest,per_class,Other,1.0,0.005876591576885406,30,3
RandomForest,per_class,Other,1.0,0.004897159647404506,30,3
RandomForest,per_class,Other,1.0,0.002938295788442703,30,3
RandomForest,per_class,Other,1.0,0.0019588638589618022,30,3
RandomForest,per_class,Other,1.0,0.0009794319294809011,30,3
RandomForest,per_class,Other,1.0,0.0,30,3
RandomForest,per_class,Treg,0.023342378069992346,1.0,30,3
RandomForest,per_class,Treg,0.02866296454506621,1.0,30,3
RandomForest,per_class,Treg,0.03410245984956292,1.0,30,3
RandomForest,per_class,Treg,0.03973431384177441,0.9985096870342772,30,3
RandomForest,per_class,Treg,0.04514520584866249,0.9985096870342772,30,3
RandomForest,per_class,Treg,0.050213595143520945,0.9985096870342772,30,3
RandomForest,per_class,Treg,0.05515765209516753,0.9985096870342772,30,3
RandomForest,per_class,Treg,0.05984814649397052,0.9985096870342772,30,3
RandomForest,per_class,Treg,0.06445086705202312,0.9970193740685543,30,3
RandomForest,per_class,Treg,0.06866378422894791,0.9940387481371088,30,3
RandomForest,per_class,Treg,0.07300230187438343,0.992548435171386,30,3
RandomForest,per_class,Treg,0.07739686228936665,0.992548435171386,30,3
RandomForest,per_class,Treg,0.08159764763538349,0.992548435171386,30,3
RandomForest,per_class,Treg,0.08561864297669627,0.9910581222056631,30,3
RandomForest,per_class,Treg,0.08953817153628653,0.9910581222056631,30,3
RandomForest,per_class,Treg,0.09376762549351382,0.9910581222056631,30,3
RandomForest,per_class,Treg,0.0973749816688664,0.9895678092399404,30,3
RandomForest,per_class,Treg,0.10157806036463919,0.9880774962742176,30,3
RandomForest,per_class,Treg,0.10563267911281315,0.9865871833084948,30,3
RandomForest,per_class,Treg,0.10957994354972606,0.9836065573770492,30,3
RandomForest,per_class,Treg,0.11402902557014513,0.9836065573770492,30,3
RandomForest,per_class,Treg,0.11759457530335475,0.9821162444113264,30,3
RandomForest,per_class,Treg,0.12205527731404192,0.9806259314456036,30,3
RandomForest,per_class,Treg,0.1266628108733372,0.9791356184798807,30,3
RandomForest,per_class,Treg,0.1311737652469506,0.977645305514158,30,3
RandomForest,per_class,Treg,0.1351575456053068,0.9716840536512668,30,3
RandomForest,per_class,Treg,0.139186295503212,0.9687034277198212,30,3
RandomForest,per_class,Treg,0.14298323036187113,0.9657228017883756,30,3
RandomForest,per_class,Treg,0.14758211678832117,0.9642324888226528,30,3
RandomForest,per_class,Treg,0.1522866572371523,0.96274217585693,30,3
RandomForest,per_class,Treg,0.15702479338842976,0.96274217585693,30,3
RandomForest,per_class,Treg,0.16081284495735074,0.9552906110283159,30,3
RandomForest,per_class,Treg,0.16395978344934262,0.9478390461997019,30,3
RandomForest,per_class,Treg,0.16701846965699207,0.9433681073025335,30,3
RandomForest,per_class,Treg,0.17051316861254412,0.9359165424739195,30,3
RandomForest,per_class,Treg,0.17486033519553074,0.9329359165424739,30,3
RandomForest,per_class,Treg,0.17842799770510614,0.9269746646795827,30,3
RandomForest,per_class,Treg,0.18337769890564923,0.9239940387481371,30,3
RandomForest,per_class,Treg,0.1883969465648855,0.9195230998509687,30,3
RandomForest,per_class,Treg,0.19426952141057935,0.9195230998509687,30,3
RandomForest,per_class,Treg,0.1979909267660402,0.910581222056632,30,3
RandomForest,per_class,Treg,0.20272969374167776,0.9076005961251863,30,3
RandomForest,per_class,Treg,0.20733379026730636,0.9016393442622951,30,3
RandomForest,per_class,Treg,0.2112676056338028,0.8941877794336811,30,3
RandomForest,per_class,Treg,0.2165097755249819,0.8912071535022354,30,3
RandomForest,per_class,Treg,0.22061011904761904,0.8837555886736215,30,3
RandomForest,per_class,Treg,0.22552380952380952,0.8822652757078987,30,3
RandomForest,per_class,Treg,0.22938647909339585,0.8748137108792846,30,3
RandomForest,per_class,Treg,0.23432475884244372,0.8688524590163934,30,3
RandomForest,per_class,Treg,0.24038063715349606,0.8658718330849479,30,3
RandomForest,per_class,Treg,0.2465986394557823,0.8643815201192251,30,3
RandomForest,per_class,Treg,0.2511993022241605,0.8584202682563339,30,3
RandomForest,per_class,Treg,0.25592841163310964,0.8524590163934426,30,3
RandomForest,per_class,Treg,0.26090950849793293,0.8464977645305514,30,3
RandomForest,per_class,Treg,0.266193853427896,0.8390461997019374,30,3
RandomForest,per_class,Treg,0.2702571567200388,0.8301043219076006,30,3
RandomForest,per_class,Treg,0.2744903033316758,0.8226527570789866,30,3
RandomForest,per_class,Treg,0.28147389969293757,0.819672131147541,30,3
RandomForest,per_class,Treg,0.28511309836927934,0.8077496274217586,30,3
RandomForest,per_class,Treg,0.2887209929843497,0.797317436661699,30,3
RandomForest,per_class,Treg,0.29490022172949004,0.7928464977645305,30,3
RandomForest,per_class,Treg,0.3007990867579909,0.7853949329359166,30,3
RandomForest,per_class,Treg,0.30819092516205066,0.7794336810730254,30,3
RandomForest,per_class,Treg,0.3086196503918023,0.7630402384500745,30,3
RandomForest,per_class,Treg,0.3137739345274861,0.7570789865871833,30,3
RandomForest,per_class,Treg,0.31746031746031744,0.7451564828614009,30,3
RandomForest,per_class,Treg,0.3233766233766234,0.7421758569299552,30,3
RandomForest,per_class,Treg,0.3291139240506329,0.736214605067064,30,3
RandomForest,per_class,Treg,0.3358516483516483,0.7287630402384501,30,3
RandomForest,per_class,Treg,0.34275618374558303,0.7228017883755589,30,3
RandomForest,per_class,Treg,0.34941520467836257,0.7123695976154992,30,3
RandomForest,per_class,Treg,0.35276532137518685,0.7034277198211625,30,3
RandomForest,per_class,Treg,0.35818601076095313,0.6944858420268256,30,3
RandomForest,per_class,Treg,0.3643533123028391,0.6885245901639344,30,3
RandomForest,per_class,Treg,0.3706407137064071,0.6810730253353204,30,3
RandomForest,per_class,Treg,0.37416666666666665,0.669150521609538,30,3
RandomForest,per_class,Treg,0.3802575107296137,0.6602086438152012,30,3
RandomForest,per_class,Treg,0.38502202643171807,0.6512667660208644,30,3
RandomForest,per_class,Treg,0.3909502262443439,0.6438152011922503,30,3
RandomForest,per_class,Treg,0.39776951672862454,0.6378539493293591,30,3
RandomForest,per_class,Treg,0.4070543374642517,0.6363636363636364,30,3
RandomForest,per_class,Treg,0.4101068999028183,0.6289120715350224,30,3
RandomForest,per_class,Treg,0.4161676646706587,0.6214605067064084,30,3
RandomForest,per_class,Treg,0.42383419689119173,0.6095380029806259,30,3
RandomForest,per_class,Treg,0.4276663146779303,0.6035767511177347,30,3
RandomForest,per_class,Treg,0.43243243243243246,0.5961251862891207,30,3
RandomForest,per_class,Treg,0.4414715719063545,0.5901639344262295,30,3
RandomForest,per_class,Treg,0.4469783352337514,0.5842026825633383,30,3
RandomForest,per_class,Treg,0.45210280373831774,0.5767511177347243,30,3
RandomForest,per_class,Treg,0.4568345323741007,0.5678092399403875,30,3
RandomForest,per_class,Treg,0.4665012406947891,0.5603576751117735,30,3
RandomForest,per_class,Treg,0.47164948453608246,0.5454545454545454,30,3
RandomForest,per_class,Treg,0.4769433465085639,0.5394932935916542,30,3
RandomForest,per_class,Treg,0.4857142857142857,0.5320417287630402,30,3
RandomForest,per_class,Treg,0.49646393210749645,0.5230998509687034,30,3
RandomForest,per_class,Treg,0.5043731778425656,0.5156482861400894,30,3
RandomForest,per_class,Treg,0.5104477611940299,0.5096870342771982,30,3
RandomForest,per_class,Treg,0.5160796324655437,0.5022354694485842,30,3
RandomForest,per_class,Treg,0.5252365930599369,0.496274217585693,30,3
RandomForest,per_class,Treg,0.5333333333333333,0.488822652757079,30,3
RandomForest,per_class,Treg,0.5347682119205298,0.481371087928465,30,3
RandomForest,per_class,Treg,0.5484429065743944,0.47242921013412814,30,3
RandomForest,per_class,Treg,0.5480427046263345,0.45901639344262296,30,3
RandomForest,per_class,Treg,0.554945054945055,0.45156482861400893,30,3
RandomForest,per_class,Treg,0.5584905660377358,0.44113263785394935,30,3
RandomForest,per_class,Treg,0.5678294573643411,0.4366616989567809,30,3
RandomForest,per_class,Treg,0.5786290322580645,0.4277198211624441,30,3
RandomForest,per_class,Treg,0.5916666666666667,0.4232488822652757,30,3
RandomForest,per_class,Treg,0.5982721382289417,0.4128166915052161,30,3
RandomForest,per_class,Treg,0.6076233183856502,0.4038748137108793,30,3
RandomForest,per_class,Treg,0.6104783599088838,0.39940387481371087,30,3
RandomForest,per_class,Treg,0.6094117647058823,0.3859910581222057,30,3
RandomForest,per_class,Treg,0.6216216216216216,0.3770491803278688,30,3
RandomForest,per_class,Treg,0.6240601503759399,0.3710879284649776,30,3
RandomForest,per_class,Treg,0.6295336787564767,0.3621460506706408,30,3
RandomForest,per_class,Treg,0.6363636363636364,0.35469448584202684,30,3
RandomForest,per_class,Treg,0.6388888888888888,0.34277198211624443,30,3
RandomForest,per_class,Treg,0.6430594900849859,0.338301043219076,30,3
RandomForest,per_class,Treg,0.6480938416422287,0.3293591654247392,30,3
RandomForest,per_class,Treg,0.6515151515151515,0.3204172876304024,30,3
RandomForest,per_class,Treg,0.653250773993808,0.3144560357675112,30,3
RandomForest,per_class,Treg,0.657051282051282,0.3055141579731744,30,3
RandomForest,per_class,Treg,0.67003367003367,0.2965722801788376,30,3
RandomForest,per_class,Treg,0.6713780918727915,0.28315946348733234,30,3
RandomForest,per_class,Treg,0.6765799256505576,0.27123695976154993,30,3
RandomForest,per_class,Treg,0.6884615384615385,0.2667660208643815,30,3
RandomForest,per_class,Treg,0.6907630522088354,0.2563338301043219,30,3
RandomForest,per_class,Treg,0.6926229508196722,0.2518628912071535,30,3
RandomForest,per_class,Treg,0.6962025316455697,0.2459016393442623,30,3
RandomForest,per_class,Treg,0.7043478260869566,0.2414307004470939,30,3
RandomForest,per_class,Treg,0.7079646017699115,0.23845007451564829,30,3
RandomForest,per_class,Treg,0.7045454545454546,0.23099850968703428,30,3
RandomForest,per_class,Treg,0.7272727272727273,0.22652757078986588,30,3
RandomForest,per_class,Treg,0.7268292682926829,0.22205663189269748,30,3
RandomForest,per_class,Treg,0.7447916666666666,0.21311475409836064,30,3
RandomForest,per_class,Treg,0.7553191489361702,0.21162444113263784,30,3
RandomForest,per_class,Treg,0.7582417582417582,0.20566318926974664,30,3
RandomForest,per_class,Treg,0.788235294117647,0.19970193740685543,30,3
RandomForest,per_class,Treg,0.79375,0.18926974664679583,30,3
RandomForest,per_class,Treg,0.7935483870967742,0.18330849478390462,30,3
RandomForest,per_class,Treg,0.8,0.17883755588673622,30,3
RandomForest,per_class,Treg,0.8041958041958042,0.17138599105812222,30,3
RandomForest,per_class,Treg,0.8161764705882353,0.16542473919523099,30,3
RandomForest,per_class,Treg,0.823076923076923,0.15946348733233978,30,3
RandomForest,per_class,Treg,0.8264462809917356,0.14903129657228018,30,3
RandomForest,per_class,Treg,0.8275862068965517,0.14307004470938897,30,3
RandomForest,per_class,Treg,0.8260869565217391,0.14157973174366617,30,3
RandomForest,per_class,Treg,0.8482142857142857,0.14157973174366617,30,3
RandomForest,per_class,Treg,0.8454545454545455,0.13859910581222057,30,3
RandomForest,per_class,Treg,0.8461538461538461,0.13114754098360656,30,3
RandomForest,per_class,Treg,0.845360824742268,0.12220566318926974,30,3
RandomForest,per_class,Treg,0.8444444444444444,0.11326378539493294,30,3
RandomForest,per_class,Treg,0.8488372093023255,0.10879284649776454,30,3
RandomForest,per_class,Treg,0.8607594936708861,0.10134128166915052,30,3
RandomForest,per_class,Treg,0.863013698630137,0.09388971684053651,30,3
RandomForest,per_class,Treg,0.8507462686567164,0.08494783904619971,30,3
RandomForest,per_class,Treg,0.8461538461538461,0.08196721311475409,30,3
RandomForest,per_class,Treg,0.8524590163934426,0.07749627421758569,30,3
RandomForest,per_class,Treg,0.8620689655172413,0.07451564828614009,30,3
RandomForest,per_class,Treg,0.8518518518518519,0.06855439642324888,30,3
RandomForest,per_class,Treg,0.86,0.06408345752608048,30,3
RandomForest,per_class,Treg,0.8723404255319149,0.06110283159463487,30,3
RandomForest,per_class,Treg,0.8780487804878049,0.05365126676602087,30,3
RandomForest,per_class,Treg,0.8918918918918919,0.04918032786885246,30,3
RandomForest,per_class,Treg,0.9117647058823529,0.046199701937406856,30,3
RandomForest,per_class,Treg,0.90625,0.043219076005961254,30,3
RandomForest,per_class,Treg,0.9032258064516129,0.041728763040238454,30,3
RandomForest,per_class,Treg,0.8928571428571429,0.037257824143070044,30,3
RandomForest,per_class,Treg,0.88,0.03278688524590164,30,3
RandomForest,per_class,Treg,0.8695652173913043,0.029806259314456036,30,3
RandomForest,per_class,Treg,0.8571428571428571,0.026825633383010434,30,3
RandomForest,per_class,Treg,0.9444444444444444,0.02533532041728763,30,3
RandomForest,per_class,Treg,0.9333333333333333,0.020864381520119227,30,3
RandomForest,per_class,Treg,0.9230769230769231,0.01788375558867362,30,3
RandomForest,per_class,Treg,0.9166666666666666,0.01639344262295082,30,3
RandomForest,per_class,Treg,0.9090909090909091,0.014903129657228018,30,3
RandomForest,per_class,Treg,0.9,0.013412816691505217,30,3
RandomForest,per_class,Treg,0.8888888888888888,0.011922503725782414,30,3
RandomForest,per_class,Treg,0.8571428571428571,0.00894187779433681,30,3
RandomForest,per_class,Treg,0.8333333333333334,0.007451564828614009,30,3
RandomForest,per_class,Treg,1.0,0.005961251862891207,30,3
RandomForest,per_class,Treg,1.0,0.0029806259314456036,30,3
RandomForest,per_class,Treg,1.0,0.0014903129657228018,30,3
RandomForest,per_class,Treg,1.0,0.0,30,3
RandomForest,per_class,Tumor,0.05746886523342378,1.0,30,3
RandomForest,per_class,Tumor,0.06565194929062512,1.0,30,3
RandomForest,per_class,Tumor,0.07872289730760067,1.0,30,3
RandomForest,per_class,Tumor,0.09682335013480249,1.0,30,3
RandomForest,per_class,Tumor,0.1189344852411807,1.0,30,3
RandomForest,per_class,Tumor,0.1436661439275135,0.9981840193704601,30,3
RandomForest,per_class,Tumor,0.17102260941713338,0.9981840193704601,30,3
RandomForest,per_class,Tumor,0.2006086427267194,0.9975786924939467,30,3
RandomForest,per_class,Tumor,0.22927100723427934,0.9975786924939467,30,3
RandomForest,per_class,Tumor,0.25948669500866006,0.9975786924939467,30,3
RandomForest,per_class,Tumor,0.2904761904761905,0.9969733656174334,30,3
RandomForest,per_class,Tumor,0.3178743961352657,0.9957627118644068,30,3
RandomForest,per_class,Tumor,0.34249427441182595,0.9957627118644068,30,3
RandomForest,per_class,Tumor,0.3654573781437792,0.9939467312348669,30,3
RandomForest,per_class,Tumor,0.3885863130475965,0.9933414043583535,30,3
RandomForest,per_class,Tumor,0.40973782771535583,0.9933414043583535,30,3
RandomForest,per_class,Tumor,0.4257090814467864,0.9903147699757869,30,3
RandomForest,per_class,Tumor,0.4422192151556157,0.9891041162227603,30,3
RandomForest,per_class,Tumor,0.458274796291093,0.9872881355932204,30,3
RandomForest,per_class,Tumor,0.4739446870451237,0.9854721549636803,30,3
RandomForest,per_class,Tumor,0.48888221153846156,0.9848668280871671,30,3
RandomForest,per_class,Tumor,0.5052893590541382,0.9830508474576272,30,3
RandomForest,per_class,Tumor,0.5183764781080218,0.9818401937046005,30,3
RandomForest,per_class,Tumor,0.5304319371727748,0.9812348668280871,30,3
RandomForest,per_class,Tumor,0.5413735343383584,0.9782082324455206,30,3
RandomForest,per_class,Tumor,0.553228021978022,0.975181598062954,30,3
RandomForest,per_class,Tumor,0.5653548840477863,0.9739709443099274,30,3
RandomForest,per_class,Tumor,0.5763016157989228,0.9715496368038741,30,3
RandomForest,per_class,Tumor,0.5870044052863436,0.9679176755447942,30,3
RandomForest,per_class,Tumor,0.59812734082397,0.9667070217917676,30,3
RandomForest,per_class,Tumor,0.606544901065449,0.9648910411622276,30,3
RandomForest,per_class,Tumor,0.6159813809154383,0.9612590799031477,30,3
RandomForest,per_class,Tumor,0.6244075829383886,0.9570217917675545,30,3
RandomForest,per_class,Tumor,0.6318527410964386,0.9558111380145279,30,3
RandomForest,per_class,Tumor,0.6430028559771522,0.9539951573849879,30,3
RandomForest,per_class,Tumor,0.6530951391773993,0.9515738498789347,30,3
RandomForest,per_class,Tumor,0.6631400761743547,0.948547215496368,30,3
RandomForest,per_class,Tumor,0.6698072805139186,0.9467312348668281,30,3
RandomForest,per_class,Tumor,0.6769565217391305,0.9424939467312349,30,3
RandomForest,per_class,Tumor,0.682399647110719,0.9364406779661016,30,3
RandomForest,per_class,Tumor,0.6914464845499328,0.9346246973365617,30,3
RandomForest,per_class,Tumor,0.6995903504779244,0.9303874092009685,30,3
RandomForest,per_class,Tumor,0.705637707948244,0.9243341404358354,30,3
RandomForest,per_class,Tumor,0.7117454375292466,0.9207021791767555,30,3
RandomForest,per_class,Tumor,0.7187648456057008,0.9158595641646489,30,3
RandomForest,per_class,Tumor,0.7283711938134364,0.912227602905569,30,3
RandomForest,per_class,Tumor,0.7328767123287672,0.9067796610169492,30,3
RandomForest,per_class,Tumor,0.7394749876176325,0.9037530266343826,30,3
RandomForest,per_class,Tumor,0.7446169253880821,0.9001210653753027,30,3
RandomForest,per_class,Tumor,0.7529232333502797,0.8964891041162227,30,3
RandomForest,per_class,Tumor,0.7597736625514403,0.8940677966101694,30,3
RandomForest,per_class,Tumor,0.7653485952133194,0.8904358353510896,30,3
RandomForest,per_class,Tumor,0.7748414376321353,0.887409200968523,30,3
RandomForest,per_class,Tumor,0.7810492505353319,0.8831719128329297,30,3
RandomForest,per_class,Tumor,0.789159891598916,0.8813559322033898,30,3
RandomForest,per_class,Tumor,0.7960308710033076,0.87409200968523,30,3
RandomForest,per_class,Tumor,0.7991096271563717,0.8692493946731235,30,3
RandomForest,per_class,Tumor,0.8061051441492368,0.8631961259079903,30,3
RandomForest,per_class,Tumor,0.8130733944954128,0.8583535108958837,30,3
RandomForest,per_class,Tumor,0.8209302325581396,0.8547215496368039,30,3
RandomForest,per_class,Tumor,0.8220786846741045,0.847457627118644,30,3
RandomForest,per_class,Tumor,0.8285714285714286,0.8426150121065376,30,3
RandomForest,per_class,Tumor,0.8366606170598911,0.8371670702179177,30,3
RandomForest,per_class,Tumor,0.8421052631578947,0.8329297820823245,30,3
RandomForest,per_class,Tumor,0.8469135802469135,0.8305084745762712,30,3
RandomForest,per_class,Tumor,0.853125,0.826271186440678,30,3
RandomForest,per_class,Tumor,0.8582278481012658,0.8208232445520581,30,3
RandomForest,per_class,Tumor,0.8605095541401274,0.8177966101694916,30,3
RandomForest,per_class,Tumor,0.8630490956072352,0.8087167070217918,30,3
RandomForest,per_class,Tumor,0.8688524590163934,0.8020581113801453,30,3
RandomForest,per_class,Tumor,0.8753333333333333,0.7947941888619855,30,3
RandomForest,per_class,Tumor,0.8808882907133243,0.7923728813559322,30,3
RandomForest,per_class,Tumor,0.8882030178326474,0.7838983050847458,30,3
RandomForest,per_class,Tumor,0.8915159944367177,0.7760290556900726,30,3
RandomForest,per_class,Tumor,0.8949964763918252,0.7687651331719129,30,3
RandomForest,per_class,Tumor,0.9011461318051576,0.761501210653753,30,3
RandomForest,per_class,Tumor,0.9033189033189033,0.7578692493946732,30,3
RandomForest,per_class,Tumor,0.9062271062271062,0.7487893462469734,30,3
RandomForest,per_class,Tumor,0.910913140311804,0.7427360774818402,30,3
RandomForest,per_class,Tumor,0.9151651651651652,0.7378934624697336,30,3
RandomForest,per_class,Tumor,0.9172361427486713,0.7312348668280871,30,3
RandomForest,per_class,Tumor,0.9202453987730062,0.7263922518159807,30,3
RandomForest,per_class,Tumor,0.9239130434782609,0.7203389830508474,30,3
RandomForest,per_class,Tumor,0.9261006289308176,0.7130750605326877,30,3
RandomForest,per_class,Tumor,0.9298804780876494,0.7064164648910412,30,3
RandomForest,per_class,Tumor,0.9325301204819277,0.7027845036319612,30,3
RandomForest,per_class,Tumor,0.9365853658536586,0.6973365617433414,30,3
RandomForest,per_class,Tumor,0.9391947411668036,0.6918886198547215,30,3
RandomForest,per_class,Tumor,0.9425956738768719,0.6858353510895884,30,3
RandomForest,per_class,Tumor,0.9451013513513513,0.677360774818402,30,3
RandomForest,per_class,Tumor,0.9492691315563199,0.6682808716707022,30,3
RandomForest,per_class,Tumor,0.9512619669277633,0.6616222760290557,30,3
RandomForest,per_class,Tumor,0.9533450704225352,0.6555690072639225,30,3
RandomForest,per_class,Tumor,0.9572953736654805,0.6513317191283293,30,3
RandomForest,per_class,Tumor,0.9567956795679567,0.6434624697336562,30,3
RandomForest,per_class,Tumor,0.9562841530054644,0.635593220338983,30,3
RandomForest,per_class,Tumor,0.9591836734693877,0.62590799031477,30,3
RandomForest,per_class,Tumor,0.9630331753554502,0.6150121065375302,30,3
RandomForest,per_class,Tumor,0.9634615384615385,0.6065375302663438,30,3
RandomForest,per_class,Tumor,0.9648780487804878,0.5986682808716707,30,3
RandomForest,per_class,Tumor,0.967551622418879,0.5956416464891041,30,3
RandomForest,per_class,Tumor,0.9690309690309691,0.5871670702179177,30,3
RandomForest,per_class,Tumor,0.9686868686868687,0.5805084745762712,30,3
RandomForest,per_class,Tumor,0.9722507708119219,0.572639225181598,30,3
RandomForest,per_class,Tumor,0.9737945492662474,0.5623486682808717,30,3
RandomForest,per_class,Tumor,0.975557917109458,0.5556900726392252,30,3
RandomForest,per_class,Tumor,0.9762419006479481,0.5472154963680388,30,3
RandomForest,per_class,Tumor,0.9770742358078602,0.5417675544794189,30,3
RandomForest,per_class,Tumor,0.9767955801104973,0.5351089588377724,30,3
RandomForest,per_class,Tumor,0.9797525309336333,0.5272397094430993,30,3
RandomForest,per_class,Tumor,0.980593607305936,0.5199757869249395,30,3
RandomForest,per_class,Tumor,0.9848308051341891,0.5108958837772397,30,3
RandomForest,per_class,Tumor,0.98562874251497,0.49818401937046003,30,3
RandomForest,per_class,Tumor,0.9866989117291415,0.4939467312348668,30,3
RandomForest,per_class,Tumor,0.9888888888888889,0.4848668280871671,30,3
RandomForest,per_class,Tumor,0.9887218045112782,0.47760290556900725,30,3
RandomForest,per_class,Tumor,0.9898089171974522,0.4703389830508475,30,3
RandomForest,per_class,Tumor,0.9921671018276762,0.4600484261501211,30,3
RandomForest,per_class,Tumor,0.9932614555256065,0.44612590799031476,30,3
RandomForest,per_class,Tumor,0.9931318681318682,0.43765133171912834,30,3
RandomForest,per_class,Tumor,0.9930458970792768,0.4322033898305085,30,3
RandomForest,per_class,Tumor,0.992816091954023,0.41828087167070216,30,3
RandomForest,per_class,Tumor,0.9925705794947994,0.4043583535108959,30,3
RandomForest,per_class,Tumor,0.9939577039274925,0.3983050847457627,30,3
RandomForest,per_class,Tumor,0.993798449612403,0.3880145278450363,30,3
RandomForest,per_class,Tumor,0.9936406995230525,0.37832929782082325,30,3
RandomForest,per_class,Tumor,0.9934533551554828,0.36743341404358354,30,3
RandomForest,per_class,Tumor,0.9966101694915255,0.3559322033898305,30,3
RandomForest,per_class,Tumor,0.9965694682675815,0.3516949152542373,30,3
RandomForest,per_class,Tumor,0.9964788732394366,0.34261501210653755,30,3
RandomForest,per_class,Tumor,0.9981684981684982,0.32990314769975787,30,3
RandomForest,per_class,Tumor,0.9980806142034548,0.31476997578692495,30,3
RandomForest,per_class,Tumor,0.9980276134122288,0.3062953995157385,30,3
RandomForest,per_class,Tumor,0.9979550102249489,0.29539951573849876,30,3
RandomForest,per_class,Tumor,0.9978858350951374,0.2857142857142857,30,3
RandomForest,per_class,Tumor,1.0,0.27421307506053266,30,3
RandomForest,per_class,Tumor,1.0,0.2711864406779661,30,3
RandomForest,per_class,Tumor,1.0,0.25907990314769974,30,3
RandomForest,per_class,Tumor,1.0,0.25302663438256656,30,3
RandomForest,per_class,Tumor,1.0,0.23728813559322035,30,3
RandomForest,per_class,Tumor,1.0,0.2288135593220339,30,3
RandomForest,per_class,Tumor,1.0,0.21610169491525424,30,3
RandomForest,per_class,Tumor,1.0,0.20641646489104115,30,3
RandomForest,per_class,Tumor,1.0,0.1973365617433414,30,3
RandomForest,per_class,Tumor,1.0,0.18765133171912832,30,3
RandomForest,per_class,Tumor,1.0,0.1791767554479419,30,3
RandomForest,per_class,Tumor,1.0,0.17433414043583534,30,3
RandomForest,per_class,Tumor,1.0,0.16101694915254236,30,3
RandomForest,per_class,Tumor,1.0,0.15738498789346247,30,3
RandomForest,per_class,Tumor,1.0,0.1513317191283293,30,3
RandomForest,per_class,Tumor,1.0,0.1410411622276029,30,3
RandomForest,per_class,Tumor,1.0,0.13135593220338984,30,3
RandomForest,per_class,Tumor,1.0,0.12469733656174334,30,3
RandomForest,per_class,Tumor,1.0,0.11319612590799032,30,3
RandomForest,per_class,Tumor,1.0,0.10653753026634383,30,3
RandomForest,per_class,Tumor,1.0,0.09987893462469734,30,3
RandomForest,per_class,Tumor,1.0,0.08837772397094432,30,3
RandomForest,per_class,Tumor,1.0,0.0811138014527845,30,3
RandomForest,per_class,Tumor,1.0,0.07324455205811138,30,3
RandomForest,per_class,Tumor,1.0,0.06537530266343826,30,3
RandomForest,per_class,Tumor,1.0,0.06053268765133172,30,3
RandomForest,per_class,Tumor,1.0,0.05447941888619855,30,3
RandomForest,per_class,Tumor,1.0,0.050242130750605324,30,3
RandomForest,per_class,Tumor,1.0,0.04539951573849879,30,3
RandomForest,per_class,Tumor,1.0,0.0423728813559322,30,3
RandomForest,per_class,Tumor,1.0,0.03934624697336562,30,3
RandomForest,per_class,Tumor,1.0,0.03389830508474576,30,3
RandomForest,per_class,Tumor,1.0,0.030871670702179176,30,3
RandomForest,per_class,Tumor,1.0,0.026634382566585957,30,3
RandomForest,per_class,Tumor,1.0,0.021791767554479417,30,3
RandomForest,per_class,Tumor,1.0,0.019975786924939468,30,3
RandomForest,per_class,Tumor,1.0,0.018159806295399514,30,3
RandomForest,per_class,Tumor,1.0,0.016343825665859565,30,3
RandomForest,per_class,Tumor,1.0,0.013922518159806295,30,3
RandomForest,per_class,Tumor,1.0,0.012106537530266344,30,3
RandomForest,per_class,Tumor,1.0,0.011501210653753027,30,3
RandomForest,per_class,Tumor,1.0,0.009685230024213076,30,3
RandomForest,per_class,Tumor,1.0,0.006658595641646489,30,3
RandomForest,per_class,Tumor,1.0,0.005447941888619854,30,3
RandomForest,per_class,Tumor,1.0,0.004842615012106538,30,3
RandomForest,per_class,Tumor,1.0,0.00423728813559322,30,3
RandomForest,per_class,Tumor,1.0,0.0036319612590799033,30,3
RandomForest,per_class,Tumor,1.0,0.003026634382566586,30,3
RandomForest,per_class,Tumor,1.0,0.0018159806295399517,30,3
RandomForest,per_class,Tumor,1.0,0.0012106537530266344,30,3
RandomForest,per_class,Tumor,1.0,0.0006053268765133172,30,3
RandomForest,per_class,Tumor,1.0,0.0,30,3
