model_type,curve_type,class_name,precision,recall,samples_per_class,fold
RandomForest,per_class,B,0.11271133375078271,1.0,30,4
RandomForest,per_class,B,0.12486030290184592,1.0,30,4
RandomForest,per_class,B,0.1411446754718626,0.9993827160493827,30,4
RandomForest,per_class,B,0.15898470165773035,0.9975308641975309,30,4
RandomForest,per_class,B,0.17734233492507823,0.9972222222222222,30,4
RandomForest,per_class,B,0.19620368680416134,0.9953703703703703,30,4
RandomForest,per_class,B,0.21550221268606679,0.9919753086419754,30,4
RandomForest,per_class,B,0.2357484369253402,0.9891975308641975,30,4
RandomForest,per_class,B,0.25486753909990423,0.9858024691358025,30,4
RandomForest,per_class,B,0.27259500171174256,0.9830246913580247,30,4
RandomForest,per_class,B,0.29060064190738194,0.9780864197530864,30,4
RandomForest,per_class,B,0.307012432012432,0.9756172839506173,30,4
RandomForest,per_class,B,0.32214146790869075,0.9712962962962963,30,4
RandomForest,per_class,B,0.3380418373948674,0.9675925925925926,30,4
RandomForest,per_class,B,0.35392112420670896,0.9638888888888889,30,4
RandomForest,per_class,B,0.3675688452901548,0.9598765432098766,30,4
RandomForest,per_class,B,0.38068321454902926,0.9561728395061728,30,4
RandomForest,per_class,B,0.3926302414231258,0.9537037037037037,30,4
RandomForest,per_class,B,0.40471486895825104,0.9484567901234567,30,4
RandomForest,per_class,B,0.41608914254654167,0.9450617283950618,30,4
RandomForest,per_class,B,0.4273492286115007,0.9404320987654321,30,4
RandomForest,per_class,B,0.4384515006524576,0.9333333333333333,30,4
RandomForest,per_class,B,0.44964136282127914,0.9287037037037037,30,4
RandomForest,per_class,B,0.4599201474201474,0.9243827160493827,30,4
RandomForest,per_class,B,0.47091368953525137,0.9194444444444444,30,4
RandomForest,per_class,B,0.4793388429752066,0.912962962962963,30,4
RandomForest,per_class,B,0.48741721854304637,0.908641975308642,30,4
RandomForest,per_class,B,0.49426063470627957,0.9037037037037037,30,4
RandomForest,per_class,B,0.5025960539979232,0.8962962962962963,30,4
RandomForest,per_class,B,0.5108984582668793,0.8898148148148148,30,4
RandomForest,per_class,B,0.5181966322650733,0.8833333333333333,30,4
RandomForest,per_class,B,0.5281546181007247,0.8771604938271605,30,4
RandomForest,per_class,B,0.5377142857142857,0.8712962962962963,30,4
RandomForest,per_class,B,0.5460757516595081,0.8632716049382716,30,4
RandomForest,per_class,B,0.5522060291475345,0.8537037037037037,30,4
RandomForest,per_class,B,0.5604575163398693,0.8469135802469135,30,4
RandomForest,per_class,B,0.5679631953157674,0.8382716049382716,30,4
RandomForest,per_class,B,0.5742004264392324,0.8311728395061728,30,4
RandomForest,per_class,B,0.5788332248969855,0.8237654320987654,30,4
RandomForest,per_class,B,0.588809946714032,0.8185185185185185,30,4
RandomForest,per_class,B,0.5953026196928636,0.8135802469135802,30,4
RandomForest,per_class,B,0.6013824884792627,0.8055555555555556,30,4
RandomForest,per_class,B,0.609779031499765,0.8006172839506173,30,4
RandomForest,per_class,B,0.6145533141210374,0.7898148148148149,30,4
RandomForest,per_class,B,0.6223535204332841,0.7802469135802469,30,4
RandomForest,per_class,B,0.6276969392875063,0.7722222222222223,30,4
RandomForest,per_class,B,0.6331542594013815,0.7638888888888888,30,4
RandomForest,per_class,B,0.640031233732431,0.7589506172839506,30,4
RandomForest,per_class,B,0.6454521347122779,0.7512345679012346,30,4
RandomForest,per_class,B,0.6496094802046862,0.7444444444444445,30,4
RandomForest,per_class,B,0.6526488257782632,0.7376543209876543,30,4
RandomForest,per_class,B,0.656327887011908,0.7314814814814815,30,4
RandomForest,per_class,B,0.66132658797077,0.7262345679012345,30,4
RandomForest,per_class,B,0.6678131269704787,0.7191358024691358,30,4
RandomForest,per_class,B,0.6732673267326733,0.7135802469135802,30,4
RandomForest,per_class,B,0.6787410926365796,0.7055555555555556,30,4
RandomForest,per_class,B,0.6827126854374811,0.6959876543209876,30,4
RandomForest,per_class,B,0.687422934648582,0.6882716049382716,30,4
RandomForest,per_class,B,0.692090395480226,0.6805555555555556,30,4
RandomForest,per_class,B,0.6945153061224489,0.6722222222222223,30,4
RandomForest,per_class,B,0.6981254040077569,0.6666666666666666,30,4
RandomForest,per_class,B,0.7015810276679841,0.6574074074074074,30,4
RandomForest,per_class,B,0.7070469798657718,0.6503086419753087,30,4
RandomForest,per_class,B,0.7115450496745461,0.6410493827160494,30,4
RandomForest,per_class,B,0.7145840584754611,0.633641975308642,30,4
RandomForest,per_class,B,0.7194906261054121,0.6277777777777778,30,4
RandomForest,per_class,B,0.7238644556596971,0.6197530864197531,30,4
RandomForest,per_class,B,0.7294031490296594,0.6148148148148148,30,4
RandomForest,per_class,B,0.7318249258160238,0.6089506172839506,30,4
RandomForest,per_class,B,0.7372785525819827,0.6037037037037037,30,4
RandomForest,per_class,B,0.739815526518063,0.5941358024691358,30,4
RandomForest,per_class,B,0.7444968553459119,0.5845679012345679,30,4
RandomForest,per_class,B,0.7520032051282052,0.5793209876543209,30,4
RandomForest,per_class,B,0.7545787545787546,0.5722222222222222,30,4
RandomForest,per_class,B,0.7593828190158466,0.562037037037037,30,4
RandomForest,per_class,B,0.7624521072796935,0.5527777777777778,30,4
RandomForest,per_class,B,0.7644251626898048,0.5438271604938272,30,4
RandomForest,per_class,B,0.7657218777679362,0.533641975308642,30,4
RandomForest,per_class,B,0.7715575620767494,0.5274691358024691,30,4
RandomForest,per_class,B,0.7736455463728191,0.5200617283950617,30,4
RandomForest,per_class,B,0.7789227166276347,0.5132716049382716,30,4
RandomForest,per_class,B,0.7810253953042645,0.5030864197530864,30,4
RandomForest,per_class,B,0.7821830641213902,0.49320987654320986,30,4
RandomForest,per_class,B,0.7869346733668342,0.48333333333333334,30,4
RandomForest,per_class,B,0.78879753340185,0.4737654320987654,30,4
RandomForest,per_class,B,0.7940865892291447,0.4641975308641975,30,4
RandomForest,per_class,B,0.7981700753498385,0.45771604938271604,30,4
RandomForest,per_class,B,0.8021006080707573,0.4478395061728395,30,4
RandomForest,per_class,B,0.803038829487901,0.4404320987654321,30,4
RandomForest,per_class,B,0.8036739380022963,0.43209876543209874,30,4
RandomForest,per_class,B,0.8058651026392962,0.42407407407407405,30,4
RandomForest,per_class,B,0.8105832832230908,0.4160493827160494,30,4
RandomForest,per_class,B,0.8140547263681592,0.40401234567901234,30,4
RandomForest,per_class,B,0.8198083067092652,0.39598765432098765,30,4
RandomForest,per_class,B,0.8205128205128205,0.3851851851851852,30,4
RandomForest,per_class,B,0.8235294117647058,0.37592592592592594,30,4
RandomForest,per_class,B,0.8268428372739917,0.3669753086419753,30,4
RandomForest,per_class,B,0.8296507483962936,0.3592592592592593,30,4
RandomForest,per_class,B,0.8324761204996326,0.34969135802469137,30,4
RandomForest,per_class,B,0.835966892400301,0.3429012345679012,30,4
RandomForest,per_class,B,0.8394777265745008,0.3373456790123457,30,4
RandomForest,per_class,B,0.8436507936507937,0.32808641975308644,30,4
RandomForest,per_class,B,0.8427057864710676,0.3191358024691358,30,4
RandomForest,per_class,B,0.8445378151260504,0.3101851851851852,30,4
RandomForest,per_class,B,0.844559585492228,0.30185185185185187,30,4
RandomForest,per_class,B,0.851721094439541,0.2978395061728395,30,4
RandomForest,per_class,B,0.8548094373865699,0.29074074074074074,30,4
RandomForest,per_class,B,0.8610328638497653,0.2830246913580247,30,4
RandomForest,per_class,B,0.8660194174757282,0.27530864197530863,30,4
RandomForest,per_class,B,0.8704819277108434,0.2675925925925926,30,4
RandomForest,per_class,B,0.8740818467995802,0.25709876543209875,30,4
RandomForest,per_class,B,0.8756756756756757,0.25,30,4
RandomForest,per_class,B,0.8765432098765432,0.2410493827160494,30,4
RandomForest,per_class,B,0.876905041031653,0.2308641975308642,30,4
RandomForest,per_class,B,0.879415347137637,0.2228395061728395,30,4
RandomForest,per_class,B,0.8843283582089553,0.21944444444444444,30,4
RandomForest,per_class,B,0.8886043533930857,0.21419753086419754,30,4
RandomForest,per_class,B,0.8888888888888888,0.20493827160493827,30,4
RandomForest,per_class,B,0.8892005610098177,0.195679012345679,30,4
RandomForest,per_class,B,0.8913362701908958,0.18734567901234567,30,4
RandomForest,per_class,B,0.8929663608562691,0.18024691358024691,30,4
RandomForest,per_class,B,0.8971518987341772,0.175,30,4
RandomForest,per_class,B,0.9013377926421404,0.16635802469135802,30,4
RandomForest,per_class,B,0.8964912280701754,0.15771604938271605,30,4
RandomForest,per_class,B,0.9042357274401474,0.1515432098765432,30,4
RandomForest,per_class,B,0.9031007751937985,0.14382716049382716,30,4
RandomForest,per_class,B,0.9079754601226994,0.13703703703703704,30,4
RandomForest,per_class,B,0.9122055674518201,0.13148148148148148,30,4
RandomForest,per_class,B,0.9166666666666666,0.12561728395061728,30,4
RandomForest,per_class,B,0.9164677804295943,0.11851851851851852,30,4
RandomForest,per_class,B,0.916030534351145,0.1111111111111111,30,4
RandomForest,per_class,B,0.9105691056910569,0.1037037037037037,30,4
RandomForest,per_class,B,0.9159663865546218,0.10092592592592593,30,4
RandomForest,per_class,B,0.9156626506024096,0.09382716049382717,30,4
RandomForest,per_class,B,0.9113924050632911,0.08888888888888889,30,4
RandomForest,per_class,B,0.9111842105263158,0.08549382716049382,30,4
RandomForest,per_class,B,0.9187279151943463,0.08024691358024691,30,4
RandomForest,per_class,B,0.9222222222222223,0.07685185185185185,30,4
RandomForest,per_class,B,0.9299610894941635,0.07376543209876543,30,4
RandomForest,per_class,B,0.927710843373494,0.0712962962962963,30,4
RandomForest,per_class,B,0.9367088607594937,0.06851851851851852,30,4
RandomForest,per_class,B,0.9417040358744395,0.06481481481481481,30,4
RandomForest,per_class,B,0.9478672985781991,0.06172839506172839,30,4
RandomForest,per_class,B,0.9438775510204082,0.05709876543209876,30,4
RandomForest,per_class,B,0.946524064171123,0.05462962962962963,30,4
RandomForest,per_class,B,0.9485714285714286,0.05123456790123457,30,4
RandomForest,per_class,B,0.9464285714285714,0.049074074074074076,30,4
RandomForest,per_class,B,0.95625,0.04722222222222222,30,4
RandomForest,per_class,B,0.9533333333333334,0.0441358024691358,30,4
RandomForest,per_class,B,0.9568345323741008,0.04104938271604938,30,4
RandomForest,per_class,B,0.9621212121212122,0.039197530864197534,30,4
RandomForest,per_class,B,0.9590163934426229,0.03611111111111111,30,4
RandomForest,per_class,B,0.9541284403669725,0.03209876543209877,30,4
RandomForest,per_class,B,0.9484536082474226,0.028395061728395062,30,4
RandomForest,per_class,B,0.9529411764705882,0.025,30,4
RandomForest,per_class,B,0.9493670886075949,0.023148148148148147,30,4
RandomForest,per_class,B,0.9583333333333334,0.021296296296296296,30,4
RandomForest,per_class,B,0.9545454545454546,0.019444444444444445,30,4
RandomForest,per_class,B,0.9508196721311475,0.017901234567901235,30,4
RandomForest,per_class,B,0.9444444444444444,0.01574074074074074,30,4
RandomForest,per_class,B,0.9555555555555556,0.013271604938271606,30,4
RandomForest,per_class,B,0.95,0.011728395061728396,30,4
RandomForest,per_class,B,0.9696969696969697,0.009876543209876543,30,4
RandomForest,per_class,B,0.9666666666666667,0.008950617283950617,30,4
RandomForest,per_class,B,1.0,0.008641975308641974,30,4
RandomForest,per_class,B,1.0,0.007716049382716049,30,4
RandomForest,per_class,B,1.0,0.0070987654320987656,30,4
RandomForest,per_class,B,1.0,0.006172839506172839,30,4
RandomForest,per_class,B,1.0,0.005864197530864198,30,4
RandomForest,per_class,B,1.0,0.005246913580246914,30,4
RandomForest,per_class,B,1.0,0.004320987654320987,30,4
RandomForest,per_class,B,1.0,0.004012345679012346,30,4
RandomForest,per_class,B,1.0,0.0033950617283950617,30,4
RandomForest,per_class,B,1.0,0.0030864197530864196,30,4
RandomForest,per_class,B,1.0,0.0024691358024691358,30,4
RandomForest,per_class,B,1.0,0.0021604938271604936,30,4
RandomForest,per_class,B,1.0,0.001851851851851852,30,4
RandomForest,per_class,B,1.0,0.0012345679012345679,30,4
RandomForest,per_class,B,1.0,0.000925925925925926,30,4
RandomForest,per_class,B,1.0,0.0006172839506172839,30,4
RandomForest,per_class,B,1.0,0.00030864197530864197,30,4
RandomForest,per_class,B,1.0,0.0,30,4
RandomForest,per_class,CD4 T,0.26076671536909485,1.0,30,4
RandomForest,per_class,CD4 T,0.26678772342092144,0.9995997865528282,30,4
RandomForest,per_class,CD4 T,0.2773641515723969,0.9989327641408752,30,4
RandomForest,per_class,CD4 T,0.2909451729639286,0.9974653148345785,30,4
RandomForest,per_class,CD4 T,0.3074799093344323,0.9953308431163287,30,4
RandomForest,per_class,CD4 T,0.3237403816893449,0.9934631803628602,30,4
RandomForest,per_class,CD4 T,0.3412348401323043,0.9909284951974386,30,4
RandomForest,per_class,CD4 T,0.3593666520957793,0.987059765208111,30,4
RandomForest,per_class,CD4 T,0.37828254278226014,0.9819903948772679,30,4
RandomForest,per_class,CD4 T,0.39636028814385527,0.9762540021344717,30,4
RandomForest,per_class,CD4 T,0.4160270363157292,0.9689167556029883,30,4
RandomForest,per_class,CD4 T,0.4350234854871733,0.9637139807897546,30,4
RandomForest,per_class,CD4 T,0.4556825396825397,0.9574439701173959,30,4
RandomForest,per_class,CD4 T,0.47657977618441333,0.9487726787620064,30,4
RandomForest,per_class,CD4 T,0.49728815947031063,0.9418356456776947,30,4
RandomForest,per_class,CD4 T,0.5172566698691893,0.9336979722518677,30,4
RandomForest,per_class,CD4 T,0.5378275406267009,0.9227588046958378,30,4
RandomForest,per_class,CD4 T,0.559660019614253,0.9135538954108858,30,4
RandomForest,per_class,CD4 T,0.580017152658662,0.9022145144076841,30,4
RandomForest,per_class,CD4 T,0.5981140547822182,0.8884738527214514,30,4
RandomForest,per_class,CD4 T,0.6149301322329551,0.8747331910352187,30,4
RandomForest,per_class,CD4 T,0.6333594822514218,0.8616595517609391,30,4
RandomForest,per_class,CD4 T,0.6504755087432252,0.8485859124866596,30,4
RandomForest,per_class,CD4 T,0.6654615057422374,0.8348452508004269,30,4
RandomForest,per_class,CD4 T,0.681964305509367,0.8207043756670224,30,4
RandomForest,per_class,CD4 T,0.6957223567393059,0.8049626467449307,30,4
RandomForest,per_class,CD4 T,0.7104631629469642,0.7898879402347919,30,4
RandomForest,per_class,CD4 T,0.7257963772642099,0.7750800426894343,30,4
RandomForest,per_class,CD4 T,0.7402681942455409,0.758537886872999,30,4
RandomForest,per_class,CD4 T,0.7531834191276077,0.7417289220917823,30,4
RandomForest,per_class,CD4 T,0.7656117547329754,0.7229188900747066,30,4
RandomForest,per_class,CD4 T,0.7777288085794035,0.7062433297758804,30,4
RandomForest,per_class,CD4 T,0.789296120226959,0.686632870864461,30,4
RandomForest,per_class,CD4 T,0.797995864482265,0.669290288153682,30,4
RandomForest,per_class,CD4 T,0.8049991723224632,0.6487459978655283,30,4
RandomForest,per_class,CD4 T,0.813585554600172,0.631136606189968,30,4
RandomForest,per_class,CD4 T,0.82177864908216,0.615128068303095,30,4
RandomForest,per_class,CD4 T,0.8310672378468988,0.5952508004268944,30,4
RandomForest,per_class,CD4 T,0.8390158853157691,0.5777748132337247,30,4
RandomForest,per_class,CD4 T,0.847015685475657,0.5546958377801494,30,4
RandomForest,per_class,CD4 T,0.852827763496144,0.5310832443970117,30,4
RandomForest,per_class,CD4 T,0.8593609360936093,0.5094717182497331,30,4
RandomForest,per_class,CD4 T,0.8686269860090111,0.4886606189967983,30,4
RandomForest,per_class,CD4 T,0.872451516658379,0.4681163287086446,30,4
RandomForest,per_class,CD4 T,0.8796223446105429,0.4474386339381003,30,4
RandomForest,per_class,CD4 T,0.8859988931931378,0.42716115261472787,30,4
RandomForest,per_class,CD4 T,0.8909037730330506,0.406350053361793,30,4
RandomForest,per_class,CD4 T,0.8956979263385949,0.3860725720384205,30,4
RandomForest,per_class,CD4 T,0.9003605375286792,0.36646211312700105,30,4
RandomForest,per_class,CD4 T,0.9023464458247067,0.34885272145144075,30,4
RandomForest,per_class,CD4 T,0.9042709867452136,0.327641408751334,30,4
RandomForest,per_class,CD4 T,0.9057857701329164,0.30909818569903946,30,4
RandomForest,per_class,CD4 T,0.9102244389027432,0.2921558164354322,30,4
RandomForest,per_class,CD4 T,0.9135472370766489,0.27347918890074707,30,4
RandomForest,per_class,CD4 T,0.915910176779742,0.25573639274279614,30,4
RandomForest,per_class,CD4 T,0.9232343909928352,0.2406616862326574,30,4
RandomForest,per_class,CD4 T,0.9272030651340997,0.22598719316969051,30,4
RandomForest,per_class,CD4 T,0.9273153575615475,0.21104589114194236,30,4
RandomForest,per_class,CD4 T,0.9329538266919671,0.19677161152614728,30,4
RandomForest,per_class,CD4 T,0.9354838709677419,0.18183030949839915,30,4
RandomForest,per_class,CD4 T,0.9380073800738007,0.16955709711846317,30,4
RandomForest,per_class,CD4 T,0.9429024583663759,0.15861792956243329,30,4
RandomForest,per_class,CD4 T,0.9445865302642796,0.14781216648879403,30,4
RandomForest,per_class,CD4 T,0.9441391941391941,0.13754002134471718,30,4
RandomForest,per_class,CD4 T,0.9441723800195886,0.12860192102454643,30,4
RandomForest,per_class,CD4 T,0.944739638682253,0.1185965848452508,30,4
RandomForest,per_class,CD4 T,0.942987457240593,0.11032550693703308,30,4
RandomForest,per_class,CD4 T,0.9454094292803971,0.10165421558164354,30,4
RandomForest,per_class,CD4 T,0.9505494505494505,0.09231590181430097,30,4
RandomForest,per_class,CD4 T,0.95,0.08617929562433298,30,4
RandomForest,per_class,CD4 T,0.9538216560509554,0.07990928495197439,30,4
RandomForest,per_class,CD4 T,0.9583333333333334,0.0736392742796158,30,4
RandomForest,per_class,CD4 T,0.9618320610687023,0.0672358591248666,30,4
RandomForest,per_class,CD4 T,0.9629629629629629,0.0624332977588047,30,4
RandomForest,per_class,CD4 T,0.963718820861678,0.05669690501600854,30,4
RandomForest,per_class,CD4 T,0.9650872817955112,0.05162753468516542,30,4
RandomForest,per_class,CD4 T,0.9617486338797814,0.04695837780149413,30,4
RandomForest,per_class,CD4 T,0.963963963963964,0.042822838847385275,30,4
RandomForest,per_class,CD4 T,0.9628378378378378,0.038020277481323375,30,4
RandomForest,per_class,CD4 T,0.9708029197080292,0.035485592315901815,30,4
RandomForest,per_class,CD4 T,0.9669421487603306,0.03121664887940235,30,4
RandomForest,per_class,CD4 T,0.9669811320754716,0.027347918890074707,30,4
RandomForest,per_class,CD4 T,0.9732620320855615,0.024279615795090716,30,4
RandomForest,per_class,CD4 T,0.9757575757575757,0.02147812166488794,30,4
RandomForest,per_class,CD4 T,0.972972972972973,0.0192102454642476,30,4
RandomForest,per_class,CD4 T,0.9708029197080292,0.017742796157950907,30,4
RandomForest,per_class,CD4 T,0.9682539682539683,0.016275346851654215,30,4
RandomForest,per_class,CD4 T,0.9732142857142857,0.014541088580576308,30,4
RandomForest,per_class,CD4 T,0.9705882352941176,0.013207043756670225,30,4
RandomForest,per_class,CD4 T,0.9887640449438202,0.011739594450373533,30,4
RandomForest,per_class,CD4 T,1.0,0.010005336179295624,30,4
RandomForest,per_class,CD4 T,1.0,0.008137673425827108,30,4
RandomForest,per_class,CD4 T,1.0,0.0076040554962646745,30,4
RandomForest,per_class,CD4 T,1.0,0.006803628601921024,30,4
RandomForest,per_class,CD4 T,1.0,0.006003201707577375,30,4
RandomForest,per_class,CD4 T,1.0,0.005069370330843116,30,4
RandomForest,per_class,CD4 T,1.0,0.004268943436499467,30,4
RandomForest,per_class,CD4 T,1.0,0.0033351120597652083,30,4
RandomForest,per_class,CD4 T,1.0,0.002934898612593383,30,4
RandomForest,per_class,CD4 T,1.0,0.0018676627534685165,30,4
RandomForest,per_class,CD4 T,1.0,0.0016008537886872999,30,4
RandomForest,per_class,CD4 T,1.0,0.0013340448239060833,30,4
RandomForest,per_class,CD4 T,1.0,0.0010672358591248667,30,4
RandomForest,per_class,CD4 T,1.0,0.0009338313767342582,30,4
RandomForest,per_class,CD4 T,1.0,0.0008004268943436499,30,4
RandomForest,per_class,CD4 T,1.0,0.0006670224119530416,30,4
RandomForest,per_class,CD4 T,1.0,0.0005336179295624333,30,4
RandomForest,per_class,CD4 T,1.0,0.00026680896478121667,30,4
RandomForest,per_class,CD4 T,1.0,0.0,30,4
RandomForest,per_class,CD8 T,0.12224309469143534,1.0,30,4
RandomForest,per_class,CD8 T,0.12787947159649188,1.0,30,4
RandomForest,per_class,CD8 T,0.137430560988968,0.9997154240182129,30,4
RandomForest,per_class,CD8 T,0.14835304054054055,0.9997154240182129,30,4
RandomForest,per_class,CD8 T,0.15992529835109776,0.9991462720546386,30,4
RandomForest,per_class,CD8 T,0.17221758964045716,0.9991462720546386,30,4
RandomForest,per_class,CD8 T,0.18427131457370852,0.9988616960728515,30,4
RandomForest,per_class,CD8 T,0.19682432811535655,0.9982925441092771,30,4
RandomForest,per_class,CD8 T,0.20905673885806336,0.9971542401821286,30,4
RandomForest,per_class,CD8 T,0.22202497939516896,0.9965850882185544,30,4
RandomForest,per_class,CD8 T,0.23518344308560676,0.9960159362549801,30,4
RandomForest,per_class,CD8 T,0.24891327584978265,0.9940239043824701,30,4
RandomForest,per_class,CD8 T,0.2634680770683793,0.9923164484917473,30,4
RandomForest,per_class,CD8 T,0.2777644519069321,0.9886169607285145,30,4
RandomForest,per_class,CD8 T,0.2928251500042255,0.9860557768924303,30,4
RandomForest,per_class,CD8 T,0.30682424027012617,0.9826408651109846,30,4
RandomForest,per_class,CD8 T,0.32255343082114735,0.979225953329539,30,4
RandomForest,per_class,CD8 T,0.3396357156998614,0.9763801935116676,30,4
RandomForest,per_class,CD8 T,0.3580092011710581,0.9743881616391576,30,4
RandomForest,per_class,CD8 T,0.37425938117182356,0.9706886738759248,30,4
RandomForest,per_class,CD8 T,0.3907040957202025,0.9664200341491178,30,4
RandomForest,per_class,CD8 T,0.40934964272738283,0.9618668184405236,30,4
RandomForest,per_class,CD8 T,0.42983241652807985,0.9561752988047809,30,4
RandomForest,per_class,CD8 T,0.4502216848045143,0.9536141149686966,30,4
RandomForest,per_class,CD8 T,0.47124487777306767,0.9490608992601024,30,4
RandomForest,per_class,CD8 T,0.49197622585438333,0.9422310756972112,30,4
RandomForest,per_class,CD8 T,0.5134882270388273,0.9371087080250426,30,4
RandomForest,per_class,CD8 T,0.5328883099967437,0.9314171883893,30,4
RandomForest,per_class,CD8 T,0.5538147138964578,0.9254410927717701,30,4
RandomForest,per_class,CD8 T,0.5695154185022027,0.9197495731360273,30,4
RandomForest,per_class,CD8 T,0.5891872011769033,0.9117814456459875,30,4
RandomForest,per_class,CD8 T,0.607517649303568,0.9060899260102447,30,4
RandomForest,per_class,CD8 T,0.6245787908820615,0.8966989186112692,30,4
RandomForest,per_class,CD8 T,0.6418891170431211,0.8895845190665908,30,4
RandomForest,per_class,CD8 T,0.6567670767925329,0.8810472396129767,30,4
RandomForest,per_class,CD8 T,0.6714722586282219,0.8747865680136596,30,4
RandomForest,per_class,CD8 T,0.6859838274932615,0.869095048377917,30,4
RandomForest,per_class,CD8 T,0.7022511023439313,0.861126920887877,30,4
RandomForest,per_class,CD8 T,0.7151024297284421,0.8542970973249858,30,4
RandomForest,per_class,CD8 T,0.7269607843137255,0.8440523619806488,30,4
RandomForest,per_class,CD8 T,0.7399295065458208,0.8363688104723961,30,4
RandomForest,per_class,CD8 T,0.7515544041450777,0.8255549231644849,30,4
RandomForest,per_class,CD8 T,0.7616525423728814,0.8184405236198065,30,4
RandomForest,per_class,CD8 T,0.7693141772838168,0.8076266363118952,30,4
RandomForest,per_class,CD8 T,0.7769465225824328,0.7979510529311327,30,4
RandomForest,per_class,CD8 T,0.7865232163080408,0.790552077404667,30,4
RandomForest,per_class,CD8 T,0.7969248621990136,0.7817302219692658,30,4
RandomForest,per_class,CD8 T,0.8034188034188035,0.7757541263517359,30,4
RandomForest,per_class,CD8 T,0.8088057901085646,0.7632327831531018,30,4
RandomForest,per_class,CD8 T,0.8166461916461917,0.7566875355719977,30,4
RandomForest,per_class,CD8 T,0.8227016885553471,0.7487194080819579,30,4
RandomForest,per_class,CD8 T,0.8264043160901301,0.7410358565737052,30,4
RandomForest,per_class,CD8 T,0.8343618057810978,0.7310756972111554,30,4
RandomForest,per_class,CD8 T,0.8409542743538767,0.7222538417757541,30,4
RandomForest,per_class,CD8 T,0.8448566610455311,0.7128628343767786,30,4
RandomForest,per_class,CD8 T,0.8494660695831898,0.7017643710870802,30,4
RandomForest,per_class,CD8 T,0.8557861413999297,0.6923733636881048,30,4
RandomForest,per_class,CD8 T,0.8589330469029717,0.6826977803073421,30,4
RandomForest,per_class,CD8 T,0.8626876601977298,0.6704610130904952,30,4
RandomForest,per_class,CD8 T,0.8697447447447447,0.6593625498007968,30,4
RandomForest,per_class,CD8 T,0.8781804163454124,0.6482640865110985,30,4
RandomForest,per_class,CD8 T,0.8816568047337278,0.6360273192942516,30,4
RandomForest,per_class,CD8 T,0.8874898456539398,0.6217985202048947,30,4
RandomForest,per_class,CD8 T,0.8927536231884058,0.6135458167330677,30,4
RandomForest,per_class,CD8 T,0.8981756470089096,0.6024473534433694,30,4
RandomForest,per_class,CD8 T,0.9016038144776767,0.5919180421172453,30,4
RandomForest,per_class,CD8 T,0.9034543844109831,0.5805350028457599,30,4
RandomForest,per_class,CD8 T,0.9052346570397112,0.5708594194649972,30,4
RandomForest,per_class,CD8 T,0.9058606368251039,0.5586226522481502,30,4
RandomForest,per_class,CD8 T,0.9077141504969238,0.545816733067729,30,4
RandomForest,per_class,CD8 T,0.9116075764934434,0.5341491178144565,30,4
RandomForest,per_class,CD8 T,0.9126746506986028,0.5204894706886739,30,4
RandomForest,per_class,CD8 T,0.9156010230179028,0.5093910073989756,30,4
RandomForest,per_class,CD8 T,0.9217436974789915,0.49943084803642573,30,4
RandomForest,per_class,CD8 T,0.925704989154013,0.48577120091064313,30,4
RandomForest,per_class,CD8 T,0.9279329608938548,0.47268070574843485,30,4
RandomForest,per_class,CD8 T,0.9306590257879657,0.46215139442231074,30,4
RandomForest,per_class,CD8 T,0.9331756357185098,0.44906089926010245,30,4
RandomForest,per_class,CD8 T,0.9357798165137615,0.43540125213431985,30,4
RandomForest,per_class,CD8 T,0.9397208121827412,0.42145702902675014,30,4
RandomForest,per_class,CD8 T,0.9436435124508519,0.4097894137734775,30,4
RandomForest,per_class,CD8 T,0.9464882943143813,0.4026750142287991,30,4
RandomForest,per_class,CD8 T,0.9477303988995873,0.39214570290267503,30,4
RandomForest,per_class,CD8 T,0.9537366548042705,0.3813318155947638,30,4
RandomForest,per_class,CD8 T,0.9550147492625368,0.36852589641434264,30,4
RandomForest,per_class,CD8 T,0.9565879664889566,0.35742743312464426,30,4
RandomForest,per_class,CD8 T,0.9558359621451105,0.34490608992601024,30,4
RandomForest,per_class,CD8 T,0.9561688311688312,0.3352305065452476,30,4
RandomForest,per_class,CD8 T,0.9576988155668359,0.32214001138303927,30,4
RandomForest,per_class,CD8 T,0.9575971731448764,0.30848036425725667,30,4
RandomForest,per_class,CD8 T,0.959409594095941,0.29595902105862265,30,4
RandomForest,per_class,CD8 T,0.958930276981853,0.2857142857142857,30,4
RandomForest,per_class,CD8 T,0.9617706237424547,0.27205463858850315,30,4
RandomForest,per_class,CD8 T,0.9635416666666666,0.2632327831531019,30,4
RandomForest,per_class,CD8 T,0.9649890590809628,0.250996015936255,30,4
RandomForest,per_class,CD8 T,0.9676674364896074,0.23847467273762094,30,4
RandomForest,per_class,CD8 T,0.9682926829268292,0.22595332953898692,30,4
RandomForest,per_class,CD8 T,0.9704370179948586,0.21485486624928857,30,4
RandomForest,per_class,CD8 T,0.9711934156378601,0.20147979510529312,30,4
RandomForest,per_class,CD8 T,0.9707602339181286,0.18895845190665908,30,4
RandomForest,per_class,CD8 T,0.9765990639625585,0.17814456459874786,30,4
RandomForest,per_class,CD8 T,0.9769736842105263,0.16903813318155947,30,4
RandomForest,per_class,CD8 T,0.9772727272727273,0.15907797381900968,30,4
RandomForest,per_class,CD8 T,0.9775700934579439,0.14883323847467272,30,4
RandomForest,per_class,CD8 T,0.9759519038076152,0.1385885031303358,30,4
RandomForest,per_class,CD8 T,0.9743589743589743,0.12976664769493454,30,4
RandomForest,per_class,CD8 T,0.9793103448275862,0.12122936824132043,30,4
RandomForest,per_class,CD8 T,0.9796954314720813,0.10984632896983494,30,4
RandomForest,per_class,CD8 T,0.9777158774373259,0.09988616960728515,30,4
RandomForest,per_class,CD8 T,0.9755351681957186,0.09077973819009676,30,4
RandomForest,per_class,CD8 T,0.9765100671140939,0.08281161070005691,30,4
RandomForest,per_class,CD8 T,0.9817518248175182,0.0765509391007399,30,4
RandomForest,per_class,CD8 T,0.9840637450199203,0.07029026750142288,30,4
RandomForest,per_class,CD8 T,0.9956140350877193,0.06459874786568014,30,4
RandomForest,per_class,CD8 T,0.995,0.056630620375640296,30,4
RandomForest,per_class,CD8 T,0.9942857142857143,0.04951622083096187,30,4
RandomForest,per_class,CD8 T,0.9935064935064936,0.043540125213431986,30,4
RandomForest,per_class,CD8 T,0.9928057553956835,0.03927148548662493,30,4
RandomForest,per_class,CD8 T,0.9921875,0.03614114968696642,30,4
RandomForest,per_class,CD8 T,0.9908256880733946,0.030734206033010813,30,4
RandomForest,per_class,CD8 T,1.0,0.024758110415480934,30,4
RandomForest,per_class,CD8 T,1.0,0.02105862265224815,30,4
RandomForest,per_class,CD8 T,1.0,0.01906659077973819,30,4
RandomForest,per_class,CD8 T,1.0,0.01593625498007968,30,4
RandomForest,per_class,CD8 T,1.0,0.013944223107569721,30,4
RandomForest,per_class,CD8 T,1.0,0.01195219123505976,30,4
RandomForest,per_class,CD8 T,1.0,0.010244735344336939,30,4
RandomForest,per_class,CD8 T,1.0,0.00910643141718839,30,4
RandomForest,per_class,CD8 T,1.0,0.008821855435401251,30,4
RandomForest,per_class,CD8 T,1.0,0.0071143995446784295,30,4
RandomForest,per_class,CD8 T,1.0,0.006260671599317018,30,4
RandomForest,per_class,CD8 T,1.0,0.003699487763232783,30,4
RandomForest,per_class,CD8 T,1.0,0.0028457598178713715,30,4
RandomForest,per_class,CD8 T,1.0,0.0014228799089356858,30,4
RandomForest,per_class,CD8 T,1.0,0.0011383039271485487,30,4
RandomForest,per_class,CD8 T,1.0,0.0008537279453614115,30,4
RandomForest,per_class,CD8 T,1.0,0.0002845759817871372,30,4
RandomForest,per_class,CD8 T,1.0,0.0,30,4
RandomForest,per_class,DC,0.06703541362276491,1.0,30,4
RandomForest,per_class,DC,0.06800536420101637,1.0,30,4
RandomForest,per_class,DC,0.07030280919372492,1.0,30,4
RandomForest,per_class,DC,0.0737015222213723,1.0,30,4
RandomForest,per_class,DC,0.07805967119951289,0.9979242345614946,30,4
RandomForest,per_class,DC,0.08351112465711673,0.9953295277633627,30,4
RandomForest,per_class,DC,0.09022662889518414,0.9916969382459782,30,4
RandomForest,per_class,DC,0.09794213213677859,0.9854696419304618,30,4
RandomForest,per_class,DC,0.1071833862914208,0.9802802283341983,30,4
RandomForest,per_class,DC,0.11779448621553884,0.975609756097561,30,4
RandomForest,per_class,DC,0.12944444444444445,0.9673066943435392,30,4
RandomForest,per_class,DC,0.1419289968288344,0.9522573949143747,30,4
RandomForest,per_class,DC,0.15536892621475704,0.9408406850025947,30,4
RandomForest,per_class,DC,0.17074331398115541,0.9309807991696938,30,4
RandomForest,per_class,DC,0.18545683151718356,0.9185262065386611,30,4
RandomForest,per_class,DC,0.20248173489504812,0.9060716139076285,30,4
RandomForest,per_class,DC,0.2204128734453135,0.8920601971977167,30,4
RandomForest,per_class,DC,0.23930897762673464,0.8770108977685521,30,4
RandomForest,per_class,DC,0.25860725969777226,0.8614426569797613,30,4
RandomForest,per_class,DC,0.2802939668432747,0.851063829787234,30,4
RandomForest,per_class,DC,0.29966517857142855,0.8360145303580695,30,4
RandomForest,per_class,DC,0.31782318430103174,0.815256875973015,30,4
RandomForest,per_class,DC,0.33589799956034294,0.7929423975090815,30,4
RandomForest,per_class,DC,0.35622623574144485,0.777893098079917,30,4
RandomForest,per_class,DC,0.3758974358974359,0.7607680332122471,30,4
RandomForest,per_class,DC,0.3946497517926089,0.7426050856253243,30,4
RandomForest,per_class,DC,0.4131861575178998,0.7187337830825117,30,4
RandomForest,per_class,DC,0.4296650717703349,0.6990140114167099,30,4
RandomForest,per_class,DC,0.44752877454299256,0.6860404774260509,30,4
RandomForest,per_class,DC,0.4636331064134719,0.6715101193565127,30,4
RandomForest,per_class,DC,0.479498861047836,0.6554229372080955,30,4
RandomForest,per_class,DC,0.49557877813504825,0.6398546964193046,30,4
RandomForest,per_class,DC,0.5108834827144686,0.6211728074727556,30,4
RandomForest,per_class,DC,0.525324966382788,0.6081992734820966,30,4
RandomForest,per_class,DC,0.5349601126231815,0.5915931499740529,30,4
RandomForest,per_class,DC,0.5512122711528946,0.5781006746237675,30,4
RandomForest,per_class,DC,0.5598135680994304,0.5609756097560976,30,4
RandomForest,per_class,DC,0.5724324324324325,0.5495588998443176,30,4
RandomForest,per_class,DC,0.5798082346305696,0.5334717176959004,30,4
RandomForest,per_class,DC,0.5949292452830188,0.5236118318629995,30,4
RandomForest,per_class,DC,0.6108007448789572,0.5106382978723404,30,4
RandomForest,per_class,DC,0.6196002578981302,0.4987026466009341,30,4
RandomForest,per_class,DC,0.6298044504383007,0.4846912298910223,30,4
RandomForest,per_class,DC,0.6380885453267744,0.4711987545407369,30,4
RandomForest,per_class,DC,0.6473181484202792,0.4571873378308251,30,4
RandomForest,per_class,DC,0.6566820276497696,0.4436948624805397,30,4
RandomForest,per_class,DC,0.6629746835443038,0.4348728593668915,30,4
RandomForest,per_class,DC,0.6688578471651603,0.42241826673585886,30,4
RandomForest,per_class,DC,0.6763948497854078,0.40892579138557344,30,4
RandomForest,per_class,DC,0.6790123456790124,0.3995848469122989,30,4
RandomForest,per_class,DC,0.6900638103919782,0.3928386092371562,30,4
RandomForest,per_class,DC,0.6938388625592417,0.37986507524649715,30,4
RandomForest,per_class,DC,0.7018943170488534,0.365334717176959,30,4
RandomForest,per_class,DC,0.7103882476390346,0.35132330046704724,30,4
RandomForest,per_class,DC,0.724400871459695,0.34509600415153086,30,4
RandomForest,per_class,DC,0.7315968289920725,0.33523611831863,30,4
RandomForest,per_class,DC,0.7370892018779343,0.3258951738453555,30,4
RandomForest,per_class,DC,0.7490729295426453,0.3144784639335755,30,4
RandomForest,per_class,DC,0.7545931758530183,0.2983912817851583,30,4
RandomForest,per_class,DC,0.7644628099173554,0.28801245459263103,30,4
RandomForest,per_class,DC,0.772133526850508,0.2760768033212247,30,4
RandomForest,per_class,DC,0.7808219178082192,0.2662169174883238,30,4
RandomForest,per_class,DC,0.7859424920127795,0.2553191489361702,30,4
RandomForest,per_class,DC,0.7932203389830509,0.2428645563051375,30,4
RandomForest,per_class,DC,0.8086642599277978,0.23248572911261028,30,4
RandomForest,per_class,DC,0.8178294573643411,0.21899325376232487,30,4
RandomForest,per_class,DC,0.8263598326359832,0.20498183705241307,30,4
RandomForest,per_class,DC,0.8444444444444444,0.19719771665801764,30,4
RandomForest,per_class,DC,0.8544600938967136,0.18889465490399585,30,4
RandomForest,per_class,DC,0.8546365914786967,0.1769590036325895,30,4
RandomForest,per_class,DC,0.856,0.16658017644006226,30,4
RandomForest,per_class,DC,0.8563218390804598,0.15464452516865596,30,4
RandomForest,per_class,DC,0.8633540372670807,0.1442656979761287,30,4
RandomForest,per_class,DC,0.8666666666666667,0.13492475350285418,30,4
RandomForest,per_class,DC,0.8790035587188612,0.12817851582771148,30,4
RandomForest,per_class,DC,0.8821292775665399,0.12039439543331604,30,4
RandomForest,per_class,DC,0.8906882591093117,0.1141670991177997,30,4
RandomForest,per_class,DC,0.896551724137931,0.10793980280228334,30,4
RandomForest,per_class,DC,0.9023255813953488,0.10067462376751427,30,4
RandomForest,per_class,DC,0.9077669902912622,0.09704203425012974,30,4
RandomForest,per_class,DC,0.9175824175824175,0.08666320705760248,30,4
RandomForest,per_class,DC,0.9333333333333333,0.07991696938245978,30,4
RandomForest,per_class,DC,0.9436619718309859,0.06953814218993254,30,4
RandomForest,per_class,DC,0.946969696969697,0.06486766995329528,30,4
RandomForest,per_class,DC,0.944954128440367,0.05345096004151531,30,4
RandomForest,per_class,DC,0.94,0.04878048780487805,30,4
RandomForest,per_class,DC,0.9565217391304348,0.04566683964711987,30,4
RandomForest,per_class,DC,0.9545454545454546,0.043591074208614425,30,4
RandomForest,per_class,DC,0.9473684210526315,0.03736377789309808,30,4
RandomForest,per_class,DC,0.9402985074626866,0.03269330565646082,30,4
RandomForest,per_class,DC,0.9508196721311475,0.03009859885832901,30,4
RandomForest,per_class,DC,0.9444444444444444,0.026466009340944473,30,4
RandomForest,per_class,DC,0.9583333333333334,0.023871302542812663,30,4
RandomForest,per_class,DC,0.95,0.019719771665801765,30,4
RandomForest,per_class,DC,0.9428571428571428,0.017125064867669952,30,4
RandomForest,per_class,DC,0.9310344827586207,0.01401141670991178,30,4
RandomForest,per_class,DC,1.0,0.010897768552153606,30,4
RandomForest,per_class,DC,1.0,0.010378827192527244,30,4
RandomForest,per_class,DC,1.0,0.008822003113648157,30,4
RandomForest,per_class,DC,1.0,0.007265179034769071,30,4
RandomForest,per_class,DC,1.0,0.006227296315516347,30,4
RandomForest,per_class,DC,1.0,0.005708354955889984,30,4
RandomForest,per_class,DC,1.0,0.005189413596263622,30,4
RandomForest,per_class,DC,1.0,0.00467047223663726,30,4
RandomForest,per_class,DC,1.0,0.0041515308770108976,30,4
RandomForest,per_class,DC,1.0,0.0031136481577581734,30,4
RandomForest,per_class,DC,1.0,0.0020757654385054488,30,4
RandomForest,per_class,DC,1.0,0.0015568240788790867,30,4
RandomForest,per_class,DC,1.0,0.0005189413596263622,30,4
RandomForest,per_class,DC,1.0,0.0,30,4
RandomForest,per_class,Endothelial,0.06056494816670145,1.0,30,4
RandomForest,per_class,Endothelial,0.06407566891170734,1.0,30,4
RandomForest,per_class,Endothelial,0.0710583241500347,1.0,30,4
RandomForest,per_class,Endothelial,0.08056082550552959,1.0,30,4
RandomForest,per_class,Endothelial,0.0919412758766371,1.0,30,4
RandomForest,per_class,Endothelial,0.10529183821748607,0.9988512349224583,30,4
RandomForest,per_class,Endothelial,0.11952328465141912,0.996553704767375,30,4
RandomForest,per_class,Endothelial,0.13514569174283259,0.9936817920735209,30,4
RandomForest,per_class,Endothelial,0.15188089155140516,0.9902354968408961,30,4
RandomForest,per_class,Endothelial,0.1700088906450657,0.9885123492245835,30,4
RandomForest,per_class,Endothelial,0.18997565833148927,0.9862148190695003,30,4
RandomForest,per_class,Endothelial,0.21071428571428572,0.9827685238368754,30,4
RandomForest,per_class,Endothelial,0.2324125731392026,0.9810453762205629,30,4
RandomForest,per_class,Endothelial,0.25463516746411485,0.9781734635267088,30,4
RandomForest,per_class,Endothelial,0.27763201049524433,0.9724296381390006,30,4
RandomForest,per_class,Endothelial,0.302475780409042,0.9684089603676048,30,4
RandomForest,per_class,Endothelial,0.32640373032834663,0.9649626651349799,30,4
RandomForest,per_class,Endothelial,0.35281705001055075,0.9603676048248133,30,4
RandomForest,per_class,Endothelial,0.37667347401860674,0.9534750143595635,30,4
RandomForest,per_class,Endothelial,0.4043073910915321,0.9488799540493968,30,4
RandomForest,per_class,Endothelial,0.4293563579277865,0.9425617461229179,30,4
RandomForest,per_class,Endothelial,0.45185390149418925,0.9379666858127513,30,4
RandomForest,per_class,Endothelial,0.47681924882629106,0.9333716255025847,30,4
RandomForest,per_class,Endothelial,0.5017117958294429,0.925904652498564,30,4
RandomForest,per_class,Endothelial,0.5230969420949902,0.9236071223434807,30,4
RandomForest,per_class,Endothelial,0.5457650273224044,0.9178632969557725,30,4
RandomForest,per_class,Endothelial,0.5665007112375533,0.9149913842619184,30,4
RandomForest,per_class,Endothelial,0.5893521965748325,0.9092475588742103,30,4
RandomForest,per_class,Endothelial,0.6078355314197051,0.9000574382538771,30,4
RandomForest,per_class,Endothelial,0.6224,0.893739230327398,30,4
RandomForest,per_class,Endothelial,0.6362515413070283,0.8891441700172314,30,4
RandomForest,per_class,Endothelial,0.6494714587737843,0.8822515795519816,30,4
RandomForest,per_class,Endothelial,0.6634740966478014,0.8753589890867317,30,4
RandomForest,per_class,Endothelial,0.6772463120250335,0.8701895462377943,30,4
RandomForest,per_class,Endothelial,0.6934441366574331,0.8627225732337737,30,4
RandomForest,per_class,Endothelial,0.7045776309579991,0.8575531303848363,30,4
RandomForest,per_class,Endothelial,0.7135291285507944,0.8512349224583573,30,4
RandomForest,per_class,Endothelial,0.7249876786594381,0.8449167145318782,30,4
RandomForest,per_class,Endothelial,0.7342727730246603,0.8380241240666284,30,4
RandomForest,per_class,Endothelial,0.7452491011813046,0.8334290637564618,30,4
RandomForest,per_class,Endothelial,0.7534031413612565,0.8265364732912119,30,4
RandomForest,per_class,Endothelial,0.7635782747603834,0.8236645605973578,30,4
RandomForest,per_class,Endothelial,0.7720348204570185,0.8150488225157955,30,4
RandomForest,per_class,Endothelial,0.7812326485285952,0.8081562320505457,30,4
RandomForest,per_class,Endothelial,0.7858347386172007,0.8029867892016083,30,4
RandomForest,per_class,Endothelial,0.7962220950200344,0.7989661114302126,30,4
RandomForest,per_class,Endothelial,0.8034985422740525,0.7914991384261918,30,4
RandomForest,per_class,Endothelial,0.8106824925816024,0.784606547960942,30,4
RandomForest,per_class,Endothelial,0.8211036992116434,0.7777139574956922,30,4
RandomForest,per_class,Endothelial,0.8274582560296846,0.768523836875359,30,4
RandomForest,per_class,Endothelial,0.8317757009345794,0.7668006892590465,30,4
RandomForest,per_class,Endothelial,0.8369152970922883,0.7604824813325675,30,4
RandomForest,per_class,Endothelial,0.8419023136246787,0.752441125789776,30,4
RandomForest,per_class,Endothelial,0.8433029908972692,0.7449741527857553,30,4
RandomForest,per_class,Endothelial,0.8467635402906208,0.7363584147041929,30,4
RandomForest,per_class,Endothelial,0.8499327052489906,0.7254451464675474,30,4
RandomForest,per_class,Endothelial,0.8577291381668947,0.72027570361861,30,4
RandomForest,per_class,Endothelial,0.8625954198473282,0.713957495692131,30,4
RandomForest,per_class,Endothelial,0.8685512367491166,0.7059161401493395,30,4
RandomForest,per_class,Endothelial,0.873653984206748,0.6990235496840896,30,4
RandomForest,per_class,Endothelial,0.8761835396941005,0.6909821941412981,30,4
RandomForest,per_class,Endothelial,0.8798820928518791,0.6858127512923607,30,4
RandomForest,per_class,Endothelial,0.8856502242152466,0.6806433084434234,30,4
RandomForest,per_class,Endothelial,0.8883826879271071,0.672027570361861,30,4
RandomForest,per_class,Endothelial,0.89258114374034,0.6634118322802987,30,4
RandomForest,per_class,Endothelial,0.89609375,0.6588167719701321,30,4
RandomForest,per_class,Endothelial,0.8982511923688394,0.6490522688110282,30,4
RandomForest,per_class,Endothelial,0.9038772213247173,0.6427340608845491,30,4
RandomForest,per_class,Endothelial,0.90625,0.6329695577254452,30,4
RandomForest,per_class,Endothelial,0.9081803005008348,0.6249282021826537,30,4
RandomForest,per_class,Endothelial,0.909704641350211,0.6191843767949454,30,4
RandomForest,per_class,Endothelial,0.9099485420240138,0.6094198736358415,30,4
RandomForest,per_class,Endothelial,0.9113814074717637,0.6025272831705916,30,4
RandomForest,per_class,Endothelial,0.9147424511545293,0.591614014933946,30,4
RandomForest,per_class,Endothelial,0.9164420485175202,0.5858701895462378,30,4
RandomForest,per_class,Endothelial,0.9201834862385321,0.5761056863871339,30,4
RandomForest,per_class,Endothelial,0.9237918215613383,0.5709362435381964,30,4
RandomForest,per_class,Endothelial,0.9252601702932829,0.5617461229178633,30,4
RandomForest,per_class,Endothelial,0.9269932756964457,0.5542791499138426,30,4
RandomForest,per_class,Endothelial,0.927663734115347,0.5450890292935094,30,4
RandomForest,per_class,Endothelial,0.9273631840796019,0.5353245261344055,30,4
RandomForest,per_class,Endothelial,0.9300202839756593,0.5267087880528432,30,4
RandomForest,per_class,Endothelial,0.9307135470527405,0.5169442848937392,30,4
RandomForest,per_class,Endothelial,0.9311440677966102,0.504882251579552,30,4
RandomForest,per_class,Endothelial,0.9320388349514563,0.49626651349798967,30,4
RandomForest,per_class,Endothelial,0.933993399339934,0.4876507754164273,30,4
RandomForest,per_class,Endothelial,0.9359550561797753,0.4784606547960942,30,4
RandomForest,per_class,Endothelial,0.9414466130884042,0.4709936817920735,30,4
RandomForest,per_class,Endothelial,0.9449003516998827,0.462952326249282,30,4
RandomForest,per_class,Endothelial,0.9497005988023952,0.45548535324526135,30,4
RandomForest,per_class,Endothelial,0.9516324062877872,0.45203905801263644,30,4
RandomForest,per_class,Endothelial,0.9529702970297029,0.44227455485353245,30,4
RandomForest,per_class,Endothelial,0.9555837563451777,0.43251005169442847,30,4
RandomForest,per_class,Endothelial,0.9561290322580646,0.42561746122917865,30,4
RandomForest,per_class,Endothelial,0.9562913907284768,0.414704192992533,30,4
RandomForest,per_class,Endothelial,0.9582210242587601,0.408385985066054,30,4
RandomForest,per_class,Endothelial,0.9587345254470426,0.4003446295232625,30,4
RandomForest,per_class,Endothelial,0.9621318373071529,0.39402642159678347,30,4
RandomForest,per_class,Endothelial,0.9643366619115549,0.38828259620907524,30,4
RandomForest,per_class,Endothelial,0.9667149059334298,0.3836875358989087,30,4
RandomForest,per_class,Endothelial,0.9688888888888889,0.3756461803561172,30,4
RandomForest,per_class,Endothelial,0.9698795180722891,0.36990235496840895,30,4
RandomForest,per_class,Endothelial,0.9707692307692307,0.3624353819643883,30,4
RandomForest,per_class,Endothelial,0.9745627980922098,0.3520964962665135,30,4
RandomForest,per_class,Endothelial,0.9754901960784313,0.3429063756461804,30,4
RandomForest,per_class,Endothelial,0.9747899159663865,0.3331418724870764,30,4
RandomForest,per_class,Endothelial,0.9759862778730704,0.32682366456059736,30,4
RandomForest,per_class,Endothelial,0.9753954305799648,0.31878230901780585,30,4
RandomForest,per_class,Endothelial,0.9767441860465116,0.31361286616886846,30,4
RandomForest,per_class,Endothelial,0.9762340036563071,0.3067202757036186,30,4
RandomForest,per_class,Endothelial,0.9774859287054409,0.29925330269959793,30,4
RandomForest,per_class,Endothelial,0.9786821705426356,0.2900631820792648,30,4
RandomForest,per_class,Endothelial,0.978,0.28087306145893165,30,4
RandomForest,per_class,Endothelial,0.9772256728778468,0.27110855829982766,30,4
RandomForest,per_class,Endothelial,0.9787234042553191,0.26421596783457785,30,4
RandomForest,per_class,Endothelial,0.977924944812362,0.25445146467547386,30,4
RandomForest,per_class,Endothelial,0.9795454545454545,0.24755887421022402,30,4
RandomForest,per_class,Endothelial,0.9809976247030879,0.2372199885123492,30,4
RandomForest,per_class,Endothelial,0.9827586206896551,0.22917863296955773,30,4
RandomForest,per_class,Endothelial,0.982367758186398,0.22400919012062034,30,4
RandomForest,per_class,Endothelial,0.9818181818181818,0.21711659965537047,30,4
RandomForest,per_class,Endothelial,0.9813333333333333,0.21137277426766227,30,4
RandomForest,per_class,Endothelial,0.9806094182825484,0.20333141872487076,30,4
RandomForest,per_class,Endothelial,0.9827586206896551,0.19643882825962092,30,4
RandomForest,per_class,Endothelial,0.9819277108433735,0.18724870763928778,30,4
RandomForest,per_class,Endothelial,0.9841772151898734,0.17863296955772545,30,4
RandomForest,per_class,Endothelial,0.9834983498349835,0.17116599655370476,30,4
RandomForest,per_class,Endothelial,0.9824561403508771,0.16082711085582999,30,4
RandomForest,per_class,Endothelial,0.9813432835820896,0.15106260769672603,30,4
RandomForest,per_class,Endothelial,0.9845559845559846,0.14646754738655945,30,4
RandomForest,per_class,Endothelial,0.9841269841269841,0.1424468696151637,30,4
RandomForest,per_class,Endothelial,0.9833333333333333,0.13555427914991383,30,4
RandomForest,per_class,Endothelial,0.9826086956521739,0.12981045376220562,30,4
RandomForest,per_class,Endothelial,0.9815668202764977,0.12234348075818495,30,4
RandomForest,per_class,Endothelial,0.9845360824742269,0.10970706490522689,30,4
RandomForest,per_class,Endothelial,0.9830508474576272,0.09994256174612291,30,4
RandomForest,per_class,Endothelial,0.9819277108433735,0.09362435381964389,30,4
RandomForest,per_class,Endothelial,0.9807692307692307,0.08788052843193567,30,4
RandomForest,per_class,Endothelial,0.9864864864864865,0.08385985066053991,30,4
RandomForest,per_class,Endothelial,0.9852941176470589,0.07696726019529006,30,4
RandomForest,per_class,Endothelial,0.984375,0.07237219988512349,30,4
RandomForest,per_class,Endothelial,0.9833333333333333,0.06777713957495692,30,4
RandomForest,per_class,Endothelial,0.981651376146789,0.061458931648477884,30,4
RandomForest,per_class,Endothelial,0.9795918367346939,0.05514072372199885,30,4
RandomForest,per_class,Endothelial,0.978021978021978,0.0511200459506031,30,4
RandomForest,per_class,Endothelial,0.9761904761904762,0.04709936817920735,30,4
RandomForest,per_class,Endothelial,0.9743589743589743,0.043653072946582425,30,4
RandomForest,per_class,Endothelial,0.9714285714285714,0.039058012636415854,30,4
RandomForest,per_class,Endothelial,0.9850746268656716,0.03790924755887421,30,4
RandomForest,per_class,Endothelial,0.9818181818181818,0.031016657093624354,30,4
RandomForest,per_class,Endothelial,0.9787234042553191,0.026421596783457783,30,4
RandomForest,per_class,Endothelial,0.975609756097561,0.022975301550832855,30,4
RandomForest,per_class,Endothelial,1.0,0.019529006318207927,30,4
RandomForest,per_class,Endothelial,1.0,0.015508328546812177,30,4
RandomForest,per_class,Endothelial,1.0,0.01263641585295807,30,4
RandomForest,per_class,Endothelial,1.0,0.009764503159103963,30,4
RandomForest,per_class,Endothelial,1.0,0.00861573808156232,30,4
RandomForest,per_class,Endothelial,1.0,0.005743825387708214,30,4
RandomForest,per_class,Endothelial,1.0,0.005169442848937392,30,4
RandomForest,per_class,Endothelial,1.0,0.004595060310166571,30,4
RandomForest,per_class,Endothelial,1.0,0.002871912693854107,30,4
RandomForest,per_class,Endothelial,1.0,0.0022975301550832855,30,4
RandomForest,per_class,Endothelial,1.0,0.0011487650775416428,30,4
RandomForest,per_class,Endothelial,1.0,0.0005743825387708214,30,4
RandomForest,per_class,Endothelial,1.0,0.0,30,4
RandomForest,per_class,Epithelial,0.015654351909830933,1.0,30,4
RandomForest,per_class,Epithelial,0.01698049130221501,1.0,30,4
RandomForest,per_class,Epithelial,0.019101791323541898,1.0,30,4
RandomForest,per_class,Epithelial,0.021827706635622817,1.0,30,4
RandomForest,per_class,Epithelial,0.025360067777463993,0.9977777777777778,30,4
RandomForest,per_class,Epithelial,0.030099886036066233,0.9977777777777778,30,4
RandomForest,per_class,Epithelial,0.03618447621355302,0.9955555555555555,30,4
RandomForest,per_class,Epithelial,0.04393449053643229,0.9955555555555555,30,4
RandomForest,per_class,Epithelial,0.05346062052505966,0.9955555555555555,30,4
RandomForest,per_class,Epithelial,0.06580303253349036,0.9933333333333333,30,4
RandomForest,per_class,Epithelial,0.08071505958829903,0.9933333333333333,30,4
RandomForest,per_class,Epithelial,0.09928920479786761,0.9933333333333333,30,4
RandomForest,per_class,Epithelial,0.12120390455531453,0.9933333333333333,30,4
RandomForest,per_class,Epithelial,0.14272,0.9911111111111112,30,4
RandomForest,per_class,Epithelial,0.16672897196261682,0.9911111111111112,30,4
RandomForest,per_class,Epithelial,0.19349240780911062,0.9911111111111112,30,4
RandomForest,per_class,Epithelial,0.21867321867321868,0.9888888888888889,30,4
RandomForest,per_class,Epithelial,0.24476295479603086,0.9866666666666667,30,4
RandomForest,per_class,Epithelial,0.26570915619389585,0.9866666666666667,30,4
RandomForest,per_class,Epithelial,0.28280254777070063,0.9866666666666667,30,4
RandomForest,per_class,Epithelial,0.2973154362416107,0.9844444444444445,30,4
RandomForest,per_class,Epithelial,0.3132956152758133,0.9844444444444445,30,4
RandomForest,per_class,Epithelial,0.32383040935672514,0.9844444444444445,30,4
RandomForest,per_class,Epithelial,0.3350983358547655,0.9844444444444445,30,4
RandomForest,per_class,Epithelial,0.3423702556158017,0.9822222222222222,30,4
RandomForest,per_class,Epithelial,0.34755134281200634,0.9777777777777777,30,4
RandomForest,per_class,Epithelial,0.3540322580645161,0.9755555555555555,30,4
RandomForest,per_class,Epithelial,0.36221122112211224,0.9755555555555555,30,4
RandomForest,per_class,Epithelial,0.36683417085427134,0.9733333333333334,30,4
RandomForest,per_class,Epithelial,0.3735042735042735,0.9711111111111111,30,4
RandomForest,per_class,Epithelial,0.37737478411053543,0.9711111111111111,30,4
RandomForest,per_class,Epithelial,0.3803307223672759,0.9711111111111111,30,4
RandomForest,per_class,Epithelial,0.38312829525483305,0.9688888888888889,30,4
RandomForest,per_class,Epithelial,0.3861824623560673,0.9688888888888889,30,4
RandomForest,per_class,Epithelial,0.3927927927927928,0.9688888888888889,30,4
RandomForest,per_class,Epithelial,0.3987167736021998,0.9666666666666667,30,4
RandomForest,per_class,Epithelial,0.4035250463821892,0.9666666666666667,30,4
RandomForest,per_class,Epithelial,0.40943396226415096,0.9644444444444444,30,4
RandomForest,per_class,Epithelial,0.4159462055715658,0.9622222222222222,30,4
RandomForest,per_class,Epithelial,0.42492639842983315,0.9622222222222222,30,4
RandomForest,per_class,Epithelial,0.433,0.9622222222222222,30,4
RandomForest,per_class,Epithelial,0.44081632653061226,0.96,30,4
RandomForest,per_class,Epithelial,0.44432989690721647,0.9577777777777777,30,4
RandomForest,per_class,Epithelial,0.4481675392670157,0.9511111111111111,30,4
RandomForest,per_class,Epithelial,0.4536741214057508,0.9466666666666667,30,4
RandomForest,per_class,Epithelial,0.4558189655172414,0.94,30,4
RandomForest,per_class,Epithelial,0.46263736263736266,0.9355555555555556,30,4
RandomForest,per_class,Epithelial,0.4656319290465632,0.9333333333333333,30,4
RandomForest,per_class,Epithelial,0.47297297297297297,0.9333333333333333,30,4
RandomForest,per_class,Epithelial,0.4772209567198178,0.9311111111111111,30,4
RandomForest,per_class,Epithelial,0.4855156431054461,0.9311111111111111,30,4
RandomForest,per_class,Epithelial,0.4882903981264637,0.9266666666666666,30,4
RandomForest,per_class,Epithelial,0.49406175771971494,0.9244444444444444,30,4
RandomForest,per_class,Epithelial,0.4993983152827918,0.9222222222222223,30,4
RandomForest,per_class,Epithelial,0.5042630937880633,0.92,30,4
RandomForest,per_class,Epithelial,0.5055350553505535,0.9133333333333333,30,4
RandomForest,per_class,Epithelial,0.5099750623441397,0.9088888888888889,30,4
RandomForest,per_class,Epithelial,0.5113636363636364,0.9,30,4
RandomForest,per_class,Epithelial,0.5166240409207161,0.8977777777777778,30,4
RandomForest,per_class,Epithelial,0.5187096774193548,0.8933333333333333,30,4
RandomForest,per_class,Epithelial,0.5229357798165137,0.8866666666666667,30,4
RandomForest,per_class,Epithelial,0.5251322751322751,0.8822222222222222,30,4
RandomForest,per_class,Epithelial,0.5295698924731183,0.8755555555555555,30,4
RandomForest,per_class,Epithelial,0.5354223433242506,0.8733333333333333,30,4
RandomForest,per_class,Epithelial,0.5398351648351648,0.8733333333333333,30,4
RandomForest,per_class,Epithelial,0.5444444444444444,0.8711111111111111,30,4
RandomForest,per_class,Epithelial,0.5468531468531469,0.8688888888888889,30,4
RandomForest,per_class,Epithelial,0.5491573033707865,0.8688888888888889,30,4
RandomForest,per_class,Epithelial,0.5516265912305516,0.8666666666666667,30,4
RandomForest,per_class,Epithelial,0.5525568181818182,0.8644444444444445,30,4
RandomForest,per_class,Epithelial,0.5539568345323741,0.8555555555555555,30,4
RandomForest,per_class,Epithelial,0.5566860465116279,0.8511111111111112,30,4
RandomForest,per_class,Epithelial,0.5583090379008746,0.8511111111111112,30,4
RandomForest,per_class,Epithelial,0.5617647058823529,0.8488888888888889,30,4
RandomForest,per_class,Epithelial,0.5623145400593472,0.8422222222222222,30,4
RandomForest,per_class,Epithelial,0.5643712574850299,0.8377777777777777,30,4
RandomForest,per_class,Epithelial,0.56732223903177,0.8333333333333334,30,4
RandomForest,per_class,Epithelial,0.5712098009188361,0.8288888888888889,30,4
RandomForest,per_class,Epithelial,0.5756172839506173,0.8288888888888889,30,4
RandomForest,per_class,Epithelial,0.5821596244131455,0.8266666666666667,30,4
RandomForest,per_class,Epithelial,0.589825119236884,0.8244444444444444,30,4
RandomForest,per_class,Epithelial,0.5957792207792207,0.8155555555555556,30,4
RandomForest,per_class,Epithelial,0.5977198697068404,0.8155555555555556,30,4
RandomForest,per_class,Epithelial,0.6,0.8066666666666666,30,4
RandomForest,per_class,Epithelial,0.6026711185308848,0.8022222222222222,30,4
RandomForest,per_class,Epithelial,0.6113013698630136,0.7933333333333333,30,4
RandomForest,per_class,Epithelial,0.6114982578397212,0.78,30,4
RandomForest,per_class,Epithelial,0.6126760563380281,0.7733333333333333,30,4
RandomForest,per_class,Epithelial,0.6153846153846154,0.7644444444444445,30,4
RandomForest,per_class,Epithelial,0.6213768115942029,0.7622222222222222,30,4
RandomForest,per_class,Epithelial,0.6326530612244898,0.7577777777777778,30,4
RandomForest,per_class,Epithelial,0.6355140186915887,0.7555555555555555,30,4
RandomForest,per_class,Epithelial,0.6457142857142857,0.7533333333333333,30,4
RandomForest,per_class,Epithelial,0.6536964980544747,0.7466666666666667,30,4
RandomForest,per_class,Epithelial,0.6534653465346535,0.7333333333333333,30,4
RandomForest,per_class,Epithelial,0.6599597585513078,0.7288888888888889,30,4
RandomForest,per_class,Epithelial,0.6694045174537988,0.7244444444444444,30,4
RandomForest,per_class,Epithelial,0.678646934460888,0.7133333333333334,30,4
RandomForest,per_class,Epithelial,0.6795698924731183,0.7022222222222222,30,4
RandomForest,per_class,Epithelial,0.6843267108167771,0.6888888888888889,30,4
RandomForest,per_class,Epithelial,0.6884875846501128,0.6777777777777778,30,4
RandomForest,per_class,Epithelial,0.6912442396313364,0.6666666666666666,30,4
RandomForest,per_class,Epithelial,0.6964705882352941,0.6577777777777778,30,4
RandomForest,per_class,Epithelial,0.7101449275362319,0.6533333333333333,30,4
RandomForest,per_class,Epithelial,0.7125,0.6333333333333333,30,4
RandomForest,per_class,Epithelial,0.7219387755102041,0.6288888888888889,30,4
RandomForest,per_class,Epithelial,0.7303664921465969,0.62,30,4
RandomForest,per_class,Epithelial,0.7419354838709677,0.6133333333333333,30,4
RandomForest,per_class,Epithelial,0.7486338797814208,0.6088888888888889,30,4
RandomForest,per_class,Epithelial,0.7513966480446927,0.5977777777777777,30,4
RandomForest,per_class,Epithelial,0.7565217391304347,0.58,30,4
RandomForest,per_class,Epithelial,0.7529761904761905,0.5622222222222222,30,4
RandomForest,per_class,Epithelial,0.7614678899082569,0.5533333333333333,30,4
RandomForest,per_class,Epithelial,0.767515923566879,0.5355555555555556,30,4
RandomForest,per_class,Epithelial,0.7719869706840391,0.5266666666666666,30,4
RandomForest,per_class,Epithelial,0.7830508474576271,0.5133333333333333,30,4
RandomForest,per_class,Epithelial,0.7909407665505227,0.5044444444444445,30,4
RandomForest,per_class,Epithelial,0.7846715328467153,0.4777777777777778,30,4
RandomForest,per_class,Epithelial,0.7969348659003831,0.4622222222222222,30,4
RandomForest,per_class,Epithelial,0.8031496062992126,0.4533333333333333,30,4
RandomForest,per_class,Epithelial,0.819672131147541,0.4444444444444444,30,4
RandomForest,per_class,Epithelial,0.8369098712446352,0.43333333333333335,30,4
RandomForest,per_class,Epithelial,0.8370044052863436,0.4222222222222222,30,4
RandomForest,per_class,Epithelial,0.8378378378378378,0.41333333333333333,30,4
RandomForest,per_class,Epithelial,0.8537735849056604,0.4022222222222222,30,4
RandomForest,per_class,Epithelial,0.8656716417910447,0.38666666666666666,30,4
RandomForest,per_class,Epithelial,0.8663101604278075,0.36,30,4
RandomForest,per_class,Epithelial,0.8670520231213873,0.3333333333333333,30,4
RandomForest,per_class,Epithelial,0.8614457831325302,0.31777777777777777,30,4
RandomForest,per_class,Epithelial,0.8838709677419355,0.30444444444444446,30,4
RandomForest,per_class,Epithelial,0.8843537414965986,0.28888888888888886,30,4
RandomForest,per_class,Epithelial,0.8947368421052632,0.2644444444444444,30,4
RandomForest,per_class,Epithelial,0.904,0.2511111111111111,30,4
RandomForest,per_class,Epithelial,0.9016393442622951,0.24444444444444444,30,4
RandomForest,per_class,Epithelial,0.9051724137931034,0.23333333333333334,30,4
RandomForest,per_class,Epithelial,0.9099099099099099,0.22444444444444445,30,4
RandomForest,per_class,Epithelial,0.9047619047619048,0.2111111111111111,30,4
RandomForest,per_class,Epithelial,0.9072164948453608,0.19555555555555557,30,4
RandomForest,per_class,Epithelial,0.9052631578947369,0.19111111111111112,30,4
RandomForest,per_class,Epithelial,0.9032258064516129,0.18666666666666668,30,4
RandomForest,per_class,Epithelial,0.9036144578313253,0.16666666666666666,30,4
RandomForest,per_class,Epithelial,0.9333333333333333,0.15555555555555556,30,4
RandomForest,per_class,Epithelial,0.9558823529411765,0.14444444444444443,30,4
RandomForest,per_class,Epithelial,0.9482758620689655,0.12222222222222222,30,4
RandomForest,per_class,Epithelial,0.96,0.10666666666666667,30,4
RandomForest,per_class,Epithelial,0.9565217391304348,0.09777777777777778,30,4
RandomForest,per_class,Epithelial,0.9736842105263158,0.08222222222222222,30,4
RandomForest,per_class,Epithelial,1.0,0.06888888888888889,30,4
RandomForest,per_class,Epithelial,1.0,0.057777777777777775,30,4
RandomForest,per_class,Epithelial,1.0,0.04666666666666667,30,4
RandomForest,per_class,Epithelial,1.0,0.04,30,4
RandomForest,per_class,Epithelial,1.0,0.03333333333333333,30,4
RandomForest,per_class,Epithelial,1.0,0.024444444444444446,30,4
RandomForest,per_class,Epithelial,1.0,0.02,30,4
RandomForest,per_class,Epithelial,1.0,0.017777777777777778,30,4
RandomForest,per_class,Epithelial,1.0,0.013333333333333334,30,4
RandomForest,per_class,Epithelial,1.0,0.011111111111111112,30,4
RandomForest,per_class,Epithelial,1.0,0.006666666666666667,30,4
RandomForest,per_class,Epithelial,1.0,0.0022222222222222222,30,4
RandomForest,per_class,Epithelial,1.0,0.0,30,4
RandomForest,per_class,Lymphatic,0.02622973631113894,1.0,30,4
RandomForest,per_class,Lymphatic,0.027513227513227514,1.0,30,4
RandomForest,per_class,Lymphatic,0.029980119284294234,1.0,30,4
RandomForest,per_class,Lymphatic,0.03361569326794472,1.0,30,4
RandomForest,per_class,Lymphatic,0.03871630295250321,1.0,30,4
RandomForest,per_class,Lymphatic,0.04553690059185892,1.0,30,4
RandomForest,per_class,Lymphatic,0.05416696679392062,0.9973474801061007,30,4
RandomForest,per_class,Lymphatic,0.06565392002793784,0.9973474801061007,30,4
RandomForest,per_class,Lymphatic,0.08025613660618997,0.9973474801061007,30,4
RandomForest,per_class,Lymphatic,0.09853056940435581,0.9960212201591512,30,4
RandomForest,per_class,Lymphatic,0.12068409164246531,0.9920424403183024,30,4
RandomForest,per_class,Lymphatic,0.14826624153049023,0.986737400530504,30,4
RandomForest,per_class,Lymphatic,0.17997557997557997,0.9774535809018567,30,4
RandomForest,per_class,Lymphatic,0.21781883194278903,0.9694960212201591,30,4
RandomForest,per_class,Lymphatic,0.25798438608942514,0.9641909814323607,30,4
RandomForest,per_class,Lymphatic,0.29900332225913623,0.9549071618037135,30,4
RandomForest,per_class,Lymphatic,0.3401425178147268,0.9496021220159151,30,4
RandomForest,per_class,Lymphatic,0.3866231647634584,0.9429708222811671,30,4
RandomForest,per_class,Lymphatic,0.4323493234932349,0.9323607427055703,30,4
RandomForest,per_class,Lymphatic,0.4716981132075472,0.9283819628647215,30,4
RandomForest,per_class,Lymphatic,0.5087847730600292,0.9217506631299734,30,4
RandomForest,per_class,Lymphatic,0.543035993740219,0.9204244031830239,30,4
RandomForest,per_class,Lymphatic,0.5707154742096506,0.9098143236074271,30,4
RandomForest,per_class,Lymphatic,0.5994718309859155,0.903183023872679,30,4
RandomForest,per_class,Lymphatic,0.6248847926267281,0.8992042440318302,30,4
RandomForest,per_class,Lymphatic,0.6425166825548141,0.8938992042440318,30,4
RandomForest,per_class,Lymphatic,0.6526418786692759,0.8846153846153846,30,4
RandomForest,per_class,Lymphatic,0.6656626506024096,0.8793103448275862,30,4
RandomForest,per_class,Lymphatic,0.6738241308793456,0.8740053050397878,30,4
RandomForest,per_class,Lymphatic,0.6830543933054394,0.8660477453580901,30,4
RandomForest,per_class,Lymphatic,0.6868365180467091,0.8580901856763926,30,4
RandomForest,per_class,Lymphatic,0.6997816593886463,0.850132625994695,30,4
RandomForest,per_class,Lymphatic,0.710789766407119,0.8474801061007957,30,4
RandomForest,per_class,Lymphatic,0.7180067950169875,0.8408488063660478,30,4
RandomForest,per_class,Lymphatic,0.725287356321839,0.8368700265251989,30,4
RandomForest,per_class,Lymphatic,0.7262180974477959,0.830238726790451,30,4
RandomForest,per_class,Lymphatic,0.7300469483568075,0.8249336870026526,30,4
RandomForest,per_class,Lymphatic,0.7300832342449465,0.8143236074270557,30,4
RandomForest,per_class,Lymphatic,0.7314148681055156,0.8090185676392573,30,4
RandomForest,per_class,Lymphatic,0.7318840579710145,0.8037135278514589,30,4
RandomForest,per_class,Lymphatic,0.7359413202933985,0.7984084880636605,30,4
RandomForest,per_class,Lymphatic,0.7404202719406675,0.7944297082228117,30,4
RandomForest,per_class,Lymphatic,0.7416149068322981,0.7917771883289124,30,4
RandomForest,per_class,Lymphatic,0.7418136020151134,0.7811671087533156,30,4
RandomForest,per_class,Lymphatic,0.7417721518987341,0.7771883289124668,30,4
RandomForest,per_class,Lymphatic,0.7427122940430925,0.7771883289124668,30,4
RandomForest,per_class,Lymphatic,0.7461734693877551,0.7758620689655172,30,4
RandomForest,per_class,Lymphatic,0.7503217503217503,0.773209549071618,30,4
RandomForest,per_class,Lymphatic,0.7512886597938144,0.773209549071618,30,4
RandomForest,per_class,Lymphatic,0.7512953367875648,0.7692307692307693,30,4
RandomForest,per_class,Lymphatic,0.7513020833333334,0.7652519893899205,30,4
RandomForest,per_class,Lymphatic,0.7542483660130719,0.7652519893899205,30,4
RandomForest,per_class,Lymphatic,0.7578947368421053,0.7639257294429708,30,4
RandomForest,per_class,Lymphatic,0.7605820105820106,0.7625994694960212,30,4
RandomForest,per_class,Lymphatic,0.761968085106383,0.7599469496021221,30,4
RandomForest,per_class,Lymphatic,0.7698519515477793,0.7586206896551724,30,4
RandomForest,per_class,Lymphatic,0.774018944519621,0.7586206896551724,30,4
RandomForest,per_class,Lymphatic,0.7755102040816326,0.7559681697612732,30,4
RandomForest,per_class,Lymphatic,0.7745901639344263,0.7519893899204244,30,4
RandomForest,per_class,Lymphatic,0.7771664374140302,0.7493368700265252,30,4
RandomForest,per_class,Lymphatic,0.7790055248618785,0.7480106100795756,30,4
RandomForest,per_class,Lymphatic,0.7805555555555556,0.7453580901856764,30,4
RandomForest,per_class,Lymphatic,0.7810320781032078,0.7427055702917772,30,4
RandomForest,per_class,Lymphatic,0.7873239436619718,0.7413793103448276,30,4
RandomForest,per_class,Lymphatic,0.7914893617021277,0.7400530503978779,30,4
RandomForest,per_class,Lymphatic,0.7934472934472935,0.7387267904509284,30,4
RandomForest,per_class,Lymphatic,0.7988505747126436,0.7374005305039788,30,4
RandomForest,per_class,Lymphatic,0.8011527377521613,0.7374005305039788,30,4
RandomForest,per_class,Lymphatic,0.8031837916063675,0.7360742705570292,30,4
RandomForest,per_class,Lymphatic,0.8078602620087336,0.7360742705570292,30,4
RandomForest,per_class,Lymphatic,0.8099415204678363,0.7347480106100795,30,4
RandomForest,per_class,Lymphatic,0.8156342182890856,0.73342175066313,30,4
RandomForest,per_class,Lymphatic,0.8194029850746268,0.7281167108753316,30,4
RandomForest,per_class,Lymphatic,0.8228228228228228,0.726790450928382,30,4
RandomForest,per_class,Lymphatic,0.824773413897281,0.7241379310344828,30,4
RandomForest,per_class,Lymphatic,0.8277439024390244,0.7201591511936339,30,4
RandomForest,per_class,Lymphatic,0.8282208588957055,0.7161803713527851,30,4
RandomForest,per_class,Lymphatic,0.8299845440494591,0.7122015915119363,30,4
RandomForest,per_class,Lymphatic,0.8390625,0.7122015915119363,30,4
RandomForest,per_class,Lymphatic,0.846031746031746,0.7068965517241379,30,4
RandomForest,per_class,Lymphatic,0.8471337579617835,0.7055702917771883,30,4
RandomForest,per_class,Lymphatic,0.8520900321543409,0.7029177718832891,30,4
RandomForest,per_class,Lymphatic,0.8583061889250815,0.6989389920424404,30,4
RandomForest,per_class,Lymphatic,0.8632619439868204,0.6949602122015915,30,4
RandomForest,per_class,Lymphatic,0.8716666666666667,0.6936339522546419,30,4
RandomForest,per_class,Lymphatic,0.8718381112984823,0.6856763925729443,30,4
RandomForest,per_class,Lymphatic,0.8728813559322034,0.6830238726790451,30,4
RandomForest,per_class,Lymphatic,0.8756388415672913,0.6816976127320955,30,4
RandomForest,per_class,Lymphatic,0.8780068728522337,0.6777188328912467,30,4
RandomForest,per_class,Lymphatic,0.8821490467937608,0.6750663129973474,30,4
RandomForest,per_class,Lymphatic,0.8865619546247818,0.6737400530503979,30,4
RandomForest,per_class,Lymphatic,0.8939929328621908,0.6710875331564987,30,4
RandomForest,per_class,Lymphatic,0.8926654740608229,0.6618037135278515,30,4
RandomForest,per_class,Lymphatic,0.895117540687161,0.656498673740053,30,4
RandomForest,per_class,Lymphatic,0.8963636363636364,0.6538461538461539,30,4
RandomForest,per_class,Lymphatic,0.9029304029304029,0.6538461538461539,30,4
RandomForest,per_class,Lymphatic,0.9042357274401474,0.6511936339522546,30,4
RandomForest,per_class,Lymphatic,0.9107806691449815,0.649867374005305,30,4
RandomForest,per_class,Lymphatic,0.9121495327102803,0.6472148541114059,30,4
RandomForest,per_class,Lymphatic,0.9166666666666666,0.6419098143236074,30,4
RandomForest,per_class,Lymphatic,0.9158699808795411,0.6352785145888594,30,4
RandomForest,per_class,Lymphatic,0.9152215799614644,0.629973474801061,30,4
RandomForest,per_class,Lymphatic,0.9163424124513618,0.6246684350132626,30,4
RandomForest,per_class,Lymphatic,0.9224652087475149,0.6153846153846154,30,4
RandomForest,per_class,Lymphatic,0.924,0.6127320954907162,30,4
RandomForest,per_class,Lymphatic,0.9262295081967213,0.5994694960212201,30,4
RandomForest,per_class,Lymphatic,0.9351464435146444,0.5928381962864722,30,4
RandomForest,per_class,Lymphatic,0.9382978723404255,0.5848806366047745,30,4
RandomForest,per_class,Lymphatic,0.9391304347826087,0.5729442970822282,30,4
RandomForest,per_class,Lymphatic,0.9448123620309051,0.5676392572944297,30,4
RandomForest,per_class,Lymphatic,0.9444444444444444,0.5636604774535809,30,4
RandomForest,per_class,Lymphatic,0.946067415730337,0.5583554376657824,30,4
RandomForest,per_class,Lymphatic,0.9453302961275627,0.5503978779840849,30,4
RandomForest,per_class,Lymphatic,0.9513888888888888,0.5450928381962865,30,4
RandomForest,per_class,Lymphatic,0.950354609929078,0.53315649867374,30,4
RandomForest,per_class,Lymphatic,0.9518072289156626,0.5238726790450928,30,4
RandomForest,per_class,Lymphatic,0.9507389162561576,0.5119363395225465,30,4
RandomForest,per_class,Lymphatic,0.9595959595959596,0.5039787798408488,30,4
RandomForest,per_class,Lymphatic,0.9638242894056848,0.4946949602122016,30,4
RandomForest,per_class,Lymphatic,0.9653333333333334,0.48010610079575594,30,4
RandomForest,per_class,Lymphatic,0.967479674796748,0.473474801061008,30,4
RandomForest,per_class,Lymphatic,0.9693593314763231,0.46153846153846156,30,4
RandomForest,per_class,Lymphatic,0.9745762711864406,0.45755968169761274,30,4
RandomForest,per_class,Lymphatic,0.9737609329446064,0.44297082228116713,30,4
RandomForest,per_class,Lymphatic,0.978978978978979,0.4323607427055703,30,4
RandomForest,per_class,Lymphatic,0.9785276073619632,0.4230769230769231,30,4
RandomForest,per_class,Lymphatic,0.978328173374613,0.41909814323607425,30,4
RandomForest,per_class,Lymphatic,0.9808917197452229,0.40848806366047746,30,4
RandomForest,per_class,Lymphatic,0.9836601307189542,0.39920424403183025,30,4
RandomForest,per_class,Lymphatic,0.9865319865319865,0.3885941644562334,30,4
RandomForest,per_class,Lymphatic,0.9857651245551602,0.3673740053050398,30,4
RandomForest,per_class,Lymphatic,0.9854545454545455,0.3594164456233422,30,4
RandomForest,per_class,Lymphatic,0.9849056603773585,0.34615384615384615,30,4
RandomForest,per_class,Lymphatic,0.9881422924901185,0.33156498673740054,30,4
RandomForest,per_class,Lymphatic,0.9877049180327869,0.3196286472148541,30,4
RandomForest,per_class,Lymphatic,0.9873417721518988,0.3103448275862069,30,4
RandomForest,per_class,Lymphatic,0.9868995633187773,0.29973474801061006,30,4
RandomForest,per_class,Lymphatic,0.9861751152073732,0.2838196286472148,30,4
RandomForest,per_class,Lymphatic,0.9854368932038835,0.2692307692307692,30,4
RandomForest,per_class,Lymphatic,0.9846938775510204,0.25596816976127323,30,4
RandomForest,per_class,Lymphatic,0.989010989010989,0.23872679045092837,30,4
RandomForest,per_class,Lymphatic,0.9942528735632183,0.22944297082228116,30,4
RandomForest,per_class,Lymphatic,0.9939759036144579,0.21883289124668434,30,4
RandomForest,per_class,Lymphatic,0.9933774834437086,0.1989389920424403,30,4
RandomForest,per_class,Lymphatic,0.9927007299270073,0.18037135278514588,30,4
RandomForest,per_class,Lymphatic,0.9919354838709677,0.16312997347480107,30,4
RandomForest,per_class,Lymphatic,0.9917355371900827,0.15915119363395225,30,4
RandomForest,per_class,Lymphatic,0.9913793103448276,0.15251989389920426,30,4
RandomForest,per_class,Lymphatic,0.9908256880733946,0.14323607427055704,30,4
RandomForest,per_class,Lymphatic,1.0,0.13660477453580902,30,4
RandomForest,per_class,Lymphatic,1.0,0.123342175066313,30,4
RandomForest,per_class,Lymphatic,1.0,0.11803713527851459,30,4
RandomForest,per_class,Lymphatic,1.0,0.09814323607427056,30,4
RandomForest,per_class,Lymphatic,1.0,0.09283819628647215,30,4
RandomForest,per_class,Lymphatic,1.0,0.08753315649867374,30,4
RandomForest,per_class,Lymphatic,1.0,0.07692307692307693,30,4
RandomForest,per_class,Lymphatic,1.0,0.06896551724137931,30,4
RandomForest,per_class,Lymphatic,1.0,0.0623342175066313,30,4
RandomForest,per_class,Lymphatic,1.0,0.05570291777188329,30,4
RandomForest,per_class,Lymphatic,1.0,0.046419098143236075,30,4
RandomForest,per_class,Lymphatic,1.0,0.03978779840848806,30,4
RandomForest,per_class,Lymphatic,1.0,0.03580901856763926,30,4
RandomForest,per_class,Lymphatic,1.0,0.029177718832891247,30,4
RandomForest,per_class,Lymphatic,1.0,0.022546419098143235,30,4
RandomForest,per_class,Lymphatic,1.0,0.017241379310344827,30,4
RandomForest,per_class,Lymphatic,1.0,0.015915119363395226,30,4
RandomForest,per_class,Lymphatic,1.0,0.007957559681697613,30,4
RandomForest,per_class,Lymphatic,1.0,0.006631299734748011,30,4
RandomForest,per_class,Lymphatic,1.0,0.005305039787798408,30,4
RandomForest,per_class,Lymphatic,1.0,0.001326259946949602,30,4
RandomForest,per_class,Lymphatic,1.0,0.0,30,4
RandomForest,per_class,M1,0.021568218186878173,1.0,30,4
RandomForest,per_class,M1,0.022401271814141706,1.0,30,4
RandomForest,per_class,M1,0.024196066187948798,1.0,30,4
RandomForest,per_class,M1,0.026853776853776854,1.0,30,4
RandomForest,per_class,M1,0.03019235451667884,1.0,30,4
RandomForest,per_class,M1,0.03427497374094754,1.0,30,4
RandomForest,per_class,M1,0.03877665895303021,1.0,30,4
RandomForest,per_class,M1,0.043806966720836574,1.0,30,4
RandomForest,per_class,M1,0.04927167077927247,0.9983870967741936,30,4
RandomForest,per_class,M1,0.055213629471055216,0.9983870967741936,30,4
RandomForest,per_class,M1,0.0618123624724945,0.9967741935483871,30,4
RandomForest,per_class,M1,0.06881143878462913,0.9935483870967742,30,4
RandomForest,per_class,M1,0.07618811266906564,0.9903225806451613,30,4
RandomForest,per_class,M1,0.08401751505199781,0.9903225806451613,30,4
RandomForest,per_class,M1,0.09258142340168878,0.9903225806451613,30,4
RandomForest,per_class,M1,0.10152368333885392,0.9887096774193549,30,4
RandomForest,per_class,M1,0.11082940963419051,0.9870967741935484,30,4
RandomForest,per_class,M1,0.11886204208885424,0.9838709677419355,30,4
RandomForest,per_class,M1,0.12764619576608677,0.9822580645161291,30,4
RandomForest,per_class,M1,0.13552132172359901,0.9790322580645161,30,4
RandomForest,per_class,M1,0.14302628463177836,0.9741935483870968,30,4
RandomForest,per_class,M1,0.1506883604505632,0.9709677419354839,30,4
RandomForest,per_class,M1,0.15801948907031868,0.967741935483871,30,4
RandomForest,per_class,M1,0.16555924695459578,0.964516129032258,30,4
RandomForest,per_class,M1,0.1739766081871345,0.9596774193548387,30,4
RandomForest,per_class,M1,0.1811240073304826,0.9564516129032258,30,4
RandomForest,per_class,M1,0.1875598086124402,0.9483870967741935,30,4
RandomForest,per_class,M1,0.19413919413919414,0.9403225806451613,30,4
RandomForest,per_class,M1,0.20027624309392264,0.9354838709677419,30,4
RandomForest,per_class,M1,0.20834832673623604,0.9338709677419355,30,4
RandomForest,per_class,M1,0.21471025260029716,0.932258064516129,30,4
RandomForest,per_class,M1,0.22119460500963392,0.9258064516129032,30,4
RandomForest,per_class,M1,0.22812624850179783,0.9209677419354839,30,4
RandomForest,per_class,M1,0.23632567849686847,0.9129032258064517,30,4
RandomForest,per_class,M1,0.24276457883369332,0.9064516129032258,30,4
RandomForest,per_class,M1,0.2512359550561798,0.9016129032258065,30,4
RandomForest,per_class,M1,0.25829051844932277,0.8919354838709678,30,4
RandomForest,per_class,M1,0.26573088092933206,0.885483870967742,30,4
RandomForest,per_class,M1,0.27304609218436876,0.8790322580645161,30,4
RandomForest,per_class,M1,0.2805830296720458,0.8693548387096774,30,4
RandomForest,per_class,M1,0.28879310344827586,0.864516129032258,30,4
RandomForest,per_class,M1,0.29859943977591036,0.8596774193548387,30,4
RandomForest,per_class,M1,0.3035403366221706,0.8435483870967742,30,4
RandomForest,per_class,M1,0.3114852675886951,0.8354838709677419,30,4
RandomForest,per_class,M1,0.31880448318804483,0.8258064516129032,30,4
RandomForest,per_class,M1,0.32529335071707954,0.8048387096774193,30,4
RandomForest,per_class,M1,0.3315543695797198,0.8016129032258065,30,4
RandomForest,per_class,M1,0.34073560027758504,0.7919354838709678,30,4
RandomForest,per_class,M1,0.34960516870064606,0.785483870967742,30,4
RandomForest,per_class,M1,0.3559701492537313,0.7693548387096775,30,4
RandomForest,per_class,M1,0.3620823620823621,0.7516129032258064,30,4
RandomForest,per_class,M1,0.3737864077669903,0.7451612903225806,30,4
RandomForest,per_class,M1,0.3798319327731092,0.7290322580645161,30,4
RandomForest,per_class,M1,0.3867016622922135,0.7129032258064516,30,4
RandomForest,per_class,M1,0.3925992779783393,0.7016129032258065,30,4
RandomForest,per_class,M1,0.3947858472998138,0.6838709677419355,30,4
RandomForest,per_class,M1,0.402321083172147,0.6709677419354839,30,4
RandomForest,per_class,M1,0.40722166499498497,0.6548387096774193,30,4
RandomForest,per_class,M1,0.4157068062827225,0.6403225806451613,30,4
RandomForest,per_class,M1,0.4256243213897937,0.632258064516129,30,4
RandomForest,per_class,M1,0.42730299667036625,0.6209677419354839,30,4
RandomForest,per_class,M1,0.4344262295081967,0.5983870967741935,30,4
RandomForest,per_class,M1,0.43788437884378845,0.5741935483870968,30,4
RandomForest,per_class,M1,0.4454428754813864,0.5596774193548387,30,4
RandomForest,per_class,M1,0.45454545454545453,0.5483870967741935,30,4
RandomForest,per_class,M1,0.4582172701949861,0.5306451612903226,30,4
RandomForest,per_class,M1,0.46965317919075145,0.5241935483870968,30,4
RandomForest,per_class,M1,0.47754491017964074,0.5145161290322581,30,4
RandomForest,per_class,M1,0.49065420560747663,0.5080645161290323,30,4
RandomForest,per_class,M1,0.4967532467532468,0.4935483870967742,30,4
RandomForest,per_class,M1,0.5111111111111111,0.482258064516129,30,4
RandomForest,per_class,M1,0.5140845070422535,0.47096774193548385,30,4
RandomForest,per_class,M1,0.5238970588235294,0.4596774193548387,30,4
RandomForest,per_class,M1,0.5316698656429942,0.4467741935483871,30,4
RandomForest,per_class,M1,0.537525354969574,0.4274193548387097,30,4
RandomForest,per_class,M1,0.5416666666666666,0.41935483870967744,30,4
RandomForest,per_class,M1,0.5440860215053763,0.4080645161290323,30,4
RandomForest,per_class,M1,0.5588235294117647,0.39838709677419354,30,4
RandomForest,per_class,M1,0.5650118203309693,0.38548387096774195,30,4
RandomForest,per_class,M1,0.5778894472361809,0.3709677419354839,30,4
RandomForest,per_class,M1,0.5921052631578947,0.3629032258064516,30,4
RandomForest,per_class,M1,0.5933147632311978,0.3435483870967742,30,4
RandomForest,per_class,M1,0.5935672514619883,0.32741935483870965,30,4
RandomForest,per_class,M1,0.5950920245398773,0.31290322580645163,30,4
RandomForest,per_class,M1,0.6096774193548387,0.30483870967741933,30,4
RandomForest,per_class,M1,0.6206896551724138,0.2903225806451613,30,4
RandomForest,per_class,M1,0.6209386281588448,0.27741935483870966,30,4
RandomForest,per_class,M1,0.6412213740458015,0.2709677419354839,30,4
RandomForest,per_class,M1,0.6388888888888888,0.25967741935483873,30,4
RandomForest,per_class,M1,0.6460905349794238,0.2532258064516129,30,4
RandomForest,per_class,M1,0.6470588235294118,0.24838709677419354,30,4
RandomForest,per_class,M1,0.6561085972850679,0.23387096774193547,30,4
RandomForest,per_class,M1,0.6538461538461539,0.21935483870967742,30,4
RandomForest,per_class,M1,0.6476683937823834,0.20161290322580644,30,4
RandomForest,per_class,M1,0.6555555555555556,0.19032258064516128,30,4
RandomForest,per_class,M1,0.6569767441860465,0.18225806451612903,30,4
RandomForest,per_class,M1,0.6540880503144654,0.16774193548387098,30,4
RandomForest,per_class,M1,0.6538461538461539,0.16451612903225807,30,4
RandomForest,per_class,M1,0.6853146853146853,0.15806451612903225,30,4
RandomForest,per_class,M1,0.6934306569343066,0.1532258064516129,30,4
RandomForest,per_class,M1,0.6929133858267716,0.14193548387096774,30,4
RandomForest,per_class,M1,0.6637931034482759,0.12419354838709677,30,4
RandomForest,per_class,M1,0.6697247706422018,0.11774193548387096,30,4
RandomForest,per_class,M1,0.69,0.11129032258064517,30,4
RandomForest,per_class,M1,0.7127659574468085,0.10806451612903226,30,4
RandomForest,per_class,M1,0.7142857142857143,0.10483870967741936,30,4
RandomForest,per_class,M1,0.7471264367816092,0.10483870967741936,30,4
RandomForest,per_class,M1,0.7349397590361446,0.09838709677419355,30,4
RandomForest,per_class,M1,0.7466666666666667,0.09032258064516129,30,4
RandomForest,per_class,M1,0.7361111111111112,0.08548387096774193,30,4
RandomForest,per_class,M1,0.7727272727272727,0.08225806451612903,30,4
RandomForest,per_class,M1,0.7966101694915254,0.07580645161290323,30,4
RandomForest,per_class,M1,0.8181818181818182,0.07258064516129033,30,4
RandomForest,per_class,M1,0.8235294117647058,0.06774193548387097,30,4
RandomForest,per_class,M1,0.8085106382978723,0.06129032258064516,30,4
RandomForest,per_class,M1,0.7954545454545454,0.056451612903225805,30,4
RandomForest,per_class,M1,0.8157894736842105,0.05,30,4
RandomForest,per_class,M1,0.8285714285714286,0.0467741935483871,30,4
RandomForest,per_class,M1,0.8484848484848485,0.04516129032258064,30,4
RandomForest,per_class,M1,0.8666666666666667,0.041935483870967745,30,4
RandomForest,per_class,M1,0.8620689655172413,0.04032258064516129,30,4
RandomForest,per_class,M1,0.8846153846153846,0.037096774193548385,30,4
RandomForest,per_class,M1,0.8636363636363636,0.03064516129032258,30,4
RandomForest,per_class,M1,0.8235294117647058,0.02258064516129032,30,4
RandomForest,per_class,M1,0.8666666666666667,0.020967741935483872,30,4
RandomForest,per_class,M1,0.8571428571428571,0.01935483870967742,30,4
RandomForest,per_class,M1,0.9166666666666666,0.017741935483870968,30,4
RandomForest,per_class,M1,0.9090909090909091,0.016129032258064516,30,4
RandomForest,per_class,M1,0.9,0.014516129032258065,30,4
RandomForest,per_class,M1,1.0,0.01129032258064516,30,4
RandomForest,per_class,M1,1.0,0.00967741935483871,30,4
RandomForest,per_class,M1,1.0,0.0064516129032258064,30,4
RandomForest,per_class,M1,1.0,0.004838709677419355,30,4
RandomForest,per_class,M1,1.0,0.0032258064516129032,30,4
RandomForest,per_class,M1,1.0,0.0016129032258064516,30,4
RandomForest,per_class,M1,1.0,0.0,30,4
RandomForest,per_class,M2,0.05068531273916371,1.0,30,4
RandomForest,per_class,M2,0.054546815918535434,1.0,30,4
RandomForest,per_class,M2,0.061274303509805575,0.9993136582017845,30,4
RandomForest,per_class,M2,0.0705482775351771,0.9979409746053535,30,4
RandomForest,per_class,M2,0.08102832924380995,0.997254632807138,30,4
RandomForest,per_class,M2,0.09284481104929983,0.9965682910089224,30,4
RandomForest,per_class,M2,0.10598303101228788,0.9945092656142759,30,4
RandomForest,per_class,M2,0.11994363395225464,0.9931365820178449,30,4
RandomForest,per_class,M2,0.13470149253731342,0.9910775566231984,30,4
RandomForest,per_class,M2,0.151058034778965,0.9897048730267674,30,4
RandomForest,per_class,M2,0.1669567235178095,0.9876458476321208,30,4
RandomForest,per_class,M2,0.18423759321162253,0.9835277968428278,30,4
RandomForest,per_class,M2,0.20336806051091766,0.9780370624571036,30,4
RandomForest,per_class,M2,0.22071861875874943,0.9739190116678106,30,4
RandomForest,per_class,M2,0.2397898661243857,0.9711736444749485,30,4
RandomForest,per_class,M2,0.2577565632458234,0.9636238846945779,30,4
RandomForest,per_class,M2,0.27732430818236115,0.9560741249142073,30,4
RandomForest,per_class,M2,0.29647917561185055,0.9478380233356212,30,4
RandomForest,per_class,M2,0.3181818181818182,0.9416609471516816,30,4
RandomForest,per_class,M2,0.3394769613947696,0.9354838709677419,30,4
RandomForest,per_class,M2,0.3600106354692901,0.9293067947838023,30,4
RandomForest,per_class,M2,0.3759820426487093,0.9196980096087852,30,4
RandomForest,per_class,M2,0.3960130913418625,0.9135209334248455,30,4
RandomForest,per_class,M2,0.4169298799747315,0.905971173644475,30,4
RandomForest,per_class,M2,0.43658210947930576,0.8977350720658888,30,4
RandomForest,per_class,M2,0.4537166900420757,0.8881262868908717,30,4
RandomForest,per_class,M2,0.47296800294225816,0.8826355525051476,30,4
RandomForest,per_class,M2,0.49074074074074076,0.8730267673301304,30,4
RandomForest,per_class,M2,0.5113452188006483,0.8661633493479753,30,4
RandomForest,per_class,M2,0.5229087852038672,0.853809196980096,30,4
RandomForest,per_class,M2,0.5362762237762237,0.8421413864104323,30,4
RandomForest,per_class,M2,0.5508628519527702,0.8325326012354153,30,4
RandomForest,per_class,M2,0.5668398677373642,0.8236101578586136,30,4
RandomForest,per_class,M2,0.5781782756941062,0.814687714481812,30,4
RandomForest,per_class,M2,0.5888888888888889,0.8002745367192862,30,4
RandomForest,per_class,M2,0.6012558869701727,0.7886067261496225,30,4
RandomForest,per_class,M2,0.6128330614464382,0.7735072065888813,30,4
RandomForest,per_class,M2,0.6261998870694523,0.7611530542210021,30,4
RandomForest,per_class,M2,0.6420620972466315,0.7522306108442004,30,4
RandomForest,per_class,M2,0.6523319200484555,0.7391901166781057,30,4
RandomForest,per_class,M2,0.6652037617554859,0.7282086479066575,30,4
RandomForest,per_class,M2,0.6766233766233766,0.7151681537405628,30,4
RandomForest,per_class,M2,0.6896782841823056,0.7062457103637612,30,4
RandomForest,per_class,M2,0.7004830917874396,0.696636925188744,30,4
RandomForest,per_class,M2,0.7098372257607927,0.6884008236101579,30,4
RandomForest,per_class,M2,0.7208791208791209,0.6753603294440631,30,4
RandomForest,per_class,M2,0.7344931921331316,0.6664378860672615,30,4
RandomForest,per_class,M2,0.7433903576982893,0.6561427590940289,30,4
RandomForest,per_class,M2,0.748,0.641729581331503,30,4
RandomForest,per_class,M2,0.7576509511993383,0.6286890871654084,30,4
RandomForest,per_class,M2,0.7631578947368421,0.6170212765957447,30,4
RandomForest,per_class,M2,0.7651646447140381,0.6060398078242965,30,4
RandomForest,per_class,M2,0.7722772277227723,0.5888812628689087,30,4
RandomForest,per_class,M2,0.7755289788408464,0.5785861358956761,30,4
RandomForest,per_class,M2,0.7801683816651076,0.5724090597117364,30,4
RandomForest,per_class,M2,0.7889105058365758,0.5566231983527797,30,4
RandomForest,per_class,M2,0.7963891675025075,0.544955387783116,30,4
RandomForest,per_class,M2,0.8024691358024691,0.5353466026080989,30,4
RandomForest,per_class,M2,0.8120380147835269,0.5277968428277282,30,4
RandomForest,per_class,M2,0.8125677139761647,0.5147563486616334,30,4
RandomForest,per_class,M2,0.8195067264573991,0.5017158544955388,30,4
RandomForest,per_class,M2,0.8267441860465117,0.48798901853122856,30,4
RandomForest,per_class,M2,0.833134684147795,0.47975291695264244,30,4
RandomForest,per_class,M2,0.8431372549019608,0.4722031571722718,30,4
RandomForest,per_class,M2,0.8493150684931506,0.46808510638297873,30,4
RandomForest,per_class,M2,0.8638743455497382,0.4529855868222375,30,4
RandomForest,per_class,M2,0.8649732620320856,0.44406314344543585,30,4
RandomForest,per_class,M2,0.8664850136239782,0.4365133836650652,30,4
RandomForest,per_class,M2,0.8742937853107344,0.4248455730954015,30,4
RandomForest,per_class,M2,0.8784370477568741,0.4166094715168154,30,4
RandomForest,per_class,M2,0.8772455089820359,0.4021962937542896,30,4
RandomForest,per_class,M2,0.8821705426356589,0.39052848318462596,30,4
RandomForest,per_class,M2,0.8807631160572337,0.38023335621139326,30,4
RandomForest,per_class,M2,0.8796747967479674,0.3713109128345916,30,4
RandomForest,per_class,M2,0.8870431893687708,0.366506520247083,30,4
RandomForest,per_class,M2,0.8905982905982905,0.3575840768702814,30,4
RandomForest,per_class,M2,0.8936170212765957,0.3459162663006177,30,4
RandomForest,per_class,M2,0.8942486085343229,0.33081674673987643,30,4
RandomForest,per_class,M2,0.8978805394990366,0.31983527796842826,30,4
RandomForest,per_class,M2,0.9035433070866141,0.3150308853809197,30,4
RandomForest,per_class,M2,0.9090909090909091,0.3088538091969801,30,4
RandomForest,per_class,M2,0.9117043121149897,0.304735758407687,30,4
RandomForest,per_class,M2,0.909853249475891,0.2978723404255319,30,4
RandomForest,per_class,M2,0.9162995594713657,0.2855181880576527,30,4
RandomForest,per_class,M2,0.9220183486238532,0.27590940288263555,30,4
RandomForest,per_class,M2,0.9227166276346604,0.2704186684969115,30,4
RandomForest,per_class,M2,0.9228915662650602,0.26286890871654084,30,4
RandomForest,per_class,M2,0.9234567901234568,0.25669183253260125,30,4
RandomForest,per_class,M2,0.9269521410579346,0.2525737817433082,30,4
RandomForest,per_class,M2,0.926509186351706,0.24227865477007549,30,4
RandomForest,per_class,M2,0.9274193548387096,0.2367879203843514,30,4
RandomForest,per_class,M2,0.9243697478991597,0.22649279341111875,30,4
RandomForest,per_class,M2,0.9273255813953488,0.2189430336307481,30,4
RandomForest,per_class,M2,0.9255952380952381,0.213452299245024,30,4
RandomForest,per_class,M2,0.9263803680981595,0.20727522306108442,30,4
RandomForest,per_class,M2,0.9292604501607717,0.19835277968428278,30,4
RandomForest,per_class,M2,0.9302325581395349,0.19217570350034316,30,4
RandomForest,per_class,M2,0.9358108108108109,0.19011667810569663,30,4
RandomForest,per_class,M2,0.9372822299651568,0.18462594371997254,30,4
RandomForest,per_class,M2,0.9434628975265018,0.1832532601235415,30,4
RandomForest,per_class,M2,0.9416058394160584,0.17707618393960192,30,4
RandomForest,per_class,M2,0.9393939393939394,0.1702127659574468,30,4
RandomForest,per_class,M2,0.9446640316205533,0.16403568977350722,30,4
RandomForest,per_class,M2,0.9456066945606695,0.15511324639670557,30,4
RandomForest,per_class,M2,0.9437229437229437,0.14962251201098148,30,4
RandomForest,per_class,M2,0.9459459459459459,0.1441317776252574,30,4
RandomForest,per_class,M2,0.9441860465116279,0.1393273850377488,30,4
RandomForest,per_class,M2,0.9425837320574163,0.13520933424845574,30,4
RandomForest,per_class,M2,0.9390862944162437,0.1269732326698696,30,4
RandomForest,per_class,M2,0.9518716577540107,0.12216884008236102,30,4
RandomForest,per_class,M2,0.9602272727272727,0.11599176389842142,30,4
RandomForest,per_class,M2,0.9585798816568047,0.11118737131091283,30,4
RandomForest,per_class,M2,0.9634146341463414,0.10844200411805079,30,4
RandomForest,per_class,M2,0.9743589743589743,0.10432395332875773,30,4
RandomForest,per_class,M2,0.9735099337748344,0.10089224433768017,30,4
RandomForest,per_class,M2,0.9726027397260274,0.09746053534660261,30,4
RandomForest,per_class,M2,0.9781021897810219,0.09196980096087852,30,4
RandomForest,per_class,M2,0.9847328244274809,0.08853809196980096,30,4
RandomForest,per_class,M2,0.984375,0.08647906657515443,30,4
RandomForest,per_class,M2,0.9827586206896551,0.07824296499656828,30,4
RandomForest,per_class,M2,0.981651376146789,0.07343857240905971,30,4
RandomForest,per_class,M2,0.9809523809523809,0.07069320521619767,30,4
RandomForest,per_class,M2,0.9807692307692307,0.07000686341798215,30,4
RandomForest,per_class,M2,0.9797979797979798,0.06657515442690459,30,4
RandomForest,per_class,M2,0.9787234042553191,0.06314344543582705,30,4
RandomForest,per_class,M2,0.9770114942528736,0.05833905284831846,30,4
RandomForest,per_class,M2,0.9871794871794872,0.05284831846259437,30,4
RandomForest,per_class,M2,0.9864864864864865,0.050102951269732326,30,4
RandomForest,per_class,M2,0.9855072463768116,0.04667124227865477,30,4
RandomForest,per_class,M2,0.9848484848484849,0.04461221688400824,30,4
RandomForest,per_class,M2,0.9836065573770492,0.04118050789293068,30,4
RandomForest,per_class,M2,0.9824561403508771,0.038435140700068635,30,4
RandomForest,per_class,M2,0.9818181818181818,0.03706245710363761,30,4
RandomForest,per_class,M2,0.9811320754716981,0.03568977350720659,30,4
RandomForest,per_class,M2,0.9807692307692307,0.035003431708991076,30,4
RandomForest,per_class,M2,0.9791666666666666,0.03225806451612903,30,4
RandomForest,per_class,M2,0.9787234042553191,0.031571722717913524,30,4
RandomForest,per_class,M2,0.9782608695652174,0.03088538091969801,30,4
RandomForest,per_class,M2,1.0,0.030199039121482498,30,4
RandomForest,per_class,M2,1.0,0.027453671928620454,30,4
RandomForest,per_class,M2,1.0,0.024708304735758406,30,4
RandomForest,per_class,M2,1.0,0.02127659574468085,30,4
RandomForest,per_class,M2,1.0,0.018531228551818806,30,4
RandomForest,per_class,M2,1.0,0.016472203157172273,30,4
RandomForest,per_class,M2,1.0,0.015099519560741249,30,4
RandomForest,per_class,M2,1.0,0.012354152367879203,30,4
RandomForest,per_class,M2,1.0,0.01029512697323267,30,4
RandomForest,per_class,M2,1.0,0.008922443376801648,30,4
RandomForest,per_class,M2,1.0,0.008236101578586136,30,4
RandomForest,per_class,M2,1.0,0.0075497597803706245,30,4
RandomForest,per_class,M2,1.0,0.0068634179821551134,30,4
RandomForest,per_class,M2,1.0,0.004804392587508579,30,4
RandomForest,per_class,M2,1.0,0.002745367192862045,30,4
RandomForest,per_class,M2,1.0,0.002059025394646534,30,4
RandomForest,per_class,M2,1.0,0.0013726835964310226,30,4
RandomForest,per_class,M2,1.0,0.0006863417982155113,30,4
RandomForest,per_class,M2,1.0,0.0,30,4
RandomForest,per_class,Mast,0.023133653377861267,1.0,30,4
RandomForest,per_class,Mast,0.025371027431231163,1.0,30,4
RandomForest,per_class,Mast,0.03035005248505317,1.0,30,4
RandomForest,per_class,Mast,0.03865380144152523,1.0,30,4
RandomForest,per_class,Mast,0.05165449743669411,1.0,30,4
RandomForest,per_class,Mast,0.0714055621174702,1.0,30,4
RandomForest,per_class,Mast,0.09789489180038274,1.0,30,4
RandomForest,per_class,Mast,0.13392496974586526,0.9984962406015038,30,4
RandomForest,per_class,Mast,0.17538298996302165,0.9984962406015038,30,4
RandomForest,per_class,Mast,0.2160754962577286,0.9984962406015038,30,4
RandomForest,per_class,Mast,0.25578703703703703,0.9969924812030075,30,4
RandomForest,per_class,Mast,0.2918133802816901,0.9969924812030075,30,4
RandomForest,per_class,Mast,0.32200097134531325,0.9969924812030075,30,4
RandomForest,per_class,Mast,0.34459459459459457,0.9969924812030075,30,4
RandomForest,per_class,Mast,0.3686558839933073,0.9939849624060151,30,4
RandomForest,per_class,Mast,0.3891509433962264,0.9924812030075187,30,4
RandomForest,per_class,Mast,0.40194884287454324,0.9924812030075187,30,4
RandomForest,per_class,Mast,0.4170886075949367,0.9909774436090225,30,4
RandomForest,per_class,Mast,0.4282001299545159,0.9909774436090225,30,4
RandomForest,per_class,Mast,0.4405080213903743,0.9909774436090225,30,4
RandomForest,per_class,Mast,0.45136986301369864,0.9909774436090225,30,4
RandomForest,per_class,Mast,0.46013986013986014,0.9894736842105263,30,4
RandomForest,per_class,Mast,0.4686609686609687,0.9894736842105263,30,4
RandomForest,per_class,Mast,0.47681159420289854,0.9894736842105263,30,4
RandomForest,per_class,Mast,0.48379970544919,0.98796992481203,30,4
RandomForest,per_class,Mast,0.488822652757079,0.9864661654135338,30,4
RandomForest,per_class,Mast,0.49546142208774585,0.9849624060150376,30,4
RandomForest,per_class,Mast,0.505011565150347,0.9849624060150376,30,4
RandomForest,per_class,Mast,0.509742790335152,0.9834586466165414,30,4
RandomForest,per_class,Mast,0.5157728706624606,0.9834586466165414,30,4
RandomForest,per_class,Mast,0.5232,0.9834586466165414,30,4
RandomForest,per_class,Mast,0.5278450363196125,0.9834586466165414,30,4
RandomForest,per_class,Mast,0.5340442986054142,0.9789473684210527,30,4
RandomForest,per_class,Mast,0.5390365448504983,0.9759398496240601,30,4
RandomForest,per_class,Mast,0.5454545454545454,0.9744360902255639,30,4
RandomForest,per_class,Mast,0.5487701441899915,0.9729323308270676,30,4
RandomForest,per_class,Mast,0.5548885077186964,0.9729323308270676,30,4
RandomForest,per_class,Mast,0.5588235294117647,0.9714285714285714,30,4
RandomForest,per_class,Mast,0.5624454148471616,0.968421052631579,30,4
RandomForest,per_class,Mast,0.5656387665198238,0.9654135338345865,30,4
RandomForest,per_class,Mast,0.5716829919857525,0.9654135338345865,30,4
RandomForest,per_class,Mast,0.5773381294964028,0.9654135338345865,30,4
RandomForest,per_class,Mast,0.5840950639853748,0.9609022556390977,30,4
RandomForest,per_class,Mast,0.5889400921658986,0.9609022556390977,30,4
RandomForest,per_class,Mast,0.5927643784786641,0.9609022556390977,30,4
RandomForest,per_class,Mast,0.6003770028275212,0.9578947368421052,30,4
RandomForest,per_class,Mast,0.6068702290076335,0.956390977443609,30,4
RandomForest,per_class,Mast,0.6117533718689788,0.9548872180451128,30,4
RandomForest,per_class,Mast,0.6147144240077445,0.9548872180451128,30,4
RandomForest,per_class,Mast,0.619140625,0.9533834586466166,30,4
RandomForest,per_class,Mast,0.6258637709772952,0.9533834586466166,30,4
RandomForest,per_class,Mast,0.6285998013902682,0.9518796992481203,30,4
RandomForest,per_class,Mast,0.6354481369587109,0.9488721804511279,30,4
RandomForest,per_class,Mast,0.638663967611336,0.9488721804511279,30,4
RandomForest,per_class,Mast,0.6441717791411042,0.9473684210526315,30,4
RandomForest,per_class,Mast,0.6497933884297521,0.9458646616541353,30,4
RandomForest,per_class,Mast,0.6582809224318659,0.9443609022556391,30,4
RandomForest,per_class,Mast,0.6603375527426161,0.9413533834586466,30,4
RandomForest,per_class,Mast,0.663135593220339,0.9413533834586466,30,4
RandomForest,per_class,Mast,0.6673773987206824,0.9413533834586466,30,4
RandomForest,per_class,Mast,0.674217907227616,0.9398496240601504,30,4
RandomForest,per_class,Mast,0.6775244299674267,0.9383458646616541,30,4
RandomForest,per_class,Mast,0.683461117196057,0.9383458646616541,30,4
RandomForest,per_class,Mast,0.6872246696035242,0.9383458646616541,30,4
RandomForest,per_class,Mast,0.6918798665183538,0.9353383458646617,30,4
RandomForest,per_class,Mast,0.6954087346024636,0.9338345864661655,30,4
RandomForest,per_class,Mast,0.7001127395715896,0.9338345864661655,30,4
RandomForest,per_class,Mast,0.7037457434733257,0.9323308270676691,30,4
RandomForest,per_class,Mast,0.7074285714285714,0.9308270676691729,30,4
RandomForest,per_class,Mast,0.709154113557358,0.9203007518796993,30,4
RandomForest,per_class,Mast,0.7129521586931156,0.9187969924812031,30,4
RandomForest,per_class,Mast,0.7195266272189349,0.9142857142857143,30,4
RandomForest,per_class,Mast,0.7243436754176611,0.912781954887218,30,4
RandomForest,per_class,Mast,0.7336561743341404,0.9112781954887218,30,4
RandomForest,per_class,Mast,0.7363304981773997,0.9112781954887218,30,4
RandomForest,per_class,Mast,0.7365853658536585,0.9082706766917293,30,4
RandomForest,per_class,Mast,0.7401477832512315,0.9037593984962407,30,4
RandomForest,per_class,Mast,0.7453416149068323,0.9022556390977443,30,4
RandomForest,per_class,Mast,0.7471839799749687,0.8977443609022556,30,4
RandomForest,per_class,Mast,0.75,0.8932330827067669,30,4
RandomForest,per_class,Mast,0.7535121328224776,0.8872180451127819,30,4
RandomForest,per_class,Mast,0.7587548638132295,0.8796992481203008,30,4
RandomForest,per_class,Mast,0.7591145833333334,0.8766917293233083,30,4
RandomForest,per_class,Mast,0.7672872340425532,0.8676691729323308,30,4
RandomForest,per_class,Mast,0.775235531628533,0.8661654135338346,30,4
RandomForest,per_class,Mast,0.7767253044654939,0.8631578947368421,30,4
RandomForest,per_class,Mast,0.7789904502046384,0.8586466165413534,30,4
RandomForest,per_class,Mast,0.7856154910096819,0.8541353383458646,30,4
RandomForest,per_class,Mast,0.7905027932960894,0.8511278195488722,30,4
RandomForest,per_class,Mast,0.8002832861189801,0.849624060150376,30,4
RandomForest,per_class,Mast,0.8014388489208633,0.837593984962406,30,4
RandomForest,per_class,Mast,0.8043478260869565,0.8345864661654135,30,4
RandomForest,per_class,Mast,0.8093841642228738,0.8300751879699249,30,4
RandomForest,per_class,Mast,0.8139880952380952,0.8225563909774436,30,4
RandomForest,per_class,Mast,0.8168168168168168,0.8180451127819549,30,4
RandomForest,per_class,Mast,0.8224582701062215,0.8150375939849624,30,4
RandomForest,per_class,Mast,0.8258859784283513,0.806015037593985,30,4
RandomForest,per_class,Mast,0.8307210031347962,0.7969924812030075,30,4
RandomForest,per_class,Mast,0.8403225806451613,0.7834586466165413,30,4
RandomForest,per_class,Mast,0.8470394736842105,0.7744360902255639,30,4
RandomForest,per_class,Mast,0.8566610455311973,0.7639097744360902,30,4
RandomForest,per_class,Mast,0.8617747440273038,0.7593984962406015,30,4
RandomForest,per_class,Mast,0.8670120898100173,0.7548872180451128,30,4
RandomForest,per_class,Mast,0.8699472759226714,0.7443609022556391,30,4
RandomForest,per_class,Mast,0.8785714285714286,0.7398496240601504,30,4
RandomForest,per_class,Mast,0.8824593128390597,0.7338345864661654,30,4
RandomForest,per_class,Mast,0.8886861313868614,0.7323308270676692,30,4
RandomForest,per_class,Mast,0.8907407407407407,0.7233082706766917,30,4
RandomForest,per_class,Mast,0.8992395437262357,0.7112781954887218,30,4
RandomForest,per_class,Mast,0.9,0.7037593984962406,30,4
RandomForest,per_class,Mast,0.9017681728880157,0.6902255639097744,30,4
RandomForest,per_class,Mast,0.9054325955734407,0.6766917293233082,30,4
RandomForest,per_class,Mast,0.9120654396728016,0.6706766917293233,30,4
RandomForest,per_class,Mast,0.9149377593360996,0.6631578947368421,30,4
RandomForest,per_class,Mast,0.9173728813559322,0.6511278195488722,30,4
RandomForest,per_class,Mast,0.9182795698924732,0.6421052631578947,30,4
RandomForest,per_class,Mast,0.9195652173913044,0.6360902255639098,30,4
RandomForest,per_class,Mast,0.9242761692650334,0.6240601503759399,30,4
RandomForest,per_class,Mast,0.9255079006772009,0.6165413533834586,30,4
RandomForest,per_class,Mast,0.923963133640553,0.6030075187969924,30,4
RandomForest,per_class,Mast,0.9243498817966903,0.58796992481203,30,4
RandomForest,per_class,Mast,0.9232613908872902,0.5789473684210527,30,4
RandomForest,per_class,Mast,0.9259259259259259,0.5639097744360902,30,4
RandomForest,per_class,Mast,0.9323308270676691,0.5593984962406015,30,4
RandomForest,per_class,Mast,0.9378238341968912,0.544360902255639,30,4
RandomForest,per_class,Mast,0.9441489361702128,0.5338345864661654,30,4
RandomForest,per_class,Mast,0.9508196721311475,0.5233082706766917,30,4
RandomForest,per_class,Mast,0.95,0.5142857142857142,30,4
RandomForest,per_class,Mast,0.9540229885057471,0.4992481203007519,30,4
RandomForest,per_class,Mast,0.9588235294117647,0.49022556390977445,30,4
RandomForest,per_class,Mast,0.9631901840490797,0.47218045112781953,30,4
RandomForest,per_class,Mast,0.964968152866242,0.4556390977443609,30,4
RandomForest,per_class,Mast,0.9702970297029703,0.4421052631578947,30,4
RandomForest,per_class,Mast,0.9690721649484536,0.42406015037593986,30,4
RandomForest,per_class,Mast,0.9681978798586572,0.4120300751879699,30,4
RandomForest,per_class,Mast,0.9738805970149254,0.3924812030075188,30,4
RandomForest,per_class,Mast,0.980544747081712,0.37894736842105264,30,4
RandomForest,per_class,Mast,0.9838056680161943,0.36541353383458647,30,4
RandomForest,per_class,Mast,0.9917355371900827,0.3609022556390977,30,4
RandomForest,per_class,Mast,0.9913419913419913,0.3443609022556391,30,4
RandomForest,per_class,Mast,0.9910313901345291,0.3323308270676692,30,4
RandomForest,per_class,Mast,0.9906542056074766,0.318796992481203,30,4
RandomForest,per_class,Mast,0.9900990099009901,0.3007518796992481,30,4
RandomForest,per_class,Mast,0.9896907216494846,0.2887218045112782,30,4
RandomForest,per_class,Mast,0.9894736842105263,0.28270676691729324,30,4
RandomForest,per_class,Mast,0.9888888888888889,0.26766917293233083,30,4
RandomForest,per_class,Mast,0.9883040935672515,0.25413533834586466,30,4
RandomForest,per_class,Mast,0.9880952380952381,0.24962406015037594,30,4
RandomForest,per_class,Mast,0.9873417721518988,0.23458646616541354,30,4
RandomForest,per_class,Mast,0.9867549668874173,0.22406015037593985,30,4
RandomForest,per_class,Mast,0.993103448275862,0.21654135338345865,30,4
RandomForest,per_class,Mast,0.9925373134328358,0.2,30,4
RandomForest,per_class,Mast,0.9921875,0.19097744360902255,30,4
RandomForest,per_class,Mast,1.0,0.18195488721804512,30,4
RandomForest,per_class,Mast,1.0,0.16541353383458646,30,4
RandomForest,per_class,Mast,1.0,0.14887218045112782,30,4
RandomForest,per_class,Mast,1.0,0.14285714285714285,30,4
RandomForest,per_class,Mast,1.0,0.13383458646616542,30,4
RandomForest,per_class,Mast,1.0,0.12481203007518797,30,4
RandomForest,per_class,Mast,1.0,0.11578947368421053,30,4
RandomForest,per_class,Mast,1.0,0.10827067669172932,30,4
RandomForest,per_class,Mast,1.0,0.10676691729323308,30,4
RandomForest,per_class,Mast,1.0,0.09924812030075188,30,4
RandomForest,per_class,Mast,1.0,0.09022556390977443,30,4
RandomForest,per_class,Mast,1.0,0.07518796992481203,30,4
RandomForest,per_class,Mast,1.0,0.06616541353383458,30,4
RandomForest,per_class,Mast,1.0,0.06015037593984962,30,4
RandomForest,per_class,Mast,1.0,0.05112781954887218,30,4
RandomForest,per_class,Mast,1.0,0.04661654135338346,30,4
RandomForest,per_class,Mast,1.0,0.039097744360902256,30,4
RandomForest,per_class,Mast,1.0,0.03308270676691729,30,4
RandomForest,per_class,Mast,1.0,0.031578947368421054,30,4
RandomForest,per_class,Mast,1.0,0.02556390977443609,30,4
RandomForest,per_class,Mast,1.0,0.022556390977443608,30,4
RandomForest,per_class,Mast,1.0,0.01804511278195489,30,4
RandomForest,per_class,Mast,1.0,0.016541353383458645,30,4
RandomForest,per_class,Mast,1.0,0.012030075187969926,30,4
RandomForest,per_class,Mast,1.0,0.010526315789473684,30,4
RandomForest,per_class,Mast,1.0,0.007518796992481203,30,4
RandomForest,per_class,Mast,1.0,0.004511278195488722,30,4
RandomForest,per_class,Mast,1.0,0.0030075187969924814,30,4
RandomForest,per_class,Mast,1.0,0.0015037593984962407,30,4
RandomForest,per_class,Mast,1.0,0.0,30,4
RandomForest,per_class,Monocyte,0.04807625408752522,1.0,30,4
RandomForest,per_class,Monocyte,0.05151142420515114,1.0,30,4
RandomForest,per_class,Monocyte,0.05740394600207684,1.0,30,4
RandomForest,per_class,Monocyte,0.06454927603923401,1.0,30,4
RandomForest,per_class,Monocyte,0.07262864064886501,0.9978292329956585,30,4
RandomForest,per_class,Monocyte,0.08103813559322035,0.9963820549927641,30,4
RandomForest,per_class,Monocyte,0.09039324359989444,0.9913169319826338,30,4
RandomForest,per_class,Monocyte,0.09978054133138259,0.9869753979739508,30,4
RandomForest,per_class,Monocyte,0.10973537266326779,0.9811866859623734,30,4
RandomForest,per_class,Monocyte,0.12122569662216648,0.9790159189580319,30,4
RandomForest,per_class,Monocyte,0.13314867939459887,0.9739507959479016,30,4
RandomForest,per_class,Monocyte,0.14497137301501567,0.9710564399421129,30,4
RandomForest,per_class,Monocyte,0.15662368112543962,0.9667149059334298,30,4
RandomForest,per_class,Monocyte,0.16816285244657986,0.9623733719247467,30,4
RandomForest,per_class,Monocyte,0.18029891304347825,0.9602026049204052,30,4
RandomForest,per_class,Monocyte,0.19179278230500582,0.9536903039073806,30,4
RandomForest,per_class,Monocyte,0.20397392114250232,0.9507959479015919,30,4
RandomForest,per_class,Monocyte,0.21515852047556142,0.942836468885673,30,4
RandomForest,per_class,Monocyte,0.22642832106554503,0.934876989869754,30,4
RandomForest,per_class,Monocyte,0.23905347493944476,0.9283646888567294,30,4
RandomForest,per_class,Monocyte,0.2511811023622047,0.9232995658465991,30,4
RandomForest,per_class,Monocyte,0.26349667774086377,0.9182344428364689,30,4
RandomForest,per_class,Monocyte,0.2756649813145746,0.9073806078147613,30,4
RandomForest,per_class,Monocyte,0.2873907040957202,0.9037626628075254,30,4
RandomForest,per_class,Monocyte,0.30162977377766964,0.8972503617945007,30,4
RandomForest,per_class,Monocyte,0.3147817207046209,0.8921852387843705,30,4
RandomForest,per_class,Monocyte,0.3283221476510067,0.8849493487698987,30,4
RandomForest,per_class,Monocyte,0.34047350620067646,0.874095513748191,30,4
RandomForest,per_class,Monocyte,0.3525243578387954,0.8639652677279306,30,4
RandomForest,per_class,Monocyte,0.3619047619047619,0.8523878437047757,30,4
RandomForest,per_class,Monocyte,0.37204850031908104,0.8437047756874095,30,4
RandomForest,per_class,Monocyte,0.38394938394938394,0.8342981186685963,30,4
RandomForest,per_class,Monocyte,0.39425406715126343,0.8241678726483358,30,4
RandomForest,per_class,Monocyte,0.4052593659942363,0.8140376266280752,30,4
RandomForest,per_class,Monocyte,0.4171664167916042,0.8053545586107091,30,4
RandomForest,per_class,Monocyte,0.4275728155339806,0.796671490593343,30,4
RandomForest,per_class,Monocyte,0.436466317063332,0.7829232995658466,30,4
RandomForest,per_class,Monocyte,0.44636095919225915,0.7677279305354558,30,4
RandomForest,per_class,Monocyte,0.4571678321678322,0.7568740955137482,30,4
RandomForest,per_class,Monocyte,0.46476964769647694,0.7445730824891461,30,4
RandomForest,per_class,Monocyte,0.480188679245283,0.7366136034732272,30,4
RandomForest,per_class,Monocyte,0.49529935675408215,0.7243125904486252,30,4
RandomForest,per_class,Monocyte,0.5071794871794871,0.715629522431259,30,4
RandomForest,per_class,Monocyte,0.5171673819742489,0.6975397973950795,30,4
RandomForest,per_class,Monocyte,0.5287870318613751,0.6845151953690304,30,4
RandomForest,per_class,Monocyte,0.542907180385289,0.6729377713458755,30,4
RandomForest,per_class,Monocyte,0.5549516908212561,0.6649782923299565,30,4
RandomForest,per_class,Monocyte,0.562539283469516,0.6476121562952243,30,4
RandomForest,per_class,Monocyte,0.5689206762028609,0.6331403762662807,30,4
RandomForest,per_class,Monocyte,0.5811088295687885,0.6143270622286541,30,4
RandomForest,per_class,Monocyte,0.5861091424521616,0.5984081041968162,30,4
RandomForest,per_class,Monocyte,0.5960410557184751,0.5882778581765558,30,4
RandomForest,per_class,Monocyte,0.6038167938931298,0.5723589001447178,30,4
RandomForest,per_class,Monocyte,0.611764705882353,0.5643994211287988,30,4
RandomForest,per_class,Monocyte,0.619821283509342,0.5520984081041969,30,4
RandomForest,per_class,Monocyte,0.6295666949872557,0.5361794500723589,30,4
RandomForest,per_class,Monocyte,0.6323268206039077,0.5151953690303908,30,4
RandomForest,per_class,Monocyte,0.640294388224471,0.5036179450072359,30,4
RandomForest,per_class,Monocyte,0.6491897044804575,0.4927641099855282,30,4
RandomForest,per_class,Monocyte,0.6564356435643565,0.479739507959479,30,4
RandomForest,per_class,Monocyte,0.6649431230610134,0.46526772793053545,30,4
RandomForest,per_class,Monocyte,0.6720604099244876,0.4507959479015919,30,4
RandomForest,per_class,Monocyte,0.6809954751131222,0.4356005788712012,30,4
RandomForest,per_class,Monocyte,0.6876484560570071,0.4189580318379161,30,4
RandomForest,per_class,Monocyte,0.6978776529338327,0.4044862518089725,30,4
RandomForest,per_class,Monocyte,0.7097625329815304,0.38929088277858176,30,4
RandomForest,per_class,Monocyte,0.719225449515906,0.37626628075253254,30,4
RandomForest,per_class,Monocyte,0.7191977077363897,0.36324167872648333,30,4
RandomForest,per_class,Monocyte,0.7209653092006033,0.3458755426917511,30,4
RandomForest,per_class,Monocyte,0.7248427672955975,0.33357452966714907,30,4
RandomForest,per_class,Monocyte,0.7248764415156508,0.3183791606367583,30,4
RandomForest,per_class,Monocyte,0.7311643835616438,0.308972503617945,30,4
RandomForest,per_class,Monocyte,0.7491166077738516,0.3068017366136035,30,4
RandomForest,per_class,Monocyte,0.7574074074074074,0.2959479015918958,30,4
RandomForest,per_class,Monocyte,0.7596899224806202,0.28364688856729375,30,4
RandomForest,per_class,Monocyte,0.7653061224489796,0.27134587554269174,30,4
RandomForest,per_class,Monocyte,0.7741935483870968,0.26049204052098407,30,4
RandomForest,per_class,Monocyte,0.7787810383747178,0.2496382054992764,30,4
RandomForest,per_class,Monocyte,0.7788235294117647,0.23950795947901593,30,4
RandomForest,per_class,Monocyte,0.8,0.22865412445730826,30,4
RandomForest,per_class,Monocyte,0.8083989501312336,0.22286541244573083,30,4
RandomForest,per_class,Monocyte,0.8142076502732241,0.21562952243125905,30,4
RandomForest,per_class,Monocyte,0.8176638176638177,0.2076700434153401,30,4
RandomForest,per_class,Monocyte,0.8277945619335347,0.19826338639652677,30,4
RandomForest,per_class,Monocyte,0.8360128617363344,0.18813314037626627,30,4
RandomForest,per_class,Monocyte,0.8338870431893688,0.18162083936324167,30,4
RandomForest,per_class,Monocyte,0.8458781362007168,0.170767004341534,30,4
RandomForest,per_class,Monocyte,0.861003861003861,0.1613603473227207,30,4
RandomForest,per_class,Monocyte,0.8683127572016461,0.15267727930535455,30,4
RandomForest,per_class,Monocyte,0.874439461883408,0.1410998552821997,30,4
RandomForest,per_class,Monocyte,0.8883495145631068,0.13241678726483358,30,4
RandomForest,per_class,Monocyte,0.8888888888888888,0.12735166425470332,30,4
RandomForest,per_class,Monocyte,0.8894736842105263,0.12228654124457308,30,4
RandomForest,per_class,Monocyte,0.9,0.11722141823444283,30,4
RandomForest,per_class,Monocyte,0.8922155688622755,0.10781476121562952,30,4
RandomForest,per_class,Monocyte,0.8888888888888888,0.10419681620839363,30,4
RandomForest,per_class,Monocyte,0.89171974522293,0.10130246020260492,30,4
RandomForest,per_class,Monocyte,0.8940397350993378,0.09768451519536903,30,4
RandomForest,per_class,Monocyte,0.9071428571428571,0.0918958031837916,30,4
RandomForest,per_class,Monocyte,0.9133858267716536,0.08393632416787265,30,4
RandomForest,per_class,Monocyte,0.9230769230769231,0.07814761215629522,30,4
RandomForest,per_class,Monocyte,0.9238095238095239,0.07018813314037627,30,4
RandomForest,per_class,Monocyte,0.9175257731958762,0.06439942112879884,30,4
RandomForest,per_class,Monocyte,0.9101123595505618,0.05861070911722142,30,4
RandomForest,per_class,Monocyte,0.9176470588235294,0.056439942112879886,30,4
RandomForest,per_class,Monocyte,0.9259259259259259,0.05426917510853835,30,4
RandomForest,per_class,Monocyte,0.9210526315789473,0.05065123010130246,30,4
RandomForest,per_class,Monocyte,0.9242424242424242,0.04413892908827786,30,4
RandomForest,per_class,Monocyte,0.9152542372881356,0.03907380607814761,30,4
RandomForest,per_class,Monocyte,0.92,0.03328509406657019,30,4
RandomForest,per_class,Monocyte,0.9565217391304348,0.03183791606367583,30,4
RandomForest,per_class,Monocyte,0.9545454545454546,0.030390738060781478,30,4
RandomForest,per_class,Monocyte,0.95,0.027496382054992764,30,4
RandomForest,per_class,Monocyte,0.9428571428571428,0.023878437047756874,30,4
RandomForest,per_class,Monocyte,0.9333333333333333,0.020260492040520984,30,4
RandomForest,per_class,Monocyte,0.9615384615384616,0.01808972503617945,30,4
RandomForest,per_class,Monocyte,0.9545454545454546,0.015195369030390739,30,4
RandomForest,per_class,Monocyte,0.95,0.013748191027496382,30,4
RandomForest,per_class,Monocyte,0.9375,0.01085383502170767,30,4
RandomForest,per_class,Monocyte,0.9166666666666666,0.007959479015918957,30,4
RandomForest,per_class,Monocyte,0.9,0.006512301013024602,30,4
RandomForest,per_class,Monocyte,0.8888888888888888,0.005788712011577424,30,4
RandomForest,per_class,Monocyte,0.8571428571428571,0.004341534008683068,30,4
RandomForest,per_class,Monocyte,0.8,0.002894356005788712,30,4
RandomForest,per_class,Monocyte,0.75,0.002170767004341534,30,4
RandomForest,per_class,Monocyte,1.0,0.002170767004341534,30,4
RandomForest,per_class,Monocyte,1.0,0.001447178002894356,30,4
RandomForest,per_class,Monocyte,1.0,0.0,30,4
RandomForest,per_class,NK,0.05106797467473735,1.0,30,4
RandomForest,per_class,NK,0.0577066708597036,1.0,30,4
RandomForest,per_class,NK,0.06900441853906177,1.0,30,4
RandomForest,per_class,NK,0.08494991024378945,0.9993188010899182,30,4
RandomForest,per_class,NK,0.10519135492209378,0.9979564032697548,30,4
RandomForest,per_class,NK,0.12846612846612845,0.997275204359673,30,4
RandomForest,per_class,NK,0.15204739139472043,0.9965940054495913,30,4
RandomForest,per_class,NK,0.1752997601918465,0.9959128065395095,30,4
RandomForest,per_class,NK,0.19785878845372,0.9945504087193461,30,4
RandomForest,per_class,NK,0.21777445855115757,0.9931880108991825,30,4
RandomForest,per_class,NK,0.2366412213740458,0.9925068119891008,30,4
RandomForest,per_class,NK,0.25450726413443026,0.9904632152588556,30,4
RandomForest,per_class,NK,0.27112939416604337,0.9877384196185286,30,4
RandomForest,per_class,NK,0.2872488561766461,0.9836512261580381,30,4
RandomForest,per_class,NK,0.30014580295771714,0.9816076294277929,30,4
RandomForest,per_class,NK,0.31301697866782763,0.9795640326975477,30,4
RandomForest,per_class,NK,0.3257506824385805,0.9754768392370572,30,4
RandomForest,per_class,NK,0.33514150943396226,0.967983651226158,30,4
RandomForest,per_class,NK,0.34571219154654287,0.9638964577656676,30,4
RandomForest,per_class,NK,0.35548256695300656,0.9584468664850136,30,4
RandomForest,per_class,NK,0.3645127670661803,0.9529972752043597,30,4
RandomForest,per_class,NK,0.37345844504021447,0.9489100817438693,30,4
RandomForest,per_class,NK,0.38219895287958117,0.9448228882833788,30,4
RandomForest,per_class,NK,0.39157655093910076,0.9373297002724795,30,4
RandomForest,per_class,NK,0.39976553341148885,0.9291553133514986,30,4
RandomForest,per_class,NK,0.40756302521008403,0.9250681198910081,30,4
RandomForest,per_class,NK,0.4162045594577942,0.920299727520436,30,4
RandomForest,per_class,NK,0.42657342657342656,0.9141689373297003,30,4
RandomForest,per_class,NK,0.43721386527141926,0.9107629427792916,30,4
RandomForest,per_class,NK,0.44515263334451527,0.9039509536784741,30,4
RandomForest,per_class,NK,0.4562132225683628,0.8978201634877384,30,4
RandomForest,per_class,NK,0.46439957492029754,0.8930517711171662,30,4
RandomForest,per_class,NK,0.47335766423357667,0.8835149863760218,30,4
RandomForest,per_class,NK,0.48314606741573035,0.8787465940054496,30,4
RandomForest,per_class,NK,0.491362763915547,0.8719346049046321,30,4
RandomForest,per_class,NK,0.5001966181675187,0.8664850136239782,30,4
RandomForest,per_class,NK,0.5080710250201775,0.8576294277929155,30,4
RandomForest,per_class,NK,0.5190555095277548,0.853542234332425,30,4
RandomForest,per_class,NK,0.5273420941076727,0.8474114441416893,30,4
RandomForest,per_class,NK,0.5334201388888888,0.8371934604904632,30,4
RandomForest,per_class,NK,0.5454545454545454,0.8337874659400545,30,4
RandomForest,per_class,NK,0.5533363595097595,0.8303814713896458,30,4
RandomForest,per_class,NK,0.5626455519329296,0.8228882833787466,30,4
RandomForest,per_class,NK,0.5674773485932284,0.8106267029972752,30,4
RandomForest,per_class,NK,0.5797455968688845,0.8072207084468664,30,4
RandomForest,per_class,NK,0.5884711779448621,0.7997275204359673,30,4
RandomForest,per_class,NK,0.5959855892949047,0.7888283378746594,30,4
RandomForest,per_class,NK,0.6014682747771368,0.7813351498637602,30,4
RandomForest,per_class,NK,0.6089055793991416,0.7731607629427792,30,4
RandomForest,per_class,NK,0.6148390616475723,0.7677111716621253,30,4
RandomForest,per_class,NK,0.6222841225626741,0.760899182561308,30,4
RandomForest,per_class,NK,0.6323951751866743,0.75,30,4
RandomForest,per_class,NK,0.6417998815867377,0.7384196185286104,30,4
RandomForest,per_class,NK,0.652701882210079,0.7322888283378747,30,4
RandomForest,per_class,NK,0.6598258706467661,0.7227520435967303,30,4
RandomForest,per_class,NK,0.6668789808917197,0.7132152588555858,30,4
RandomForest,per_class,NK,0.673215455140799,0.7002724795640327,30,4
RandomForest,per_class,NK,0.680349932705249,0.6886920980926431,30,4
RandomForest,per_class,NK,0.6874135546334716,0.6771117166212534,30,4
RandomForest,per_class,NK,0.6916019760056458,0.667574931880109,30,4
RandomForest,per_class,NK,0.6963123644251626,0.6559945504087193,30,4
RandomForest,per_class,NK,0.7066269545793,0.646457765667575,30,4
RandomForest,per_class,NK,0.7120060790273556,0.638283378746594,30,4
RandomForest,per_class,NK,0.7199687987519501,0.6287465940054496,30,4
RandomForest,per_class,NK,0.7256778309409888,0.6198910081743869,30,4
RandomForest,per_class,NK,0.7305487305487306,0.6076294277929155,30,4
RandomForest,per_class,NK,0.7365319865319865,0.5960490463215259,30,4
RandomForest,per_class,NK,0.7413194444444444,0.5817438692098093,30,4
RandomForest,per_class,NK,0.7457475380483438,0.5674386920980926,30,4
RandomForest,per_class,NK,0.7479147358665431,0.5497275204359673,30,4
RandomForest,per_class,NK,0.75260663507109,0.5408719346049047,30,4
RandomForest,per_class,NK,0.7580174927113703,0.5313351498637602,30,4
RandomForest,per_class,NK,0.7592039800995025,0.5197547683923706,30,4
RandomForest,per_class,NK,0.7614213197969543,0.510899182561308,30,4
RandomForest,per_class,NK,0.7656903765690377,0.4986376021798365,30,4
RandomForest,per_class,NK,0.7722878625134264,0.48978201634877383,30,4
RandomForest,per_class,NK,0.7750556792873051,0.47411444141689374,30,4
RandomForest,per_class,NK,0.7789232531500573,0.46321525885558584,30,4
RandomForest,per_class,NK,0.7841981132075472,0.4529972752043597,30,4
RandomForest,per_class,NK,0.7929782082324455,0.44618528610354224,30,4
RandomForest,per_class,NK,0.7917705735660848,0.43256130790190733,30,4
RandomForest,per_class,NK,0.7953667953667953,0.4209809264305177,30,4
RandomForest,per_class,NK,0.8010899182561307,0.40054495912806537,30,4
RandomForest,per_class,NK,0.812051649928264,0.385558583106267,30,4
RandomForest,per_class,NK,0.8259587020648967,0.3814713896457766,30,4
RandomForest,per_class,NK,0.8364197530864198,0.3692098092643052,30,4
RandomForest,per_class,NK,0.8446601941747572,0.3555858310626703,30,4
RandomForest,per_class,NK,0.8480801335559266,0.3460490463215259,30,4
RandomForest,per_class,NK,0.8524305555555556,0.33446866485013627,30,4
RandomForest,per_class,NK,0.8617594254937163,0.32697547683923706,30,4
RandomForest,per_class,NK,0.8632162661737524,0.3181198910081744,30,4
RandomForest,per_class,NK,0.8706563706563707,0.3072207084468665,30,4
RandomForest,per_class,NK,0.8707070707070707,0.2935967302452316,30,4
RandomForest,per_class,NK,0.8778947368421053,0.2840599455040872,30,4
RandomForest,per_class,NK,0.8852097130242825,0.2731607629427793,30,4
RandomForest,per_class,NK,0.88558352402746,0.26362397820163486,30,4
RandomForest,per_class,NK,0.8913043478260869,0.2513623978201635,30,4
RandomForest,per_class,NK,0.8931297709923665,0.2391008174386921,30,4
RandomForest,per_class,NK,0.8954423592493298,0.22752043596730245,30,4
RandomForest,per_class,NK,0.9027777777777778,0.22138964577656675,30,4
RandomForest,per_class,NK,0.9043478260869565,0.2125340599455041,30,4
RandomForest,per_class,NK,0.9088145896656535,0.20367847411444143,30,4
RandomForest,per_class,NK,0.907051282051282,0.1927792915531335,30,4
RandomForest,per_class,NK,0.9093959731543624,0.1846049046321526,30,4
RandomForest,per_class,NK,0.9217081850533808,0.17643051771117166,30,4
RandomForest,per_class,NK,0.9236641221374046,0.164850136239782,30,4
RandomForest,per_class,NK,0.9409282700421941,0.15190735694822888,30,4
RandomForest,per_class,NK,0.9553571428571429,0.14577656675749318,30,4
RandomForest,per_class,NK,0.9537037037037037,0.14032697547683923,30,4
RandomForest,per_class,NK,0.9595959595959596,0.12942779291553133,30,4
RandomForest,per_class,NK,0.9627659574468085,0.12329700272479564,30,4
RandomForest,per_class,NK,0.9668508287292817,0.11920980926430517,30,4
RandomForest,per_class,NK,0.9705882352941176,0.11239782016348773,30,4
RandomForest,per_class,NK,0.9685534591194969,0.10490463215258855,30,4
RandomForest,per_class,NK,0.9675324675324676,0.10149863760217984,30,4
RandomForest,per_class,NK,0.9659863945578231,0.09673024523160763,30,4
RandomForest,per_class,NK,0.9637681159420289,0.09059945504087194,30,4
RandomForest,per_class,NK,0.9609375,0.0837874659400545,30,4
RandomForest,per_class,NK,0.9586776859504132,0.07901907356948229,30,4
RandomForest,per_class,NK,0.963302752293578,0.07152588555858311,30,4
RandomForest,per_class,NK,0.96,0.0653950953678474,30,4
RandomForest,per_class,NK,0.9666666666666667,0.05926430517711172,30,4
RandomForest,per_class,NK,0.963855421686747,0.05449591280653951,30,4
RandomForest,per_class,NK,0.9743589743589743,0.051771117166212535,30,4
RandomForest,per_class,NK,0.9733333333333334,0.0497275204359673,30,4
RandomForest,per_class,NK,0.9722222222222222,0.047683923705722074,30,4
RandomForest,per_class,NK,0.9692307692307692,0.042915531335149866,30,4
RandomForest,per_class,NK,0.9649122807017544,0.03746594005449591,30,4
RandomForest,per_class,NK,0.9811320754716981,0.035422343324250684,30,4
RandomForest,per_class,NK,1.0,0.03337874659400545,30,4
RandomForest,per_class,NK,1.0,0.031335149863760216,30,4
RandomForest,per_class,NK,1.0,0.027929155313351498,30,4
RandomForest,per_class,NK,1.0,0.02452316076294278,30,4
RandomForest,per_class,NK,1.0,0.02111716621253406,30,4
RandomForest,per_class,NK,1.0,0.017711171662125342,30,4
RandomForest,per_class,NK,1.0,0.0170299727520436,30,4
RandomForest,per_class,NK,1.0,0.015667574931880108,30,4
RandomForest,per_class,NK,1.0,0.01430517711171662,30,4
RandomForest,per_class,NK,1.0,0.012942779291553134,30,4
RandomForest,per_class,NK,1.0,0.010217983651226158,30,4
RandomForest,per_class,NK,1.0,0.009536784741144414,30,4
RandomForest,per_class,NK,1.0,0.006811989100817439,30,4
RandomForest,per_class,NK,1.0,0.006130790190735695,30,4
RandomForest,per_class,NK,1.0,0.005449591280653951,30,4
RandomForest,per_class,NK,1.0,0.004768392370572207,30,4
RandomForest,per_class,NK,1.0,0.004087193460490463,30,4
RandomForest,per_class,NK,1.0,0.0034059945504087193,30,4
RandomForest,per_class,NK,1.0,0.0027247956403269754,30,4
RandomForest,per_class,NK,1.0,0.0020435967302452314,30,4
RandomForest,per_class,NK,1.0,0.0013623978201634877,30,4
RandomForest,per_class,NK,1.0,0.0006811989100817438,30,4
RandomForest,per_class,NK,1.0,0.0,30,4
RandomForest,per_class,Neutrophil,0.02393376469769707,1.0,30,4
RandomForest,per_class,Neutrophil,0.025347235014552556,1.0,30,4
RandomForest,per_class,Neutrophil,0.028105723273009517,1.0,30,4
RandomForest,per_class,Neutrophil,0.03201191140889633,1.0,30,4
RandomForest,per_class,Neutrophil,0.03683280689544408,1.0,30,4
RandomForest,per_class,Neutrophil,0.04250061774153694,1.0,30,4
RandomForest,per_class,Neutrophil,0.04853615520282187,1.0,30,4
RandomForest,per_class,Neutrophil,0.05551073099887042,1.0,30,4
RandomForest,per_class,Neutrophil,0.0627565447414029,1.0,30,4
RandomForest,per_class,Neutrophil,0.07008250993175104,1.0,30,4
RandomForest,per_class,Neutrophil,0.07739238504123828,0.9956395348837209,30,4
RandomForest,per_class,Neutrophil,0.08557151780137415,0.9956395348837209,30,4
RandomForest,per_class,Neutrophil,0.09486220745049162,0.9956395348837209,30,4
RandomForest,per_class,Neutrophil,0.102803738317757,0.9912790697674418,30,4
RandomForest,per_class,Neutrophil,0.11252478519497687,0.9898255813953488,30,4
RandomForest,per_class,Neutrophil,0.1225410575708356,0.9869186046511628,30,4
RandomForest,per_class,Neutrophil,0.13224107665301346,0.9854651162790697,30,4
RandomForest,per_class,Neutrophil,0.1437049597286986,0.9854651162790697,30,4
RandomForest,per_class,Neutrophil,0.15513290559120074,0.9840116279069767,30,4
RandomForest,per_class,Neutrophil,0.16596897315932035,0.9796511627906976,30,4
RandomForest,per_class,Neutrophil,0.1767650158061117,0.9752906976744186,30,4
RandomForest,per_class,Neutrophil,0.18883878241262683,0.9738372093023255,30,4
RandomForest,per_class,Neutrophil,0.20139945238819593,0.9622093023255814,30,4
RandomForest,per_class,Neutrophil,0.21547502448579825,0.9593023255813954,30,4
RandomForest,per_class,Neutrophil,0.22825330549756437,0.9534883720930233,30,4
RandomForest,per_class,Neutrophil,0.24219910846953938,0.9476744186046512,30,4
RandomForest,per_class,Neutrophil,0.2576419213973799,0.9433139534883721,30,4
RandomForest,per_class,Neutrophil,0.2721145745577085,0.938953488372093,30,4
RandomForest,per_class,Neutrophil,0.28711985688729874,0.9331395348837209,30,4
RandomForest,per_class,Neutrophil,0.3009938476100331,0.9244186046511628,30,4
RandomForest,per_class,Neutrophil,0.3170854271356784,0.9171511627906976,30,4
RandomForest,per_class,Neutrophil,0.33156216790648246,0.9069767441860465,30,4
RandomForest,per_class,Neutrophil,0.3471676948962423,0.8997093023255814,30,4
RandomForest,per_class,Neutrophil,0.3640661938534279,0.8953488372093024,30,4
RandomForest,per_class,Neutrophil,0.3795892968263846,0.8866279069767442,30,4
RandomForest,per_class,Neutrophil,0.3948919449901768,0.876453488372093,30,4
RandomForest,per_class,Neutrophil,0.40905971173644473,0.8662790697674418,30,4
RandomForest,per_class,Neutrophil,0.41607898448519043,0.8575581395348837,30,4
RandomForest,per_class,Neutrophil,0.4278388278388278,0.8488372093023255,30,4
RandomForest,per_class,Neutrophil,0.4396946564885496,0.8372093023255814,30,4
RandomForest,per_class,Neutrophil,0.4527402700555997,0.8284883720930233,30,4
RandomForest,per_class,Neutrophil,0.4632535094962841,0.815406976744186,30,4
RandomForest,per_class,Neutrophil,0.4727427597955707,0.8066860465116279,30,4
RandomForest,per_class,Neutrophil,0.48336252189141854,0.8023255813953488,30,4
RandomForest,per_class,Neutrophil,0.49679193400549954,0.7877906976744186,30,4
RandomForest,per_class,Neutrophil,0.510941960038059,0.7805232558139535,30,4
RandomForest,per_class,Neutrophil,0.5241379310344828,0.7732558139534884,30,4
RandomForest,per_class,Neutrophil,0.5324543610547667,0.7630813953488372,30,4
RandomForest,per_class,Neutrophil,0.5478443743427971,0.7572674418604651,30,4
RandomForest,per_class,Neutrophil,0.5570175438596491,0.7383720930232558,30,4
RandomForest,per_class,Neutrophil,0.5659090909090909,0.7238372093023255,30,4
RandomForest,per_class,Neutrophil,0.58274231678487,0.7165697674418605,30,4
RandomForest,per_class,Neutrophil,0.596319018404908,0.7063953488372093,30,4
RandomForest,per_class,Neutrophil,0.605296343001261,0.6976744186046512,30,4
RandomForest,per_class,Neutrophil,0.615485564304462,0.6816860465116279,30,4
RandomForest,per_class,Neutrophil,0.623641304347826,0.6671511627906976,30,4
RandomForest,per_class,Neutrophil,0.6325385694249649,0.6555232558139535,30,4
RandomForest,per_class,Neutrophil,0.6445086705202312,0.6482558139534884,30,4
RandomForest,per_class,Neutrophil,0.6526946107784432,0.6337209302325582,30,4
RandomForest,per_class,Neutrophil,0.6506211180124224,0.6090116279069767,30,4
RandomForest,per_class,Neutrophil,0.6586538461538461,0.5973837209302325,30,4
RandomForest,per_class,Neutrophil,0.6655629139072847,0.5843023255813954,30,4
RandomForest,per_class,Neutrophil,0.676271186440678,0.5799418604651163,30,4
RandomForest,per_class,Neutrophil,0.687170474516696,0.5683139534883721,30,4
RandomForest,per_class,Neutrophil,0.6981818181818182,0.5581395348837209,30,4
RandomForest,per_class,Neutrophil,0.7073170731707317,0.5479651162790697,30,4
RandomForest,per_class,Neutrophil,0.7145631067961165,0.5348837209302325,30,4
RandomForest,per_class,Neutrophil,0.7248995983935743,0.5247093023255814,30,4
RandomForest,per_class,Neutrophil,0.7396694214876033,0.5203488372093024,30,4
RandomForest,per_class,Neutrophil,0.7463002114164905,0.5130813953488372,30,4
RandomForest,per_class,Neutrophil,0.7462365591397849,0.5043604651162791,30,4
RandomForest,per_class,Neutrophil,0.751101321585903,0.4956395348837209,30,4
RandomForest,per_class,Neutrophil,0.7573033707865169,0.4898255813953488,30,4
RandomForest,per_class,Neutrophil,0.7617924528301887,0.4694767441860465,30,4
RandomForest,per_class,Neutrophil,0.7655502392344498,0.46511627906976744,30,4
RandomForest,per_class,Neutrophil,0.7696078431372549,0.4563953488372093,30,4
RandomForest,per_class,Neutrophil,0.7766497461928934,0.44476744186046513,30,4
RandomForest,per_class,Neutrophil,0.7879581151832461,0.4375,30,4
RandomForest,per_class,Neutrophil,0.8027027027027027,0.4316860465116279,30,4
RandomForest,per_class,Neutrophil,0.8100558659217877,0.42151162790697677,30,4
RandomForest,per_class,Neutrophil,0.8096590909090909,0.41424418604651164,30,4
RandomForest,per_class,Neutrophil,0.8189910979228486,0.4011627906976744,30,4
RandomForest,per_class,Neutrophil,0.8395061728395061,0.3953488372093023,30,4
RandomForest,per_class,Neutrophil,0.8461538461538461,0.38372093023255816,30,4
RandomForest,per_class,Neutrophil,0.8543046357615894,0.375,30,4
RandomForest,per_class,Neutrophil,0.8576271186440678,0.36773255813953487,30,4
RandomForest,per_class,Neutrophil,0.8551724137931035,0.36046511627906974,30,4
RandomForest,per_class,Neutrophil,0.8566433566433567,0.3561046511627907,30,4
RandomForest,per_class,Neutrophil,0.8561151079136691,0.34593023255813954,30,4
RandomForest,per_class,Neutrophil,0.8592592592592593,0.3372093023255814,30,4
RandomForest,per_class,Neutrophil,0.8702290076335878,0.3313953488372093,30,4
RandomForest,per_class,Neutrophil,0.8690476190476191,0.3183139534883721,30,4
RandomForest,per_class,Neutrophil,0.875,0.31540697674418605,30,4
RandomForest,per_class,Neutrophil,0.8786610878661087,0.30523255813953487,30,4
RandomForest,per_class,Neutrophil,0.8908296943231441,0.29651162790697677,30,4
RandomForest,per_class,Neutrophil,0.8968609865470852,0.29069767441860467,30,4
RandomForest,per_class,Neutrophil,0.8981481481481481,0.2819767441860465,30,4
RandomForest,per_class,Neutrophil,0.9014084507042254,0.27906976744186046,30,4
RandomForest,per_class,Neutrophil,0.9077669902912622,0.27180232558139533,30,4
RandomForest,per_class,Neutrophil,0.914572864321608,0.26453488372093026,30,4
RandomForest,per_class,Neutrophil,0.9183673469387755,0.2616279069767442,30,4
RandomForest,per_class,Neutrophil,0.9259259259259259,0.2543604651162791,30,4
RandomForest,per_class,Neutrophil,0.9226519337016574,0.24273255813953487,30,4
RandomForest,per_class,Neutrophil,0.9257142857142857,0.23546511627906977,30,4
RandomForest,per_class,Neutrophil,0.9464285714285714,0.2311046511627907,30,4
RandomForest,per_class,Neutrophil,0.9518072289156626,0.22965116279069767,30,4
RandomForest,per_class,Neutrophil,0.950920245398773,0.22529069767441862,30,4
RandomForest,per_class,Neutrophil,0.95625,0.22238372093023256,30,4
RandomForest,per_class,Neutrophil,0.9675324675324676,0.21656976744186046,30,4
RandomForest,per_class,Neutrophil,0.9659863945578231,0.2063953488372093,30,4
RandomForest,per_class,Neutrophil,0.9645390070921985,0.19767441860465115,30,4
RandomForest,per_class,Neutrophil,0.9626865671641791,0.1875,30,4
RandomForest,per_class,Neutrophil,0.9692307692307692,0.18313953488372092,30,4
RandomForest,per_class,Neutrophil,0.96875,0.18023255813953487,30,4
RandomForest,per_class,Neutrophil,0.967741935483871,0.1744186046511628,30,4
RandomForest,per_class,Neutrophil,0.9669421487603306,0.17005813953488372,30,4
RandomForest,per_class,Neutrophil,0.9747899159663865,0.1686046511627907,30,4
RandomForest,per_class,Neutrophil,0.9739130434782609,0.16279069767441862,30,4
RandomForest,per_class,Neutrophil,0.9814814814814815,0.15406976744186046,30,4
RandomForest,per_class,Neutrophil,0.9807692307692307,0.14825581395348839,30,4
RandomForest,per_class,Neutrophil,0.98,0.14244186046511628,30,4
RandomForest,per_class,Neutrophil,0.979381443298969,0.1380813953488372,30,4
RandomForest,per_class,Neutrophil,0.9893617021276596,0.13517441860465115,30,4
RandomForest,per_class,Neutrophil,0.9885057471264368,0.125,30,4
RandomForest,per_class,Neutrophil,0.9879518072289156,0.11918604651162791,30,4
RandomForest,per_class,Neutrophil,0.9871794871794872,0.1119186046511628,30,4
RandomForest,per_class,Neutrophil,0.9866666666666667,0.10755813953488372,30,4
RandomForest,per_class,Neutrophil,1.0,0.09738372093023256,30,4
RandomForest,per_class,Neutrophil,1.0,0.09593023255813954,30,4
RandomForest,per_class,Neutrophil,1.0,0.0872093023255814,30,4
RandomForest,per_class,Neutrophil,1.0,0.08139534883720931,30,4
RandomForest,per_class,Neutrophil,1.0,0.07267441860465117,30,4
RandomForest,per_class,Neutrophil,1.0,0.06686046511627906,30,4
RandomForest,per_class,Neutrophil,1.0,0.0625,30,4
RandomForest,per_class,Neutrophil,1.0,0.055232558139534885,30,4
RandomForest,per_class,Neutrophil,1.0,0.04796511627906977,30,4
RandomForest,per_class,Neutrophil,1.0,0.04215116279069767,30,4
RandomForest,per_class,Neutrophil,1.0,0.0377906976744186,30,4
RandomForest,per_class,Neutrophil,1.0,0.03488372093023256,30,4
RandomForest,per_class,Neutrophil,1.0,0.030523255813953487,30,4
RandomForest,per_class,Neutrophil,1.0,0.029069767441860465,30,4
RandomForest,per_class,Neutrophil,1.0,0.02616279069767442,30,4
RandomForest,per_class,Neutrophil,1.0,0.023255813953488372,30,4
RandomForest,per_class,Neutrophil,1.0,0.020348837209302327,30,4
RandomForest,per_class,Neutrophil,1.0,0.0188953488372093,30,4
RandomForest,per_class,Neutrophil,1.0,0.015988372093023256,30,4
RandomForest,per_class,Neutrophil,1.0,0.014534883720930232,30,4
RandomForest,per_class,Neutrophil,1.0,0.011627906976744186,30,4
RandomForest,per_class,Neutrophil,1.0,0.010174418604651164,30,4
RandomForest,per_class,Neutrophil,1.0,0.007267441860465116,30,4
RandomForest,per_class,Neutrophil,1.0,0.00436046511627907,30,4
RandomForest,per_class,Neutrophil,1.0,0.0029069767441860465,30,4
RandomForest,per_class,Neutrophil,1.0,0.0014534883720930232,30,4
RandomForest,per_class,Neutrophil,1.0,0.0,30,4
RandomForest,per_class,Other,0.03551798511097196,1.0,30,4
RandomForest,per_class,Other,0.042372177954847275,1.0,30,4
RandomForest,per_class,Other,0.05132591958939264,0.9990205680705191,30,4
RandomForest,per_class,Other,0.061125135232600075,0.9960822722820764,30,4
RandomForest,per_class,Other,0.07085570820838273,0.9951028403525954,30,4
RandomForest,per_class,Other,0.08078637376631646,0.9941234084231146,30,4
RandomForest,per_class,Other,0.09026043524794862,0.9911851126346719,30,4
RandomForest,per_class,Other,0.10002977076510866,0.9872673849167483,30,4
RandomForest,per_class,Other,0.10995963783135158,0.9872673849167483,30,4
RandomForest,per_class,Other,0.1202055203728044,0.9853085210577864,30,4
RandomForest,per_class,Other,0.1307702366941284,0.9794319294809011,30,4
RandomForest,per_class,Other,0.1412197537851988,0.9774730656219393,30,4
RandomForest,per_class,Other,0.15229048567488893,0.9735553379040157,30,4
RandomForest,per_class,Other,0.16343308122328182,0.9735553379040157,30,4
RandomForest,per_class,Other,0.1738748241912799,0.9686581782566112,30,4
RandomForest,per_class,Other,0.18358571695644046,0.9618021547502449,30,4
RandomForest,per_class,Other,0.19411881581561694,0.9569049951028403,30,4
RandomForest,per_class,Other,0.20453115166771554,0.9549461312438785,30,4
RandomForest,per_class,Other,0.2147591692443659,0.9520078354554359,30,4
RandomForest,per_class,Other,0.22348047145828517,0.9471106758080313,30,4
RandomForest,per_class,Other,0.23371276338096392,0.9451518119490695,30,4
RandomForest,per_class,Other,0.2426005565393372,0.9392752203721841,30,4
RandomForest,per_class,Other,0.2542507970244421,0.9373163565132223,30,4
RandomForest,per_class,Other,0.26597823053307285,0.9333986287952988,30,4
RandomForest,per_class,Other,0.274095513748191,0.9275220372184133,30,4
RandomForest,per_class,Other,0.28335336538461536,0.9236043095004897,30,4
RandomForest,per_class,Other,0.29371285580231465,0.9196865817825661,30,4
RandomForest,per_class,Other,0.30373983739837396,0.9147894221351616,30,4
RandomForest,per_class,Other,0.3134479271991911,0.910871694417238,30,4
RandomForest,per_class,Other,0.32306615330766536,0.9040156709108716,30,4
RandomForest,per_class,Other,0.3320043494019572,0.8971596474045054,30,4
RandomForest,per_class,Other,0.3415915915915916,0.89128305582762,30,4
RandomForest,per_class,Other,0.3500583430571762,0.881488736532811,30,4
RandomForest,per_class,Other,0.3600160901045857,0.8765915768854065,30,4
RandomForest,per_class,Other,0.36687370600414076,0.8677766895200784,30,4
RandomForest,per_class,Other,0.37239915074309976,0.8589618021547503,30,4
RandomForest,per_class,Other,0.3812855268911237,0.8540646425073457,30,4
RandomForest,per_class,Other,0.38692342140618,0.8462291870714985,30,4
RandomForest,per_class,Other,0.3963838664812239,0.8374142997061704,30,4
RandomForest,per_class,Other,0.40574162679425835,0.8305582761998042,30,4
RandomForest,per_class,Other,0.41399704287826516,0.8227228207639569,30,4
RandomForest,per_class,Other,0.4210791729702471,0.8178256611165524,30,4
RandomForest,per_class,Other,0.42938437661665807,0.8129285014691479,30,4
RandomForest,per_class,Other,0.43649946638207043,0.801175318315377,30,4
RandomForest,per_class,Other,0.448256779192031,0.7933398628795298,30,4
RandomForest,per_class,Other,0.4546998867497169,0.7864838393731636,30,4
RandomForest,per_class,Other,0.4585987261146497,0.7757100881488737,30,4
RandomForest,per_class,Other,0.4657125819916518,0.7649363369245837,30,4
RandomForest,per_class,Other,0.4735547355473555,0.7541625857002938,30,4
RandomForest,per_class,Other,0.48358585858585856,0.7502448579823702,30,4
RandomForest,per_class,Other,0.4899546338302009,0.7404505386875612,30,4
RandomForest,per_class,Other,0.49866310160427807,0.7306562193927522,30,4
RandomForest,per_class,Other,0.5047619047619047,0.7267384916748286,30,4
RandomForest,per_class,Other,0.51156271899089,0.7149853085210578,30,4
RandomForest,per_class,Other,0.5182795698924731,0.7081292850146915,30,4
RandomForest,per_class,Other,0.5287610619469026,0.702252693437806,30,4
RandomForest,per_class,Other,0.5382865807429871,0.6953966699314398,30,4
RandomForest,per_class,Other,0.5439005439005439,0.6856023506366308,30,4
RandomForest,per_class,Other,0.5505171042163882,0.6777668952007836,30,4
RandomForest,per_class,Other,0.5605199025182778,0.6758080313418218,30,4
RandomForest,per_class,Other,0.5702341137123745,0.6679725759059746,30,4
RandomForest,per_class,Other,0.58123370981755,0.6552399608227228,30,4
RandomForest,per_class,Other,0.5869759143621767,0.6444662095984329,30,4
RandomForest,per_class,Other,0.5988960441582337,0.6376101860920667,30,4
RandomForest,per_class,Other,0.6070409134157945,0.6248775710088149,30,4
RandomForest,per_class,Other,0.6092066601371204,0.6092066601371204,30,4
RandomForest,per_class,Other,0.6151545363908275,0.604309500489716,30,4
RandomForest,per_class,Other,0.6274509803921569,0.5954946131243879,30,4
RandomForest,per_class,Other,0.638771186440678,0.5905974534769833,30,4
RandomForest,per_class,Other,0.6445652173913043,0.5808031341821743,30,4
RandomForest,per_class,Other,0.6535874439461884,0.5710088148873653,30,4
RandomForest,per_class,Other,0.6586483390607102,0.5631733594515181,30,4
RandomForest,per_class,Other,0.6690140845070423,0.5582761998041136,30,4
RandomForest,per_class,Other,0.6770708283313326,0.5523996082272282,30,4
RandomForest,per_class,Other,0.6818181818181818,0.5435847208619001,30,4
RandomForest,per_class,Other,0.6860025220680959,0.5328109696376102,30,4
RandomForest,per_class,Other,0.6916129032258065,0.524975514201763,30,4
RandomForest,per_class,Other,0.6925098554533509,0.5161606268364348,30,4
RandomForest,per_class,Other,0.7012113055181696,0.5102840352595495,30,4
RandomForest,per_class,Other,0.7052341597796143,0.5014691478942214,30,4
RandomForest,per_class,Other,0.7098591549295775,0.49363369245837413,30,4
RandomForest,per_class,Other,0.7188405797101449,0.48579823702252695,30,4
RandomForest,per_class,Other,0.728486646884273,0.48090107737512244,30,4
RandomForest,per_class,Other,0.7382039573820396,0.47502448579823703,30,4
RandomForest,per_class,Other,0.7405660377358491,0.46131243878550443,30,4
RandomForest,per_class,Other,0.7483870967741936,0.4544564152791381,30,4
RandomForest,per_class,Other,0.7491749174917491,0.4446620959843291,30,4
RandomForest,per_class,Other,0.7551369863013698,0.43192948090107736,30,4
RandomForest,per_class,Other,0.7597864768683275,0.41821743388834476,30,4
RandomForest,per_class,Other,0.7664233576642335,0.41136141038197843,30,4
RandomForest,per_class,Other,0.7686567164179104,0.40352595494613125,30,4
RandomForest,per_class,Other,0.7720306513409961,0.39471106758080315,30,4
RandomForest,per_class,Other,0.7784313725490196,0.38883447600391774,30,4
RandomForest,per_class,Other,0.7806841046277666,0.38001958863858964,30,4
RandomForest,per_class,Other,0.7851239669421488,0.3721841332027424,30,4
RandomForest,per_class,Other,0.7852631578947369,0.3653281096963761,30,4
RandomForest,per_class,Other,0.7917570498915402,0.3574926542605289,30,4
RandomForest,per_class,Other,0.8018018018018018,0.3486777668952008,30,4
RandomForest,per_class,Other,0.8162790697674419,0.3437806072477963,30,4
RandomForest,per_class,Other,0.8274231678486997,0.3428011753183154,30,4
RandomForest,per_class,Other,0.8309178743961353,0.33692458374143,30,4
RandomForest,per_class,Other,0.8284313725490197,0.33104799216454456,30,4
RandomForest,per_class,Other,0.8316582914572864,0.32419196865817823,30,4
RandomForest,per_class,Other,0.8415584415584415,0.31733594515181196,30,4
RandomForest,per_class,Other,0.8408488063660478,0.31047992164544563,30,4
RandomForest,per_class,Other,0.8396739130434783,0.30264446620959845,30,4
RandomForest,per_class,Other,0.847887323943662,0.2948090107737512,30,4
RandomForest,per_class,Other,0.855072463768116,0.2889324191968658,30,4
RandomForest,per_class,Other,0.858433734939759,0.2791380999020568,30,4
RandomForest,per_class,Other,0.8722741433021807,0.2742409402546523,30,4
RandomForest,per_class,Other,0.8806451612903226,0.267384916748286,30,4
RandomForest,per_class,Other,0.8809523809523809,0.25367286973555336,30,4
RandomForest,per_class,Other,0.9057971014492754,0.24485798237022527,30,4
RandomForest,per_class,Other,0.9070631970260223,0.23898139079333985,30,4
RandomForest,per_class,Other,0.9133858267716536,0.22722820763956905,30,4
RandomForest,per_class,Other,0.9149797570850202,0.22135161606268364,30,4
RandomForest,per_class,Other,0.9276595744680851,0.21351616062683643,30,4
RandomForest,per_class,Other,0.9254385964912281,0.20666013712047013,30,4
RandomForest,per_class,Other,0.9282511210762332,0.20274240940254654,30,4
RandomForest,per_class,Other,0.9252336448598131,0.1939275220372184,30,4
RandomForest,per_class,Other,0.927536231884058,0.188050930460333,30,4
RandomForest,per_class,Other,0.9303482587064676,0.1831537708129285,30,4
RandomForest,per_class,Other,0.9292929292929293,0.1802154750244858,30,4
RandomForest,per_class,Other,0.9267015706806283,0.1733594515181195,30,4
RandomForest,per_class,Other,0.9378531073446328,0.16258570029382957,30,4
RandomForest,per_class,Other,0.9411764705882353,0.15670910871694418,30,4
RandomForest,per_class,Other,0.9447852760736196,0.15083251714005877,30,4
RandomForest,per_class,Other,0.9426751592356688,0.14495592556317335,30,4
RandomForest,per_class,Other,0.9459459459459459,0.13712047012732614,30,4
RandomForest,per_class,Other,0.950354609929078,0.13124387855044076,30,4
RandomForest,per_class,Other,0.948905109489051,0.12732615083251714,30,4
RandomForest,per_class,Other,0.9461538461538461,0.12047012732615084,30,4
RandomForest,per_class,Other,0.9448818897637795,0.11753183153770813,30,4
RandomForest,per_class,Other,0.9586776859504132,0.11361410381978453,30,4
RandomForest,per_class,Other,0.9649122807017544,0.10773751224289912,30,4
RandomForest,per_class,Other,0.9636363636363636,0.10381978452497552,30,4
RandomForest,per_class,Other,0.9607843137254902,0.09598432908912831,30,4
RandomForest,per_class,Other,0.9659090909090909,0.0832517140058766,30,4
RandomForest,per_class,Other,0.9753086419753086,0.07737512242899118,30,4
RandomForest,per_class,Other,0.987012987012987,0.07443682664054849,30,4
RandomForest,per_class,Other,0.9863013698630136,0.07051909892262488,30,4
RandomForest,per_class,Other,0.9852941176470589,0.06562193927522038,30,4
RandomForest,per_class,Other,0.9848484848484849,0.06366307541625857,30,4
RandomForest,per_class,Other,0.9836065573770492,0.058765915768854066,30,4
RandomForest,per_class,Other,0.9824561403508771,0.05484818805093046,30,4
RandomForest,per_class,Other,0.9807692307692307,0.04995102840352596,30,4
RandomForest,per_class,Other,0.9787234042553191,0.04505386875612145,30,4
RandomForest,per_class,Other,0.9761904761904762,0.040156709108716944,30,4
RandomForest,per_class,Other,0.9743589743589743,0.03721841332027424,30,4
RandomForest,per_class,Other,0.9736842105263158,0.03623898139079334,30,4
RandomForest,per_class,Other,0.9714285714285714,0.03330068560235064,30,4
RandomForest,per_class,Other,0.967741935483871,0.029382957884427033,30,4
RandomForest,per_class,Other,0.9615384615384616,0.024485798237022526,30,4
RandomForest,per_class,Other,0.96,0.023506366307541625,30,4
RandomForest,per_class,Other,0.9583333333333334,0.022526934378060724,30,4
RandomForest,per_class,Other,0.9523809523809523,0.019588638589618023,30,4
RandomForest,per_class,Other,0.9444444444444444,0.01665034280117532,30,4
RandomForest,per_class,Other,0.9411764705882353,0.015670910871694418,30,4
RandomForest,per_class,Other,0.9230769230769231,0.011753183153770812,30,4
RandomForest,per_class,Other,1.0,0.009794319294809012,30,4
RandomForest,per_class,Other,1.0,0.007835455435847209,30,4
RandomForest,per_class,Other,1.0,0.0068560235063663075,30,4
RandomForest,per_class,Other,1.0,0.004897159647404506,30,4
RandomForest,per_class,Other,1.0,0.0039177277179236044,30,4
RandomForest,per_class,Other,1.0,0.002938295788442703,30,4
RandomForest,per_class,Other,1.0,0.0019588638589618022,30,4
RandomForest,per_class,Other,1.0,0.0,30,4
RandomForest,per_class,Treg,0.023342378069992346,1.0,30,4
RandomForest,per_class,Treg,0.02603297769156159,1.0,30,4
RandomForest,per_class,Treg,0.02988997282729743,1.0,30,4
RandomForest,per_class,Treg,0.03461260703600536,1.0,30,4
RandomForest,per_class,Treg,0.03947987761826312,1.0,30,4
RandomForest,per_class,Treg,0.04443706409830621,0.9970193740685543,30,4
RandomForest,per_class,Treg,0.049504217848157464,0.9970193740685543,30,4
RandomForest,per_class,Treg,0.05428432327166505,0.9970193740685543,30,4
RandomForest,per_class,Treg,0.05930325325768992,0.9970193740685543,30,4
RandomForest,per_class,Treg,0.06448192771084338,0.9970193740685543,30,4
RandomForest,per_class,Treg,0.06927304780669916,0.9955290611028316,30,4
RandomForest,per_class,Treg,0.07422657467171155,0.9940387481371088,30,4
RandomForest,per_class,Treg,0.07956989247311828,0.992548435171386,30,4
RandomForest,per_class,Treg,0.0843480466768138,0.9910581222056631,30,4
RandomForest,per_class,Treg,0.08975570252395734,0.9910581222056631,30,4
RandomForest,per_class,Treg,0.09514925373134328,0.9880774962742176,30,4
RandomForest,per_class,Treg,0.10034917261272203,0.9850968703427719,30,4
RandomForest,per_class,Treg,0.10627318174487986,0.9821162444113264,30,4
RandomForest,per_class,Treg,0.11259411362080766,0.9806259314456036,30,4
RandomForest,per_class,Treg,0.11890520210259199,0.977645305514158,30,4
RandomForest,per_class,Treg,0.12452253628724216,0.9716840536512668,30,4
RandomForest,per_class,Treg,0.12978169437212098,0.9657228017883756,30,4
RandomForest,per_class,Treg,0.13665254237288135,0.9612518628912071,30,4
RandomForest,per_class,Treg,0.1432703003337041,0.9597615499254843,30,4
RandomForest,per_class,Treg,0.1511163337250294,0.9582712369597616,30,4
RandomForest,per_class,Treg,0.1584672435105068,0.9552906110283159,30,4
RandomForest,per_class,Treg,0.16653655997918293,0.9538002980625931,30,4
RandomForest,per_class,Treg,0.17341356673960612,0.9448584202682563,30,4
RandomForest,per_class,Treg,0.18111143103944716,0.9374068554396423,30,4
RandomForest,per_class,Treg,0.1897810218978102,0.9299552906110283,30,4
RandomForest,per_class,Treg,0.19955012853470436,0.9254843517138599,30,4
RandomForest,per_class,Treg,0.2092078537576168,0.9210134128166915,30,4
RandomForest,per_class,Treg,0.21885041056765442,0.9135618479880775,30,4
RandomForest,per_class,Treg,0.22803738317757008,0.9090909090909091,30,4
RandomForest,per_class,Treg,0.23697610654132392,0.9016393442622951,30,4
RandomForest,per_class,Treg,0.2477291494632535,0.8941877794336811,30,4
RandomForest,per_class,Treg,0.2569084628670121,0.886736214605067,30,4
RandomForest,per_class,Treg,0.26687811508835524,0.8777943368107303,30,4
RandomForest,per_class,Treg,0.27717133364973895,0.8703427719821163,30,4
RandomForest,per_class,Treg,0.2909090909090909,0.8584202682563339,30,4
RandomForest,per_class,Treg,0.3016967126193001,0.8479880774962743,30,4
RandomForest,per_class,Treg,0.31673195299384443,0.8435171385991058,30,4
RandomForest,per_class,Treg,0.3288314738696418,0.834575260804769,30,4
RandomForest,per_class,Treg,0.34658385093167704,0.8315946348733234,30,4
RandomForest,per_class,Treg,0.35626216742375083,0.8181818181818182,30,4
RandomForest,per_class,Treg,0.3700410396716826,0.8062593144560357,30,4
RandomForest,per_class,Treg,0.38,0.7928464977645305,30,4
RandomForest,per_class,Treg,0.387434554973822,0.7719821162444114,30,4
RandomForest,per_class,Treg,0.4006235385814497,0.7660208643815202,30,4
RandomForest,per_class,Treg,0.41123778501628666,0.7526080476900149,30,4
RandomForest,per_class,Treg,0.4241645244215938,0.7377049180327869,30,4
RandomForest,per_class,Treg,0.4343163538873995,0.7242921013412816,30,4
RandomForest,per_class,Treg,0.4506517690875233,0.7213114754098361,30,4
RandomForest,per_class,Treg,0.46418056918547596,0.7049180327868853,30,4
RandomForest,per_class,Treg,0.47352342158859473,0.6929955290611028,30,4
RandomForest,per_class,Treg,0.48986125933831376,0.684053651266766,30,4
RandomForest,per_class,Treg,0.5016538037486218,0.6780923994038748,30,4
RandomForest,per_class,Treg,0.5108323831242874,0.6676602086438153,30,4
RandomForest,per_class,Treg,0.5230769230769231,0.6587183308494784,30,4
RandomForest,per_class,Treg,0.5382716049382716,0.6497764530551415,30,4
RandomForest,per_class,Treg,0.5443037974683544,0.6408345752608048,30,4
RandomForest,per_class,Treg,0.5587467362924282,0.6378539493293591,30,4
RandomForest,per_class,Treg,0.573170731707317,0.6304023845007451,30,4
RandomForest,per_class,Treg,0.5876577840112202,0.624441132637854,30,4
RandomForest,per_class,Treg,0.5965166908563135,0.6125186289120715,30,4
RandomForest,per_class,Treg,0.6178247734138973,0.6095380029806259,30,4
RandomForest,per_class,Treg,0.6326530612244898,0.6005961251862891,30,4
RandomForest,per_class,Treg,0.6523887973640856,0.5901639344262295,30,4
RandomForest,per_class,Treg,0.6689303904923599,0.587183308494784,30,4
RandomForest,per_class,Treg,0.6765734265734266,0.5767511177347243,30,4
RandomForest,per_class,Treg,0.6832740213523132,0.5722801788375559,30,4
RandomForest,per_class,Treg,0.6928702010968921,0.5648286140089419,30,4
RandomForest,per_class,Treg,0.7161904761904762,0.5603576751117735,30,4
RandomForest,per_class,Treg,0.72568093385214,0.555886736214605,30,4
RandomForest,per_class,Treg,0.7395626242544732,0.5543964232488823,30,4
RandomForest,per_class,Treg,0.7459349593495935,0.5469448584202683,30,4
RandomForest,per_class,Treg,0.7651991614255765,0.5439642324888226,30,4
RandomForest,per_class,Treg,0.776824034334764,0.5394932935916542,30,4
RandomForest,per_class,Treg,0.7855579868708972,0.5350223546944859,30,4
RandomForest,per_class,Treg,0.7951002227171492,0.5320417287630402,30,4
RandomForest,per_class,Treg,0.800453514739229,0.526080476900149,30,4
RandomForest,per_class,Treg,0.8051044083526682,0.5171385991058122,30,4
RandomForest,per_class,Treg,0.8070588235294117,0.511177347242921,30,4
RandomForest,per_class,Treg,0.8095238095238095,0.5067064083457526,30,4
RandomForest,per_class,Treg,0.8125,0.503725782414307,30,4
RandomForest,per_class,Treg,0.8190709046454768,0.4992548435171386,30,4
RandomForest,per_class,Treg,0.8251231527093597,0.4992548435171386,30,4
RandomForest,per_class,Treg,0.8308080808080808,0.4903129657228018,30,4
RandomForest,per_class,Treg,0.834625322997416,0.481371087928465,30,4
RandomForest,per_class,Treg,0.8342105263157895,0.47242921013412814,30,4
RandomForest,per_class,Treg,0.8373333333333334,0.46795827123695977,30,4
RandomForest,per_class,Treg,0.8392370572207084,0.45901639344262296,30,4
RandomForest,per_class,Treg,0.8410958904109589,0.45752608047690013,30,4
RandomForest,per_class,Treg,0.8403361344537815,0.44709388971684055,30,4
RandomForest,per_class,Treg,0.839541547277937,0.4366616989567809,30,4
RandomForest,per_class,Treg,0.8439306358381503,0.43517138599105815,30,4
RandomForest,per_class,Treg,0.8441176470588235,0.4277198211624441,30,4
RandomForest,per_class,Treg,0.8493975903614458,0.4202682563338301,30,4
RandomForest,per_class,Treg,0.8523076923076923,0.4128166915052161,30,4
RandomForest,per_class,Treg,0.861198738170347,0.4068554396423249,30,4
RandomForest,per_class,Treg,0.8653846153846154,0.40238450074515647,30,4
RandomForest,per_class,Treg,0.8754098360655738,0.3979135618479881,30,4
RandomForest,per_class,Treg,0.8766666666666667,0.3919523099850969,30,4
RandomForest,per_class,Treg,0.8843537414965986,0.38748137108792846,30,4
RandomForest,per_class,Treg,0.8943661971830986,0.37853949329359166,30,4
RandomForest,per_class,Treg,0.8978102189781022,0.36661698956780925,30,4
RandomForest,per_class,Treg,0.9063670411985019,0.36065573770491804,30,4
RandomForest,per_class,Treg,0.9056603773584906,0.35767511177347244,30,4
RandomForest,per_class,Treg,0.9073359073359073,0.3502235469448584,30,4
RandomForest,per_class,Treg,0.9169960474308301,0.34575260804769004,30,4
RandomForest,per_class,Treg,0.9196787148594378,0.3412816691505216,30,4
RandomForest,per_class,Treg,0.9221311475409836,0.3353204172876304,30,4
RandomForest,per_class,Treg,0.9224137931034483,0.31892697466467956,30,4
RandomForest,per_class,Treg,0.9288888888888889,0.3114754098360656,30,4
RandomForest,per_class,Treg,0.9398148148148148,0.3025335320417288,30,4
RandomForest,per_class,Treg,0.937799043062201,0.29210134128166915,30,4
RandomForest,per_class,Treg,0.9463414634146341,0.28912071535022354,30,4
RandomForest,per_class,Treg,0.9455445544554455,0.2846497764530551,30,4
RandomForest,per_class,Treg,0.9438775510204082,0.2757078986587183,30,4
RandomForest,per_class,Treg,0.9424083769633508,0.26825633383010433,30,4
RandomForest,per_class,Treg,0.9402173913043478,0.2578241430700447,30,4
RandomForest,per_class,Treg,0.9545454545454546,0.2503725782414307,30,4
RandomForest,per_class,Treg,0.9540229885057471,0.2473919523099851,30,4
RandomForest,per_class,Treg,0.9529411764705882,0.2414307004470939,30,4
RandomForest,per_class,Treg,0.9625,0.22950819672131148,30,4
RandomForest,per_class,Treg,0.9612903225806452,0.22205663189269748,30,4
RandomForest,per_class,Treg,0.9652777777777778,0.20715350223546944,30,4
RandomForest,per_class,Treg,0.9637681159420289,0.19821162444113263,30,4
RandomForest,per_class,Treg,0.9701492537313433,0.19374068554396423,30,4
RandomForest,per_class,Treg,0.96875,0.18479880774962743,30,4
RandomForest,per_class,Treg,0.975609756097561,0.17883755588673622,30,4
RandomForest,per_class,Treg,0.9752066115702479,0.17585692995529062,30,4
RandomForest,per_class,Treg,0.9739130434782609,0.16691505216095381,30,4
RandomForest,per_class,Treg,0.9732142857142857,0.16244411326378538,30,4
RandomForest,per_class,Treg,0.9805825242718447,0.15052160953800298,30,4
RandomForest,per_class,Treg,0.978494623655914,0.13561847988077497,30,4
RandomForest,per_class,Treg,0.9772727272727273,0.12816691505216096,30,4
RandomForest,per_class,Treg,0.9753086419753086,0.11773472429210134,30,4
RandomForest,per_class,Treg,0.974025974025974,0.11177347242921014,30,4
RandomForest,per_class,Treg,0.9726027397260274,0.10581222056631892,30,4
RandomForest,per_class,Treg,0.9722222222222222,0.10432190760059612,30,4
RandomForest,per_class,Treg,0.96875,0.09239940387481371,30,4
RandomForest,per_class,Treg,0.9682539682539683,0.09090909090909091,30,4
RandomForest,per_class,Treg,0.967741935483871,0.08941877794336811,30,4
RandomForest,per_class,Treg,0.9661016949152542,0.08494783904619971,30,4
RandomForest,per_class,Treg,0.9642857142857143,0.08047690014903129,30,4
RandomForest,per_class,Treg,0.96,0.07153502235469449,30,4
RandomForest,per_class,Treg,0.9565217391304348,0.06557377049180328,30,4
RandomForest,per_class,Treg,0.9512195121951219,0.05812220566318927,30,4
RandomForest,per_class,Treg,0.9473684210526315,0.05365126676602087,30,4
RandomForest,per_class,Treg,0.9444444444444444,0.05067064083457526,30,4
RandomForest,per_class,Treg,0.9696969696969697,0.04769001490312966,30,4
RandomForest,per_class,Treg,1.0,0.043219076005961254,30,4
RandomForest,per_class,Treg,1.0,0.041728763040238454,30,4
RandomForest,per_class,Treg,1.0,0.037257824143070044,30,4
RandomForest,per_class,Treg,1.0,0.03576751117734724,30,4
RandomForest,per_class,Treg,1.0,0.03278688524590164,30,4
RandomForest,per_class,Treg,1.0,0.029806259314456036,30,4
RandomForest,per_class,Treg,1.0,0.02384500745156483,30,4
RandomForest,per_class,Treg,1.0,0.014903129657228018,30,4
RandomForest,per_class,Treg,1.0,0.011922503725782414,30,4
RandomForest,per_class,Treg,1.0,0.010432190760059613,30,4
RandomForest,per_class,Treg,1.0,0.005961251862891207,30,4
RandomForest,per_class,Treg,1.0,0.004470938897168405,30,4
RandomForest,per_class,Treg,1.0,0.0014903129657228018,30,4
RandomForest,per_class,Treg,1.0,0.0,30,4
RandomForest,per_class,Tumor,0.05746886523342378,1.0,30,4
RandomForest,per_class,Tumor,0.06636403808299522,1.0,30,4
RandomForest,per_class,Tumor,0.08285270073724861,1.0,30,4
RandomForest,per_class,Tumor,0.10647491293692764,0.9993946731234867,30,4
RandomForest,per_class,Tumor,0.1368874885996186,0.9993946731234867,30,4
RandomForest,per_class,Tumor,0.1717855283706403,0.9987893462469734,30,4
RandomForest,per_class,Tumor,0.20859671302149177,0.9987893462469734,30,4
RandomForest,per_class,Tumor,0.24513155938754275,0.9981840193704601,30,4
RandomForest,per_class,Tumor,0.28161312371838687,0.9975786924939467,30,4
RandomForest,per_class,Tumor,0.3178309532998842,0.9969733656174334,30,4
RandomForest,per_class,Tumor,0.34719290840016886,0.9957627118644068,30,4
RandomForest,per_class,Tumor,0.37892066420664205,0.9945520581113801,30,4
RandomForest,per_class,Tumor,0.40289712742450284,0.9933414043583535,30,4
RandomForest,per_class,Tumor,0.42355371900826444,0.9927360774818402,30,4
RandomForest,per_class,Tumor,0.44532100108813927,0.9909200968523002,30,4
RandomForest,per_class,Tumor,0.46260623229461756,0.988498789346247,30,4
RandomForest,per_class,Tumor,0.47814608389557056,0.986682808716707,30,4
RandomForest,per_class,Tumor,0.4969437652811736,0.9842615012106537,30,4
RandomForest,per_class,Tumor,0.5097300690521029,0.9830508474576272,30,4
RandomForest,per_class,Tumor,0.5266579973992198,0.9806295399515739,30,4
RandomForest,per_class,Tumor,0.5408299866131191,0.9782082324455206,30,4
RandomForest,per_class,Tumor,0.5553257497414684,0.975181598062954,30,4
RandomForest,per_class,Tumor,0.5633555633555634,0.9715496368038741,30,4
RandomForest,per_class,Tumor,0.571632725973562,0.9685230024213075,30,4
RandomForest,per_class,Tumor,0.5805981035740335,0.9636803874092009,30,4
RandomForest,per_class,Tumor,0.5862831858407079,0.9624697336561744,30,4
RandomForest,per_class,Tumor,0.5943820224719101,0.9606537530266344,30,4
RandomForest,per_class,Tumor,0.601978691019787,0.9576271186440678,30,4
RandomForest,per_class,Tumor,0.6099729416312331,0.9552058111380145,30,4
RandomForest,per_class,Tumor,0.6167124362495097,0.9515738498789347,30,4
RandomForest,per_class,Tumor,0.6241530490235153,0.9479418886198547,30,4
RandomForest,per_class,Tumor,0.6296296296296297,0.9467312348668281,30,4
RandomForest,per_class,Tumor,0.636734693877551,0.9443099273607748,30,4
RandomForest,per_class,Tumor,0.6397361912613355,0.9394673123486683,30,4
RandomForest,per_class,Tumor,0.6490787269681743,0.9382566585956417,30,4
RandomForest,per_class,Tumor,0.65634280865507,0.9364406779661016,30,4
RandomForest,per_class,Tumor,0.6626506024096386,0.9322033898305084,30,4
RandomForest,per_class,Tumor,0.6687036228721083,0.927360774818402,30,4
RandomForest,per_class,Tumor,0.6762621789193977,0.9243341404358354,30,4
RandomForest,per_class,Tumor,0.6814715118887393,0.9194915254237288,30,4
RandomForest,per_class,Tumor,0.6870748299319728,0.9170702179176755,30,4
RandomForest,per_class,Tumor,0.6941881918819188,0.9110169491525424,30,4
RandomForest,per_class,Tumor,0.7014506317267197,0.9073849878934624,30,4
RandomForest,per_class,Tumor,0.7061880018894662,0.9049636803874092,30,4
RandomForest,per_class,Tumor,0.7127098321342926,0.8995157384987893,30,4
RandomForest,per_class,Tumor,0.7185978578383642,0.8934624697336562,30,4
RandomForest,per_class,Tumor,0.7234251968503937,0.8898305084745762,30,4
RandomForest,per_class,Tumor,0.7283582089552239,0.8861985472154964,30,4
RandomForest,per_class,Tumor,0.734375,0.8819612590799032,30,4
RandomForest,per_class,Tumor,0.7400611620795107,0.8789346246973365,30,4
RandomForest,per_class,Tumor,0.7452294997421351,0.8746973365617433,30,4
RandomForest,per_class,Tumor,0.7509157509157509,0.8686440677966102,30,4
RandomForest,per_class,Tumor,0.7566418703506907,0.8619854721549637,30,4
RandomForest,per_class,Tumor,0.7600428494911623,0.8589588377723971,30,4
RandomForest,per_class,Tumor,0.762987012987013,0.8535108958837773,30,4
RandomForest,per_class,Tumor,0.7676712328767124,0.8480629539951574,30,4
RandomForest,per_class,Tumor,0.7722991689750692,0.8438256658595642,30,4
RandomForest,per_class,Tumor,0.7768456375838926,0.8407990314769975,30,4
RandomForest,per_class,Tumor,0.7826825127334465,0.8371670702179177,30,4
RandomForest,per_class,Tumor,0.7919308357348703,0.8317191283292978,30,4
RandomForest,per_class,Tumor,0.7997658079625293,0.8268765133171913,30,4
RandomForest,per_class,Tumor,0.8071216617210683,0.8232445520581114,30,4
RandomForest,per_class,Tumor,0.8122743682310469,0.8171912832929782,30,4
RandomForest,per_class,Tumor,0.8176829268292682,0.8117433414043583,30,4
RandomForest,per_class,Tumor,0.8231669747381393,0.8087167070217918,30,4
RandomForest,per_class,Tumor,0.83,0.8038740920096852,30,4
RandomForest,per_class,Tumor,0.8352272727272727,0.8008474576271186,30,4
RandomForest,per_class,Tumor,0.8383386581469648,0.7941888619854721,30,4
RandomForest,per_class,Tumor,0.8414948453608248,0.7905569007263923,30,4
RandomForest,per_class,Tumor,0.8444010416666666,0.7851089588377724,30,4
RandomForest,per_class,Tumor,0.845042678923178,0.7790556900726392,30,4
RandomForest,per_class,Tumor,0.8515312916111851,0.7742130750605327,30,4
RandomForest,per_class,Tumor,0.8551307847082495,0.7717917675544794,30,4
RandomForest,per_class,Tumor,0.8610169491525423,0.7687651331719129,30,4
RandomForest,per_class,Tumor,0.8625429553264605,0.7596852300242131,30,4
RandomForest,per_class,Tumor,0.8680555555555556,0.7566585956416465,30,4
RandomForest,per_class,Tumor,0.8713080168776371,0.75,30,4
RandomForest,per_class,Tumor,0.8765167737330478,0.7433414043583535,30,4
RandomForest,per_class,Tumor,0.8794223826714801,0.7372881355932204,30,4
RandomForest,per_class,Tumor,0.8844184345281638,0.7318401937046005,30,4
RandomForest,per_class,Tumor,0.8879821958456974,0.7245762711864406,30,4
RandomForest,per_class,Tumor,0.8927492447129909,0.715496368038741,30,4
RandomForest,per_class,Tumor,0.8940548780487805,0.7100484261501211,30,4
RandomForest,per_class,Tumor,0.9004629629629629,0.7064164648910412,30,4
RandomForest,per_class,Tumor,0.90546875,0.7015738498789347,30,4
RandomForest,per_class,Tumor,0.9113924050632911,0.6973365617433414,30,4
RandomForest,per_class,Tumor,0.9140811455847255,0.6955205811138014,30,4
RandomForest,per_class,Tumor,0.9184168012924071,0.6882566585956417,30,4
RandomForest,per_class,Tumor,0.9193811074918566,0.6834140435835351,30,4
RandomForest,per_class,Tumor,0.9233305853256389,0.6779661016949152,30,4
RandomForest,per_class,Tumor,0.9302521008403362,0.6700968523002422,30,4
RandomForest,per_class,Tumor,0.9339542760372566,0.6676755447941889,30,4
RandomForest,per_class,Tumor,0.9357326478149101,0.6610169491525424,30,4
RandomForest,per_class,Tumor,0.939843068875327,0.652542372881356,30,4
RandomForest,per_class,Tumor,0.9406028368794326,0.6422518159806295,30,4
RandomForest,per_class,Tumor,0.9436997319034852,0.639225181598063,30,4
RandomForest,per_class,Tumor,0.9484162895927601,0.6343825665859564,30,4
RandomForest,per_class,Tumor,0.9506398537477148,0.6295399515738499,30,4
RandomForest,per_class,Tumor,0.9519852262234534,0.62409200968523,30,4
RandomForest,per_class,Tumor,0.954119850187266,0.6168280871670703,30,4
RandomForest,per_class,Tumor,0.960952380952381,0.610774818401937,30,4
RandomForest,per_class,Tumor,0.9649805447470817,0.6004842615012107,30,4
RandomForest,per_class,Tumor,0.9656188605108055,0.5950363196125908,30,4
RandomForest,per_class,Tumor,0.9660339660339661,0.5853510895883777,30,4
RandomForest,per_class,Tumor,0.9674134419551935,0.5750605326876513,30,4
RandomForest,per_class,Tumor,0.9691358024691358,0.5702179176755447,30,4
RandomForest,per_class,Tumor,0.9697286012526096,0.5623486682808717,30,4
RandomForest,per_class,Tumor,0.9713679745493107,0.5544794188861986,30,4
RandomForest,per_class,Tumor,0.9741935483870968,0.5484261501210653,30,4
RandomForest,per_class,Tumor,0.9750271444082519,0.5435835351089588,30,4
RandomForest,per_class,Tumor,0.974669603524229,0.5357142857142857,30,4
RandomForest,per_class,Tumor,0.9753363228699552,0.5266343825665859,30,4
RandomForest,per_class,Tumor,0.9761363636363637,0.5199757869249395,30,4
RandomForest,per_class,Tumor,0.9805045871559633,0.5175544794188862,30,4
RandomForest,per_class,Tumor,0.980209545983702,0.5096852300242131,30,4
RandomForest,per_class,Tumor,0.981198589894242,0.5054479418886199,30,4
RandomForest,per_class,Tumor,0.9833926453143536,0.5018159806295399,30,4
RandomForest,per_class,Tumor,0.9831528279181708,0.49455205811138014,30,4
RandomForest,per_class,Tumor,0.98531211750306,0.4872881355932203,30,4
RandomForest,per_class,Tumor,0.9862155388471178,0.4763922518159806,30,4
RandomForest,per_class,Tumor,0.9860228716645489,0.46973365617433416,30,4
RandomForest,per_class,Tumor,0.9857881136950905,0.461864406779661,30,4
RandomForest,per_class,Tumor,0.9868247694334651,0.4533898305084746,30,4
RandomForest,per_class,Tumor,0.9865951742627346,0.44552058111380144,30,4
RandomForest,per_class,Tumor,0.989100817438692,0.43946731234866826,30,4
RandomForest,per_class,Tumor,0.9888888888888889,0.43099273607748184,30,4
RandomForest,per_class,Tumor,0.9887640449438202,0.4261501210653753,30,4
RandomForest,per_class,Tumor,0.9885386819484241,0.41767554479418884,30,4
RandomForest,per_class,Tumor,0.9897959183673469,0.4110169491525424,30,4
RandomForest,per_class,Tumor,0.9896602658788775,0.40556900726392253,30,4
RandomForest,per_class,Tumor,0.9893129770992366,0.3922518159806295,30,4
RandomForest,per_class,Tumor,0.9891640866873065,0.38680387409200967,30,4
RandomForest,per_class,Tumor,0.9920508744038156,0.37772397094430993,30,4
RandomForest,per_class,Tumor,0.993322203672788,0.3601694915254237,30,4
RandomForest,per_class,Tumor,0.9949152542372881,0.3553268765133172,30,4
RandomForest,per_class,Tumor,0.9947460595446584,0.34382566585956414,30,4
RandomForest,per_class,Tumor,0.9945750452079566,0.33292978208232443,30,4
RandomForest,per_class,Tumor,0.9944029850746269,0.32263922518159804,30,4
RandomForest,per_class,Tumor,0.9961977186311787,0.3171912832929782,30,4
RandomForest,per_class,Tumor,0.9960552268244576,0.3056900726392252,30,4
RandomForest,per_class,Tumor,0.9959839357429718,0.30024213075060535,30,4
RandomForest,per_class,Tumor,0.9959183673469387,0.29539951573849876,30,4
RandomForest,per_class,Tumor,0.9957805907172996,0.2857142857142857,30,4
RandomForest,per_class,Tumor,0.9956896551724138,0.2796610169491525,30,4
RandomForest,per_class,Tumor,0.9955849889624724,0.27300242130750607,30,4
RandomForest,per_class,Tumor,0.9953917050691244,0.26150121065375304,30,4
RandomForest,per_class,Tumor,0.9952718676122931,0.25484261501210653,30,4
RandomForest,per_class,Tumor,0.9975609756097561,0.24757869249394673,30,4
RandomForest,per_class,Tumor,0.9974358974358974,0.23547215496368037,30,4
RandomForest,per_class,Tumor,0.9973118279569892,0.2245762711864407,30,4
RandomForest,per_class,Tumor,1.0,0.21912832929782083,30,4
RandomForest,per_class,Tumor,1.0,0.20944309927360774,30,4
RandomForest,per_class,Tumor,1.0,0.2046004842615012,30,4
RandomForest,per_class,Tumor,1.0,0.19430992736077482,30,4
RandomForest,per_class,Tumor,1.0,0.18462469733656175,30,4
RandomForest,per_class,Tumor,1.0,0.17857142857142858,30,4
RandomForest,per_class,Tumor,1.0,0.17312348668280872,30,4
RandomForest,per_class,Tumor,1.0,0.16101694915254236,30,4
RandomForest,per_class,Tumor,1.0,0.15314769975786924,30,4
RandomForest,per_class,Tumor,1.0,0.14588377723970944,30,4
RandomForest,per_class,Tumor,1.0,0.137409200968523,30,4
RandomForest,per_class,Tumor,1.0,0.12772397094430993,30,4
RandomForest,per_class,Tumor,1.0,0.11803874092009685,30,4
RandomForest,per_class,Tumor,1.0,0.11016949152542373,30,4
RandomForest,per_class,Tumor,1.0,0.10472154963680387,30,4
RandomForest,per_class,Tumor,1.0,0.10290556900726393,30,4
RandomForest,per_class,Tumor,1.0,0.09443099273607748,30,4
RandomForest,per_class,Tumor,1.0,0.08837772397094432,30,4
RandomForest,per_class,Tumor,1.0,0.0811138014527845,30,4
RandomForest,per_class,Tumor,1.0,0.07445520581113801,30,4
RandomForest,per_class,Tumor,1.0,0.06961259079903148,30,4
RandomForest,per_class,Tumor,1.0,0.061138014527845036,30,4
RandomForest,per_class,Tumor,1.0,0.056295399515738496,30,4
RandomForest,per_class,Tumor,1.0,0.051452784503631964,30,4
RandomForest,per_class,Tumor,1.0,0.04600484261501211,30,4
RandomForest,per_class,Tumor,1.0,0.041767554479418885,30,4
RandomForest,per_class,Tumor,1.0,0.03631961259079903,30,4
RandomForest,per_class,Tumor,1.0,0.03389830508474576,30,4
RandomForest,per_class,Tumor,1.0,0.03026634382566586,30,4
RandomForest,per_class,Tumor,1.0,0.029055690072639227,30,4
RandomForest,per_class,Tumor,1.0,0.026634382566585957,30,4
RandomForest,per_class,Tumor,1.0,0.023002421307506054,30,4
RandomForest,per_class,Tumor,1.0,0.0211864406779661,30,4
RandomForest,per_class,Tumor,1.0,0.01694915254237288,30,4
RandomForest,per_class,Tumor,1.0,0.014527845036319613,30,4
RandomForest,per_class,Tumor,1.0,0.013317191283292978,30,4
RandomForest,per_class,Tumor,1.0,0.010895883777239709,30,4
RandomForest,per_class,Tumor,1.0,0.010290556900726392,30,4
RandomForest,per_class,Tumor,1.0,0.007263922518159807,30,4
RandomForest,per_class,Tumor,1.0,0.00423728813559322,30,4
RandomForest,per_class,Tumor,1.0,0.0036319612590799033,30,4
RandomForest,per_class,Tumor,1.0,0.002421307506053269,30,4
RandomForest,per_class,Tumor,1.0,0.0012106537530266344,30,4
RandomForest,per_class,Tumor,1.0,0.0,30,4
