"","id","predicted"
"1","0001a474-9832-4318-bda8-3bb56df9c47a","Unknown"
"2","0001d9f9-44ec-4711-b33f-38c0db998305","NKcells"
"3","000ae63b-cb7b-4533-b66f-71d56e08677a","epithelia"
"4","0013944f-bb0b-48dc-afe3-ed2a155233d5","epithelia"
"5","0019e94a-8566-49c2-a988-0392d89758f9","endothelia"
"6","001b688f-4eb0-4ecd-8e82-d5fa0161cd44","T_cells"
"7","00254896-b8f5-406e-a295-43893b2040c2","NKcells"
"8","00264d80-aba7-4573-99b1-42d2a8988ed9","epithelia"
"9","002b52bb-9be7-4628-ab64-50d8a402f684","epithelia"
"10","002fa2f1-b4cb-4dae-8a05-624132d32ce5","CD4_T"
"11","002fb62b-d28a-4d01-b51c-acb00d3ff28b","CD8_T"
"12","00312005-f07a-4e85-975e-0e935032bca9","NKcells"
"13","00349c96-9a08-4b3d-92ec-789cef4f82bc","epithelia"
"14","0034b78f-97ca-4c92-914e-8490ba9a433f","epithelia"
"15","003ad5a8-1c10-4d5a-8de6-efd3594c06f0","epithelia"
"16","003b5caa-f9ac-4610-943f-aa6be0baee68","epithelia"
"17","003c9e9d-3df8-4d27-9baa-85db02372933","epithelia"
"18","0041cda7-03d8-44ca-80fd-76979881baf4","epithelia"
"19","0045c080-f939-467e-9873-e32389ce600b","immune"
"20","00530091-7117-43a9-b3e9-1ee929a9b36b","epithelia"
"21","0060db0f-5f89-415f-bbcb-3644e9570f21","NKcells"
"22","0063c027-ff8a-466a-b474-dfcb4f755ca4","NKcells"
"23","006aaf7a-e3e2-4747-9988-8813ebb0f9d4","CD8_T"
"24","006fdde9-a404-4c1c-a66e-4fc95bee656c","NKcells"
"25","0074f9ff-7820-4cbc-a0d9-21a4906fbffd","NKcells"
"26","007abec8-be43-45f3-8f28-b2b68135d323","epithelia"
"27","007bea43-10dd-4aa3-a255-6f69e19cc33d","epithelia"
"28","007c7308-222b-4b17-95ea-6048519a101e","epithelia"
"29","00859e8a-ff69-4a82-912b-d6f83ff22563","Unknown"
"30","0087005c-b904-406d-87fc-9da8cfe50967","myeloid"
"31","0088ed68-1417-42de-a212-33e7c43d74d3","epithelia"
"32","009f5e02-1dd1-4649-88e8-8a82265cf0c6","epithelia"
"33","00a0a1be-74c5-41ed-829b-466985cf01fa","epithelia"
"34","00a11522-b701-4585-a309-863e1d4cedbd","epithelia"
"35","00a1cf7f-71e2-48b5-8ab1-bc9de8fcf8a6","Unknown"
"36","00a501b4-e4aa-43ba-aa80-1875246e23d7","epithelia"
"37","00aae35b-1239-4c5c-8369-a045d7c318d6","epithelia"
"38","00acaae5-e499-45aa-9a4c-2b88bd36da35","epithelia"
"39","00ad8e59-bd38-4872-8d18-fd8b3805fde1","epithelia"
"40","00b3998e-4cfe-4cf8-8213-7a3953091ca8","Treg"
"41","00b433b1-7b20-4072-8499-c4641f83bb33","epithelia"
"42","00b478ad-5309-4e84-b766-b30929571ee3","epithelia"
"43","00b5bd38-d11c-4c3e-8b61-7659ea6566b8","epithelia"
"44","00b60b06-202d-481b-9cc9-4a6ac0275aee","epithelia"
"45","00b9e4ce-85ac-49b7-b10f-f559e895346f","epithelia"
"46","00c799a3-189b-484e-9c81-1e2c655e12c3","epithelia"
"47","00cd380f-f4b8-46ef-ac2a-85d8bcde6d53","NKcells"
"48","00d02b73-3a33-41d4-9635-2012ed231a25","NKcells"
"49","00d4a52b-11f6-4002-8a63-3235f9637c2c","epithelia"
"50","00d4f67e-96c9-43c6-b311-3379422838eb","Treg"
"51","00d633fd-3711-4cf0-a5b5-f470fd43546f","endothelia"
"52","00e10ea0-6bcf-439d-abd2-ab6e76a66abb","Unknown"
"53","00e6b630-108d-41f8-9fb2-85305db70f09","Unknown"
"54","00ed2055-866b-4470-8b57-9d7c7742ee81","epithelia"
"55","00f56a95-fb7b-4f2e-ae70-53fc2a68a16b","NKcells"
"56","00f72c95-88e3-4ce5-8f5c-e31fa438b7a7","epithelia"
"57","0103473d-5e2d-453b-85ab-0c8f1b7274a5","immune"
"58","0103ba0d-a115-4de5-bf2e-b5a7823b1f7e","endothelia"
"59","0106967c-dd28-4346-8a4b-0203e0b12275","stroma"
"60","010c8479-dcfe-4628-bf70-fea512132df5","epithelia"
"61","01135f43-1281-42a7-8dca-2185e5d1ae4b","epithelia"
"62","01210729-23ea-4137-b346-4272f0686dd4","T_cells"
"63","01267cc9-21a4-4f69-8988-c48ac1f924af","myeloid"
"64","01320ffe-b624-4c0f-8ce6-fbddd2efa922","epithelia"
"65","01321465-baf2-4a51-98de-158728827bfe","epithelia"
"66","01335167-16b0-4038-b9eb-b0e9e3020e64","epithelia"
"67","0135b6fe-ba50-4a3f-a729-4b48b0d01f16","epithelia"
"68","0135bf54-7307-46fe-8bea-085256daf3c0","CD8_T"
"69","0137603a-61ec-432d-a371-ddd43c49b333","epithelia"
"70","013b19ad-e434-4fdb-88d4-ae1ad004f624","Unknown"
"71","0148340a-98a5-4782-a0b0-00f6a2e4a766","epithelia"
"72","014a6504-9575-446a-98a8-5d28ae79b2d6","NKcells"
"73","014d4d85-254f-49af-8964-2815ee923818","epithelia"
"74","014eb1cd-9071-45fc-9fa4-33f66a29a75f","CD8_T"
"75","0154cef2-4fcb-4ff8-9a07-0241ce65819c","NKcells"
"76","015e1cbe-16db-43f8-b121-483a16c3fc7f","epithelia"
"77","015fc63e-7294-4cd2-a6ac-1a74dd5379c6","CD8_T"
"78","0161dc30-a307-410a-b48b-049c2eaf3464","epithelia"
"79","016b2ea6-769d-4490-9054-c73337e8f10a","Unknown"
"80","0173da05-9bad-447d-9fb7-22cc79498985","Unknown"
"81","0178377e-d381-49f4-be0a-963f89477e58","myeloid"
"82","017944b3-9341-4624-80ab-737d7e6e6898","epithelia"
"83","017ddda1-c747-46c8-bbb7-c702aedf9d1a","epithelia"
"84","017e1b0c-7c36-4ca4-8232-687b33b7343e","T_cells"
"85","017fb05f-ae62-4f91-bfde-b301093fd65f","epithelia"
"86","01887e18-d02c-488d-9d92-c9b9bb0f88af","epithelia"
"87","018d8d2c-27a1-4741-987e-a0f82c62418d","NKcells"
"88","019d142a-ec57-48e1-8995-025bf0df53e2","epithelia"
"89","01a22c75-ed0c-4976-b9ea-0809014e9dce","epithelia"
"90","01a3cdf3-ad11-4dff-9185-55e513e39d17","epithelia"
"91","01a67a44-5616-4fc5-84c6-fe93685218e5","Unknown"
"92","01a90e59-cd2a-4863-ac36-46f850224fa8","epithelia"
"93","01abc65d-7c50-4ddd-83c7-c682c2fbfa18","NKcells"
"94","01ae4141-bfb5-4644-b47a-12e05002c525","Unknown"
"95","01c5120c-6b36-489e-8ceb-38355edd7aff","epithelia"
"96","01c6d121-be70-499d-ac01-4389bc4c9d63","epithelia"
"97","01cbf74e-2255-4e6f-9c84-dc658f492860","epithelia"
"98","01ccd963-493d-4ecd-a453-91598880b641","endothelia"
"99","01d96067-3afe-458a-b41c-3fb05d65d3dd","myeloid"
"100","01db8e6a-070b-4037-9536-6eae4bed8e3f","NKcells"
"101","01dca298-65bc-4e90-9835-309480bdaa0e","Unknown"
"102","01dd63f7-13f1-4004-b94f-7955d2f06b1a","epithelia"
"103","01e24471-15e8-4b58-87ee-40db6131e87c","myeloid"
"104","01e2f86e-7484-498e-9916-f9518f14b1ac","epithelia"
"105","01e382f9-ac7c-44cf-b0ac-0ae0aa19dee6","NKcells"
"106","01e48e66-bfc9-46cd-b60d-768e538abf68","epithelia"
"107","01e5e863-9859-495c-98cd-91218e127793","NKcells"
"108","01e991e0-40ad-4685-a282-3bcc57b4efc5","epithelia"
"109","01f0f083-5ab9-4949-a6a7-5cc162920104","epithelia"
"110","01f3701f-f645-4986-be01-bd70b7610fa4","epithelia"
"111","01f4ee21-3624-4fbd-a6af-815b8b6f982d","myeloid"
"112","01f9b3ca-b9b9-45e9-9a16-db6c99a1a81b","epithelia"
"113","02038eac-0fe3-442d-8234-fad708053638","epithelia"
"114","020e877c-e40b-4271-91b6-bdf4baf5aca7","NKcells"
"115","0212ce92-bc2b-429a-b639-e4e7acb61906","epithelia"
"116","0218e25e-4f22-497b-8285-e910011b8d7b","stroma"
"117","021b789f-5abe-4957-a4d3-0129f5956bc4","CD8_T"
"118","021cfae7-e18a-45bb-9eac-17fbdf6767bf","epithelia"
"119","022248ef-d9a8-43cd-ae98-b0854ad0089c","epithelia"
"120","02258ce5-7575-4509-bfe7-4759f019122f","CD8_T"
"121","02268b96-fd22-491d-9e1b-9e3fbf60f4a1","NKcells"
"122","022e22bf-2f49-44a4-abff-3857d246056e","epithelia"
"123","022f499a-64d8-4fd3-a6bf-3ba585f2304a","NKcells"
"124","0233914b-8662-4115-a3e5-76a8bbf5467c","immune"
"125","0234bbb8-fbb0-4ad9-ad3c-e5230a5d690e","epithelia"
"126","023e484f-4580-45bc-8de7-d599dd384d97","epithelia"
"127","023ed9f1-86c2-424d-a4da-02999e90d590","Unknown"
"128","023fbdc0-393f-4639-b829-e3bdd763d908","immune"
"129","02402e6d-7d39-4609-9057-4035278a3db1","epithelia"
"130","02453e7a-203a-496d-8fb7-f5ad5f0bbc08","myeloid"
"131","024d9678-b10e-4d6e-bb16-21ee107ced07","immune"
"132","02514d2f-2bcd-445a-9737-c9ce095f3f7b","epithelia"
"133","0255d8c4-bc7d-43fe-b1f8-759326c5e0d1","epithelia"
"134","025b7266-5dad-4327-8f4c-08db6a078b04","myeloid"
"135","0260a41b-445a-4808-a830-b68624aea201","Unknown"
"136","02642a9e-dba7-47e5-8591-aab492084f86","epithelia"
"137","026f386c-8d5c-4e8b-a91d-61340e823c0f","epithelia"
"138","0271ad2d-703f-4c82-a182-618759f5c691","epithelia"
"139","0277d712-dd43-4bfb-a597-d1ed01eb879f","myeloid"
"140","027e6872-a1b3-4262-b242-c24bc9dab210","epithelia"
"141","02848586-6cfc-4e15-958e-52f6ab24b872","NKcells"
"142","0288b70b-816a-4904-8f43-c0cdd53af96f","CD8_T"
"143","028c15f2-636f-4697-bf59-1925f38db149","Unknown"
"144","028fd5bf-a98c-4590-84c2-7a8fb9b551c1","immune"
"145","02968c8c-4c33-4fc3-a04e-cee40225aadd","NKcells"
"146","029ecef4-f0cc-4d14-84f6-c1e522863db2","epithelia"
"147","02ac1185-180e-4ae3-98f9-757fe88ab635","epithelia"
"148","02b26ac3-0505-4885-a2c0-c36b027d61af","epithelia"
"149","02b2cbf0-7fc5-4226-9b7b-026b54f5f9a7","immune"
"150","02b8ba38-f631-4c71-9821-a18dd91adc0f","NKcells"
"151","02c5ae5e-7168-44ec-9d56-9653ff0e5ca0","epithelia"
"152","02c98674-39b6-4c32-9f3f-4986e9924450","epithelia"
"153","02ca026d-8acb-4d1d-9c10-2e049deac4d7","epithelia"
"154","02cb9984-27a4-4da7-9085-742b063d5db4","epithelia"
"155","02d4678c-1361-479c-90e2-ca0574d25a08","epithelia"
"156","02d7cbd9-75d9-4e76-a4ec-fa52a68c7a86","T_cells"
"157","02d7e7ee-7cd5-416b-b6b1-35805bc6c14e","epithelia"
"158","02d88c0f-f62d-450b-8f57-f5e01475b8ec","Unknown"
"159","02dc77ab-07cc-4671-bccd-cbd07e078e3f","epithelia"
"160","02df9a53-ed3a-4f36-b37e-a10ba2541d18","NKcells"
"161","02dfd0ea-e872-4f47-94e5-169374e3cb7e","NKcells"
"162","02e44519-72d7-4872-a489-974069c0c74f","CD8_T"
"163","02e5e884-9954-4e34-b48d-08d7d0317bf4","epithelia"
"164","02e9670f-7e26-4408-9131-628a0a1a2e92","epithelia"
"165","02ebb652-4ec6-407b-af82-92efec4639d6","CD4_T"
"166","02f90f07-1126-47ed-ad17-6bf1379382b5","epithelia"
"167","02fa5e49-015d-43ed-b7c5-d7e9660aabe8","immune"
"168","02fb5f54-c477-4005-b162-2b5a5ddd0042","NKcells"
"169","02fc9eb8-5f11-449f-9858-0f7ddbfc5248","Treg"
"170","030a1a5d-6822-4007-be30-5ad4e7309622","CD8_T"
"171","030c1a2a-2184-47df-adad-49cd4a85c082","epithelia"
"172","030d3d5b-a63e-45b0-af3b-82e46cac262e","myeloid"
"173","030e599f-2a05-481c-b487-e090c56fd0cd","CD8_T"
"174","03141322-8651-4cd5-81cf-aa63d23b812b","immune"
"175","031d0fc0-7e2d-435f-85c9-6930654a5771","CD8_T"
"176","031e2864-ac7c-4e8f-bcd0-2a45e27f4b38","epithelia"
"177","0324df7a-83d9-4729-9d0e-a6df3112dc28","epithelia"
"178","0326de75-6ebb-4630-8597-fd532051e268","endothelia"
"179","0328cf98-7419-40ff-a076-61f4f9e9d4bc","epithelia"
"180","033849c1-6add-4b9e-869f-9c1ecbc0072d","epithelia"
"181","03486521-aa1c-4bda-bf9f-cd2abd4cd96e","epithelia"
"182","034b2e58-300c-4fe0-bffe-8f4de4a64b64","CD4_T"
"183","034bd3a6-b9d3-4580-a80d-6b88412e8517","CD8_T"
"184","0352e452-57b8-46d6-8cd2-5173f6079d4a","endothelia"
"185","03577cb4-0b49-4fcc-83f5-9d6bd82b6af2","Unknown"
"186","036143b4-e430-40c8-ae11-28628cceff18","epithelia"
"187","03618294-d38f-4c83-bb1d-3d163894f685","epithelia"
"188","036665d8-d785-4578-a625-3d315b4d0dab","Unknown"
"189","0367d385-5f1e-4efe-b086-1b4df1680cb4","epithelia"
"190","0368d2f3-7553-45d4-9f5a-335a6816ac60","epithelia"
"191","03700370-0ec3-48a2-806f-3310363b045e","epithelia"
"192","037140bd-2b6d-48c3-bdda-e4216c7dfd16","myeloid"
"193","0372837a-9c6b-423f-85f6-c5ae64f8259d","CD8_T"
"194","03734e59-ef3c-4576-aa90-6f01d8985f59","epithelia"
"195","037beca0-848a-4124-9ca0-8a6773676818","myeloid"
"196","03850ac7-4015-4bc3-a3ef-0222841bfcd0","myeloid"
"197","03886d97-0263-477f-ae47-16760cd08ed9","NKcells"
"198","0389e183-9e80-446e-a3d0-f596d87188ad","epithelia"
"199","03935cc8-6276-4d6a-ba87-2afa1f43dd18","epithelia"
"200","0399f818-6d1d-4276-a26b-db5de302f333","T_cells"
"201","03a2983e-cf89-42d1-b918-87fb2fe6216b","epithelia"
"202","03a3e265-a820-453f-8e48-1a0128f27352","stroma"
"203","03a8e60e-41e7-4f8e-8b9d-349344116947","immune"
"204","03abc618-42e8-494d-b12c-0a7038b09e21","epithelia"
"205","03b531f1-4137-46c2-b9d5-ce8e343c8d66","epithelia"
"206","03b78806-6791-4958-bfdf-80b4f586b30d","endothelia"
"207","03bb485e-37fc-486e-b6ad-cfb859eb0ea5","NKcells"
"208","03bbbadd-0f52-4206-b535-3147b6132199","epithelia"
"209","03c28d95-7a6a-4ba4-abb1-d03447d08bbe","epithelia"
"210","03cc2cb3-6443-4ef7-afa6-f5f824bf4cd2","epithelia"
"211","03d0ee04-3940-43cc-b603-33aac3d41977","CD8_T"
"212","03dacd76-0174-4b12-b443-3334c51477d0","Unknown"
"213","03deb331-7eff-4362-a05b-9415a5ff0d86","immune"
"214","03e2777d-bffb-4653-890c-71fa5e2f93f2","Unknown"
"215","03e4ddac-c8f8-4165-b1f3-421e66060c8e","epithelia"
"216","03edcfa0-4940-4dd5-8e48-0faaffec31c5","epithelia"
"217","03f1c518-2e5f-45f2-ae95-e5892073627e","epithelia"
"218","03f83492-959d-4dfc-8698-35d55b8eadeb","epithelia"
"219","04032496-3633-4b7f-b804-00900c16e98a","epithelia"
"220","040e63b4-36f8-4523-971f-b616cf16457a","epithelia"
"221","040e7f79-097f-4c03-ba90-793d2e413846","epithelia"
"222","041822ed-6023-4f1e-8128-c17c87d9dd06","epithelia"
"223","0418ff65-57df-4d25-afea-9be69ab3aaa5","epithelia"
"224","041efad5-3ba8-4eb9-ae9d-9a3a603ca807","Unknown"
"225","04320c09-b104-4187-807f-d1f99049a586","NKcells"
"226","043ef737-b2d1-4234-bb7d-6400d2a9be87","CD8_T"
"227","043f2cf1-8201-44b3-8ad1-aac73a4dd0a1","NKcells"
"228","04400198-c73c-4010-aed0-79452f0975c2","epithelia"
"229","04441e41-4964-488b-bd55-0bc4f8120215","epithelia"
"230","04483466-da06-41c4-b867-cda4934dda2d","Unknown"
"231","0451214f-aae1-4196-b502-fb5c2e3b7cd8","epithelia"
"232","045939e3-c429-4949-8a5b-a40a8dca30ff","CD8_T"
"233","045a7292-4669-4479-9ed4-28716c26aed7","epithelia"
"234","04653b90-c155-4135-b39a-9cac8d65b02a","epithelia"
"235","04689d5c-bb86-4c16-abd8-6089dcac65ac","epithelia"
"236","046973fc-b0fb-47c3-a359-1bd464929abe","epithelia"
"237","046c70d9-39ff-4875-a04c-d758fccbdb03","CD8_T"
"238","04801223-7f01-41c0-9beb-3fe977d0f8bc","epithelia"
"239","04846121-7b9f-4de8-abd0-f5facdfc7495","CD8_T"
"240","0487356e-241d-4c3c-a9d9-379c5921db04","epithelia"
"241","048d7ae3-d05d-4fd6-b7d5-f02ef70d6614","epithelia"
"242","049265d3-f980-43f9-b55a-b86733bac8a0","epithelia"
"243","0494be22-0b6c-4ce8-9685-9aa35f4cc5cd","epithelia"
"244","0499a3ee-b05d-4e4c-b98b-c610e8a250aa","epithelia"
"245","049b7cea-5897-40f7-a1cf-3f32feccc961","CD8_T"
"246","049c7334-1559-4827-99a5-03bfd59f7def","epithelia"
"247","049ce880-ae79-4800-87ce-35930f90be9f","myeloid"
"248","04a24ec8-1979-4b5c-a36d-367892f7abfd","epithelia"
"249","04adcf00-a197-4554-8333-2cb0de30360b","epithelia"
"250","04aed6ed-3d02-43f1-a5ea-bbfcb376c40f","NKcells"
"251","04b17bd3-a1d3-4b93-a863-81ce6fb52ab3","epithelia"
"252","04b372d2-242f-4ea6-9816-3eb591049b72","epithelia"
"253","04b6363a-e7c1-4f20-ac86-18eb32fe447c","epithelia"
"254","04bc0ff9-9243-4911-9e80-a3a2b40f0ff2","epithelia"
"255","04bf6b2a-2ca3-49ae-b72f-a9354d0b897a","epithelia"
"256","04c5cfa1-e97b-4269-97a7-dd737a558618","CD8_T"
"257","04ccba2f-1d7d-4359-9d1a-a35babb9d085","epithelia"
"258","04cd7500-440e-4c80-b5c7-4af9a60760f6","epithelia"
"259","04dad3eb-b85f-4073-8255-e928599244e3","NKcells"
"260","04ddb523-e713-49ae-a86d-8a526161dbc3","NKcells"
"261","04ded576-03c7-44a5-ae27-5212d2855832","epithelia"
"262","04df40e3-d742-481e-8623-e73969be6f55","epithelia"
"263","04ef8983-b4ac-4214-bdd3-1aa7ef616039","epithelia"
"264","04f3287f-d965-4ebd-b3f6-b66f61e0e951","epithelia"
"265","04f84035-c260-4880-9225-8bb6e0e1382a","NKcells"
"266","04ff024b-c110-473e-8def-c7624893328c","Unknown"
"267","0504634e-2323-4338-81bd-fca421ea2742","myeloid"
"268","05080090-84d6-493e-89ef-eb61a7b6b22e","stroma"
"269","050b8951-69f8-454f-98b3-5d108cc2b1fa","epithelia"
"270","050cc27e-8498-47b1-acd7-aa685c79343b","Treg"
"271","051a9adc-eb52-4996-b881-f3c27b5c38ff","epithelia"
"272","051f3771-d0ba-4716-b76b-4b727d896fcd","Treg"
"273","05228b57-c795-4e43-b6e7-f61a33788490","epithelia"
"274","0525781e-f0bc-4834-b559-63433eb36df4","epithelia"
"275","05274669-9de2-4ec0-aa37-309ebcf601de","epithelia"
"276","05298833-9c0f-4115-ad09-3be1c9f93966","epithelia"
"277","0529daa6-0537-4df1-baff-67bbf26ad36b","epithelia"
"278","052b4e63-a296-4c6e-90ec-cf3b5f808ab2","NKcells"
"279","052d34d3-cc11-40cf-bb4f-e9239d8d78f4","NKcells"
"280","052edbd9-7c86-4c26-9442-de660c188cf3","Unknown"
"281","0531b8ac-b0fa-418f-abd3-d69e5d9f8cc1","Unknown"
"282","0532b2f5-efeb-48b2-8a9b-589cdfbb9b02","epithelia"
"283","05340425-4e7d-4148-b40d-19b9a14d5854","epithelia"
"284","05351ad8-cebe-4a55-98ed-2c10ff158881","NKcells"
"285","05358eee-7925-4937-93c8-001ec2c44c85","NKcells"
"286","05375b2d-8498-4ab1-ad86-d34a7b46014b","epithelia"
"287","053b5cc0-c55b-4dc9-90d9-ee764f8478b2","epithelia"
"288","05404bac-5382-498e-8327-74f3ace58d84","CD8_T"
"289","05420c82-8cd8-4f3c-a8c6-dc73bdd2844a","epithelia"
"290","05427d6d-a2d0-459e-bc04-d9c65ab88dc2","Treg"
"291","0547a2ca-b891-4d2d-b0e9-18a9dcf5258b","epithelia"
"292","05570f68-cd0b-44aa-82f7-005942e35a11","CD8_T"
"293","0558f53d-b5c3-425a-bb05-6db2a2b72099","epithelia"
"294","055a68d6-6241-42a6-aa1d-04ee83763dde","NKcells"
"295","0561f73f-6c15-4c03-afe3-4339808bc4e5","Unknown"
"296","05629299-f127-48f0-82d0-7b0c57bbb8ee","epithelia"
"297","0562ba07-8025-4f4d-91d9-69594281a244","stroma"
"298","056a1899-4772-4900-9169-d773643b9708","NKcells"
"299","0570daf5-fe1f-414c-98f7-485073b00487","epithelia"
"300","05782b92-6712-40d5-90e9-a9451d81b136","NKcells"
"301","0584f160-184a-4a0b-ba22-566caf83b0f1","epithelia"
"302","0589dbea-bd8e-40c1-82ac-18d12506cf73","NKcells"
"303","058cc4cb-98ea-408e-8467-d25733914429","epithelia"
"304","058d7954-b466-4969-852a-986c11ae7ab1","epithelia"
"305","059518ec-9ba1-4e26-b586-9344563ac891","Unknown"
"306","059e881f-2baf-417b-8584-5671d260dd89","CD8_T"
"307","05a1459a-ac7a-4a13-85fd-6015b410dd15","Unknown"
"308","05a3489b-e33f-4211-a462-aa2d673b612b","epithelia"
"309","05a36df7-a121-48fc-9098-959a3aafbbd8","NKcells"
"310","05a528c3-45cb-41bf-bfef-afda9eb13317","epithelia"
"311","05a8db8c-98c6-46cd-8539-56b5956adcea","epithelia"
"312","05b23768-b303-49a6-a43d-f2da31c2b9af","epithelia"
"313","05b499a4-1ce7-4722-a9ef-7a389b0838cf","NKcells"
"314","05ba76b5-17ea-45fe-9d75-12d6d655561d","epithelia"
"315","05bcd967-9773-46a4-8d3b-5ea268e59dfe","NKcells"
"316","05bd8aaa-30dd-417f-b6d6-273be6d762e1","CD8_T"
"317","05bf4af3-3212-4c75-bbf6-2c5309f668b2","epithelia"
"318","05bf9968-5aca-479e-b517-277c52eef0c5","Unknown"
"319","05c3c16d-5909-4805-b4f0-84c87fc89688","NKcells"
"320","05c5357c-6633-4c39-97e8-af8efdd2f932","NKcells"
"321","05ce7fe0-d7e8-4006-812b-8065c493f417","myeloid"
"322","05d16053-3c3b-4462-b51c-b36cc87a81c5","myeloid"
"323","05d2016d-c275-4cd7-8894-91dc0db69481","endothelia"
"324","05d77294-a2a0-48df-a1a5-83b4fcd9700e","epithelia"
"325","05d80950-6c8c-497d-8a06-8cbca05f1846","CD8_T"
"326","05e5294c-ce15-4d54-be37-529c4b06b982","epithelia"
"327","05ec5e3e-75ce-4c89-a10f-5142166a6487","epithelia"
"328","05f22578-c1bf-4fde-b838-bafb86797f2f","epithelia"
"329","05f3931a-2e8a-448d-a114-f32ae2fad2a0","CD8_T"
"330","05f66e72-e58c-4fff-b8ae-87c54862153c","epithelia"
"331","05f6ac78-1f1b-4b88-9d76-b08db60c3ea1","epithelia"
"332","05f74b95-4e64-438b-8f52-94bf79c2a273","epithelia"
"333","05f992b4-b82f-4c7e-af23-3889c59521c1","epithelia"
"334","06032d3a-660d-42e9-9db0-81c6eb55de27","NKcells"
"335","060ecef6-64eb-4500-b00d-59d511c4661d","epithelia"
"336","0613ba9e-a23d-4fb7-bfc6-184e3a89ca6c","immune"
"337","061af77a-4a10-4f66-b9a9-76f13c2d1aee","myeloid"
"338","061ef544-e722-44b2-954f-db7d08f665a1","NKcells"
"339","06203017-9119-4827-9008-a38c565b35ce","epithelia"
"340","0625e890-3de8-48ea-ba37-4687eebac39a","epithelia"
"341","062c54a3-7291-4712-ba89-b070a7d3b8a7","epithelia"
"342","0632b2e5-b582-42b7-9e98-e1224d98aa58","NKcells"
"343","063cf179-c776-4d99-90ab-561b59532b8c","epithelia"
"344","063d9b6c-5934-40c6-9341-6004c02b7f1f","stroma"
"345","063f39e6-aea9-4590-bedb-85be1cc2e08d","Treg"
"346","0648282e-e351-4f4f-b0fb-20a4c577c242","epithelia"
"347","064c4a48-de1e-45fa-a43a-09875e9aaa7d","Unknown"
"348","06522160-0fb0-4010-aa9c-dd202e11d01d","myeloid"
"349","0656d570-a3d8-4553-85c5-60b0d178c028","epithelia"
"350","065a4671-eac2-48ab-b29b-734b4f8ed772","NKcells"
"351","065e50bb-fa4c-4ed2-8702-735a3e604e22","epithelia"
"352","0660413d-824f-402b-aed3-cdc287b60931","stroma"
"353","06634c48-4dc3-4526-ba90-6f958c391fd1","Treg"
"354","066c2885-832f-4630-9aff-cba206440669","NKcells"
"355","067312d7-888c-417d-97f2-5d2fafaa5e05","CD8_T"
"356","067e62e4-9269-4644-b0c0-9dc54a890c6f","epithelia"
"357","06812a95-0215-4302-be61-5eefa7923c0b","Unknown"
"358","068296a3-5d6e-4007-b86b-b3b9b4ea700d","epithelia"
"359","0683b64e-69a4-48a8-a2ff-0b4b6bbd89e1","immune"
"360","0685d0f6-c749-4a9e-ad56-45dcbcf20b47","NKcells"
"361","0698e6a0-bf50-4a6f-9657-04b423be6508","epithelia"
"362","0698eaab-bf93-45ad-abd4-4891bc950c9d","NKcells"
"363","069990de-b078-4a3f-ac72-f469a6bb1d31","NKcells"
"364","06a43875-c3b7-4d6a-bfea-61fb72c3cbef","epithelia"
"365","06a4ba59-f10a-4470-bdfd-41fb1f655b11","immune"
"366","06af0214-3fd0-40d1-a771-69f949d4dd96","CD8_T"
"367","06b10e8b-f6c7-42b0-ae74-cc3a24aedea9","epithelia"
"368","06bb6faf-5489-4676-8159-d122e3d23034","Treg"
"369","06d4fe6a-6303-4f38-9fee-12f300cce22e","Unknown"
"370","06d7e0bd-8fb8-4b8c-9011-415a0701d293","NKcells"
"371","06de5588-15b9-4b5f-a755-9f2dbcc751cd","epithelia"
"372","06e5fe46-f140-439e-b5bf-e311197caba7","epithelia"
"373","06e871ab-8f01-4f7a-8913-4a0f015bd9ae","epithelia"
"374","06ea6e48-3bd8-46b3-94bf-217510bbe27b","epithelia"
"375","06ec4015-04de-43d5-bda6-97c91799b312","myeloid"
"376","06ed7229-36c1-4c02-adc9-8cdaf5f7e6d8","epithelia"
"377","06ede78a-52a0-4259-9ba2-32f1278037fa","NKcells"
"378","06f67b3b-f727-416c-83d8-f685ada0b385","epithelia"
"379","06f84894-1086-4a54-af7c-ba8482461fed","NKcells"
"380","06ff8b91-7f82-47a7-ab8a-f7117d13c82b","epithelia"
"381","0702df11-228e-4451-9312-c0c77f9e7ea5","epithelia"
"382","07031631-c9ba-4b32-97e3-f31fcf6ea40a","epithelia"
"383","070499e7-f47c-4fdb-a1c0-a86387a7cb85","epithelia"
"384","0707699c-14a6-4210-bbef-5c116c631bad","NKcells"
"385","0707d868-42ff-48f6-98dc-5b8cd8b61251","epithelia"
"386","070ba2ed-e46d-496a-a69d-c6b3505a5d31","NKcells"
"387","070c9e17-96d6-4248-a860-8441bc151019","CD8_T"
"388","070ce631-029e-4c4f-a7b0-6c35fb0a3840","NKcells"
"389","070fb91c-9639-42ce-b3a3-dbcddc05dfdb","myeloid"
"390","071d4fa6-2aaf-4e72-b254-caf9df5d099f","epithelia"
"391","0721a090-9105-459f-97d7-f5bd208fa9b1","epithelia"
"392","0728db4c-cd1d-4b41-be31-5398fa7de030","myeloid"
"393","0733e8f7-b12d-44b1-82f2-510600de389d","Unknown"
"394","07388cb6-9cd1-457f-930a-941e608b754e","epithelia"
"395","073995f1-ab18-4a77-aeb0-a7c1a1643bec","epithelia"
"396","07401b65-fbea-487b-812f-9f2934b579c1","CD4_T"
"397","07444322-7afe-466b-926f-1c6b2cdd487e","epithelia"
"398","074a9e37-d0b6-4afe-a60d-837001425da0","epithelia"
"399","074f2c2d-5c87-4c10-885d-0fdb86b453db","epithelia"
"400","074f57d1-d4e1-46a1-bb39-e99db2ec6fcc","CD8_T"
"401","075f3973-6ca6-440d-9720-87e52ea82268","epithelia"
"402","0762a5a5-dbd7-4e9c-a4f7-3d3272f28d16","epithelia"
"403","076a4608-b68a-443b-95f6-c5e6ed30e9c4","Unknown"
"404","077589e3-bb2e-4b46-87a8-6810ae8e63c1","Unknown"
"405","07799abd-1204-44c9-8802-50fd6bceb8a2","NKcells"
"406","0779e5fc-5692-4064-b14d-f3455ac5af9a","epithelia"
"407","078080f6-60f0-4565-bbf3-3d05567f57b7","epithelia"
"408","078b9bfe-656a-4d5d-8aea-a05f8034ac2b","CD8_T"
"409","07924696-06a1-47ac-a817-eb098d88ded0","epithelia"
"410","0796d7c8-c482-4acf-aa8a-228e61ddea9f","NKcells"
"411","0796e498-f69c-43e5-8584-150111da3484","epithelia"
"412","079a70e9-fa47-4c5a-975d-4e943a781297","Unknown"
"413","079d4eec-4c29-4f79-8347-aba764708381","epithelia"
"414","079fe969-460d-4e6d-b72e-9a5f64612515","epithelia"
"415","07a1fa03-22f9-48ec-a215-74a7cd1ba2b5","Unknown"
"416","07b08c55-23d2-410b-9a53-67a2293f27c8","epithelia"
"417","07b97520-688a-4edc-ab3b-7c8c6ee97d86","epithelia"
"418","07b9e3d2-cc96-4808-9925-788b65b8de00","myeloid"
"419","07bac04c-4aea-414f-9914-29f5229e952a","epithelia"
"420","07be6301-b0cd-44ee-a871-885451f2c6b7","epithelia"
"421","07bf3674-69f7-4640-9778-1d50eb1d8016","epithelia"
"422","07c092f5-b00d-4f00-a95b-ee72de5d8916","epithelia"
"423","07c61db5-a1b0-4bc6-9862-69bfe44c2a7c","epithelia"
"424","07d356d5-a512-4fc9-9dda-88f886c17780","NKcells"
"425","07daa60d-35f5-48c4-b345-101a50e3b608","immune"
"426","07dc5e6d-f27e-415d-a003-6e9005b8fe99","epithelia"
"427","07df156a-bdc6-46bf-bd22-a198758a3a6e","NKcells"
"428","07e2219b-a01b-4955-8dfb-be563baf6f55","immune"
"429","07e26e37-dc6e-42a5-bf81-bcd885db3379","epithelia"
"430","07e6f587-1c7d-4c55-82f9-725106e22908","myeloid"
"431","07e88ecb-8f40-407b-a58d-f5a4adc6f27b","epithelia"
"432","07f116eb-f683-45a3-a3d7-ffbba9e8b8ce","epithelia"
"433","07f8219d-f165-4447-90b0-e374da9e0f97","epithelia"
"434","07f8e5a6-825f-421f-a35b-91f5c8e71566","NKcells"
"435","07faa08b-50a8-4c7c-a19a-f530bf7d61cf","epithelia"
"436","07fef6a5-ec42-4487-913f-03084acfec0a","NKcells"
"437","07ff929a-24e8-4fec-8dfb-097f23ca167d","Unknown"
"438","080d03b1-4191-4561-8c77-5c89bb04ca8f","epithelia"
"439","080eff88-48e2-4485-8cac-cd0bbfbe611e","Unknown"
"440","081232ef-9c1e-473a-81dd-d438cdb9f974","epithelia"
"441","0817a638-d5ba-4d84-abe3-2377a42c9647","endothelia"
"442","081921aa-9ec5-4c26-8314-74a7a3d55a65","NKcells"
"443","081b0506-3539-4a93-b316-426034ee170d","epithelia"
"444","081f9ac6-cdcd-4c8a-bbf5-c296ee739bbc","epithelia"
"445","0834eaea-ff8e-45d5-a6ce-e58bc6d5471c","epithelia"
"446","0838ac40-953a-482f-b3c5-59b69f253c10","myeloid"
"447","083bd4e3-1d0d-4aee-8031-7fc5d528d528","epithelia"
"448","083c46a9-7945-4e99-9d03-f46441ad1beb","epithelia"
"449","083e4071-a96a-4778-92d3-06c0be3210eb","epithelia"
"450","0843672e-638d-47b1-9816-b713a5c515d3","epithelia"
"451","0845ab2a-498c-4b37-ad09-79e6276e9015","myeloid"
"452","0847436d-f9e3-43f8-bee4-b96af88be5ae","epithelia"
"453","08480206-0ce3-4900-b06d-ea306c84953c","myeloid"
"454","08521426-1209-4563-a06e-e23696dd6915","epithelia"
"455","08571a21-49e1-46a7-9076-297bf003a4ea","epithelia"
"456","08572e3c-9ab2-4302-81c6-9794ff7efc43","epithelia"
"457","0859df60-29b7-4f2f-9b96-04396b9f4047","epithelia"
"458","085e8ba5-1f17-4372-a0cb-866449da0a96","NKcells"
"459","0863170c-3d05-4b93-98af-3c8e76141ee7","CD8_T"
"460","0866c14a-4cee-4a75-bdfb-03952d5e1b83","Unknown"
"461","086a9081-2214-42ae-a8bd-b50fb97c8abb","Unknown"
"462","0871ed38-d590-4101-9596-72970e4d7147","NKcells"
"463","08752bf0-77b0-4ccf-ae4b-107b6cd48dc3","myeloid"
"464","08778d14-57bb-450f-9823-ef3fb0b52b25","epithelia"
"465","08799e75-9d9a-4049-b551-97c7768f8698","CD8_T"
"466","087bd65e-fc4a-4a36-b0b2-110fe8337cc9","epithelia"
"467","08863ce1-1b92-45c2-a1b1-bba28c34219e","Unknown"
"468","08879074-2191-469c-9f5d-b5f280e0146c","NKcells"
"469","08881083-61fd-444f-a687-dac139773ddb","epithelia"
"470","088c149c-8087-4c26-a4fc-483747a493ce","epithelia"
"471","0892aace-0ff1-4042-af18-4a6b65638557","CD4_T"
"472","08967345-e86a-4630-a4d6-033cf760f777","immune"
"473","0898ad4c-8a61-47f2-a59d-dca97ea3018e","epithelia"
"474","089d808a-d2e8-49ec-8490-6ce993dfcae8","Unknown"
"475","08a1b317-caa1-484b-9519-151f4c7665cb","NKcells"
"476","08a1ff83-9e58-468d-8bff-7239b62397ff","myeloid"
"477","08a5d36a-71aa-4e7f-baf3-a8ff497fabd3","NKcells"
"478","08aaf488-c9a8-4f33-a8ae-804a1a3a233b","Unknown"
"479","08b0ae11-1a01-487f-98da-57b0207ecb58","NKcells"
"480","08b7905a-237c-4a59-a38f-0450ff7b0a99","Unknown"
"481","08b9672d-de37-4ccf-990a-5ba74ef452b4","epithelia"
"482","08bfc261-9f99-4c6d-b7eb-5dcf6314e15e","immune"
"483","08c35617-1e0f-4051-b17c-c5733e4cd056","myeloid"
"484","08ca99b8-ffc0-4825-802c-3c279377da3e","CD8_T"
"485","08cfad7f-af12-4941-9c8c-78f4dbbd1115","epithelia"
"486","08d11a68-5560-4ab7-9456-903c5060196b","Unknown"
"487","08d32ee4-67e1-4209-9308-28f3f23b1b4e","epithelia"
"488","08d6c30e-2529-4b8b-ae35-1327f685a88c","epithelia"
"489","08d8b356-dff4-439e-b6dd-3ea7890ed71c","epithelia"
"490","08d93948-826f-4960-b882-03f43ba9e6ea","NKcells"
"491","08d9b1ce-dfb0-493f-bb7c-7b567dd02a7a","epithelia"
"492","08ddef01-07fa-47e1-af84-a41885bdb82e","myeloid"
"493","08e61690-0f25-424e-a636-c0923a8f6d2f","NKcells"
"494","08eef455-b479-4319-b7bb-02ec914f8bba","Unknown"
"495","08f05083-efa2-4609-9aa6-bbaa42bbbdaa","epithelia"
"496","08f0f26e-8885-43f6-8fc5-8282fefacf0b","myeloid"
"497","08f10ead-222e-4900-9e21-c198c0ea1270","NKcells"
"498","08f2a5b4-c42c-4c42-8b7f-ebb6164385eb","CD8_T"
"499","08f5292a-9a36-474b-b65e-046867bb288e","Treg"
"500","08f70092-9233-4f52-8429-f87eb7da69e1","epithelia"
"501","08fc7466-e736-4ebe-94c6-c810bf24af8c","epithelia"
"502","0916f380-fbc1-40d2-bdcc-f19b8d09fc7b","epithelia"
"503","091c28b2-f6e8-4745-9c0b-38c487825d35","endothelia"
"504","0921f158-1214-4da1-b132-30d367ce3582","epithelia"
"505","0928f4f0-3f81-4173-a99e-46de4f749438","epithelia"
"506","092964d8-b451-4a73-a6fa-a09928833a15","epithelia"
"507","092995a7-afd5-4bb1-b7bb-50ed7ce0c2f4","epithelia"
"508","093150c7-66d9-41bc-ad5c-9c04e7f8f58c","epithelia"
"509","093720c9-0f2e-4c33-bb82-229b9197b9db","NKcells"
"510","094fa03e-6552-4348-b770-7478c14321f9","CD8_T"
"511","095145af-69f0-4433-b2eb-c345d4523905","myeloid"
"512","095fdf13-f121-4804-990a-73963e1e0ab3","epithelia"
"513","09690677-c172-40a8-ac74-8b86e9ccd312","myeloid"
"514","096b8d68-4044-4a5d-b38f-0d1fd864795f","epithelia"
"515","096ec0ed-4eaa-4cb5-a27c-4dbf7191f548","epithelia"
"516","0976624b-c3e1-4675-a3ef-d8cea989e9d3","Unknown"
"517","097762c8-b421-48b1-95ed-42dbb043dcd3","NKcells"
"518","09797373-c0d9-42ca-b711-de0d97bcab77","NKcells"
"519","097f1207-b5af-46d2-b513-d2eb5b8c41b6","NKcells"
"520","0985e73a-48cf-4dbb-9d0b-4784ede4945a","epithelia"
"521","098668f6-f8d3-487b-bbcf-f2b07a71d349","epithelia"
"522","0986bc2f-4df3-4323-aada-105506be2e45","epithelia"
"523","0989c1ac-c6c1-4603-a8c6-f426b1b51204","Treg"
"524","098e78cf-414f-48a3-affc-e9d571864e8a","NKcells"
"525","099b1b91-d765-4968-b0e7-ef06a7f50826","NKcells"
"526","099d4d54-af4c-4b85-be1e-98a014258922","epithelia"
"527","09a76c7d-9360-4581-91b2-bc0cabc69d02","Unknown"
"528","09a82b9f-6a91-44f8-b64c-3d93a2f15613","epithelia"
"529","09aaaf28-2e77-43d6-8156-db3f516d0ad1","CD8_T"
"530","09b52a3b-9161-471f-8c60-3392fb37974c","epithelia"
"531","09bc9000-0cb9-458a-8314-504d28469cb4","epithelia"
"532","09c42188-80c1-4677-abc3-864ea0d5605f","epithelia"
"533","09c656d3-b24f-47d1-89c1-40becc666bf9","epithelia"
"534","09c95dee-b37e-498e-9441-ec3deb58f556","NKcells"
"535","09ca688d-8848-4b2f-bda5-f09e7b0f89bb","epithelia"
"536","09ce0310-f56d-49d7-8576-e8ac88fe168c","NKcells"
"537","09d3ce0d-0ec3-45cd-9f44-8759d8c6a4e7","epithelia"
"538","09d6a2d2-0c16-4522-9c6e-56563131f8c1","endothelia"
"539","09dadd3d-59bd-4a5c-adbe-b873fdffd836","myeloid"
"540","09dc6c35-03d0-42d4-a82c-9ad9b70253c7","epithelia"
"541","09e48a5a-9aa7-4162-aef2-941c0ccbab5d","CD8_T"
"542","09e87e97-029f-45a4-80d6-50bd50659e15","NKcells"
"543","09e8f9c0-8362-4fdc-a7f4-5da7a69133d8","epithelia"
"544","09e98afc-e92a-481d-b200-01af9f10ea4e","NKcells"
"545","09eba63a-4fdb-4c00-9ab1-aaefc85d1257","epithelia"
"546","09f27b15-d2d1-43aa-b0d1-f5aa7c5f7f32","endothelia"
"547","09f3194b-b8f8-48e2-821c-94875fa68220","Unknown"
"548","09f46a05-aea5-4ee2-b4e8-5b3140b66432","myeloid"
"549","09f782c0-4eac-46eb-a336-85d14c92c3ad","epithelia"
"550","0a08132f-82db-49b3-8523-d9d4c1b5f851","epithelia"
"551","0a091186-6d2b-40fe-8d3f-7bacfbea8389","epithelia"
"552","0a0b93e0-97cd-434f-9c1d-2977d66aa468","epithelia"
"553","0a0be57a-f7a7-4d16-9429-546e93172deb","epithelia"
"554","0a1156b6-9d6d-46a7-b3e0-c8181002d4fc","epithelia"
"555","0a14c9a6-1715-48d1-bffc-2c0db895c374","immune"
"556","0a2081c4-4076-43ed-9639-b4de662d90bf","CD4_T"
"557","0a22e0fa-1b9f-4fa7-8b72-107a0cd49006","epithelia"
"558","0a2300bf-ec53-4f44-8356-d541b191fbe2","epithelia"
"559","0a2328d7-1e83-4847-8127-805c926b2e43","epithelia"
"560","0a2452b9-970a-4c98-b3db-a0f964418a7d","epithelia"
"561","0a280374-5b9f-4462-8dde-8c4beda7a691","myeloid"
"562","0a2e4dc2-fdcf-4a44-81e1-b756e0c8a453","epithelia"
"563","0a2e6c5f-b443-4362-9fb4-21489aa32b8e","epithelia"
"564","0a30f954-4871-4d7f-8b1d-a2e616c699ef","epithelia"
"565","0a3540ea-717a-475c-af88-1fbc01e60024","epithelia"
"566","0a39bd2b-c112-47a0-850b-c8c932b1d9f7","epithelia"
"567","0a4549c7-44ef-43a7-933f-122c76d5a72c","epithelia"
"568","0a59179f-39a9-467b-b179-443baaa751d9","epithelia"
"569","0a59d16f-625d-43c9-b79b-ff30f5da7de4","epithelia"
"570","0a5d01c6-b5ff-491a-9ec2-4d64677d7250","epithelia"
"571","0a6678b0-c8db-4427-8314-f16a91755e82","epithelia"
"572","0a68d89b-9a76-421d-b60a-566bc6e7bf5d","endothelia"
"573","0a69acb2-d759-4da9-a3c9-6bb000caaa3a","epithelia"
"574","0a6beb98-3566-4e6f-b35a-543208a83a03","epithelia"
"575","0a6e85c1-a9ff-4d02-a854-416437efc931","epithelia"
"576","0a70470c-06c8-4a68-8ad2-7885b9f9b880","epithelia"
"577","0a742824-69a9-4a56-8d11-5b35cd025349","epithelia"
"578","0a789b7c-6db5-46d2-9ca5-ebb84194d964","epithelia"
"579","0a7afe5a-4f21-4de8-987c-fd65abdc765f","Unknown"
"580","0a7c3e35-177f-46ea-9e66-eef73ff59034","CD4_T"
"581","0a81c473-2a0f-461a-8f5c-c4d2f9d9a508","epithelia"
"582","0a88312b-1a6b-4a83-aa8d-bf57733d1853","Unknown"
"583","0a8e15c5-a56d-4645-bdeb-f52526c40f03","NKcells"
"584","0a91c97f-68d2-4dfd-b9a8-722258c28562","stroma"
"585","0a930cbb-3cce-4cd2-a064-728cac964b31","NKcells"
"586","0a9618ed-8da8-41e4-91af-6a11ffc8cf35","CD8_T"
"587","0aa65bf0-a3a6-4161-b1db-273ed0b03343","NKcells"
"588","0aad0c1e-ece5-4302-b97d-3296c4efc97e","immune"
"589","0ab62370-ecc4-41e5-87ea-73f93ef1fd64","epithelia"
"590","0ac04588-9f24-4fdc-81f2-91b0415bfe66","epithelia"
"591","0ac2feef-e3de-46f8-bf71-08f432207a7c","epithelia"
"592","0ac343c4-e1e4-43f2-b1c2-fa2eb73633c2","epithelia"
"593","0aca3f93-cec2-4bed-8ed0-5285d8201f6d","CD8_T"
"594","0ad52689-4070-42fc-8300-10ef263492bc","Bcells"
"595","0adccf4a-7d52-41c1-886e-e7f64b1f113e","epithelia"
"596","0ade8e56-0e40-411a-abf6-419de1835a5a","epithelia"
"597","0adf9725-8362-449a-88b6-0cf6fb40858b","epithelia"
"598","0ae16810-f37e-4ebc-9cab-38c616dde564","epithelia"
"599","0ae9a848-d309-49a8-838c-d6da1ab55f1f","epithelia"
"600","0aead88b-47b2-4f20-b2ae-8c01281f72be","NKcells"
"601","0aefdeeb-80ed-49f4-92b6-51b0f9396ab6","epithelia"
"602","0af0419e-d137-46f1-860a-68a44564ca5d","epithelia"
"603","0af0c9fc-052f-4b25-82c0-1f09b2ab812b","NKcells"
"604","0af3b906-1e59-46d5-8aad-4a3343ac7dc4","epithelia"
"605","0af7af83-b992-4f63-bc4b-31dcd37163ba","Unknown"
"606","0afccf38-184b-4b99-8d2f-691a591e34e1","epithelia"
"607","0b03718f-6374-4f44-bfc0-9c083e09f36c","Unknown"
"608","0b04c133-a016-47bb-b0b5-b5a715c0ded9","Treg"
"609","0b17857d-d9e2-4426-a97a-7fb5791a06b4","Unknown"
"610","0b1c2951-44ca-41b5-9c8b-01c1f52f1650","Unknown"
"611","0b1c2e42-d966-4238-842e-a2827a874e85","epithelia"
"612","0b23707a-bb80-487e-a86f-3524dda08103","epithelia"
"613","0b258fb4-5a34-4f23-b175-7afc7dd58036","epithelia"
"614","0b2ed942-9ecc-44e7-918a-65db048843a6","epithelia"
"615","0b3044fa-e09f-43b1-9595-114ad29966fe","CD8_T"
"616","0b31c31a-a50d-4ba8-9b7f-6e41fe9bf4c8","epithelia"
"617","0b3929db-fd76-4389-9237-eda58aae26b8","epithelia"
"618","0b40c65f-2e72-4aca-8fdd-0f7cde208790","epithelia"
"619","0b4643e2-7438-4067-89c8-93c95a196869","myeloid"
"620","0b4af416-5013-4147-92ee-ab15998775cc","epithelia"
"621","0b501f0e-a201-4de4-aa82-055e292c56d6","epithelia"
"622","0b5982c3-faec-433a-98af-09037f4274d7","myeloid"
"623","0b61caeb-6de1-453c-8670-175953818175","epithelia"
"624","0b6f8c09-72ca-4b8f-8268-9f553c7ad82b","epithelia"
"625","0b7fe3c4-46a7-4e96-b0b2-77e006e1e6c4","NKcells"
"626","0b818d8d-7587-4d15-8933-046c931b7981","Treg"
"627","0b894fac-4f8e-4de9-b4fb-08fc176d978c","epithelia"
"628","0b959d4a-5a42-4301-987a-d09e4572add6","epithelia"
"629","0b95f19f-fd0d-4e07-aefa-b40fc9e0ebc0","NKcells"
"630","0b9a8694-4838-4e4e-9c61-ad3535f04c4a","epithelia"
"631","0b9d423e-1309-4baa-8567-2c0aafd37d40","epithelia"
"632","0b9e37cf-4cbf-4975-ab6a-a79131d860ac","CD4_T"
"633","0b9e4b49-b350-4db8-801c-b20922965c7f","epithelia"
"634","0ba03149-fcd6-4d1e-b68a-c67e648044fd","epithelia"
"635","0ba09236-952c-4447-81c1-6080b0426e16","myeloid"
"636","0ba3ca31-fb8e-4126-996e-e894eaef86cf","NKcells"
"637","0ba603af-b7da-4ffb-bdad-563f9803ac52","epithelia"
"638","0ba99077-9ebd-4bfe-8da8-634ee24ec086","epithelia"
"639","0bb38fd9-b2eb-4620-8ca4-f5093b3499ed","epithelia"
"640","0bc1661e-4fe0-4f7b-b3b2-3c483219e79b","Unknown"
"641","0bcb4ca4-76ff-4da3-824a-72708e6968e8","immune"
"642","0bcd9a8d-ef75-4753-a39c-3008ebcf30bb","epithelia"
"643","0bdcc661-fcf2-417f-9c58-afa2a53daa29","NKcells"
"644","0be4c1b4-0f9f-49a7-9674-502fe093ab49","epithelia"
"645","0bf07cd7-154d-48e1-a2bc-28a5b8ea8d3b","epithelia"
"646","0bf81ab3-57e8-4509-8579-848c309d2337","epithelia"
"647","0bfce101-5103-4013-88ea-99c0e7b81470","epithelia"
"648","0bff19c9-3b41-4860-bcfc-3cb8cca278ad","epithelia"
"649","0c0088b5-1b46-4fd6-9aec-8d3cdcaca7cc","epithelia"
"650","0c09ff10-17fb-4040-9827-ca3028ed0bcd","epithelia"
"651","0c0fcf93-c336-4c2f-a80a-d25272febd99","epithelia"
"652","0c112cac-3aa3-4dd9-af9d-bb025febe326","Unknown"
"653","0c156cd6-cc5d-45c3-977a-a8feda9e28d8","epithelia"
"654","0c1d20c0-d4c5-4454-88db-7358e6862d79","NKcells"
"655","0c3125d2-a9d4-427c-b1d8-4d608ef4d726","Unknown"
"656","0c327074-d8da-4efe-b206-686f170fd546","epithelia"
"657","0c32aeac-5eda-4c8f-9c1c-511856699cc4","epithelia"
"658","0c34d3a8-5fb2-4194-9304-7bf4e36dfed5","NKcells"
"659","0c3ce110-bbf4-45bf-851f-c689a929e823","epithelia"
"660","0c45daa7-e56a-43cb-8e2d-859d3b57146c","Unknown"
"661","0c47af59-199c-4dae-8051-ddc0785e9c60","epithelia"
"662","0c47cc91-cccc-403f-b0b4-9d653bd2328e","NKcells"
"663","0c4ba43b-b4f7-4aef-8f0b-ce2cf1808ac9","Unknown"
"664","0c50b30a-69f7-4350-b1b5-7fb80ee3e06d","epithelia"
"665","0c510395-4748-4c00-82d2-0f762d782456","epithelia"
"666","0c52abca-2a92-4f6a-8e20-c53249038940","epithelia"
"667","0c5767a9-57a6-4361-b896-382832c5cf85","epithelia"
"668","0c5973cc-60ca-4c33-ad68-33e272b711f2","epithelia"
"669","0c5cf853-6869-47b8-a2fb-b9f807bd3d02","NKcells"
"670","0c65453d-f982-4cbd-8438-524148cafe1c","epithelia"
"671","0c701dad-e49c-4172-9109-d09dfe73e846","Unknown"
"672","0c73d3d0-8c64-4bce-a50e-230f6bb4fb76","CD8_T"
"673","0c77ce6f-2305-4f6c-b149-3c73fc410785","epithelia"
"674","0c7a1a70-cdee-4ca4-92a8-1d732ba3ebf2","Treg"
"675","0c835e4a-f5f9-4287-8605-bf07b8ea488a","NKcells"
"676","0c83bc70-1e0f-4858-9377-be8471e95720","NKcells"
"677","0c8f2b76-a5b9-4c8f-baae-407fb9eaaeba","NKcells"
"678","0c949b77-b76a-44ee-bd54-b0674fdcb1db","NKcells"
"679","0c9c991c-e9fe-4c82-a964-b95d8ac7b8f7","NKcells"
"680","0c9f353c-b0c2-41d8-82ce-2d35bb639f14","epithelia"
"681","0ca4f71f-00bf-4bf7-b141-ff22f7e4c129","CD8_T"
"682","0ca665e8-f372-4ecf-8616-12b0dbc8510e","Bcells"
"683","0ca739d3-f2c6-4377-b68e-eca725c052c0","epithelia"
"684","0caac761-0f89-4905-8b12-74249e0bddaf","CD8_T"
"685","0cb8f58f-1989-4a1f-9005-970404ff1d89","epithelia"
"686","0cbbc5b6-f07c-43e0-851b-94a5c8e958e5","NKcells"
"687","0cbdc753-2157-4d3e-b721-079c2b03bd8e","epithelia"
"688","0cc2621c-b0ae-4983-8b07-07a9ac0bbc5b","Unknown"
"689","0cc79783-e340-408a-b4c8-cc3e121070a5","epithelia"
"690","0cca937e-f948-48d0-a356-22495200a728","NKcells"
"691","0ce261a2-659b-43b3-b4a8-3d0a8f702675","epithelia"
"692","0d0148f9-191e-443d-9f6c-d461552e1fb9","NKcells"
"693","0d020abc-e411-4cf0-bd0c-f2a8d11e0e2b","epithelia"
"694","0d030606-8855-4d2e-b47f-c7f25a750088","epithelia"
"695","0d043e41-38e8-451a-8fb7-9cf8b9c554a5","epithelia"
"696","0d0ebac8-a7b6-470b-8122-ebf2448b0905","NKcells"
"697","0d14c150-f77b-4ecd-9f7f-625a7eb74ecb","myeloid"
"698","0d186bc6-ea35-41dc-916f-adb07f9878a4","CD8_T"
"699","0d1c301e-72a0-4d44-97f5-99ca9f02ecad","epithelia"
"700","0d1f0707-7976-4397-9ef3-6c96f3024e41","Unknown"
"701","0d1ffa70-b035-4eb5-994e-55c1d7f9b204","CD4_T"
"702","0d22552d-9a56-46c6-8324-65ca58851e4a","epithelia"
"703","0d268ad6-b0ea-4ae0-b11e-7ed6932bd81b","epithelia"
"704","0d325ef0-a2bf-43b5-b005-f77e2a6a8196","epithelia"
"705","0d327100-32be-4939-ada6-fcdd68a411fd","epithelia"
"706","0d3809e5-270c-4472-b37a-2da96f595532","epithelia"
"707","0d393ecb-ff64-45f0-993f-eb2f7c59688c","Unknown"
"708","0d39d7dc-d471-416f-b352-c994056397e4","epithelia"
"709","0d3bd374-2e02-48c8-bfee-6f30cad43c65","epithelia"
"710","0d43bedf-279e-43fb-88f6-ac3da76c8151","CD8_T"
"711","0d43f523-47a1-4b4e-af7d-92bc2fc167ec","epithelia"
"712","0d52105c-ba3a-4509-aa92-961b8b5f414e","epithelia"
"713","0d5450a9-759c-4d77-a60e-adfa5d55bfb3","epithelia"
"714","0d54abc0-3163-4eb5-ac89-565d0c2fa6bb","immune"
"715","0d5af579-c05e-4349-9622-b28977c0689e","CD8_T"
"716","0d5f5061-d3ce-4810-9c9d-9817ad54172e","NKcells"
"717","0d6114ed-427e-4bd8-a621-a282f792d57e","epithelia"
"718","0d658685-4159-4285-8da2-61b54c239a07","epithelia"
"719","0d6a5a16-9528-4bc0-9e06-7503e4fa89ba","epithelia"
"720","0d70be54-d39c-45dc-9478-c76e760a094e","NKcells"
"721","0d741302-d976-45d6-bc0e-4b60dd260eb0","NKcells"
"722","0d74c8ee-f05c-427f-9a1c-44e882b4944a","Unknown"
"723","0d771112-5516-4e17-9788-0bb5eaf8c68a","NKcells"
"724","0d799a04-a961-48e1-a8d2-256d2e5f7d07","Unknown"
"725","0d7a37ed-3fc9-4bcc-9c5c-38f75de53209","NKcells"
"726","0d7b1421-34df-4b48-a713-5e93ed04bc08","Treg"
"727","0d7b19c2-7531-4a28-8bd6-965a2c162a9b","NKcells"
"728","0d7eace0-d1b4-4e92-be52-3aff5af94250","epithelia"
"729","0d7fc153-9460-428d-adf9-4715e991b869","NKcells"
"730","0d81857a-c874-4ee0-ba12-e3b26db9de8e","epithelia"
"731","0d854628-3f18-4074-b0ea-57714df1cc36","epithelia"
"732","0d856c66-f4ff-409b-b0e9-239b2430d69a","immune"
"733","0d861506-ea32-4bc0-9819-99d838f5ddbc","epithelia"
"734","0d8bc39d-0bed-48c6-a1cd-75814ee2ef46","NKcells"
"735","0d8d40c8-c385-4161-9bd4-ae7dfb0b6a84","epithelia"
"736","0d8f6ae5-7644-4d78-9a8f-4620e7b71eb4","epithelia"
"737","0d9b64a8-ea75-49ff-ab1b-0a8610f75746","epithelia"
"738","0d9f6b39-6994-4d44-b841-ce49f1bc2f75","NKcells"
"739","0da03956-d428-473d-96b1-e086f22d1d95","NKcells"
"740","0da454f1-e5ba-4396-90a8-86bfa52fafe4","Unknown"
"741","0da9525c-efea-4496-84f4-7341848069ae","NKcells"
"742","0db19918-15a6-4468-be26-15ed3b8c20e9","epithelia"
"743","0db3b7eb-7b56-4be2-8575-43d4edd6db67","myeloid"
"744","0db3ddfc-a99e-44f0-b2b9-6b3803c51f61","CD8_T"
"745","0db4a506-fc73-4b53-91fa-9a5fe1ecb8a6","NKcells"
"746","0db63af7-1078-4975-903a-9c5c03d3cfba","myeloid"
"747","0db6bd08-b534-4d7b-99f6-9187bb08b7b3","NKcells"
"748","0dbae49d-f37d-43e9-aa3c-36e2a6ad09a6","epithelia"
"749","0dc65733-8b09-4aca-afdb-c6c76b09b904","immune"
"750","0dc81593-2c63-4cae-84d9-e4d0d834a07d","epithelia"
"751","0dc9734e-8dcf-4ea2-a015-af7da1f07f0a","epithelia"
"752","0dccf1f9-b6d6-4926-9bdd-ca966fb9c20b","epithelia"
"753","0dcde6a9-e0aa-4212-bfcd-c02ef951b4d3","immune"
"754","0dd5e08e-d1cc-4a18-9c57-ef8bce33c333","T_cells"
"755","0dde1c73-6298-4d90-aa66-80c3fab506ee","NKcells"
"756","0de498aa-0bd9-43cd-be3c-170a908517b5","Unknown"
"757","0de89b10-4175-4070-b9d0-0bc09e1ea55b","epithelia"
"758","0ded1213-c4e9-4741-8403-b674e39795c6","epithelia"
"759","0ded5a9a-6de3-47ce-987d-fbceda8b23b6","CD4_T"
"760","0df8e29a-197a-4f0d-9aba-dbaadf60b097","Unknown"
"761","0e03e81e-2a31-40ef-b8d0-ada8f789df6b","epithelia"
"762","0e065e56-407c-484b-8cfc-4478a55fe714","Unknown"
"763","0e101f4a-db7e-4d61-9e29-cd170a5e1b05","epithelia"
"764","0e105077-a24b-4e31-a20e-d4445c2ed4ae","NKcells"
"765","0e149148-9d3f-4545-a576-f494cfd9ae46","Unknown"
"766","0e19ad0b-44e7-4ab3-938d-e2ebbbaeddf3","myeloid"
"767","0e22ddb0-7014-4998-9097-df95a1f4f2c3","epithelia"
"768","0e29c4d4-09e1-4478-9fae-b38b148861d3","epithelia"
"769","0e2aa68d-c07f-4278-a9c8-3b6a2dd915d9","NKcells"
"770","0e2af676-ad47-4f31-89e4-2b397d217d46","epithelia"
"771","0e2b2e17-ce06-4fd5-a8da-7ca820021c14","T_cells"
"772","0e2d4318-73d2-4c71-bb8a-3289ec5b3975","epithelia"
"773","0e35519d-3e02-4080-b0be-6a86c3cf126a","epithelia"
"774","0e367891-c358-4ac2-a968-e7143ae2d94f","immune"
"775","0e384524-6f93-44a1-8c75-6a2003168c6b","Treg"
"776","0e398f93-996a-48d0-a869-3fb462deabde","Unknown"
"777","0e3f6664-3774-4ae6-9107-bf6c2b2f7ea2","epithelia"
"778","0e46c654-ef9b-4e28-b342-b77f44b06b1b","epithelia"
"779","0e49697a-14e8-4e76-991e-db5057e459b3","immune"
"780","0e4b575c-9902-4eeb-bf8b-fb8876edc933","epithelia"
"781","0e4e4341-0dbe-4779-8457-8111f75a89d6","epithelia"
"782","0e56aeb8-f1b2-495d-b110-f954d6ce816e","Treg"
"783","0e5bd9ed-b279-4246-b0d4-de58c8a0df51","Unknown"
"784","0e5e349b-7d05-488b-bcd0-10db35f51f3d","NKcells"
"785","0e606939-1f70-4f3a-8110-131d6993e79e","epithelia"
"786","0e61b15d-f81f-4f3c-9719-50502d74d1fd","epithelia"
"787","0e68701d-55c5-4156-a5a0-d78d066ebe45","epithelia"
"788","0e6e98f0-a2f8-4bca-b6eb-0e62423fe009","epithelia"
"789","0e707791-d41a-40dc-9b6e-f72b2934710d","NKcells"
"790","0e71aef3-30e6-4b46-8f59-7eb75884b56a","epithelia"
"791","0e89a73c-5d3c-4f79-80f4-682a513b2c8a","epithelia"
"792","0e8c4313-9acf-4ba6-a4bc-66efab4afd54","epithelia"
"793","0e8fb848-db88-4512-89b6-0c12273eaf39","Unknown"
"794","0e9400bb-b356-475d-afc3-afd81b4eb572","NKcells"
"795","0e951969-4746-4290-90c3-ea086c58fd95","epithelia"
"796","0e9ae91c-9cdb-42a9-a28d-f72ab1ab7eaf","NKcells"
"797","0e9bd980-1cc6-4806-84ed-1f46f6696b8c","epithelia"
"798","0e9e4307-19f4-4375-be2a-acdeb73c3ff3","epithelia"
"799","0ea02a96-a856-4cc4-ba13-352efd398e41","epithelia"
"800","0ea03375-f7e8-48cf-a39f-0b7794f02389","myeloid"
"801","0ea83f29-8fd9-4392-8250-f11545a0e6ff","epithelia"
"802","0eb22203-8478-4821-b62a-84120ad522ba","epithelia"
"803","0eb6aef9-c161-44cb-8de9-432b3225c1e6","NKcells"
"804","0eb85515-4a30-4812-b0a0-b216d07cc950","CD8_T"
"805","0eb9cd1b-98c5-4e7a-9c5d-15ede66b9869","epithelia"
"806","0ebc36c9-074b-49e3-880f-27b995ecddbc","endothelia"
"807","0ebf3acb-e32c-4b52-81c5-4396c89c8901","epithelia"
"808","0ec6eca0-2e72-4b68-8a3d-2792c6ba5db5","epithelia"
"809","0ec90655-25d0-49ab-9e55-28af648bca23","myeloid"
"810","0ece0b2c-69ed-4b31-8c6f-b77783528a3e","epithelia"
"811","0ecea30a-fe0a-4b94-a336-9ec330c8575d","myeloid"
"812","0ecf55d2-e796-4a75-8b22-c004b462de14","epithelia"
"813","0edae7af-7b77-4d1c-a6ca-ff9739db094b","epithelia"
"814","0ee1613f-eeca-4c1f-b956-06074deda25e","epithelia"
"815","0ee4e891-1e59-4375-8345-a3e77dd417a8","NKcells"
"816","0eea03dc-303a-444b-96b4-1d8537e13e8b","epithelia"
"817","0ef2a01c-ee57-4aef-9e35-9b09a85b6874","CD4_T"
"818","0ef3fe1d-9fa2-4da1-be42-f6a1d6ab21bd","epithelia"
"819","0ef6d7b1-3cae-4496-9563-b02b675b790e","Unknown"
"820","0ef9058f-a7d3-4723-9bc5-81a6694dbd24","epithelia"
"821","0ef9f7ff-b537-44b5-b8e0-f7e68de27474","epithelia"
"822","0efa33c1-f851-4f46-a0f1-0eaa24ca7eea","epithelia"
"823","0efcbfca-e02f-493c-bc38-e664853493d9","CD8_T"
"824","0f02185f-f93b-445f-bf56-371e4e79f5e6","epithelia"
"825","0f0739f4-be4a-43bf-98d6-b0d128f5c3a7","epithelia"
"826","0f08996a-ac1b-4f6c-90a3-a672d2fe9dd8","NKcells"
"827","0f0bde68-494b-469c-a43e-8826141fe77f","myeloid"
"828","0f0da90c-6bca-48fe-9898-b2d9198daa11","myeloid"
"829","0f156bb1-6dd5-484b-89f4-b28d009a6c0d","epithelia"
"830","0f1898f3-550b-4865-8cfd-321a3d24d0c7","NKcells"
"831","0f1de192-c714-4172-9f59-679b1ead757c","epithelia"
"832","0f2371c1-f19b-4b40-b742-605d77cbfac2","CD8_T"
"833","0f2d67fd-79a6-4fd4-900b-3e60d462e8c7","epithelia"
"834","0f2daf41-88b2-417c-93b1-30633bf74e45","immune"
"835","0f31e515-da32-4ce9-91e0-c7a224f73214","Unknown"
"836","0f368866-e67a-4165-a86a-3f3df6012fdb","NKcells"
"837","0f411c5a-014e-4b67-ae12-5f851deaf894","Unknown"
"838","0f428797-d9bc-4aaf-b073-d232b9dbce62","Unknown"
"839","0f468dbf-e87c-4015-80f2-94dbcebedf59","epithelia"
"840","0f4f0037-d32f-4714-b16b-ef812322852d","epithelia"
"841","0f604903-1a7a-4bf1-9cfb-ac12d5a0761c","Unknown"
"842","0f60cb79-fd3a-46c7-a3e6-1b5960d58d32","NKcells"
"843","0f60e4c9-9672-4b72-9a23-8286d861a3b2","epithelia"
"844","0f694314-b551-4ae6-93b1-d95d2d09422b","CD8_T"
"845","0f77e26a-c0b4-4a8a-b406-d7d70e85dbbf","NKcells"
"846","0f7874c4-26e5-44c6-9cf9-e643983dafc0","epithelia"
"847","0f7c5414-ee60-48df-a387-cabf1c74b5e7","Unknown"
"848","0f7e6e18-5ae5-4fdd-8d69-1d07fc061bb0","epithelia"
"849","0f83780a-37d3-4940-aa32-1555c8fb725f","epithelia"
"850","0f866b27-800f-4798-843a-4f1ba43eedba","epithelia"
"851","0f906a3d-e8d2-4e2b-93eb-18a42febe594","NKcells"
"852","0f91069f-7744-4f58-857d-e19475f701db","epithelia"
"853","0f92a60a-a8a3-4f9d-801e-036a8ab83cf3","immune"
"854","0f990129-8490-4606-89c5-02e78e64ab6b","NKcells"
"855","0fa43f4d-da39-43f2-9324-3e7e2f7f0283","NKcells"
"856","0fa729be-5dd1-45f0-bb9a-cb82bbf8b222","myeloid"
"857","0faa5897-145a-4d1f-9d7a-227a8176dd26","CD4_T"
"858","0faab74b-93e2-41b1-ac63-08f51ebdd3ef","CD8_T"
"859","0fadbd99-0ffb-4161-a188-0ccd23e93ad7","epithelia"
"860","0fb35866-df75-433d-8f50-158e772d5972","CD8_T"
"861","0fb930a3-0bbb-405f-908c-a8798d62dd96","epithelia"
"862","0fbd22b1-f601-4889-97d3-ec3ce0272e96","epithelia"
"863","0fbd48e2-aff5-4257-ab77-a8a506011ea6","epithelia"
"864","0fbd8fe3-24b4-46fa-a5a2-3c76ed7fc83c","epithelia"
"865","0fc1cfee-01d9-415a-9fb7-e217bd3e2765","Unknown"
"866","0fc43448-e14e-44b9-8870-f52b69e2c7fc","epithelia"
"867","0fcb3d36-96c4-4aec-8278-18f8c1ce71f3","Treg"
"868","0fd76f1a-013c-46a9-b117-7fec137920ae","NKcells"
"869","0fdb2890-4263-45d0-b8fa-0ced28aa2d69","stroma"
"870","0fef8b4e-3733-4de5-b53b-31f08e386cd1","NKcells"
"871","0fefd189-d365-4db2-a79c-dcbfd24b4607","epithelia"
"872","0ff1082c-294b-4003-9ead-7ae4d2d683a2","endothelia"
"873","0ff81d39-ab09-49a9-b981-7e064b98b093","NKcells"
"874","0ffb1a42-d530-435b-b9d9-05c522f2690e","epithelia"
"875","0ffe7b58-dcf5-4c7c-80ba-e2e22f299288","epithelia"
"876","1007eaab-744c-4249-a042-cdf4737aef82","epithelia"
"877","1008e6d7-5f61-4476-94b7-2a407a3524cd","Unknown"
"878","100bde2f-aa18-4847-ad51-86e94ae6d92c","epithelia"
"879","101ad8c8-0c5c-4a35-81f7-38f75a8fb932","epithelia"
"880","102de032-be40-4678-8d73-1f1f0e009e2d","NKcells"
"881","1040e7bb-c89e-4034-bf8c-a74a2f531dfe","immune"
"882","1049d218-51d4-45d0-976d-c5328b6ad9e4","epithelia"
"883","104c9969-1ac7-438f-aa47-c4debeed995a","epithelia"
"884","104fb628-c459-45a3-836e-bbf24c9ac510","Unknown"
"885","10523c50-00bf-4f75-8ce7-9eb737691859","epithelia"
"886","1055f606-b8cc-4c4a-8725-0d539dd30eaf","NKcells"
"887","106345fa-6b5c-4c3f-8443-c09fbed15652","epithelia"
"888","106c8b98-1fff-4132-bcad-812402ef75a9","epithelia"
"889","1070f1e7-f2fd-4178-8f9e-2212c2f811fd","CD8_T"
"890","10739505-a7bd-4f21-b76e-baca5f4e333b","epithelia"
"891","1073b161-0433-400c-96dc-c5d1d28825fb","epithelia"
"892","1079fdd2-e8a8-49be-a2dc-9186b412682f","epithelia"
"893","10804fd6-9090-4843-bf3b-47e049987b46","CD8_T"
"894","10903197-1366-4e7b-b9fa-93b0662709b2","Unknown"
"895","10933c17-c583-4c91-8166-3eb4e35cea4f","epithelia"
"896","109f3a6c-3258-407d-b42a-7c59bef5aaaa","epithelia"
"897","10a5fe58-e460-4b61-a39e-d84914f8c70b","NKcells"
"898","10ab4b2a-73cb-4525-acb4-17dee117d90c","stroma"
"899","10afefee-2abd-4e86-baf7-df2637bbb3c4","epithelia"
"900","10b14ca2-7697-4707-8905-b722bed57299","epithelia"
"901","10bf9f33-5ad5-4238-951c-8076f2f61c62","epithelia"
"902","10bfa4ac-2db0-485d-b081-97dbde3db01b","Unknown"
"903","10c1b3bb-ec3e-4e9e-8355-466d1b21c1b0","immune"
"904","10cd64a3-410d-4125-a42c-0374c538c58d","NKcells"
"905","10d11db6-729d-4067-9290-23f27695bdf8","epithelia"
"906","10e3b70d-c00b-49df-80f6-d320ef5d17fd","NKcells"
"907","10ec3750-e4f8-4bce-b346-efb560211dba","epithelia"
"908","10eeacf3-1aec-4291-97a9-b65737b128b9","Treg"
"909","10f0f5bb-6492-40a6-b06c-7c751d03883e","epithelia"
"910","10f1649d-beb1-4fb5-90f8-89c32ee0288f","epithelia"
"911","10fd8971-d4d3-4f25-8535-b55bcdf089a7","Unknown"
"912","10fe09a3-e05a-488b-814d-9a73903ad6ad","epithelia"
"913","10ff67a1-4955-42be-876b-5379431cddcb","epithelia"
"914","10ff817d-5692-47d6-aebc-95ff76ceace9","myeloid"
"915","1105c71b-e216-4385-9975-81193f134f78","NKcells"
"916","11078b65-71a0-45e8-b137-7f47b45c6698","epithelia"
"917","110b77fd-a118-4335-bc10-f0beeb88f082","NKcells"
"918","111b0a8c-4f58-422f-90f0-07334fca6a70","epithelia"
"919","111ea91c-4922-4705-8037-a4065cac701d","NKcells"
"920","11203513-edb2-463d-bd1f-cd8c625e9ef8","endothelia"
"921","1121ce12-8cb7-49be-804b-ec69020e06ea","epithelia"
"922","112989ab-4bfe-4c6e-a8cf-f613f0b0f7de","epithelia"
"923","112b9cd7-7627-459e-a830-084c5c626b86","NKcells"
"924","112d958b-5399-47b2-92ba-9f29334f7953","epithelia"
"925","1138361e-a9b9-49e4-9ae6-4ee9413e7eb8","immune"
"926","113b39d8-4e46-47ad-9434-dbccf6173fae","epithelia"
"927","113b4b1f-1432-4615-890b-4e16ef0ebfe7","epithelia"
"928","1158e3ad-993e-4db4-80c9-cb618a302fc1","epithelia"
"929","11594e7b-f5c1-4d4a-a74d-911648ca4e04","epithelia"
"930","115d75a5-f065-47fe-a10c-2eb3ffc03193","immune"
"931","115f18f6-6d4b-40fc-8d67-9adf338c5a69","epithelia"
"932","116026c3-a128-4be6-bf47-eb47c0f65d82","epithelia"
"933","1164619a-e354-40e1-bceb-9ab858aaf4c5","epithelia"
"934","1164f431-9f2f-4698-a827-b269a3adc130","epithelia"
"935","116ae541-f452-4710-a520-383d9d5f4b1e","epithelia"
"936","1176eac5-a9d9-4ea5-b552-656bd5da66df","epithelia"
"937","1177fbd4-d8c6-4339-ac8e-28d425060ddb","epithelia"
"938","117bca65-57e5-40b2-bfcd-afec5c3aac24","epithelia"
"939","117d17f7-f24b-4f61-9e07-05c12627ee50","CD8_T"
"940","117ecde1-2d21-432d-977e-78e5077899e2","CD8_T"
"941","117ecf99-1ac0-4ce3-9031-d646b5d497d3","epithelia"
"942","11848546-40d0-4134-88e5-baeb567923da","NKcells"
"943","118c69b2-bb9a-40d2-b435-454071fc16c2","myeloid"
"944","11912401-1680-4e31-ad9f-d3f99965c15d","epithelia"
"945","1195a961-a8db-4eeb-bbfb-7657b1ca6f39","Unknown"
"946","11988861-beca-4812-8afa-d32517b3001a","NKcells"
"947","11988b22-96eb-4072-88fa-fcdd002c7791","epithelia"
"948","11a0a290-071f-4352-a29e-da033a4dea08","stroma"
"949","11a24038-ad40-4d3b-ad06-f9fdcdd2d3e4","NKcells"
"950","11a6eb29-7cfb-4e05-b50b-e5640032743b","CD4_T"
"951","11a90986-3400-49df-b234-ea787beeb00f","NKcells"
"952","11b42863-fd20-45e2-8dd7-2145cdec4842","epithelia"
"953","11b4d456-7142-4a96-87fe-3facd48b687d","epithelia"
"954","11b8d5e0-83aa-46af-9aaf-1a56f379c008","epithelia"
"955","11ba2ea5-b7ac-4812-948d-7e79b7f14844","epithelia"
"956","11c0d733-24e8-4da2-af11-a582ea6f2f90","epithelia"
"957","11c46dbe-4106-4ac2-a381-89a4befc9a34","epithelia"
"958","11c527e1-c388-49c8-a0fd-ff34f6eb0f7d","NKcells"
"959","11c94e11-da44-4eec-8cd5-c36065847929","NKcells"
"960","11cb06ca-4eb6-4876-8f3a-d3e5432f5c45","epithelia"
"961","11cc39b8-e179-4d72-8368-5ebccbe0b892","NKcells"
"962","11cf1d1f-3bfe-4b8f-b596-bf975b8022bc","epithelia"
"963","11d18f7f-e88e-4abe-9c3b-8f0115126754","epithelia"
"964","11d740b8-eefc-4c9a-ac94-17804974c952","epithelia"
"965","11d7ba63-285c-47b6-a21d-d3d360696f90","Unknown"
"966","11da772b-e2fa-4cbd-97ce-e51d68e64bcc","epithelia"
"967","11dd2ebb-310f-44ca-855b-83e1aa3bee3c","epithelia"
"968","11ded156-260e-4348-9c51-298444e59226","epithelia"
"969","11f018c7-42eb-433d-b2c4-03e4a107d9bc","epithelia"
"970","11f126d5-b9d2-4596-8c78-826b7b964a2c","epithelia"
"971","11f1991f-ce91-4e23-ad6f-3b507cd44f92","NKcells"
"972","11f1fee6-3fe7-49a1-8ce4-b58c50611592","epithelia"
"973","11f52d40-7aeb-4309-b7fe-11784e882b18","epithelia"
"974","11fadee2-c4b3-4230-a6b5-69a64769d6d1","Unknown"
"975","12000522-3f3c-407e-b2db-d53277507ccd","NKcells"
"976","1209fb16-2a13-4129-8594-ac6c2e44adf6","NKcells"
"977","120bb6dd-dae1-4f36-acb1-5ca04654a511","myeloid"
"978","120c17a7-1b24-4194-b065-2c703f4042d1","epithelia"
"979","120e0552-1ac7-4159-884b-4946463cb65f","epithelia"
"980","1217e7ab-4ea8-47c0-8f0a-3f0719873cd7","epithelia"
"981","121cc724-1277-4d86-a38b-ab20f5115252","epithelia"
"982","121f1fff-f8e4-4371-b86e-1957d46fd37e","epithelia"
"983","1225cb3a-743e-461b-b0ad-690ad0a3cd4c","epithelia"
"984","1226f50b-1975-4ea4-9f03-ece3b87fb412","epithelia"
"985","122bb351-c34d-4a46-a7b8-c2caea396fae","CD8_T"
"986","12309112-8eab-4578-b5d7-b067e033cd13","epithelia"
"987","12337e99-986b-4008-a889-9c995f6558d4","epithelia"
"988","1237a45a-62a9-4134-9c49-de32d5013115","NKcells"
"989","123c70f7-ced4-4ae2-8b20-ac5f253bf7d5","epithelia"
"990","12457a85-3977-442c-89bc-5ef4343f1875","epithelia"
"991","1248b859-af07-42e9-b465-c59fe7086822","myeloid"
"992","1248c482-59aa-4407-9342-19ef73e343cd","epithelia"
"993","124dde1b-a515-411e-b4b9-acf1b56d13b9","epithelia"
"994","125d8494-9503-484c-a13e-d596e887bc3e","NKcells"
"995","12635b73-730e-463d-9f92-0a3c1924cd10","epithelia"
"996","12674b9a-4e5a-47cc-84ff-320949d9b259","epithelia"
"997","126d346d-b032-4bb5-937b-00a5ba10b096","Unknown"
"998","127334a9-f4f2-4880-8571-ac4e0853ee4f","epithelia"
"999","12844624-80d6-444c-8e86-1abec9faee36","epithelia"
"1000","12855dff-0493-4aa5-9c1f-91775d3346d2","immune"
"1001","128c0450-223d-469f-b74a-a499c8bf6dbe","NKcells"
"1002","129040b6-d7ad-4914-bc97-7af20226cc29","epithelia"
"1003","12a653b1-3b9e-4394-87c7-2bd609557431","epithelia"
"1004","12a66339-4ab3-4614-bbe8-4c65829e3d1d","epithelia"
"1005","12ac88c4-3a73-4304-a9d8-e4c28442f10f","epithelia"
"1006","12b635c9-2910-410d-9dee-1c23fe9a0baf","epithelia"
"1007","12b7179e-8166-47f9-9695-666a6acafc1b","CD8_T"
"1008","12b95874-c379-43bd-b327-2d4891253ea2","NKcells"
"1009","12bc9abc-eee6-4dbc-8849-aaea86d0be86","T_cells"
"1010","12bd23e7-f097-459a-a8c6-56a5662c4c27","epithelia"
"1011","12bd2840-165a-4fc3-a928-ad108e89cb55","CD8_T"
"1012","12c01eab-77f8-46cd-bac6-b3f9d33d40a8","epithelia"
"1013","12c25aeb-909c-465b-b3fb-ba23d939b8cf","CD8_T"
"1014","12c733aa-e4f7-4bf3-8ecc-f27a73aaea99","CD4_T"
"1015","12c94b80-d79c-42ca-a4f2-1646b584a687","Unknown"
"1016","12d2e3bd-3f4f-45c9-8cf0-69f14644e0e4","epithelia"
"1017","12d6f29e-6b39-48ab-b515-c1cd4e869656","epithelia"
"1018","12db970e-7042-4310-9ccd-c62ef4714b2f","NKcells"
"1019","12dba7b1-967f-448e-815a-43fac0986a6c","stroma"
"1020","12dd28bb-8d8e-4d63-ab3a-91b781c60cd8","CD8_T"
"1021","12e1a64d-74cb-46cd-881d-20af5c78cefc","epithelia"
"1022","12e499e2-e8a4-43f3-9b21-06f307147529","epithelia"
"1023","12ef2cda-97f8-4441-b389-4c8d7e9eba79","NKcells"
"1024","12f1a5f1-1e8d-450e-9ee0-85fd980dbfc3","epithelia"
"1025","12f45c88-058a-4665-a39b-0dabefb54c7b","endothelia"
"1026","12f8bca7-c618-49ed-8584-25ad01194242","epithelia"
"1027","12fc254b-920a-451a-9a7c-39cb1735ba28","epithelia"
"1028","1300b6e0-d992-4c03-8813-b5ec24727045","epithelia"
"1029","13093efd-7a52-4ad4-9cc6-2737e5222c58","epithelia"
"1030","130f0fd8-d5aa-41c6-8db0-a5f7860c7291","CD4_T"
"1031","131dec37-77ce-4d70-80f4-d8135cfef620","CD8_T"
"1032","1321248d-afce-4d7a-bc60-3b18780af5e2","epithelia"
"1033","13231e6e-9bc0-4f36-81ce-e2b9e6e86108","epithelia"
"1034","13232a9e-3629-473c-a647-69a20dcb57d6","stroma"
"1035","1325f7d2-8fe1-45b0-98ef-40f0d6d96112","epithelia"
"1036","132686b8-2afb-4ef3-9053-f9eaa891e47d","epithelia"
"1037","1327f555-6185-4eb2-a5c3-00cafe4eef86","epithelia"
"1038","132d903c-24a8-46c3-911b-0bc6ee2b4453","Unknown"
"1039","1337962a-175e-4a2b-9872-43256d9fbc7d","epithelia"
"1040","1337c911-eaac-407d-8ebf-c16e630480ac","epithelia"
"1041","133de693-3200-4d6c-b8ae-05f6e5278b1c","epithelia"
"1042","13477a59-0405-4c96-af55-168d56c6873c","NKcells"
"1043","1348895a-6dbe-4953-87c2-58084c0dc927","epithelia"
"1044","13492cfd-17e1-441a-b363-ae562aa3b662","NKcells"
"1045","134a9c13-e13a-48eb-86a9-cf49b20204b5","epithelia"
"1046","134dd585-b24f-48e1-9eec-ec56ddec33e2","CD8_T"
"1047","1351bb09-5977-417f-8fdb-84ac72f71723","CD8_T"
"1048","13568ac2-eb8f-4d23-b998-74578517b588","epithelia"
"1049","136275a4-bf24-4a8c-83f8-1766eb6050e7","epithelia"
"1050","136810ef-16f5-4e1e-9121-6fec6ab5ebf8","epithelia"
"1051","137082a3-5df1-49f1-aaee-fcad1d9c9062","epithelia"
"1052","137337b5-8a1f-4aa4-8752-d934fe70105d","epithelia"
"1053","1374d724-53eb-4e0f-a899-79ed50200148","epithelia"
"1054","137fb2e7-83f6-4349-a661-db5bb8d9da8a","epithelia"
"1055","138a0b3d-89e8-40cc-835b-e37098613ceb","epithelia"
"1056","138e9aaa-ee9e-4113-a5d1-e1ba9d491ce7","epithelia"
"1057","13925cfa-b78d-4479-a335-dff13dc4d346","epithelia"
"1058","13985bf0-7f83-41f5-8593-965e00ccdcba","epithelia"
"1059","139adc14-49ea-4487-9894-efd12d5d9b2a","epithelia"
"1060","139b0a47-4263-4c7c-b1e9-79a7e647619f","epithelia"
"1061","13a3f5aa-c5fe-4664-919c-2cac3231dbad","epithelia"
"1062","13a6793f-60b8-4135-9719-1a082b89a7a1","epithelia"
"1063","13a95ee8-bd61-4c38-956b-84f1f589862a","epithelia"
"1064","13ac40ec-0dff-4aee-8ca6-030525b6090f","immune"
"1065","13ad1bb8-1577-4015-90b4-7ac19c0c4048","Treg"
"1066","13b12bc9-32c8-4f36-92e8-a2334e4b38d9","epithelia"
"1067","13b22b6d-04e3-43e6-bffe-4f08fa501b41","epithelia"
"1068","13b8c9d8-494a-422a-a30b-088552ac5a13","epithelia"
"1069","13b8e998-86d8-4b09-8ee7-a29b0affd989","epithelia"
"1070","13b9b1d8-fbfd-42f3-8b9a-1e0ff443b696","epithelia"
"1071","13c022a0-57f1-4ea1-bb2c-f1aa90ff2579","NKcells"
"1072","13c308fa-b5d6-494a-9672-76447ecb90d6","epithelia"
"1073","13cda6b0-4f2e-43aa-9f47-456a77068ee1","immune"
"1074","13cf4250-1575-4d49-9c41-943d2c97f54c","NKcells"
"1075","13d83224-218e-4ad1-9d5d-016f7b8e1613","epithelia"
"1076","13d90833-e6a9-42a4-b51e-04b9d92cdccf","epithelia"
"1077","13e499de-807e-4836-9cf7-2626f72895ba","epithelia"
"1078","13e70be9-2e24-4cd0-a06e-d26bebcd2469","epithelia"
"1079","13e73071-fe32-4384-86c4-7598bd3e6e1c","epithelia"
"1080","13e772a5-eadc-421f-8997-664a0c294652","epithelia"
"1081","13e848a2-67a3-4bea-9a9e-4a5738de858c","Treg"
"1082","13ea83f0-e8e7-4024-b25a-2203a40c9c94","myeloid"
"1083","13f66dd3-cc01-4462-b88b-c1cb1e78d1db","epithelia"
"1084","13f75981-5ab8-4f61-8efd-75b8b50a9147","Unknown"
"1085","13fa0248-a369-446f-a0ab-6d9419cb363f","T_cells"
"1086","13fd66b3-f6f8-45a6-bc16-078d5534f8b7","NKcells"
"1087","14086e78-6da4-4e5d-a75f-3c294bf528e3","epithelia"
"1088","1408cf57-9a23-4297-b15b-6c00f94f079f","CD8_T"
"1089","140bf1cd-139a-49ba-b77c-ca6e100201f6","epithelia"
"1090","140bffb1-2cd9-4c83-a55c-59e7845f5317","CD8_T"
"1091","14136821-7959-4b7d-aa33-85a38545d0bf","epithelia"
"1092","1417efc9-6a02-404b-8eae-3bdc7ee3fa87","immune"
"1093","1419fb78-a296-4811-b3b9-d53e9af9928e","endothelia"
"1094","141b4fba-c470-4066-818f-7f3658b5a0e8","epithelia"
"1095","141c05e5-3f31-4e79-abe0-c14e073e4ac3","epithelia"
"1096","141c9a08-f262-4e63-9961-b4c0af5134e3","NKcells"
"1097","142207b5-c3e1-477b-a1fa-5c1b2e5d647f","epithelia"
"1098","1429299b-4f37-48ac-83c0-aeb5332eb169","epithelia"
"1099","14295116-39fd-4728-ad29-a13a6448b8aa","epithelia"
"1100","142eeaa6-0a4a-45e8-8bac-0e6b04658054","NKcells"
"1101","142f1505-4d02-4f1f-a6b5-a1136fc81d5c","epithelia"
"1102","143882a3-f4fb-4d3a-8928-9efb36f655cc","NKcells"
"1103","143a8efe-6ea0-43b6-b3b7-07574d017313","CD8_T"
"1104","144e6ca1-444a-40f9-9eb6-6b1a66ccc9b5","NKcells"
"1105","1451cba4-bcaf-4dec-bf0c-10fcbacfbf9c","epithelia"
"1106","145404b6-6996-4134-aaf2-0b38afe067e3","epithelia"
"1107","14548521-ac71-4b94-be0d-364a49433916","T_cells"
"1108","1455ea06-8814-4e80-aec9-e0a40c684d00","epithelia"
"1109","1456b18d-d2df-4cc9-8d18-0e47e45bbac1","CD8_T"
"1110","145b8255-8b60-4624-846f-529dc5620824","Unknown"
"1111","145bb8ec-3d03-4e1e-8127-d7a320dacbd4","Unknown"
"1112","145d7770-166e-4990-bd9f-c986f6518dd3","epithelia"
"1113","145ea9f0-5be8-456e-a59a-cf35ff5df6ca","Unknown"
"1114","14632d03-848c-4087-a1f4-081fc73ced34","Unknown"
"1115","146cb44a-4c1f-410b-b208-ba2e7a525a0d","epithelia"
"1116","1471b116-5016-498e-a364-5122e7a25111","epithelia"
"1117","14849287-eba1-400d-ab85-2c5dee878a18","epithelia"
"1118","148715f8-36c2-4b6a-8a3a-a8a4f61c92f2","epithelia"
"1119","148e236a-1ff1-41c9-8d12-2968e1198f00","CD8_T"
"1120","148e59b7-b7ac-4802-9d06-66ed39ded9c9","CD8_T"
"1121","148fdba1-c719-4559-895d-446fae0b8482","epithelia"
"1122","149926ab-f78b-4dc0-a357-8d2ddd1e87b8","epithelia"
"1123","14a6a721-2ab3-46cd-89d6-ed07fe6c7bfe","epithelia"
"1124","14a97858-e2b9-49e3-a6fb-35bfe9e082d8","endothelia"
"1125","14ab74e9-e2b5-4bd9-8bc2-97f462fb2eab","NKcells"
"1126","14b66a00-1a1f-402b-9ab4-f12400b9c4bf","NKcells"
"1127","14bed4f6-eff2-4d79-8ed0-4a08c1c816fc","stroma"
"1128","14c3fbc5-10b3-4ed0-80c3-69eebab41336","epithelia"
"1129","14cc3f47-e3a2-4035-b8a6-b667f34ad5f3","epithelia"
"1130","14cf0436-c2e0-4acd-a043-dc528f117f6a","NKcells"
"1131","14d0fa47-e3d5-47ef-adba-445008055751","NKcells"
"1132","14d8ee54-5687-4719-a3f1-7e9df66065a0","Unknown"
"1133","14d99455-03bb-450d-8cb3-5a7f28cd6c2e","CD8_T"
"1134","14ddb348-60ae-4de7-bbbd-b52590066ac6","CD8_T"
"1135","14e05750-fe5d-4585-9cac-a733e672951c","Unknown"
"1136","14e4aa6c-18fb-4bf8-bcd7-ae91ed8ae670","epithelia"
"1137","14e4bfe7-9e5e-4863-a42c-af7d856882c2","epithelia"
"1138","14e712f7-b2c0-4128-b0f9-67e0c8a6d708","NKcells"
"1139","14ea5c1b-8ccd-4dad-9edb-5b54c6a1219a","Unknown"
"1140","14f464e1-8874-4279-8ee1-00a651525fac","NKcells"
"1141","14f5e10e-5101-4355-b818-dd75113aa63d","Treg"
"1142","14fec2b8-7a5d-49fe-8d6c-e6bc28cbfe4b","NKcells"
"1143","14fee53f-f699-47cc-8aac-fac253d69ce3","NKcells"
"1144","151599bf-e8ce-464f-bd09-f696da190589","epithelia"
"1145","15192d51-75a5-4188-b9d7-0d8d7b195067","NKcells"
"1146","151c3d95-fb60-4579-8f2b-b1243cde5c88","Unknown"
"1147","151f9bf1-7a4c-4da9-b9ee-c688aa702cb2","epithelia"
"1148","1524d999-6d30-43f4-a4ad-5e4d55ca3027","epithelia"
"1149","152a62dc-5318-4287-92e8-5641890f320c","epithelia"
"1150","152ea6f1-a71b-4f51-9aca-5f0c00f95998","epithelia"
"1151","1537cbff-2ccc-4fb9-b09f-c8f8554dd5ca","epithelia"
"1152","1541b1ab-f1c3-4711-bd54-50d1e377b0b7","epithelia"
"1153","154b6342-cef9-4b4c-8756-be2c16f9c083","Unknown"
"1154","15517521-3ff7-4c25-827a-039cdf5bb47c","Unknown"
"1155","1551dfc7-2932-4062-8206-98f81aa4f199","Unknown"
"1156","1557d94f-17da-44a5-b79d-ba36e6a99d41","epithelia"
"1157","1559be93-c3e3-4f2a-a438-bdd300f4914f","epithelia"
"1158","155c6926-1cb4-4c9a-bead-e029b2aaac67","NKcells"
"1159","155cf13d-71d1-47a6-a147-481e5c7c0031","epithelia"
"1160","155f94eb-8eaa-439e-8859-ab48670b0523","epithelia"
"1161","15624124-e37b-484c-a217-14849f4348f2","epithelia"
"1162","156727a4-e956-4a10-a885-576d5600f801","Unknown"
"1163","15692e6d-6b2d-4721-97f0-6825009cd579","epithelia"
"1164","1569729a-85dc-48db-8158-e04445e9760b","CD8_T"
"1165","1573b066-bcc6-437a-9460-b14bf5e2fbaa","epithelia"
"1166","1575521f-5c03-4d52-baac-92f84a4c7ba8","myeloid"
"1167","15768f40-6993-4577-877d-fb835f9daa7d","epithelia"
"1168","157733c3-8e4b-483e-905c-45fa799740dd","Unknown"
"1169","157a97ca-a4ce-4955-a06d-ee146e72c9e2","epithelia"
"1170","157e2258-fcc9-4c35-a4e4-12e1fabbb299","NKcells"
"1171","15859d38-1241-4afc-b06b-ddc8277e3f4e","Unknown"
"1172","158a62b2-ad90-4020-ac35-f8df5e1fb84e","epithelia"
"1173","158be708-bd80-482a-a78b-3270178d32e9","epithelia"
"1174","159a172d-d2e9-4346-ba82-81660eee2ab3","NKcells"
"1175","159a927a-7960-46e9-b5c5-9c056836626e","myeloid"
"1176","159dc8c4-de4d-4afc-bf2d-d2d54cd69047","epithelia"
"1177","15a27046-0f38-47dd-af44-4a680c6d4aa3","epithelia"
"1178","15a5826e-8f5c-4ff1-bbbe-f8ea7fa0db40","epithelia"
"1179","15a5ac43-451c-422f-b8fe-5c7dc7a3b8f8","stroma"
"1180","15ae2652-7fac-4e93-9946-f1e2954ec04b","Unknown"
"1181","15afe34c-2cb9-42da-a294-b220c4cf000e","Unknown"
"1182","15b6317d-2d7b-4a16-ba37-ac6277812980","CD8_T"
"1183","15bb003f-610a-4b82-81d5-7761654b4f4d","epithelia"
"1184","15c545a9-6ffc-45e3-b5b8-e9a35ae23c79","NKcells"
"1185","15cee6f6-5ce8-4b60-b364-4e60891f65ad","stroma"
"1186","15d30152-98f9-47b3-946e-80777f0ba146","CD8_T"
"1187","15da1aef-9e83-4a37-b9a1-477af2d8d9e4","epithelia"
"1188","15dc7f5b-fd48-46e7-850a-f77d2e2f4ddf","epithelia"
"1189","15e67053-b80b-4f0e-b7e8-ffb351ef7bb3","epithelia"
"1190","15e89c12-7661-4713-a614-8d2124ba1165","epithelia"
"1191","15ebb27f-9fae-4688-ac1e-ec677c3d56bf","NKcells"
"1192","15f3b70e-30a9-446e-91bc-98d5659ad6a9","epithelia"
"1193","15f449bc-b436-4079-97b8-95564b4889cd","immune"
"1194","15f478fd-0124-444b-9580-b3744d3b45ce","myeloid"
"1195","15f4cc22-8b11-48c7-8d9a-197fe1a34e4d","CD8_T"
"1196","15f4f795-841a-49d7-9763-766e49aaef10","epithelia"
"1197","15f529c3-855e-4469-a2c7-e9c42fbecf05","Unknown"
"1198","15f54a52-c61e-4f21-b865-d1e28743bdf6","Unknown"
"1199","15fdd0ec-cc68-469e-b6a7-254a4d1f76e1","epithelia"
"1200","16047d2d-1c44-4fc8-9f07-cf04586221eb","epithelia"
"1201","16085172-fe00-47a3-8d33-39b9a610f334","NKcells"
"1202","160da0ee-8bcb-4275-8b79-a90b53fb1390","epithelia"
"1203","1619d68c-c7d7-41f0-acdf-f145400de044","NKcells"
"1204","161a325a-ed92-4732-b2f1-8f855fe66dba","epithelia"
"1205","161f52df-5f56-48b9-ae12-3110ec7000e6","epithelia"
"1206","1628ab3b-1007-4d77-b669-7c717eaf83e5","NKcells"
"1207","162918d8-d531-434a-8afb-31b5956b95fb","epithelia"
"1208","162af97f-a64f-44ec-8e49-a8e2e926666d","epithelia"
"1209","163a2b99-96b5-4f5d-8e1a-61cae554a698","epithelia"
"1210","163edcb3-3272-49f0-84e7-ba6ef5a59b9c","myeloid"
"1211","164762ca-4fa1-4525-8f7a-d8b96fefeff3","epithelia"
"1212","164777a0-d89b-4538-bcda-d12284c71ac8","epithelia"
"1213","164f3d11-c5c1-4822-b96e-d64ffadf72cc","epithelia"
"1214","16533ccd-5e1f-465c-96b1-d15151d95a8c","NKcells"
"1215","165643cf-7986-45e9-b513-2589930b3d1a","epithelia"
"1216","1658ba8a-be3b-4d3d-a91f-ed38f5a1e203","epithelia"
"1217","165abf26-59ae-4445-a9ec-9c46e6a5ed56","epithelia"
"1218","165e5724-aca2-41c6-b912-376e4e9a6aa6","epithelia"
"1219","1662ddd1-e779-4373-9fbb-bfdb2c32b5b2","NKcells"
"1220","1664bf82-c88b-4a6c-8a49-b9e957c14b24","Unknown"
"1221","166ade43-49bc-4197-80bf-b6417fffa431","CD8_T"
"1222","166cab9b-5c65-4514-a101-81b1819972ed","myeloid"
"1223","167689a7-9d8a-4812-b871-65e4402412b7","epithelia"
"1224","167e1feb-ce27-4365-9a2a-921564d9ed53","epithelia"
"1225","167e3d1d-027d-4006-b1e6-14f832b474df","NKcells"
"1226","167f70f3-42b6-4769-9026-c1687691502c","NKcells"
"1227","167ffd60-734b-4b9a-80d2-6ae9f9e2a443","myeloid"
"1228","168f6064-5be9-42cd-a186-1810ce7789f7","epithelia"
"1229","1691003e-b5fc-4e7e-8943-4ca4a8a8d09a","epithelia"
"1230","16a620b3-97bf-40ad-9dca-2609198c4f33","immune"
"1231","16a6bf62-cab7-4e59-8ad4-9a0553481c19","epithelia"
"1232","16ad767f-745c-44ed-a316-8534c01fdbac","CD8_T"
"1233","16b06724-730d-47a2-a4e7-9b346e463517","NKcells"
"1234","16b81720-98ac-48b7-9e6e-89d29926512e","stroma"
"1235","16baff89-8be1-4bcd-9d9a-f95d40006205","epithelia"
"1236","16bf0b23-70df-4d18-9a1b-25e02dce6a18","Unknown"
"1237","16c03afa-a92b-48c1-b707-ed374d9917ca","NKcells"
"1238","16c06760-5b01-484c-9a42-55cb6a2cfe16","NKcells"
"1239","16c8fd8b-28a7-4e5a-b4ba-f55935b53b00","epithelia"
"1240","16d689c6-a0e5-4472-9b1b-bf3117cbee80","epithelia"
"1241","16d86e76-a138-44cc-a42d-04616c6e67bc","Unknown"
"1242","16e12a16-3e2d-4d58-a3fa-24240b32fc1a","Unknown"
"1243","16e340a1-3d18-49f8-ba43-056796bee74f","NKcells"
"1244","16edacc1-fa8c-4547-a6a7-4b3a1b1e9817","NKcells"
"1245","16efd2d4-9b7c-4e59-b8a3-528fa12b0570","NKcells"
"1246","16f20ddf-5cba-4ae5-b149-3ae8875621b9","NKcells"
"1247","16f652b1-7660-4546-8988-d63f12363417","epithelia"
"1248","16f799b9-c720-48a9-bae8-4cb59ead0365","Treg"
"1249","16f87e20-d759-4e4e-8655-994b14e7261f","epithelia"
"1250","16fb0001-9dc8-4b29-ac9b-606de6a57cc1","epithelia"
"1251","16ff33e8-1ff3-466b-bc66-597fe6241c9f","immune"
"1252","16ffa5f9-5a62-4dd3-823c-dd2faa6c519d","epithelia"
"1253","17028c1f-0466-4470-be52-d10fb1d03abf","epithelia"
"1254","17033c21-f108-452c-8bb9-3cbeef4ee5bd","Unknown"
"1255","17078dcb-325d-44c3-a0c3-f1509710ba5f","NKcells"
"1256","1708e040-82be-48ed-8bf4-8e734ffa57b0","epithelia"
"1257","1708fb7c-a3ae-4134-a5ce-f29c478dd31e","epithelia"
"1258","170b37ac-4761-4a18-91b5-e27db4daaf8e","CD8_T"
"1259","170b7089-f263-4a7b-a92b-30abbd7967b7","Unknown"
"1260","17133d82-b386-4a96-97a5-31dbf04c0435","epithelia"
"1261","1717e186-8993-40cf-b215-66a9d89adea4","epithelia"
"1262","1723c166-5e31-4ae4-bf11-b56cb85b68a0","epithelia"
"1263","17258ecb-6416-462a-a6e9-ff13e4e45e39","epithelia"
"1264","17316a8c-ba4d-4ffa-9956-bddb409d7114","epithelia"
"1265","1734553c-4e1d-41e3-b2ab-0319667222bf","epithelia"
"1266","173be2c0-6f24-4468-bcf4-4296cdc4de1d","Unknown"
"1267","173e668e-9612-4a55-bbef-c8967705deda","epithelia"
"1268","1747dd05-214d-40a6-aa3e-4886bc0e8caa","myeloid"
"1269","1749ef96-5bae-4ffd-87c5-a0f3480bb56f","epithelia"
"1270","1752ab5b-c3fb-46bf-b9e7-11168dd51e2c","CD8_T"
"1271","1754d6f7-c60d-4eb9-9de0-0176859e2fb5","epithelia"
"1272","1758b653-d3e4-4f45-870a-f8462bb22703","epithelia"
"1273","1758e207-6d40-4d19-9b48-32a02df63a67","epithelia"
"1274","175919ba-491d-4a06-bfe8-ad53b526f16a","epithelia"
"1275","175c66c9-866a-4db5-ba16-935eb456fc67","epithelia"
"1276","1761a757-e44e-452c-a33f-29cb6cb88da8","epithelia"
"1277","1762b438-8c15-4af9-a794-d898c00a67c8","NKcells"
"1278","176fd9ca-ed13-4de2-b9de-0a8f86fa545f","epithelia"
"1279","17707aba-b900-46f9-8eca-1fb2f3f5380f","epithelia"
"1280","1775a8b4-c3fc-405f-873c-90c24bc662e0","epithelia"
"1281","1775e614-96c2-4436-8fe8-9af44c1c82a3","CD8_T"
"1282","1776ee3d-2d10-48b0-8751-fcdf21dffbc5","epithelia"
"1283","177833d4-0a42-4b7e-9079-da6171e64c73","Unknown"
"1284","177a300a-b445-4058-ab98-aa02cc721f08","immune"
"1285","1787c03c-e6ad-44a4-8323-00875f13039d","epithelia"
"1286","17880120-d4ce-4ab8-8b12-60ae2e78a84e","epithelia"
"1287","178c159f-4007-450a-a66c-9ecddca11256","epithelia"
"1288","1791f362-a89c-4484-ba24-3bee7c6f6983","epithelia"
"1289","1794d3f7-28ff-4d2b-96ef-b851429c783d","myeloid"
"1290","17987fba-c274-4572-9a95-19326fbf3629","epithelia"
"1291","179bebb0-d6d0-4cfe-8fe4-2d04f10b45a2","immune"
"1292","179d465d-3aa2-4876-9cdb-36d089c8646c","Unknown"
"1293","179ed166-dbcf-40bd-8071-610bbeed7891","epithelia"
"1294","17a01bbb-3b0a-4320-aaa6-69fb05542e82","epithelia"
"1295","17a80b42-b969-4dc7-a33d-838d95a8d959","Unknown"
"1296","17a9a798-c3ad-42bf-83ca-1f6aced99d15","epithelia"
"1297","17aac58e-3f79-45a5-b23e-580ade866270","epithelia"
"1298","17acdc34-0385-4228-b4cb-b0c7c5a2cf39","epithelia"
"1299","17b18e9b-f7cd-4bfc-9c52-35cea36ed7c5","epithelia"
"1300","17b22ee5-73d6-4369-9ca5-83ca58796899","NKcells"
"1301","17ba6178-b346-4217-8bc7-afc66bdc1a13","stroma"
"1302","17bc38d7-67f4-4e05-b2b2-1b8a8159e7ad","epithelia"
"1303","17bc4bcb-f1e9-4d18-8a8c-93b9770e5e75","epithelia"
"1304","17bd5233-0299-4c42-9bf1-8846dda937a3","epithelia"
"1305","17c2cd84-fda2-430b-a33b-a439d737123a","epithelia"
"1306","17c64a5a-a18d-4c2c-88ee-b86fc2c96d28","immune"
"1307","17c6a5f6-8bd3-4038-9fce-c874620e5afe","epithelia"
"1308","17cc687f-ed32-4a77-baa3-a4e5af25cbd5","epithelia"
"1309","17ce4004-b730-4277-b627-d2772fc8c976","epithelia"
"1310","17d2c2da-e373-43a6-8626-1f2205138273","epithelia"
"1311","17d752e4-d029-4d5c-a013-4bf6278e3133","Unknown"
"1312","17df77f0-c63b-497a-8654-4ccb283adf25","NKcells"
"1313","17e47186-d7b4-4255-8580-f783b9738006","epithelia"
"1314","17e5b7b7-c2ad-494d-b36c-8635a33ad922","NKcells"
"1315","17e8a2d9-a1b4-4f54-9f5d-1e36bc049b53","Unknown"
"1316","17e96974-a119-4741-a833-01e220e24ecd","Unknown"
"1317","17ea3e21-5b31-43a1-a735-6874411719ee","epithelia"
"1318","17ec2e8e-9d1a-46a5-881b-98be709ce372","CD8_T"
"1319","17ed4a32-c515-4dfa-a629-9974f5397a5b","epithelia"
"1320","17f40b68-ed34-4a44-a282-81bef95173df","NKcells"
"1321","17f64b95-e23a-414a-a0c0-89d1e7212071","NKcells"
"1322","17fe47a3-081a-4fa4-9fd9-df6ac1e85310","epithelia"
"1323","180183bc-f024-4cf6-98f9-f91638470127","epithelia"
"1324","1802d5bb-1f7b-43c7-9387-f52f3657a9db","epithelia"
"1325","180c7c63-a8a3-4a17-8405-e2c67748dfb4","epithelia"
"1326","180f633c-3795-40df-aa74-9d2a7168d7c3","immune"
"1327","1810f8bd-9f6a-47da-b0ae-fb47e8b4abe2","epithelia"
"1328","18123585-0f48-4a89-9fa6-2fc1096e270d","epithelia"
"1329","1813df32-b876-4134-afce-cc00296371c4","stroma"
"1330","18157498-3d00-4d50-ba00-c6b5f4c20968","epithelia"
"1331","181796f5-ae5e-403f-9995-d13d585a8422","epithelia"
"1332","181c5111-b487-4dcd-ad92-d73171f2f17c","epithelia"
"1333","1820e906-e7e6-4a83-99b0-7df2c36223ae","immune"
"1334","18214ae2-09f8-46c5-bab3-ab5d3d4c8ac3","NKcells"
"1335","1825a4ff-a2f8-4578-89a1-2ade8b226b93","epithelia"
"1336","1828ea62-e460-4227-98e8-615c864536bb","epithelia"
"1337","182b9e9b-dc7b-416e-bf79-7fe1a6a1f18e","epithelia"
"1338","18373fdf-dc99-4360-a2ca-7e5ed0c83099","epithelia"
"1339","183789b0-1659-493c-9087-53b90a1e0129","myeloid"
"1340","183e8ead-068a-4209-a23b-bd6a17ba9945","NKcells"
"1341","1840279e-4828-4484-8353-08b6c8c37147","NKcells"
"1342","18410f98-c177-42bf-beb6-c0171180e660","NKcells"
"1343","1843d619-e3cc-423d-9360-6fccf2093396","Unknown"
"1344","184a73e8-5313-41e3-83f3-2b8784fdd97a","epithelia"
"1345","18516f28-2eec-4d90-bdb9-b45656183f92","CD4_T"
"1346","18528239-37fc-41be-8894-fc1d62a4435d","epithelia"
"1347","18553805-e904-4ec9-9edb-cb25b1f5de56","epithelia"
"1348","18555e50-5650-436c-b57d-eb01697d2cd3","epithelia"
"1349","1862d482-ccca-4eae-9581-c8f7aa6ca088","epithelia"
"1350","1867ad45-af85-47d3-9907-80ecca951dcb","epithelia"
"1351","18688d6b-f742-4bd6-8a20-cd5b27fda86c","epithelia"
"1352","186b6851-4c5a-484e-91a1-ae68018dfe57","NKcells"
"1353","186d59c9-c08a-4a55-a781-d6e964be582d","epithelia"
"1354","186ddeef-a787-4952-a1c1-3854894de192","stroma"
"1355","186f71fb-8515-4e8e-a864-061fcb180b87","epithelia"
"1356","187ea004-52fa-4316-b8fa-4c09840a1568","epithelia"
"1357","187fd3d5-c45e-4109-9974-7d18c5d5df95","Unknown"
"1358","1880cc09-68a2-4d87-a465-f735fec90ceb","epithelia"
"1359","1883c819-41d9-4237-ab35-d180d13d38a1","epithelia"
"1360","18850452-2142-46cf-b141-48d81b375aad","epithelia"
"1361","188b0a21-d35a-4bb1-859d-2c3d60ba0aa1","CD8_T"
"1362","1897cf9c-a831-45c8-a9f5-7c008b976293","CD8_T"
"1363","189f8b7e-5ff0-44b7-be38-561c156191d6","myeloid"
"1364","18a58039-bdc8-486b-a5cb-caecf596f477","Unknown"
"1365","18a627f8-e392-4bfb-b5ec-6facbbd7aeba","epithelia"
"1366","18a916e3-76da-47c3-ac20-46be61c1acf1","epithelia"
"1367","18a9e38b-cd65-42ad-b9ce-a645fbb59468","epithelia"
"1368","18aa2c3e-60ba-4e71-8c89-669edaa82a63","myeloid"
"1369","18b049a9-c257-4f33-9800-33afeef67a7a","epithelia"
"1370","18b0bcda-2bee-46ea-b850-caee3c00e81e","epithelia"
"1371","18b1eb3c-ea4e-4b04-8490-88a584238d20","epithelia"
"1372","18b37969-6755-4912-b08d-d40083f9cd19","epithelia"
"1373","18b50cc7-c41a-4661-9e01-3d5c6b949dc5","epithelia"
"1374","18b8efb1-f11d-4d12-a725-9d153a6f3253","epithelia"
"1375","18c1b537-01f3-440a-97fd-45917615aaa1","NKcells"
"1376","18c20924-46d7-4a68-86ed-ba039ec9e807","epithelia"
"1377","18c5a1e9-00b5-4815-ab88-d7cc5f1c83e6","epithelia"
"1378","18c64a56-4bec-4533-afc9-c0f6f6a9c79a","epithelia"
"1379","18cb4eac-b32f-43fb-8e76-26110ec6333a","myeloid"
"1380","18cc8108-9acd-40d9-b37a-564662703479","immune"
"1381","18cd1234-6544-44e0-9d89-904ac595203e","CD8_T"
"1382","18d342ba-91a2-4732-b6aa-ea5568b5d2b9","NKcells"
"1383","18d3f090-e2b0-4ddf-a732-4496f488c294","epithelia"
"1384","18d804ad-57b2-4a04-b4b6-f8a438cf892a","epithelia"
"1385","18d82c97-8b6a-491a-b227-57d7d1d57dfa","epithelia"
"1386","18d95a4f-869a-4278-b7d0-7c6fd257fe92","epithelia"
"1387","18d9cdbd-ddf4-4f14-a057-63bddf3f0e44","epithelia"
"1388","18dce4bf-3ab2-487c-b890-c1af92e94310","Unknown"
"1389","18de390a-5b47-44f8-af18-1f1bc374ffd9","epithelia"
"1390","18df1e7a-cdef-45eb-a7d4-e18d67b67074","Bcells"
"1391","18e06990-0808-4635-aefc-b6d16f6defd5","epithelia"
"1392","18e0bf38-7a30-4839-a6b0-4edfc875c0bf","myeloid"
"1393","18e1eea6-6d42-4231-9381-0bbb42fc85eb","epithelia"
"1394","18e442f4-80d3-4b3b-95f1-768be2e61260","Unknown"
"1395","18eabec8-4111-45c6-b453-6b9a9cd50a52","immune"
"1396","18ef268a-3e80-41c3-854b-475261cb1342","epithelia"
"1397","18f333fa-bf0e-432f-8f77-4ce977106247","epithelia"
"1398","18f95158-255d-4fc2-bd3b-14fe40b64159","epithelia"
"1399","18f977d4-b97d-4f27-9eb3-359bee082fee","NKcells"
"1400","18fb5339-d337-4e37-8ba0-7321673ee858","myeloid"
"1401","18ffeda5-9af5-4b9b-bf5b-ef9e2e93a709","Unknown"
"1402","19019c58-5e58-40b9-a731-7013f218de20","epithelia"
"1403","19035ad4-bee4-4d11-887b-069a6e106f33","immune"
"1404","1904a51a-1c1a-4d3b-b685-60a2fc084ed8","epithelia"
"1405","1909ba19-9bcf-4fce-ac81-14812d3b2a41","epithelia"
"1406","190cf157-b90e-4d13-87ff-f03d57963c8b","Treg"
"1407","191421a2-51ad-4df5-9e5e-c22b84a631d8","epithelia"
"1408","191545a3-bf5f-41ed-bac6-b7cf435966ab","epithelia"
"1409","193ba682-2b2c-4ab9-a40f-5b69119c2a19","epithelia"
"1410","19470d61-ae27-44f3-bcb1-c640e82d2937","NKcells"
"1411","194aead8-3111-4c56-89db-d2164a4e9f7b","epithelia"
"1412","194b5ada-7c9e-4e68-b5b2-e94ceb77f299","epithelia"
"1413","195571a4-e374-4c7d-a61b-36d51c78b06c","CD8_T"
"1414","1959998a-c08f-4550-9535-6c6e90daff42","epithelia"
"1415","195fe0a2-c7dd-468d-a6fb-83ff29749f24","myeloid"
"1416","1962da3e-322f-4dd9-ae78-0bd3fc9c6a34","epithelia"
"1417","1965e13e-8a4e-49e4-9f8a-04257bf759be","epithelia"
"1418","1966954b-3732-4d7a-baea-e68c0531f555","NKcells"
"1419","1969fdbe-1969-4d74-97bf-be26814aebc6","epithelia"
"1420","19717f57-c4bd-4c52-a8e6-380ca8327659","epithelia"
"1421","19722640-5e40-4916-8fda-28d1bc30b4ef","epithelia"
"1422","19728959-e1d5-4d45-9d96-f398a730b796","immune"
"1423","19765cfc-1e5d-429c-b507-07eec1971330","epithelia"
"1424","19785667-45c5-4efd-bb1f-2aa126c59950","epithelia"
"1425","19798966-d4f0-4df3-a8cb-03be4980d70c","NKcells"
"1426","198114ef-ab9b-4bcd-8649-c54a31cc6252","NKcells"
"1427","198706b8-bc49-4ab9-9022-79457d4b3b08","epithelia"
"1428","1988d2ee-7a8a-47c7-8970-782b562cc84f","CD8_T"
"1429","198a54f6-09ea-4c9a-997f-3f18b31b2808","epithelia"
"1430","198c590f-1ab3-4f9a-a93a-2437c442053a","epithelia"
"1431","198fdef8-f3f7-4b89-a726-9db3f2775ad4","Treg"
"1432","19941ff2-6ed3-4e63-9156-661f2a164087","epithelia"
"1433","19959b96-d184-471e-9816-04134b1bb47c","Treg"
"1434","1996d7c5-9e63-4e90-a47c-a0289c97565e","epithelia"
"1435","199a7274-0bed-47cc-b5f6-fde7b9556694","epithelia"
"1436","19a0444f-3aa8-4e0c-b8ea-d758654438ea","NKcells"
"1437","19a19870-c687-404f-b93a-da7e7f818488","NKcells"
"1438","19a3ea04-b3a4-4326-81bd-14c8553a4f76","Unknown"
"1439","19a60a45-c638-49e4-8509-cdb1d981d8af","epithelia"
"1440","19a7a887-2fc3-4bec-a159-403ce45296ac","epithelia"
"1441","19a97f32-38a0-4e66-ac38-a6473daca4d2","NKcells"
"1442","19aa8da7-4659-41dc-9434-b8aab4a77aff","epithelia"
"1443","19b5280e-7aec-4f52-bfea-c7128083c1fc","epithelia"
"1444","19b660ca-ab3c-4dcb-b8fb-b3ea81b131d6","Unknown"
"1445","19b937a2-fc6c-48d1-a735-85e6a7b51cc2","NKcells"
"1446","19c20512-79f0-474d-b692-e836b6895482","immune"
"1447","19c3bf7e-3fa1-402e-93a0-82a342baa40b","epithelia"
"1448","19c46ceb-9bb0-46e7-8958-70b01b1c2341","epithelia"
"1449","19c7b3e7-5980-4f20-9987-e2a365fd4aff","epithelia"
"1450","19cbb5e1-64af-42a8-b808-78257b4b40b2","epithelia"
"1451","19db226e-8609-42c5-92e4-ffda669643ce","NKcells"
"1452","19e097ab-7f5f-4e9f-b00d-d30c770793ac","epithelia"
"1453","19e20d22-4d64-4d2a-bdba-76cfb9ed086c","Unknown"
"1454","19e44a66-4262-40e4-8cab-02711b2c6253","epithelia"
"1455","19e5ba53-da03-498e-a717-69b51561c8ea","Unknown"
"1456","19e84fc4-8431-4292-9cd7-151b99e5b633","Unknown"
"1457","19ea59fd-82d0-4129-9d1e-530c6f23770a","Unknown"
"1458","19ef230b-405f-47f2-9384-508f229320e1","epithelia"
"1459","19efbb81-ee34-4e0b-9b99-28f2300081db","stroma"
"1460","19f70507-944f-4bcb-9211-8c32f33983f3","myeloid"
"1461","1a017c46-7bc0-445f-b998-073909fcc319","NKcells"
"1462","1a07ec89-8cc9-4a92-b72d-37689afb991f","epithelia"
"1463","1a0df3b4-5d67-40a8-8ab0-517c2fa60a95","epithelia"
"1464","1a10f66e-a38f-4266-bf8d-accfd90022fd","epithelia"
"1465","1a148f5d-7c84-4f9b-8603-35906e6cf1b4","NKcells"
"1466","1a14ca6f-ee3c-44fb-9bbf-1c30d8ee00e0","epithelia"
"1467","1a15da82-4191-41de-b6f1-0f88c4f66082","epithelia"
"1468","1a1ccc67-b6df-4068-86f4-97e36e7b7639","epithelia"
"1469","1a210099-8b37-4092-940f-8de0f36c3efa","immune"
"1470","1a22d714-05e6-4562-9f52-a6f16e6ae1a9","Unknown"
"1471","1a249a17-8bdc-47bd-bea2-378769c6586d","endothelia"
"1472","1a24d411-1ff4-455b-a4ab-51f5f007c194","immune"
"1473","1a2d2a9f-a397-40ca-ae2f-264fd2e3613e","epithelia"
"1474","1a32cfe7-8417-4670-ae9b-abaae9f653a9","epithelia"
"1475","1a33b235-60ee-4341-b97c-76a711094ccc","epithelia"
"1476","1a3b6ff2-7956-4bf4-825d-4876d7c6558e","immune"
"1477","1a3e3650-74c5-4d3a-9b8e-bf8822456c10","Unknown"
"1478","1a3e78b6-5056-44f5-a7fb-bdaff277c468","NKcells"
"1479","1a3ffb0c-bb52-4422-9bbd-60205cb83add","epithelia"
"1480","1a42bbf1-5095-40fd-b7e3-e78b729eb07f","epithelia"
"1481","1a42d052-3bad-441d-acc2-a1d4bc380611","Unknown"
"1482","1a44578b-fa69-4d48-8727-4e9dee547c93","epithelia"
"1483","1a45ebd1-40a5-40d9-82de-e7a62bf529b4","epithelia"
"1484","1a4b95b9-979f-438d-9413-1f9d27e99a4a","epithelia"
"1485","1a51bf23-f026-4900-8ca7-16b230e23fb1","epithelia"
"1486","1a51da2b-a9b3-42b8-9a94-5c7a685d6fa5","epithelia"
"1487","1a5901a8-f3cf-4131-b6a9-da1bba3cc8ea","epithelia"
"1488","1a5a9445-1c08-4b91-8d82-8054ae8a17e5","epithelia"
"1489","1a60b82d-6700-45c1-9c2f-a09b219b8e04","epithelia"
"1490","1a623723-fa6b-4167-af46-787a590f03c1","Unknown"
"1491","1a62ca79-2c8a-4007-9939-342cca106434","CD8_T"
"1492","1a6b3b85-b517-447c-b6d1-a7cfbe105425","myeloid"
"1493","1a6b5b83-b2c3-46f3-a416-2f5d10763062","epithelia"
"1494","1a6ce7da-e939-46de-b709-1a3fe1259392","myeloid"
"1495","1a6e2580-8762-482a-8a35-6f7fd42ec861","CD8_T"
"1496","1a76db7e-796e-4abe-8f98-141d1a9e4b65","CD8_T"
"1497","1a78569f-49e1-4bb6-a949-a2c44507fefd","epithelia"
"1498","1a7b8374-20a5-4fb5-aeb5-472c632eac24","epithelia"
"1499","1a7befd6-e649-4076-8bef-a687c371e785","Unknown"
"1500","1a7d7e67-b475-4cb6-92aa-bb58724682a6","epithelia"
"1501","1a81deb9-4d87-4a69-a546-f5c101ebbbfa","epithelia"
"1502","1a854dce-1a18-4298-88b0-7289ed9f7896","epithelia"
"1503","1a8e24c8-d6dd-4b40-9758-0c09e85fc76f","epithelia"
"1504","1a8f1dfe-90e9-45c8-a420-b647d45da0d1","NKcells"
"1505","1a942320-c67e-4409-a9da-a34f7bb97800","NKcells"
"1506","1a960ba3-fe74-48df-a566-01620c91a120","Unknown"
"1507","1a9d2460-c468-485e-a3a5-a67a50aa4b7b","epithelia"
"1508","1aa5701e-9c68-469d-b009-cabe6295850b","epithelia"
"1509","1ab06594-f4b2-4af7-ba17-28f18febbe15","epithelia"
"1510","1ab4f982-b0e1-47c3-a933-f642d72c3e46","epithelia"
"1511","1abcbcd2-8702-41a5-a627-c0a1a7b24ae8","epithelia"
"1512","1ac2a2bc-9340-43b8-a2f8-68c74b356cfc","epithelia"
"1513","1ac38704-945d-4f68-b528-bbfa19d03354","epithelia"
"1514","1aca9f00-9201-4c02-ae79-37bb210ad3e1","epithelia"
"1515","1ad65678-c3f5-4cef-96fd-e94f768e8f5c","Unknown"
"1516","1ada097c-9fab-4f57-89ee-70b0296c6ea3","epithelia"
"1517","1adb9cb8-03c2-4dd9-a95e-7c33d30237d9","epithelia"
"1518","1adc8d6f-e062-4a31-8290-b391c839109a","CD8_T"
"1519","1add0228-e280-4a57-a264-c2701ec7de08","NKcells"
"1520","1aefccae-0eca-4db7-8c8a-93710da552b9","Unknown"
"1521","1af3ff6f-ce6b-4313-b364-094fa0fceab9","Unknown"
"1522","1af59a04-a5ec-46f3-8b7d-993e987dee98","NKcells"
"1523","1af5bcc6-8b70-4914-9e1e-2f2792f21426","epithelia"
"1524","1af5c339-0cee-4c53-8a08-857f2d86c9c9","Treg"
"1525","1b0535e0-23f4-45a9-a75b-b6d3df3b9b04","epithelia"
"1526","1b0797dd-288b-4f9c-80a2-53fdb005fba6","stroma"
"1527","1b0b20e5-9ea8-4468-8189-ae63ab25ed68","immune"
"1528","1b14ad03-afb2-48f4-895f-9c1da88fda6b","NKcells"
"1529","1b1a8095-2c13-4559-a130-05887c600a9a","epithelia"
"1530","1b1b6063-e9bb-422f-b594-4bc06f49acfb","epithelia"
"1531","1b1ebcc5-d190-4218-ba2e-50c7e5c5bde8","NKcells"
"1532","1b22c8b9-488a-4ecb-8724-3f3ae1c00096","epithelia"
"1533","1b2981ec-d354-45e4-a4d7-979b0f11d960","CD8_T"
"1534","1b2ba5f1-82ef-4b8d-833b-1a1c18835c71","CD8_T"
"1535","1b2f3787-0608-4978-9102-f1653e7eda78","epithelia"
"1536","1b3049ad-d748-4a14-9a7f-1f6923102190","epithelia"
"1537","1b336b30-df28-4d60-8533-3fbc80e33c76","Unknown"
"1538","1b3489f4-7be0-4d21-897b-573167219f5d","epithelia"
"1539","1b38ded5-e371-4690-a97f-4f13fcf789ce","epithelia"
"1540","1b3c2a84-e438-4d8f-a1a3-f3563d3d0d43","epithelia"
"1541","1b48d35a-a27d-4ed0-9f8f-4581b8000fb3","epithelia"
"1542","1b4ac9a6-184d-4192-9655-ca8cb376bd14","epithelia"
"1543","1b4b7db1-b92b-42ad-afac-976b813db686","epithelia"
"1544","1b4b8558-fee3-452e-a233-6bb280444ec3","myeloid"
"1545","1b4cbe0c-8d76-41e0-97fe-9ef4fc2a7bfe","Unknown"
"1546","1b4fb1ef-a7ed-4642-84f8-4416bd0c53c2","epithelia"
"1547","1b50e472-3a5c-4e77-bfaa-32726904d4be","epithelia"
"1548","1b532f6f-012f-459b-82cd-8b6ec614748e","NKcells"
"1549","1b542b26-6c27-4cb0-9a17-687792617169","NKcells"
"1550","1b56c297-a06a-44ed-bb2e-82194029d47a","CD8_T"
"1551","1b579df0-896d-4288-b79e-77b413af4bea","epithelia"
"1552","1b6238a3-ac7d-4352-841f-17dbc9fe72eb","NKcells"
"1553","1b66708d-6a7c-4db9-a492-055b007a6cca","epithelia"
"1554","1b69ea3a-ba25-4ea9-8380-908969e945e8","NKcells"
"1555","1b6e0b89-20e3-4737-889c-4650e4166155","Treg"
"1556","1b6f0182-5278-4e26-8bf2-06869e6ae684","NKcells"
"1557","1b70f9f4-6462-4ef7-9ef1-a29a4a823b52","epithelia"
"1558","1b81f1ca-ffcb-4bdf-8501-b027f2be4ad7","CD8_T"
"1559","1b8f3a56-379f-4dcf-a7dc-5a1e72643049","epithelia"
"1560","1b9438cd-98e6-4027-9a13-e654e7be12ff","NKcells"
"1561","1b973366-c99c-4a97-9b37-0cdc9f17ce59","immune"
"1562","1b9ed7a7-e169-40af-9d87-53938b641ae5","epithelia"
"1563","1b9f2559-6969-41f3-86cd-cda1c05df37d","epithelia"
"1564","1baebec2-0678-4d32-b1b5-8fed65b5ce1c","Unknown"
"1565","1bb31f87-78e6-49a1-9476-5ec36534eb4b","Unknown"
"1566","1bb652d2-a871-4084-a9c6-ae73cddd76da","epithelia"
"1567","1bba1295-b584-4630-a938-d9108b4568ba","epithelia"
"1568","1bc2e4b3-12ca-4177-ada3-ee165a8faaed","epithelia"
"1569","1bc70cd5-4fe6-4914-96bf-461a0b17e3d4","NKcells"
"1570","1bd308a2-acc0-44d8-97e7-8546907bbdad","epithelia"
"1571","1bd84947-d62a-42af-ae3f-b87305fcccbd","Unknown"
"1572","1bdaf44e-af30-40e0-9684-b404428caacb","Unknown"
"1573","1bdcce98-e552-412e-858e-887ab3047ae9","epithelia"
"1574","1bde0321-f0e8-4265-997a-a6505584f436","immune"
"1575","1be21e19-654d-4a95-b972-2aeed9698743","epithelia"
"1576","1be5ff30-7d11-40de-b0e1-ca4054ec7522","CD8_T"
"1577","1beb0d87-d054-4f59-9fac-9967ce6d303e","NKcells"
"1578","1bebbe01-7d26-45fc-abce-59101db614d7","epithelia"
"1579","1bf255a5-a76b-4482-9f6f-1a7a81481ee0","epithelia"
"1580","1bf3416b-0ca4-4fe1-89af-f36ce1c0624b","epithelia"
"1581","1bf47eda-75d8-4e8f-b675-812f3a5c8851","Unknown"
"1582","1bfbada5-8fcd-4978-ae3c-e5b3d23b0c50","epithelia"
"1583","1c09f8df-1995-4826-87b7-be6563775908","epithelia"
"1584","1c0a10ba-93e1-4b8b-9950-3c6adf88cf04","CD8_T"
"1585","1c112180-2051-4010-9314-b6fb4470274a","epithelia"
"1586","1c11be27-fb84-4821-8c60-aa0cbc75e6f6","CD8_T"
"1587","1c144b67-b615-483c-8d54-89290ab0a7f7","epithelia"
"1588","1c14962a-9368-41f8-8c09-72e4bfa0fe75","Bcells"
"1589","1c247bb3-3e65-4ad3-95dc-ff97cd85f435","epithelia"
"1590","1c27c662-3491-4d32-8781-6f04b57d761f","epithelia"
"1591","1c291a7f-7e40-4062-a2f0-5403e2bb430c","Treg"
"1592","1c335b67-3605-496b-a9e9-02c822fe76e2","NKcells"
"1593","1c349621-3bc6-46df-bc88-6ada4b43c8e4","epithelia"
"1594","1c37fd12-d100-4333-8eb5-72205ef951d9","epithelia"
"1595","1c3f56d8-22ec-4450-bfb3-4d9cb154b907","epithelia"
"1596","1c421e88-3f8a-4284-a9a3-41fc857d46df","immune"
"1597","1c4b79b1-9a07-4029-a348-51e2fcfd6fae","epithelia"
"1598","1c50f491-744f-4c2b-b806-2f99ec65c5cb","epithelia"
"1599","1c5b7314-503d-483c-a0ca-57ac57a2cdc1","NKcells"
"1600","1c715b02-3336-4bc6-b56d-8e3e732b94b8","immune"
"1601","1c752394-0be4-4a89-bef1-c483e6d31b92","Treg"
"1602","1c819e00-f45b-4980-a026-abe064b55e16","NKcells"
"1603","1c8b6069-c0c5-4030-a0ed-1d301fddc186","epithelia"
"1604","1c9bc5ab-62e9-448b-8501-5326fff8b86f","myeloid"
"1605","1c9df27c-07e9-47f5-915b-0b0a486d3a9b","epithelia"
"1606","1ca56c6e-6710-43a2-9063-260a29b82a0d","T_cells"
"1607","1cb3d647-202c-47fa-be78-c232d819a986","Unknown"
"1608","1cb48a81-554f-417f-b51f-5d79cfcd0fdc","epithelia"
"1609","1cb4de5a-64a7-4a85-9f5e-524e36e09602","Treg"
"1610","1cbd1838-1f67-43ab-8c76-d887e2f2275b","Unknown"
"1611","1cc63678-c7bc-4edc-8802-5ef1eb9a1d41","epithelia"
"1612","1cca1fa1-b7b0-4bbf-a1a7-8c232c99de20","CD4_T"
"1613","1ccc5230-c3ed-42c7-82da-ef351896211c","immune"
"1614","1cd1e859-01fd-40d0-95ab-ad5d3f279298","epithelia"
"1615","1cd2a28d-c491-4c06-b41e-2a191cadfc36","epithelia"
"1616","1cd300df-2ae9-4b9f-8256-fb7a462efcb0","NKcells"
"1617","1cd76969-8b55-4562-9461-120ddfb1c209","NKcells"
"1618","1cda5e56-4f32-407e-bdf7-349b6031b54d","epithelia"
"1619","1cdd65d5-a97e-439c-9cee-471c607a8406","epithelia"
"1620","1ce20506-0bcf-4212-a442-78317abbfc84","epithelia"
"1621","1ce5e55c-9866-43ca-b397-0d4c223767b3","immune"
"1622","1ce6078e-aae0-4805-92a6-5139d71896e6","epithelia"
"1623","1cf2c98d-5b31-4071-ba71-a4649edb74c4","Treg"
"1624","1cf3091a-0c57-41f7-9993-823024740cb2","epithelia"
"1625","1d04ca2b-4272-4571-b387-052e18549154","epithelia"
"1626","1d08a8e0-3610-484a-97d7-a782f0f3bcfa","epithelia"
"1627","1d1055b9-fb0e-4e97-8f2e-f5cb9b23e1d8","NKcells"
"1628","1d1b575d-924f-416c-b5b3-42bac767e659","CD8_T"
"1629","1d1cce50-11ad-4cee-b44e-5b876d0afa05","Unknown"
"1630","1d1d7ccf-9777-4d3d-a82f-11ca2e683d4a","immune"
"1631","1d1ec67d-cc2b-4bee-aaa7-9821a9fb4fea","epithelia"
"1632","1d204534-3ebe-4b89-98e5-56c4a9d3540f","CD8_T"
"1633","1d20beaa-f436-4f6b-885e-c6d7e5e3ffdd","CD4_T"
"1634","1d22eea8-a42e-4529-9e3a-938109bdcf5d","immune"
"1635","1d318cdd-fd13-4b40-8bdc-25a86e8f1a2d","epithelia"
"1636","1d328934-ad76-4ed3-8e1b-8e0b90c800c8","Unknown"
"1637","1d33134a-86da-4242-a243-26d84c6e216e","epithelia"
"1638","1d348dfb-3bb1-46b9-bdb2-c18b2f3ad9d9","epithelia"
"1639","1d36202b-d4fa-4125-a20d-a40a2cc5f054","epithelia"
"1640","1d4187b2-146d-4f00-9d1e-1899527ebd8e","epithelia"
"1641","1d47979b-5f34-4cf4-bec6-436b6e9d258f","epithelia"
"1642","1d499c7c-4756-4fa3-8c4b-5648e34b477c","epithelia"
"1643","1d49e883-5ad4-41f4-a55c-dedbc22b2a39","epithelia"
"1644","1d4ec97d-e5ac-455f-9c90-ff907dfeb024","epithelia"
"1645","1d5a3871-2a3a-42e1-a15a-a4b9b8fabcc9","Unknown"
"1646","1d5baea6-c83f-4071-b221-e737e4e8dabd","NKcells"
"1647","1d5d9b93-ffd1-44aa-b9aa-3c3954b007d7","epithelia"
"1648","1d5ff21e-dfea-4626-b054-59e477e3f96a","epithelia"
"1649","1d62b3da-b8f8-4ee1-8eed-fca835257bff","epithelia"
"1650","1d685a5d-a76a-4191-823e-6e01be0e084f","epithelia"
"1651","1d68713d-3bf6-4b30-951d-3e7b1c5b77c5","epithelia"
"1652","1d690f66-f0ba-4140-9873-0056676e4415","Unknown"
"1653","1d6931c9-af85-45f8-a816-24cfeeafd42a","CD4_T"
"1654","1d6ace9a-ea4c-42c3-a3cb-0ffbf8a76e42","epithelia"
"1655","1d6f7bf1-cb22-485d-a30d-ff41daeeb096","CD8_T"
"1656","1d6fd03c-bdbd-469e-a095-b2ead1077c06","epithelia"
"1657","1d77ef9a-7ff7-4dac-a1ea-58db16a51420","epithelia"
"1658","1d7e6fd3-11d1-41e5-ab3f-15fbf9afd3e5","epithelia"
"1659","1d7f53b3-796a-4ff1-bc31-a5824322eca0","NKcells"
"1660","1d8511d3-a9e4-421c-b3a1-d42092ec2181","immune"
"1661","1d890b27-09be-4ad5-ab76-7accf7863358","myeloid"
"1662","1d8b41f0-e9ac-4773-922a-ec447e1e24c5","myeloid"
"1663","1d8d134a-a2c6-45e4-9425-3b156c7431e8","stroma"
"1664","1d959450-e12e-4214-9b39-30db15842300","epithelia"
"1665","1d99ac98-6dbc-41ec-a98b-edfdfe76af34","Unknown"
"1666","1d9a3fe7-bef9-4593-8974-3395f65b3e45","epithelia"
"1667","1da55980-368e-4f99-a2e9-e7ee6acdbcfa","NKcells"
"1668","1dac1bb5-36e9-4965-b89b-5a95c6677138","epithelia"
"1669","1daf9401-f074-47a3-9036-4c0351f21856","epithelia"
"1670","1db25ef2-9ef4-4d0a-bba7-16cfe2ae1ea1","immune"
"1671","1dba933e-ad49-4776-b1e7-293cea8a54d7","epithelia"
"1672","1dbcaf7b-079a-400f-a581-f19e2c3b7718","NKcells"
"1673","1dbee405-c763-4112-a848-754f83169e48","NKcells"
"1674","1dbefb75-0f96-4978-a8d3-1110c913b99b","epithelia"
"1675","1dc48d57-d505-4411-bff0-097048a3b930","epithelia"
"1676","1dc6aeb1-c41e-4285-a29b-4e53d3b2d601","myeloid"
"1677","1dcbd8af-3b8c-4c9e-a9aa-95e97ee02bad","epithelia"
"1678","1dd06d1d-7683-443a-9bcc-c11d845fa966","CD8_T"
"1679","1dd1b956-2f52-4665-9079-d25a3cb1cf9f","epithelia"
"1680","1dd1d1f6-268a-429b-a6c0-f0a88175741a","myeloid"
"1681","1dd3a98a-2345-416b-9fbf-b9a12688b975","epithelia"
"1682","1dd84f1f-54fd-4c0d-b8b6-4bdcc9dfccbf","epithelia"
"1683","1dd94601-f169-425c-9c9c-e3139bd6d1bb","epithelia"
"1684","1ddb8baa-b3e3-4d47-91dc-c4cb3a630e84","NKcells"
"1685","1de4dc4a-7821-4825-b2e0-805d608458a8","epithelia"
"1686","1deb939d-3c2a-4513-81b2-b598fd0deff9","myeloid"
"1687","1df12a41-a5c2-45d6-80d3-b457ba7a8305","endothelia"
"1688","1df54cfc-5f12-45e6-8148-f41a440cb0f7","epithelia"
"1689","1df7fbae-9823-4728-be72-3cf96d108329","stroma"
"1690","1dfe9793-4b09-4912-bae2-74fc682f87e1","epithelia"
"1691","1dfeb8b8-d45a-491b-b96e-7d1710cc4fdf","epithelia"
"1692","1e01c730-b2ea-40a6-8c6f-3b0d1f742066","NKcells"
"1693","1e0f8897-3a67-4e34-945d-d4a99b882446","epithelia"
"1694","1e13edcd-192a-46d9-807c-f4a3ba2bbca6","epithelia"
"1695","1e196e6d-013e-43e2-a14c-703445e20648","CD4_T"
"1696","1e19c222-421a-452b-8690-393c1af4b56d","epithelia"
"1697","1e1c8650-8473-4d33-9150-c55f0bc4cc4d","epithelia"
"1698","1e1cccb5-9257-49d2-abee-faf8e453ca82","epithelia"
"1699","1e2185e2-287a-4bf3-8ab4-b7a2c4d88502","T_cells"
"1700","1e27a4cc-41d5-47f4-b803-cc07970b4d21","epithelia"
"1701","1e295bfc-91d6-4888-80c5-952d3d343e36","immune"
"1702","1e2b1123-df77-475d-a82c-089605718582","NKcells"
"1703","1e380c05-57ab-4ab6-83e5-b5aaaab91237","epithelia"
"1704","1e3d5c0b-6f70-4ebd-8c9b-afe5a2230275","immune"
"1705","1e4759f1-f02c-4c51-9fd8-f80be5282982","epithelia"
"1706","1e479883-02b8-4a00-86ff-5ca2ae1df6a6","epithelia"
"1707","1e49c6b1-0d3c-43bd-9dee-396780c348a4","epithelia"
"1708","1e4a2142-6243-4c64-9cc5-8fa08ef7fde8","epithelia"
"1709","1e4f9476-d485-479b-ada5-1ad65c737d09","epithelia"
"1710","1e5552a9-b220-4f1a-a233-cd4b2d2f123f","epithelia"
"1711","1e5857d7-ef84-48bf-b699-f6fe2ac7b7fd","epithelia"
"1712","1e5a6cb5-250f-45d7-a545-7f7efe32a039","NKcells"
"1713","1e65ebf0-1ea4-4743-8081-329739d89c2b","myeloid"
"1714","1e66e7fe-e597-4217-b152-45d357dc2300","epithelia"
"1715","1e67d94b-2d2c-416b-b094-6d9a3c8b4233","epithelia"
"1716","1e7afe02-0f25-4bd6-9cbf-fc23ed723b27","epithelia"
"1717","1e8233c7-c3a6-49e6-9c25-1f79b1d2ba26","epithelia"
"1718","1e824bed-ba30-4b34-859b-efcc25868837","epithelia"
"1719","1e8dfd4e-95f6-4d13-9587-b03293ddc5a1","epithelia"
"1720","1e958506-5f37-4de7-8904-e2857e19189d","NKcells"
"1721","1e9c6154-1c11-43b0-82b7-08d30731426e","myeloid"
"1722","1e9d1ec6-7529-4fbb-b136-635cf9f7d0ba","epithelia"
"1723","1ea07dfd-3b80-4912-a277-622cf0580fd2","epithelia"
"1724","1ea1a986-5a4d-432a-b072-8486894c14f2","NKcells"
"1725","1ea966af-557c-4c67-a416-48d7e26bde8d","epithelia"
"1726","1eadf313-25d7-4e54-a998-6c657e2fe2c7","Unknown"
"1727","1eb391b5-80f9-48cf-b2cf-7068b89a437d","epithelia"
"1728","1eb4b42d-19fc-44d1-aed8-56a24761bb60","epithelia"
"1729","1ebb3342-bee4-4202-96bd-a90bde4b5e1d","immune"
"1730","1ebba176-c97b-4d25-a3c5-388489c50d84","myeloid"
"1731","1ebcf9a6-cf72-42f2-889a-ab82fe2c9ff7","immune"
"1732","1ebe9f00-9a05-4963-b2d4-1511101c8cbb","immune"
"1733","1ec00fab-5688-468b-848a-9a3a870d98e3","epithelia"
"1734","1ec22c7e-6635-4a6e-b3f8-07c097fad4f9","epithelia"
"1735","1ec79de5-26f5-40a0-9235-a92a222a6f10","epithelia"
"1736","1ec9be39-a073-4d0b-9c8f-21959ae7ea4f","epithelia"
"1737","1eca1054-8409-48bc-bd4d-a89d00377e8a","NKcells"
"1738","1ed885bc-35ce-48de-ab12-9c06f26baa6f","myeloid"
"1739","1eded893-95f4-4210-aeb4-90fd513f4779","epithelia"
"1740","1edf8ae9-b1b0-4ea8-8950-78a34735e369","endothelia"
"1741","1ee105f4-1460-4ee5-94d0-e8b33d0d6b31","epithelia"
"1742","1ee21d3d-af6d-4322-880d-40aaa98609b8","NKcells"
"1743","1ef8a1a5-4291-4664-91e9-072873cb21ae","CD8_T"
"1744","1efd0ff1-b4e1-4cbd-bb2d-ece86d614042","immune"
"1745","1efe2e1d-174e-4ea9-882c-9a229f3c2ebd","myeloid"
"1746","1f03164c-4739-4153-8e7d-1a5408aed10f","epithelia"
"1747","1f06fc53-3c06-48e5-963d-1ccd9b5ae145","epithelia"
"1748","1f0adf5c-8e0e-4a2e-810c-9c1a7af497db","epithelia"
"1749","1f0b173d-16e5-4550-acad-28f1e9fee550","epithelia"
"1750","1f0bf4ba-6fcb-4b74-a20a-91c0e35fad2a","NKcells"
"1751","1f15e70b-59c5-406d-88f7-7b29a81f892d","epithelia"
"1752","1f16c1c8-e26f-4ce8-b9f4-cf3fd9b0997a","epithelia"
"1753","1f1aa209-ee56-4dc5-9c48-a884cbb32316","myeloid"
"1754","1f22f4d8-d1d6-4244-b5b2-3c221750c087","Unknown"
"1755","1f244ecf-9fab-4ec9-9aa0-9e72a9a77eeb","epithelia"
"1756","1f2a32ed-419b-4aca-83c7-7b2c75316036","epithelia"
"1757","1f2f685b-1a79-4dd5-8909-d069d245f473","epithelia"
"1758","1f3461dd-de24-4d2f-80b1-6afd9f7c1095","Treg"
"1759","1f360e48-28b8-42a4-9878-8c9eb7d7a4d9","epithelia"
"1760","1f36bf9c-ad45-47dd-b455-c2b2fe255df7","epithelia"
"1761","1f37185e-754b-4257-8b7e-912b7fca6230","myeloid"
"1762","1f3f820c-e91a-441b-bc7a-d91e587bda0d","Unknown"
"1763","1f49bc49-3cb9-4a75-8d3f-cdfac187325a","Unknown"
"1764","1f4f857c-3040-406d-b947-2fab21054e62","NKcells"
"1765","1f4fb057-a07a-4d6c-979a-942546a0fd11","Unknown"
"1766","1f50d05e-c438-4541-83bc-1393f8f04647","epithelia"
"1767","1f51c648-bfc0-418b-9102-0c1b2aa52e7d","myeloid"
"1768","1f6a4229-7c6a-4b08-a245-7dabbac3245b","epithelia"
"1769","1f733146-741c-402a-8a63-454622e37347","Unknown"
"1770","1f829495-d7b8-4f6f-81ca-a3308ab7b130","CD8_T"
"1771","1f8fdaee-af63-496f-b989-182da6d32463","epithelia"
"1772","1f94ae88-a2ac-46b8-94f3-930ee0539e47","immune"
"1773","1f97518b-c5f0-4252-a034-456dbf4bf3b6","myeloid"
"1774","1f975c81-7256-4d57-a0fb-6bec5f562097","CD8_T"
"1775","1f9aa9d4-120f-4f56-b27a-b049dd439923","epithelia"
"1776","1f9aacb5-13a6-47dd-bfe5-053ebe24afc6","epithelia"
"1777","1f9eb569-989e-4821-a748-ca71aca6795c","epithelia"
"1778","1f9ee5e4-c78f-450c-8555-f50cabdba990","epithelia"
"1779","1fa26226-d9cc-45d4-af9a-db2f022a5a1a","epithelia"
"1780","1fa38697-502d-4deb-a5ad-3cb58c442fa6","epithelia"
"1781","1fa8a51a-fe68-4a84-ae80-e976c364c5d6","NKcells"
"1782","1fa9cb99-8922-4fbf-a44b-03e9d76c6859","epithelia"
"1783","1fb14ac3-793e-437a-8345-b6b566025c26","NKcells"
"1784","1fb31251-639a-4e00-a108-9896b04515eb","Treg"
"1785","1fbf1588-0af8-43fb-bb0b-baef67a18ef3","myeloid"
"1786","1fc0c973-e864-4a39-8a02-209cba718bbf","Unknown"
"1787","1fc335e2-59b4-4efa-a57f-ac0727574ea3","immune"
"1788","1fc54f0c-ba00-440a-ac7c-f9f646f532ba","epithelia"
"1789","1fc6889e-d5e2-4e6c-b0d9-cd6362159874","Unknown"
"1790","1fc7d6ae-3017-495c-94b1-73748310f07d","epithelia"
"1791","1fd54fd9-c4db-414c-9566-e890ccc15d7c","myeloid"
"1792","1fd627f4-c92d-4012-ac83-c9c8df9cee2e","epithelia"
"1793","1fd676fd-36bf-4db4-8b23-25157b1956bc","NKcells"
"1794","1fd6f64a-613d-45e2-a284-b13cc51164c7","epithelia"
"1795","1fdf3019-d678-46c7-84e4-48bf90b2c795","epithelia"
"1796","1fe15735-f59b-4422-a1a7-249fe207ca4c","epithelia"
"1797","1fe3deb3-9a51-4d9f-a47d-65abc7fc34fd","immune"
"1798","1fed058f-d023-4832-aa2e-c6bdc00bc5f3","epithelia"
"1799","1ff38b92-f33d-483a-aa89-03856f69cc92","epithelia"
"1800","1ff94877-e767-4cac-b520-393168ae54c2","NKcells"
"1801","1ffb9540-b5a2-479c-aab2-db10abb31dc0","epithelia"
"1802","1ffd6514-3079-43de-a213-5451a43164a1","epithelia"
"1803","20055742-69d3-4512-bc15-80e30798d4eb","NKcells"
"1804","2009d374-6dd7-4d63-ba2b-a3bc5796e704","NKcells"
"1805","200b2aaf-38f1-4a63-ba0c-e502805ff350","immune"
"1806","200dfa37-d37e-4c7c-a3ff-ce65e3f32345","NKcells"
"1807","20107951-c06d-4f04-8473-50492e90ffc0","epithelia"
"1808","2011a3a6-57ad-4b47-9ec0-42f4d57b4184","epithelia"
"1809","20122183-7189-470d-9155-e66b350f4ef2","NKcells"
"1810","201a8dbd-cdb4-4a7e-9b62-6ab0a286cd9a","CD8_T"
"1811","201b3e10-493e-4928-a25c-9a5a015608fe","epithelia"
"1812","201cd420-a109-4269-a942-990279df73f8","epithelia"
"1813","201d722f-afbb-4730-a492-2612eddd723c","epithelia"
"1814","2023405d-2fcd-4437-9a6c-77b9b6149bd8","epithelia"
"1815","202f146a-c4d0-4652-8392-524c4e74e17e","epithelia"
"1816","202f3bce-1527-4425-8e1a-5abdfd0bec70","Unknown"
"1817","20356aea-916b-464f-b365-60221728889b","epithelia"
"1818","20437a82-3000-4373-815f-3dfe7bc22f74","epithelia"
"1819","2043bbb9-b50b-4c57-ba2e-71dc22a03baa","epithelia"
"1820","204473da-dd61-4700-bb19-0c60d4cea7a1","epithelia"
"1821","204d4f8e-06cb-4c9f-adeb-c518a42707df","epithelia"
"1822","20539632-a34b-4c15-8b44-f86687a8db09","NKcells"
"1823","2058ec63-c495-49fc-8277-8d0fa61747ea","epithelia"
"1824","20697dd5-27c5-4f10-9e0d-a8544e2b3807","epithelia"
"1825","206b3b80-8dcc-47a4-8a05-cc52101b73dc","epithelia"
"1826","206b75ac-9fff-432c-83cf-d719429a0e26","epithelia"
"1827","207c7301-5406-4b81-b602-25d51a813d36","epithelia"
"1828","2081ea1f-0c2d-435d-914c-0ecaeec0c827","epithelia"
"1829","2088a3b4-0935-4492-943a-09879a8673fb","epithelia"
"1830","208a0200-445b-45ca-b11e-2f47d089d535","epithelia"
"1831","208ab766-e3d3-4a8d-bd2a-dd3575c74d99","epithelia"
"1832","208c7893-a34e-484f-b740-b0607fac9d47","NKcells"
"1833","208eecb0-7c9c-4539-a2df-fd9dc3508bd1","epithelia"
"1834","209229ed-0b92-4724-80df-aeebbf8c6f4e","NKcells"
"1835","20996fa7-d001-4d12-944c-a08c330a836f","epithelia"
"1836","2099a757-a0bf-472d-a853-cc457e3bd635","NKcells"
"1837","209fbd69-1562-483a-a51c-064abf07858e","epithelia"
"1838","20a07237-1803-44b7-b52d-dfd178a31aa9","epithelia"
"1839","20a5ad34-9ce3-412f-9aa9-a41b10782897","stroma"
"1840","20a692d2-6e40-4737-961c-8e1d80c0b493","epithelia"
"1841","20ab9f3c-7819-48fd-ba8c-62ffecd09319","epithelia"
"1842","20b589d4-cae9-4ffd-8b4e-735aa72a2ad5","epithelia"
"1843","20b5abda-0a9e-4cb2-b82e-098b9750138d","epithelia"
"1844","20b5f4b0-f714-411a-bdfa-b31665064360","CD8_T"
"1845","20b7a795-ceb9-4164-a656-c02233b1adfb","epithelia"
"1846","20c8f211-f9a8-437d-8385-509e9ccae617","Unknown"
"1847","20cec086-b585-4b99-b24d-a47db942b467","epithelia"
"1848","20d6584b-1f45-4aa3-84c4-a52583a57816","stroma"
"1849","20dcdf48-671c-47ca-98ef-b6c743b6a448","NKcells"
"1850","20ddd513-9753-4779-b502-88b3d2edb139","epithelia"
"1851","20dee53c-6c9b-4dbd-9436-9d1136420ecb","epithelia"
"1852","20dfff69-aa14-4a80-af50-2458fac940c7","epithelia"
"1853","20e74ecd-a526-47d5-b981-91538f11b1db","immune"
"1854","20e898ff-5a80-431c-a26f-559e3f846ff6","CD4_T"
"1855","20e8b337-9533-4af2-8032-9f40f2ccb998","epithelia"
"1856","20ea9e85-b83a-479d-9bfa-508f613eeda9","epithelia"
"1857","20ef6e37-4d36-4ac7-b479-78a7ce94ae81","Treg"
"1858","20f13e3d-503b-4e63-ac38-05fd9d61b21d","epithelia"
"1859","20f320ab-18d8-4cfb-add6-b1bedfa3c7b6","epithelia"
"1860","20f58f8e-312d-495b-9dec-5389397a04fd","Unknown"
"1861","20f79f5a-5986-4c87-bfed-959f031dbc25","epithelia"
"1862","20faaad0-72a7-40f7-a316-a5553cba8e68","NKcells"
"1863","20fc0e3a-8048-4d49-ba3d-cde2850f5943","stroma"
"1864","2108f0fc-f23a-4c1e-a1a9-94e56e849159","Unknown"
"1865","210af335-39e9-453d-aebc-accbb0a62379","NKcells"
"1866","210bf26a-df6a-47b0-97c6-7d4cc97abb16","epithelia"
"1867","2114fafa-e98c-48d1-8f31-b2daad2f454d","myeloid"
"1868","21160bdd-2f89-4982-ae25-10be79732152","Treg"
"1869","21171374-f746-4423-8e2d-cca012cd9b33","epithelia"
"1870","21187065-1ff3-457c-a77c-231c744fd4e2","epithelia"
"1871","2118b6c9-02b2-4194-b561-85a22284fca5","Unknown"
"1872","21215fb6-84a1-4fe9-bb8d-318bf0a8b8c1","epithelia"
"1873","212dd80e-e468-4e8b-b92e-fb0365d8ea4b","epithelia"
"1874","212ee2e2-7d72-4b72-b9bd-4a92eed9b415","epithelia"
"1875","212ee976-895c-4789-884d-4346f0cf5ae9","epithelia"
"1876","21327904-ed9a-4f6a-ae70-3b42c9dd71d1","epithelia"
"1877","21371372-d038-46e3-b3ff-0888a631f241","epithelia"
"1878","213e55d9-20cd-4cdf-a51a-131870ebfc95","epithelia"
"1879","213fedc9-8793-41e4-9ee9-f2879d1ea73a","epithelia"
"1880","214108fd-1463-464d-a77d-998b3d399e47","epithelia"
"1881","21411e40-dd84-4c2e-a7fb-74be8625e401","epithelia"
"1882","214568e2-5a8d-4964-81ad-7099aaad2ac0","epithelia"
"1883","2147b4fc-7221-4f89-9673-dd9a8b7f984d","epithelia"
"1884","2149c1a5-c1ec-4875-bb18-aaf7ae657f62","epithelia"
"1885","214e3ac0-9d25-4cff-8d36-ca540a47c6c2","epithelia"
"1886","21512254-945a-4d4b-a876-62c72e07c0b4","epithelia"
"1887","215242ce-1afd-40f8-96b5-4070033e6895","epithelia"
"1888","215249a1-4a4a-46cd-9b91-24c578e2a7f9","epithelia"
"1889","21549bec-2fdb-4f79-9e7a-957561099d2e","epithelia"
"1890","21597894-84e2-4ebe-9cea-7eedaee857ef","CD8_T"
"1891","215e745a-95de-4c21-881c-a1b25c517d06","epithelia"
"1892","2169e817-ecc6-4eb7-bb2c-dd4d5baabc0c","epithelia"
"1893","21723baf-e75b-4541-b030-edf71a87d0e4","epithelia"
"1894","217a49a8-faad-4ff1-9f60-acdd18626d86","epithelia"
"1895","217e8d5b-0cac-4c11-9bb3-c7085a47c6e9","epithelia"
"1896","21895621-fc5b-40af-b66c-50483c7d8ef6","epithelia"
"1897","218b1ad3-a37f-497b-bfe2-f6f804da297f","CD8_T"
"1898","21986325-5e3e-4dc2-af57-c86519e068c6","epithelia"
"1899","219bb145-4624-4ea6-b3b4-ab62ada2dada","NKcells"
"1900","219faa51-35a5-4e1e-94e7-738b4644e414","endothelia"
"1901","21a1ee55-ec37-4c07-8e1d-c4eae1ea9fd0","epithelia"
"1902","21a4b98a-6357-4d5e-bc96-9759539196f2","CD8_T"
"1903","21ac4aaf-f9af-4688-b329-2c59787623ce","epithelia"
"1904","21b28601-1485-41f7-bb32-02990ac1a89a","epithelia"
"1905","21c3e1df-9b2a-42b3-80a9-6567bcd8b156","epithelia"
"1906","21c47f9b-a128-451a-b97e-41d4a3539348","epithelia"
"1907","21cbd771-ae83-4ae8-bbb5-1c3add50b5fd","epithelia"
"1908","21cdc047-814f-45bb-95d9-bb2d4f93ebb7","NKcells"
"1909","21ce5217-193b-4de2-a85b-6adff95ae6c7","epithelia"
"1910","21d516d1-5e20-40ac-9143-900887dc6a1f","epithelia"
"1911","21dca813-554c-4a2c-83b9-3250382bf8af","epithelia"
"1912","21e735e2-a404-4bfc-bf10-51e96cbea0f6","CD8_T"
"1913","21ef03b1-3a20-4298-9ed8-7921a9c0af7e","immune"
"1914","21ef30dd-c688-45ca-9464-f4beccc3473b","NKcells"
"1915","21fabee9-d630-4ed3-9ea2-11dcc67e1e31","epithelia"
"1916","22013c0f-e49a-4dd3-830a-1dc3b53ce5ab","epithelia"
"1917","2208b991-35f9-46e2-aa42-ed3dd76067f8","immune"
"1918","221392ef-2053-4ed8-9702-6e9cdf3fd6e3","T_cells"
"1919","2214ec5b-3f4a-41f1-97ef-8f117cdd62d1","NKcells"
"1920","2216bb60-2932-4423-961d-f626233fa437","epithelia"
"1921","221ac07e-b5e2-4e4f-bc2d-bfc0a32abd51","NKcells"
"1922","222197d5-ec52-4750-b32c-34f7ef5ea320","epithelia"
"1923","2221ad91-b73c-403a-abe7-0bb789b156ab","epithelia"
"1924","222882fc-6c7f-45a7-bb35-8c94a03ef929","NKcells"
"1925","222dc349-c330-49b9-a660-ddb59f4faca2","epithelia"
"1926","223f23a0-2868-4c8c-85b9-64eac3fe7441","CD8_T"
"1927","2248eb3f-910d-49d4-870e-4cca42b58019","myeloid"
"1928","224ae54a-20c8-4834-a4d5-1447c0c56943","epithelia"
"1929","224ccc93-8efa-4882-8552-b4d9ab95b4d8","NKcells"
"1930","225b6d46-ed5f-4d7c-a36a-e0ac2d32a580","CD8_T"
"1931","226064cb-7ac7-4449-9665-ef3ce12a92fc","Unknown"
"1932","2265ca40-baa2-4fb4-8bb1-ac7785f4e78d","Treg"
"1933","22677bbf-64e5-48c6-9736-8a847f7a8c06","NKcells"
"1934","226f2e12-a414-4cc5-989b-88aa1bb99386","epithelia"
"1935","226f767c-3090-45ba-b0c3-b429e2b9552e","epithelia"
"1936","2274a171-b6fd-404f-bb42-4c8de3bf7b39","CD8_T"
"1937","227ab92f-8ab2-4a6b-80c7-c23402cd8153","Unknown"
"1938","227b7558-1c2b-4b77-9905-60d745ca4f22","epithelia"
"1939","227ebeb3-e352-4e80-a1bf-10d81162baa1","epithelia"
"1940","2281f5f1-1222-4876-b1a1-525662caeb8b","epithelia"
"1941","22862ffa-9d40-4acd-8fa8-622884c897cc","CD4_T"
"1942","228e90a1-3607-4268-982c-193bc12532e4","epithelia"
"1943","22926956-a75c-4a89-a13d-b68a492a05f2","myeloid"
"1944","229b71b8-8789-4498-88ce-eb6072ed3f96","epithelia"
"1945","22a063f4-e94b-48ff-9cf6-6e7c4e3f9d28","epithelia"
"1946","22a41597-c1da-4d32-99e2-94f90dd06bda","epithelia"
"1947","22ad5338-d658-4327-8089-e740faa3cf2d","epithelia"
"1948","22bd8ba0-158b-41fd-a749-51dbbe02ad5b","epithelia"
"1949","22bf4c70-5eb7-4f12-8bc6-831a9f078216","epithelia"
"1950","22c55449-88de-478e-80cf-e51bc1b82e88","epithelia"
"1951","22c5b771-bf01-4de2-94df-d411441b9a98","CD8_T"
"1952","22c5cf23-c4d5-4b63-9e55-314368db0059","epithelia"
"1953","22c6adf6-ede1-4545-9c54-8ea233e48af0","CD8_T"
"1954","22d49dde-ebc3-4460-8d6e-92b0c51e287e","epithelia"
"1955","22d8de46-9c0b-4721-8364-8e2fdf0ef219","CD8_T"
"1956","22e7197b-d13b-41ca-959c-c4f19b51a81b","epithelia"
"1957","22e829b0-19e4-4113-8a1b-18a1706a9fd9","endothelia"
"1958","22eab3d3-a9cd-4fae-80f0-a1e943af8dc9","epithelia"
"1959","22f4dcbe-21f5-4823-a94e-710de733343d","epithelia"
"1960","22fc6243-1364-4c47-888c-f40c6027c2a1","epithelia"
"1961","22fd2298-c2e3-493a-8212-100faf454062","immune"
"1962","22feaf3f-41df-4c92-8285-2f43ac409677","epithelia"
"1963","22ff80fb-89f3-44ab-b118-903b59dd8134","epithelia"
"1964","23012258-7941-45df-986b-c25fd5fcd3d0","epithelia"
"1965","2304a4b7-2b0c-4b28-bbeb-5ab456f80e49","epithelia"
"1966","2307b2c9-b864-4a92-816a-95e3c71f52f6","Unknown"
"1967","230fc6f7-774a-4dd1-9001-5d3326d7eed7","myeloid"
"1968","23114d9c-2a53-4a85-99f9-d2f4a15a9ad3","NKcells"
"1969","2318fc99-f290-4cb9-b629-570997bd1b50","epithelia"
"1970","2330e304-5863-4596-8bdf-985a97a078a0","epithelia"
"1971","2338a3a6-7c91-480b-a7b1-d48b9646469e","epithelia"
"1972","2345dd14-bf06-4b47-baf7-7bd6c1302b20","epithelia"
"1973","23521be6-06a9-47f3-8c97-ecce94e2fe1c","Unknown"
"1974","2355f007-0cb0-4fbe-841e-f5d5e33803ac","NKcells"
"1975","235771c5-a827-4fd5-8321-484a6a846866","epithelia"
"1976","235820c3-41b9-4dc2-b128-f07087d286e2","epithelia"
"1977","235f1ebd-e0cf-4efc-aa81-17759da6fcf7","epithelia"
"1978","235fbb7a-8a52-4786-9ff8-297b8b786df9","immune"
"1979","2366386b-857f-4092-8c0b-a9c6a3f75009","epithelia"
"1980","23674928-5477-4924-a4a3-5416335ae526","stroma"
"1981","2369a6e7-afc4-4246-963f-96b04c0ccc87","epithelia"
"1982","236d5215-1872-4948-8a81-e5b011b36942","NKcells"
"1983","2378d40b-2e68-43e5-945c-1528da2c43db","epithelia"
"1984","237a4c1d-1377-403b-8e1d-e72d38b4ccf6","Unknown"
"1985","237b7d63-615e-4799-9d31-09779a6bde70","stroma"
"1986","237d38c3-468c-4ca4-95d4-adc039f14fcc","Unknown"
"1987","2380a5b3-aa25-4fe7-b50d-a4582de807d1","NKcells"
"1988","2383f856-3055-4eaf-aca9-a5714140e280","immune"
"1989","2384e8f3-86f3-4c4d-bcfd-bde64c028b2d","NKcells"
"1990","2388cf36-c3e6-4299-9ed1-18e40432574a","myeloid"
"1991","2390e79c-6b73-4133-b3f9-ed0d6f6c7b58","immune"
"1992","2396f423-2383-415c-97e6-b9584d22d779","epithelia"
"1993","23972ae6-b177-493d-9516-a8aaa1ce5418","epithelia"
"1994","239ed11f-5310-4e0c-8d03-b43316bf5c7d","NKcells"
"1995","23a23e62-5b1f-4fbc-8145-87391c6a0175","epithelia"
"1996","23a4fdea-4ab3-4e26-971c-400f85fd1ef8","T_cells"
"1997","23ac8069-5e65-41c1-b670-3fe10e04f626","Unknown"
"1998","23b16c7a-0ed2-476b-8e5d-53242ba7c6f8","CD8_T"
"1999","23b2a8c2-f0ae-4699-96f5-efda51741b53","epithelia"
"2000","23b3b87d-b737-4454-ba7f-52d75f95f687","NKcells"
"2001","23b65507-7e8c-4cfc-834d-29f927019454","CD4_T"
"2002","23bb60b8-eb21-4d96-921c-f7e9a7093dcd","epithelia"
"2003","23bca67c-7934-45e8-b919-56171d20e94e","epithelia"
"2004","23becede-0f69-4594-8c64-d0146808278f","epithelia"
"2005","23c3d2d6-9730-47b4-873a-2b13bcbbdd5a","epithelia"
"2006","23c7e5b2-e04e-4952-9e41-29205ff4b6aa","NKcells"
"2007","23c87655-aeab-4b5d-9551-95dc8bb01360","CD8_T"
"2008","23ca4d19-8b7f-416b-a4ff-e2ff8439e53d","NKcells"
"2009","23cba672-e399-4035-abb5-c60e0aa155eb","epithelia"
"2010","23cc7db7-298a-4e93-948d-97ac36b4ea05","NKcells"
"2011","23d05970-06f0-410c-94c2-cf8059630c4b","epithelia"
"2012","23d101c7-592f-4056-8e3f-70cab86a686f","NKcells"
"2013","23d7a3af-7f08-4862-9815-3eef0ebdc615","epithelia"
"2014","23def900-aef9-4c4d-92d5-1643bf39a1c8","epithelia"
"2015","23e6ef78-8e65-400b-b41b-8a0f2bdccba7","NKcells"
"2016","23e74097-ef55-4bc7-a887-646a27757e57","stroma"
"2017","23e7eb5f-d750-4930-a65c-2791c9e7096a","epithelia"
"2018","23ead3dc-8ed6-4158-9a6e-9ea9086793e0","Unknown"
"2019","23fda09e-8b1e-43a9-a848-8a132fdc4bcc","NKcells"
"2020","240b59b4-5a02-44e5-9180-da7cdb9df3f4","epithelia"
"2021","240d871f-2614-414e-857e-b362993660a9","epithelia"
"2022","2413f655-59e4-4276-91e2-ffbdbe28a633","CD8_T"
"2023","24153a2a-2449-481a-817f-1bf70e1ade5b","epithelia"
"2024","2420678c-5da4-41d7-b42e-752526d7faf0","epithelia"
"2025","242374ef-766d-4ed8-8c1c-e88944cb01e3","epithelia"
"2026","2425d482-58a2-4455-91af-30c0a7cd97b0","NKcells"
"2027","242b5d6f-0930-4edb-9f2c-543a36ff7ec5","NKcells"
"2028","24313e23-b0fe-47a1-af73-1f6998383f33","NKcells"
"2029","24342311-0d11-44fe-831c-c04dba58966f","epithelia"
"2030","2437c37c-6225-4b9f-b65d-06ee0363bb34","Unknown"
"2031","243b5983-fc9f-43dc-919f-85d1b6f0d305","epithelia"
"2032","2452c593-2bcb-4c83-80cc-1f6003632df4","stroma"
"2033","24553c7b-3ad3-482c-b9c6-cf09dbf431f0","epithelia"
"2034","24586e75-f519-40d0-8cc1-960c99bc9e47","epithelia"
"2035","24597a89-00ec-4505-b223-83e73cd6defe","NKcells"
"2036","245ce7cd-c735-4184-8fa9-4e9c4194f560","epithelia"
"2037","245e32c2-eb93-43e6-84b3-9d4f4cc9de94","epithelia"
"2038","245f8c03-f676-4365-b55b-b6e8adb8756d","epithelia"
"2039","246584da-6c23-4e06-a512-eab978d4304e","NKcells"
"2040","246f7c53-b296-4c4f-96bc-36c7941633e6","epithelia"
"2041","247a7f53-f7ca-4787-9496-92d997790398","myeloid"
"2042","247bb30b-1f78-47e3-9a4a-21f733299790","Unknown"
"2043","2482fd6e-a3a6-4b86-81ed-d6d98572f6e5","epithelia"
"2044","248890ec-64ef-49c8-9308-c00f499e9a8f","epithelia"
"2045","248cad64-ddc3-4ce0-bfe1-6b85db259721","Unknown"
"2046","248ed7e9-76d4-4022-99aa-a3f9c7cfb12f","epithelia"
"2047","248f52db-b93e-4d96-bcf2-c97c50183905","Treg"
"2048","24986373-a8be-4274-9d22-058b9e6f2ee1","NKcells"
"2049","2499c418-9b27-40b6-a5a4-29a7c4b30d7c","epithelia"
"2050","249a80ec-a6ad-44cb-a8a6-c49c2763010d","epithelia"
"2051","249a9a4e-461d-47c8-86e2-2f157d10a73d","epithelia"
"2052","249ede5a-b9fc-4f10-88ae-c6f5c1bfc167","epithelia"
"2053","24a2c5ad-af7e-43b0-a22f-15c182e42390","myeloid"
"2054","24a4677b-568e-4ffc-8041-c29e3393b158","epithelia"
"2055","24b444ee-2258-44da-8407-c9e9343175e9","epithelia"
"2056","24b578f6-e775-464f-abab-1f4d6672df20","NKcells"
"2057","24b9953c-c1d2-46fb-b8ac-d006f04151cb","NKcells"
"2058","24bd38aa-adad-4542-a159-1df25585b9bb","epithelia"
"2059","24beba11-6510-4249-8a20-32278ea12d8f","epithelia"
"2060","24c194a8-3a20-4558-b6d8-d7a55a2dc429","epithelia"
"2061","24c1cc0d-a2b1-48c2-bf41-8dc2d1886e6c","epithelia"
"2062","24c32fc7-c5b7-4dac-9cdf-c5d8b7709208","epithelia"
"2063","24c355a8-f33c-47be-b257-06f678f2439f","epithelia"
"2064","24c58b44-258e-438c-a7fb-ebe01434d6c4","epithelia"
"2065","24c7e988-9a8f-4688-be9a-6b135c4453a8","epithelia"
"2066","24cd9f41-2e14-48d5-b80b-0bbe00c1a040","epithelia"
"2067","24d695a2-f017-4975-956d-9ecd327b01d3","epithelia"
"2068","24d82af6-47d8-4054-a966-e880889ab0da","epithelia"
"2069","24d98426-67fb-4c46-88cb-1f1691b0c7f6","NKcells"
"2070","24e215fe-aae5-48cc-8551-5f7b478b1828","epithelia"
"2071","24e2d9db-b6e3-46e5-bf2c-d12ec8507cd0","epithelia"
"2072","24e56762-4674-4459-bcba-e7c366d0eb33","epithelia"
"2073","24e8b708-be92-4c05-a21e-3dafa695d796","stroma"
"2074","24eb80ad-7534-416d-a5bc-2f3761229a32","CD8_T"
"2075","24f0f5c6-b302-4a49-9448-bcde7918c34d","epithelia"
"2076","24f68e17-8573-4101-90b5-397ac3a9c59e","NKcells"
"2077","24f930db-06c0-454c-8dd5-d5bab6178baa","myeloid"
"2078","24fa85e2-5bec-4bc4-ace1-145c9cd5f72e","epithelia"
"2079","24fad03c-4582-44b7-bc08-8dc444a8c600","Treg"
"2080","250e1a29-1305-480c-b967-8b9d41c3bc27","epithelia"
"2081","25168c77-c53b-4f8e-afaf-2a4c118c0a81","epithelia"
"2082","25191d92-e604-4fbb-81a3-36200bcb2e9c","epithelia"
"2083","251b8dc2-82c6-4f46-9038-712173910a41","epithelia"
"2084","251ddbe7-b6ba-4fef-8ef9-9a94a10ea54c","NKcells"
"2085","251e7f18-3822-4e3d-90c4-0ad48725e67c","epithelia"
"2086","251f8151-6844-43b3-b355-8415d86cfa04","Unknown"
"2087","252545b9-8ff9-4063-8706-78b61e1706f2","epithelia"
"2088","252dbd83-5440-4144-afef-4ce5cb78ea24","epithelia"
"2089","252e721a-2266-4d5e-a0d7-7b10e51762bd","Unknown"
"2090","252f5e4d-97eb-437a-8413-bd5445ef357e","epithelia"
"2091","253963d6-f83f-41ad-bfe0-65e0c917af77","epithelia"
"2092","2542b583-95e0-4f75-8fd2-52a0e10995ac","epithelia"
"2093","254342ab-42a9-46a5-8366-2e73a68cc0ba","epithelia"
"2094","254b8d22-3f9c-4920-8b52-b7762729c97d","epithelia"
"2095","255f298c-1f32-4520-b2fd-68f07e83fecd","Unknown"
"2096","25610c61-3952-4dad-8cba-4a63b4851c60","CD8_T"
"2097","25689e33-46cd-4562-9684-6ab04b45c06a","CD4_T"
"2098","2569f321-03b3-4a7e-a78d-c983e4054145","Unknown"
"2099","256cd8a9-2b07-4988-b829-17177173e728","NKcells"
"2100","256cdbfd-8b8d-455c-94d3-3f25ae256bfd","CD8_T"
"2101","2574090f-75c1-41e5-92c2-6fe361b0a049","epithelia"
"2102","25780a96-3806-4c6a-b0c4-baf6c094c6a6","epithelia"
"2103","257c8556-dca0-4fdf-8145-581dd3320584","epithelia"
"2104","257fea04-3cb9-429e-ac14-53a8566146c9","epithelia"
"2105","258a49c4-35fb-4e24-9e84-752807a84dfd","myeloid"
"2106","258c3f68-eed3-44c5-a2c9-5aeca6764d05","epithelia"
"2107","258e3665-f1d3-41da-b420-9f0cb4f586f2","endothelia"
"2108","258e8920-67ab-40fc-bd93-f53ae40d4e45","NKcells"
"2109","258f0f5f-566e-4933-9aeb-11d5f30ad61e","epithelia"
"2110","259205c2-ae3d-456c-bdd3-312cf2b7af06","epithelia"
"2111","2599b67d-7948-4813-9367-c892f131b3d2","epithelia"
"2112","259bbb97-e700-4c6e-9920-49a90e6c863b","NKcells"
"2113","259f1af3-2724-4e29-8c42-0cd1648619b7","immune"
"2114","259feddb-7804-4795-880a-872093d3f088","NKcells"
"2115","25a21593-3f1d-404c-9379-3209493d4c65","epithelia"
"2116","25a41c57-aded-4c5c-85da-310b23b3f20b","epithelia"
"2117","25a42ada-c8ff-41e5-bae1-c97f1a9da0dc","epithelia"
"2118","25a5eb86-03ce-4934-9de1-33822d3b78c8","epithelia"
"2119","25ac51c7-d5da-45d2-98d9-4ffbdff7350e","epithelia"
"2120","25ad476b-2ff4-47d5-8fc4-06fb26c8e70e","epithelia"
"2121","25b00742-14bf-4ab1-9b2b-4aef3294948e","myeloid"
"2122","25b1316c-f474-49c1-8dd1-6c4dee66e45c","Bcells"
"2123","25b4f940-d516-419b-8ae5-14af010e7c9e","epithelia"
"2124","25b6f5c9-16bf-4f35-bdda-7650ba99d979","epithelia"
"2125","25b951a3-32df-437a-b56b-a464a673f6a6","Unknown"
"2126","25c0c2f7-9055-4c4b-805b-e208ea31fd78","epithelia"
"2127","25c19459-f154-49f8-a9f4-04a8dcfa6fa6","epithelia"
"2128","25c36093-225e-4ab4-a894-43bda907b384","epithelia"
"2129","25d3f0b9-423f-4d2a-86e8-3825e15bc2ea","myeloid"
"2130","25d59312-f891-4437-8ed4-32d8832c583d","NKcells"
"2131","25d5fa02-c855-4716-927d-c8b9aca7804f","epithelia"
"2132","25deb126-aae6-44d6-a71e-c1e80fe49128","myeloid"
"2133","25e42667-073f-4fe0-acc8-8b7ea847a9d6","NKcells"
"2134","25e51f44-d3c2-49f2-9755-0f0c5a52a4c0","epithelia"
"2135","25e53f12-6bb5-43f6-8277-0fe2b4076306","Unknown"
"2136","25f01265-9a50-4603-9077-236ae4fb0545","epithelia"
"2137","25f044e6-1625-499a-89a7-ea085c75ed15","myeloid"
"2138","25f37dc8-5bf9-4f3b-83f4-15105b62bfb3","Unknown"
"2139","2604f1e8-a1c5-4867-bcbb-65c9679b8dac","epithelia"
"2140","26067eec-5356-4309-a641-2d36da3e98c2","NKcells"
"2141","260702e0-47f8-47f0-9bf7-f09d2b2f6945","epithelia"
"2142","260d54bb-feff-41e5-95d4-243ba5393283","immune"
"2143","26105c05-bac9-49b5-908a-a4c1831b343c","epithelia"
"2144","26191246-fdd4-4e9e-a440-699211a90ae4","Unknown"
"2145","261fc938-b564-4797-bf31-a243c5f4d21b","CD8_T"
"2146","26212074-b720-4f31-9020-d98a3c4c5204","epithelia"
"2147","26240065-a4e4-45a2-9f26-a9ffc5bad4a3","epithelia"
"2148","26287763-8444-48d9-b0e6-4c73ffeeecb7","epithelia"
"2149","262a4caa-c74b-46b4-a0bc-9609db851675","epithelia"
"2150","262ac271-a14e-4591-9d54-6bcc18d1e49f","CD8_T"
"2151","262d52e2-6f85-4165-9152-ab300fd7d429","epithelia"
"2152","26332f74-3e7c-47c9-ba61-4f79b174391e","epithelia"
"2153","263b8e15-67a6-4014-98af-b7a1109fbdaf","epithelia"
"2154","2641640d-5f76-4eea-9974-5e257685b915","Unknown"
"2155","264318f5-3883-4a35-a4df-aee7a22670e3","CD8_T"
"2156","26434e0f-7aad-4b37-abe7-d049675fa757","epithelia"
"2157","2643a71d-26be-494c-b331-d52737a1287b","epithelia"
"2158","2647d88a-0fef-4d96-b67a-f779dd61be68","epithelia"
"2159","265322bd-02ce-4cd4-b5de-421c46344b34","epithelia"
"2160","26533f2a-2932-4cf7-bbcb-f6197ba6e118","NKcells"
"2161","26653656-3a0c-471d-af6d-2ab97a129597","epithelia"
"2162","2669559a-840d-410f-b0bf-9fa1ec5b64de","stroma"
"2163","26713c84-2e96-422b-92bc-35db6cdbc01f","epithelia"
"2164","26714121-ee66-4e50-ad40-86e84f825ac7","epithelia"
"2165","2678f8c2-afaf-4ba0-ae5b-e27f412a0914","epithelia"
"2166","267bd3f4-bb55-4910-a90b-284237f18c49","epithelia"
"2167","267fc1fb-e2da-4663-bc6c-6d689467bb19","CD8_T"
"2168","26812cee-e3a6-481f-b7d2-b1255d8dc73e","epithelia"
"2169","26830cfa-e4f5-4a8e-a130-a7727496a020","epithelia"
"2170","268363de-cbbf-459e-953a-32b05e5a8603","Unknown"
"2171","268d98f3-6175-41a3-aa51-77473fa06c6c","NKcells"
"2172","268ed756-9843-4ef4-8f87-fefa30443e8f","epithelia"
"2173","2696776a-2355-41ff-8302-2edeb8ce231a","epithelia"
"2174","26a0cb3d-b7c6-476f-8a86-6e3e1d5c166c","epithelia"
"2175","26aa7c9e-53ef-4d7b-8428-a0c79652a447","epithelia"
"2176","26aeb0fe-b1ab-4402-b40f-ac6875808745","epithelia"
"2177","26af70d7-a4e8-438c-80da-82a8e6999267","epithelia"
"2178","26b1d17f-215f-4e08-b6ba-f36073a01002","stroma"
"2179","26b47b6b-e774-4296-b91e-603852e3113f","epithelia"
"2180","26b84c76-edaa-439c-ab48-6c70e538a573","epithelia"
"2181","26bd6b0f-2fe5-4faa-9fe6-d9ac03b2371b","immune"
"2182","26bed97c-25dd-4f34-a923-753eb9ac1382","NKcells"
"2183","26c00692-e418-47b1-b193-42087d906001","epithelia"
"2184","26c0683d-c5ac-4b56-9ba9-0aef06967d53","NKcells"
"2185","26c1434a-e84a-4171-aaf7-027ed7586679","epithelia"
"2186","26c41bf7-7493-44f4-9609-756e8897ebec","epithelia"
"2187","26c69aa7-8dc3-4ccc-b6c8-f6ce874853bf","epithelia"
"2188","26cf753e-f4bd-479f-8c4a-12f40fe47800","epithelia"
"2189","26d1a700-9720-4d28-81af-0aff450c14c3","epithelia"
"2190","26d405f4-9616-426a-9559-cce0d409db77","epithelia"
"2191","26d5e657-aa6b-4a3c-ad88-9312af58a226","Treg"
"2192","26da6951-f5d6-4296-8b8a-44463ba3d650","epithelia"
"2193","26df5739-edb9-4351-bf46-bf2f50ec01ae","Unknown"
"2194","26e4972e-24f4-40d8-b474-57dcb5b8176f","epithelia"
"2195","26e7ff6a-6883-4fba-aeb1-a8c18850274f","epithelia"
"2196","26e92a1c-5c6f-43fa-80a6-c93544bd145b","epithelia"
"2197","26ec29e5-447e-40fa-8980-dfd1b1b6051d","epithelia"
"2198","26ecd172-2c00-415a-97c4-15f1d3312ae4","epithelia"
"2199","26f53eaa-8e88-4abd-bf71-69d25d9c8dd3","NKcells"
"2200","26fd33cc-f052-476f-ae99-501a34585abf","Treg"
"2201","26ff8b04-a56a-4c06-927c-c0e310f7b29a","NKcells"
"2202","2703f8aa-a717-4664-9ff3-521f32fd80a5","epithelia"
"2203","270a4f8c-c6de-42ac-a672-85469e4bf1d2","epithelia"
"2204","270b0935-b4f6-44d9-9eaf-ad2a14cf844e","epithelia"
"2205","27146db7-d6d8-4ba3-9fe0-e55451bd9334","NKcells"
"2206","271741ac-0280-4247-969c-f11cf81f489f","epithelia"
"2207","2721a238-bfbd-4dfd-8d0e-d409b3dd3c26","epithelia"
"2208","2727bfc3-28be-45d2-970b-a65c987483c6","epithelia"
"2209","2728fc3f-78f0-4fea-abeb-6abe25639133","epithelia"
"2210","27291df6-8d0a-4279-88d1-44a57fe651ed","epithelia"
"2211","27312a65-791c-4fd0-a6f7-1acaaaf14a6a","Unknown"
"2212","2738c79b-3e46-4250-b1ed-0b790553f55c","Treg"
"2213","273afdf8-ce6c-41bc-8981-8cced5582a83","epithelia"
"2214","275aa251-39ad-41da-a3ad-a364b49c7f88","epithelia"
"2215","275b58e3-90da-4959-88ae-e481e30ed6be","epithelia"
"2216","2762bed0-298c-4c03-b2d8-ef6b3d4e8988","CD8_T"
"2217","2769639c-44d5-4bbd-9f1b-e1760be2c7cd","epithelia"
"2218","277a1ae0-8626-479b-aa4e-eda12d376b3f","CD8_T"
"2219","277a9677-0530-413b-ba32-08aef65130a6","NKcells"
"2220","277c6bc8-b77d-4e49-a351-c9f586e7d4fc","epithelia"
"2221","2783bb64-336e-4741-b540-70367f376640","endothelia"
"2222","278922b3-126e-4a13-be28-180efec4eca0","epithelia"
"2223","2795373d-7ebd-4d41-b0cd-fbd906f62cc7","myeloid"
"2224","2796969a-4e23-4e19-baa3-1b643c899ee0","epithelia"
"2225","2797db92-bd25-4d5f-9358-0cfe8f3fd622","epithelia"
"2226","2799173f-654e-499e-b77f-357f2b6986f2","myeloid"
"2227","279ebf28-b42a-4965-9087-497a161b10ac","NKcells"
"2228","27a1afc7-fe46-4039-bf68-96428c780303","epithelia"
"2229","27ab7e50-6c5a-49db-abb3-cb49e7d72bdf","epithelia"
"2230","27b881a8-ea99-4d7e-8c15-1298e68e07d4","immune"
"2231","27c4aa9c-6911-47e9-a0e8-b68d33d36371","epithelia"
"2232","27c56abd-225b-4c8b-a307-c70136915d8f","endothelia"
"2233","27c7e31d-c684-4dc9-9591-bb10a9eaeb81","epithelia"
"2234","27ce59ad-56f0-4a7b-b881-6556953dbe60","epithelia"
"2235","27d056e1-968d-4fb2-930a-dd3362a40541","epithelia"
"2236","27d4dc21-a5ce-4124-87b8-da35931b7019","epithelia"
"2237","27d5d118-7e9b-4553-8f3a-aadc83f6f296","epithelia"
"2238","27d5ec7a-e722-498e-8a08-7f74648c702a","epithelia"
"2239","27dc9214-6e61-4bda-9eff-263e6d2dfca2","myeloid"
"2240","27e0fc01-7dfd-48e9-a77e-38b32eeea268","NKcells"
"2241","27e9bce8-2d78-4864-95c7-14927f3bd299","NKcells"
"2242","27efa829-1b3d-4a47-9a90-e476e763dc52","epithelia"
"2243","27f21929-dc8b-46cd-a37d-1e6021e7333c","NKcells"
"2244","27f7f822-43c7-422b-84fc-cf009d05f9f1","NKcells"
"2245","27fe2eb6-cea3-4d00-8f17-6572d528371e","epithelia"
"2246","28006053-5be8-47ce-9d76-5e26c404a701","epithelia"
"2247","2806525b-84bc-4d0a-adcf-4e9704425927","epithelia"
"2248","280854bb-fc16-4e7b-86d6-6eb738f09c89","CD4_T"
"2249","280cb1be-b8f1-4b82-bef2-5644bb871f21","epithelia"
"2250","280de630-a77c-41c1-a98a-0bd9b147954d","Treg"
"2251","280f75b0-dbd5-4c2b-af38-e24b90139ab8","epithelia"
"2252","2810054e-ed62-4715-aec0-aca04fd00fce","epithelia"
"2253","2811d85a-ad1b-4d67-83e8-fdc5721f4348","epithelia"
"2254","281538f4-cfaf-4024-badc-af8b8821da9f","stroma"
"2255","2815cd78-d0d1-4148-8ae3-91311377f2b0","Unknown"
"2256","28163ee3-f034-4723-9b51-3f2e0ba01a74","NKcells"
"2257","28205dc8-9c70-4c51-a134-d11c949cc033","epithelia"
"2258","28221238-890f-43b2-bcea-c20f3c957df5","epithelia"
"2259","2822769c-2479-4234-9d92-f3d2af313352","epithelia"
"2260","2827e4b9-990c-495b-afe0-7a989816b74a","epithelia"
"2261","282a166c-fdf2-4830-809e-ab9c8401b3e4","stroma"
"2262","283497ef-5799-47e4-8912-d323db8f5638","epithelia"
"2263","2836ed49-725c-48d7-8d3f-2347dad8194c","NKcells"
"2264","2849e165-38a7-47f0-9835-7626a3adbe94","epithelia"
"2265","28528771-93bc-4f66-986c-ede8212a6c5b","epithelia"
"2266","2854c57b-3c3e-43fb-bf60-da5f5f1453b8","epithelia"
"2267","2856a394-be00-4505-8e91-0a74bb6eead2","stroma"
"2268","28584ea7-e3b7-4ba9-bf70-0bb5413d5bc4","epithelia"
"2269","285c1df9-bb23-4f6f-b947-f369c08ce7b1","epithelia"
"2270","286960fd-6209-4dbb-9b29-1a13241e8391","epithelia"
"2271","286df221-9878-407a-9b17-9a0c16f3c955","NKcells"
"2272","286f942e-1a80-4dbc-9a1e-f9fbb344c159","epithelia"
"2273","2870ac2b-2d94-4d29-ae9f-75009c9c6e46","CD8_T"
"2274","2874736f-a378-4347-ad40-587785f3084d","Unknown"
"2275","28759506-54e0-4fe2-97d3-583cb46cdc8c","epithelia"
"2276","28798de7-b3a7-4708-ac8d-40f844401267","epithelia"
"2277","287aa549-a193-4321-bebc-d2eff0d6ab0e","NKcells"
"2278","28843841-56b9-4d22-865a-fab27247ad68","NKcells"
"2279","28865c55-efa7-4d5b-9d12-d696483b47f0","epithelia"
"2280","2887f4c0-5e8e-48ce-8a34-abf356edb2f1","immune"
"2281","288b506d-9307-4250-873a-5e6a90553751","CD8_T"
"2282","288da039-c525-4716-8921-879bf51ff5ab","epithelia"
"2283","28900d7c-e4ed-4706-acc2-0d21b55d8d2d","epithelia"
"2284","2896b35b-4cff-4b92-8c06-4f74c1a92562","epithelia"
"2285","289b4938-2ffb-41d3-84ed-4a2a3673f877","NKcells"
"2286","289bea81-fb87-4c31-8245-ae0f8210e1fd","myeloid"
"2287","28a9f9ff-18a0-4bd3-8410-d345c4569d12","NKcells"
"2288","28acc23d-2ca1-4a89-8057-f3fc881b911d","NKcells"
"2289","28bf94ff-5b88-424a-80e1-c2c7399bde32","epithelia"
"2290","28c09e00-acea-464e-be4e-f16dec48169b","Unknown"
"2291","28c8c369-1605-47a1-a4b8-d0cc95ecc407","myeloid"
"2292","28ca5f76-db67-411c-a807-c2e116269eba","epithelia"
"2293","28d0d6f2-6cab-4f0d-8276-c3b2db235b6b","NKcells"
"2294","28dc23e3-e2b4-4664-abdd-877ef96e55f9","NKcells"
"2295","28e0e49c-f3f8-4a17-a4a8-fcce07ae4ae6","epithelia"
"2296","28e466c6-7688-46b9-9a09-0ce06bf076a7","epithelia"
"2297","28e56ac1-0003-4b0b-a9d5-d12f76ede0f3","epithelia"
"2298","28e5ceba-4615-444b-a189-41cfe90f653c","epithelia"
"2299","28e8bc04-e1e4-4cf9-9591-36163b79e4cc","Unknown"
"2300","28f08a91-2f62-46d2-8f61-5f6422291f50","NKcells"
"2301","28f3bc0b-7c5a-4aac-a684-7ca7d28cae56","epithelia"
"2302","29059aba-0974-4453-8835-4e55625b77f6","NKcells"
"2303","29072be6-46bf-471c-b2f6-6e867a750591","epithelia"
"2304","2915a08e-f524-42a7-924c-779fc1f2dec9","epithelia"
"2305","29186671-c24e-49ab-8265-fef41d7603ab","epithelia"
"2306","291afed7-1d16-4784-bdc6-7d46d8c78ed3","immune"
"2307","291bfc4a-a6ed-4085-8991-e577c649bf57","epithelia"
"2308","291c1292-dca7-421f-b5f9-9ac9d7f91890","CD8_T"
"2309","2923f98a-3618-43b5-b558-18846ce52a2a","NKcells"
"2310","292b7084-dd8c-4908-af04-ee1393a50921","epithelia"
"2311","29317448-2fbf-4095-a62d-a004648e0c80","Unknown"
"2312","2935b692-661e-43d0-87da-6c9f911c4fb7","epithelia"
"2313","293775bb-f8a8-42e4-b861-7c08532a7315","epithelia"
"2314","294050c8-8bc3-45d8-a0de-48bded5eb8e3","Unknown"
"2315","2942d333-386a-4a74-ac8f-e587b4ff94e3","Treg"
"2316","29454600-50d7-40a8-a225-30506f03e9de","NKcells"
"2317","294d6e26-eae0-4bd0-82a4-3ad0a5b64cd1","epithelia"
"2318","294fe6ef-6b88-4175-b721-7ea65c267eac","Unknown"
"2319","296314de-a390-4152-b452-046e73a30b61","epithelia"
"2320","29645a3b-c747-4dda-a8a4-a43299fa1b6b","epithelia"
"2321","2964ff7a-32b2-4a50-bd66-f209cdb3f757","Unknown"
"2322","29663d9a-7442-4e76-8b6b-daff665c6041","epithelia"
"2323","296dfe2d-2a3a-44f8-a9aa-df63073d27c3","CD8_T"
"2324","29735876-0c65-422f-89cd-5e5fd88a2dcf","epithelia"
"2325","2975fd45-882d-41bd-890a-f3d83843eec9","epithelia"
"2326","297831dd-1f2a-43bd-b4f4-7df747618c78","myeloid"
"2327","297c01d8-54f6-4a59-b5e3-88ea08bbae78","epithelia"
"2328","298311ad-09b2-472e-ab3e-35d4077816ec","epithelia"
"2329","299029bb-ace4-402b-9096-d88cdc507c6a","Unknown"
"2330","29935d92-e772-420d-8781-e5f37458e38c","epithelia"
"2331","299d882c-2991-4390-a40a-417010533db0","epithelia"
"2332","29a99914-3b58-4041-94b7-493635cd2c1d","epithelia"
"2333","29af98e4-10b4-4988-8532-75b95f80ed70","epithelia"
"2334","29b18302-cf60-4496-8081-965768d77fc6","epithelia"
"2335","29b711d5-6101-40d9-919a-fe0150b78ccc","epithelia"
"2336","29b7f025-f260-4c6a-97fd-d9d7f3792b11","epithelia"
"2337","29ba8945-f5fb-4132-b62a-7cdb96318868","endothelia"
"2338","29bfd1f3-844e-4389-ad18-d830eeddc02b","epithelia"
"2339","29c8c548-f793-48ce-9cbe-5ef1d9aafc53","CD8_T"
"2340","29c92eaa-240d-4eaf-9c86-3e7516670f7d","epithelia"
"2341","29d32dab-8a28-4af2-811e-4aec075c0928","epithelia"
"2342","29daecde-70c7-44a4-804d-c57d715bd602","epithelia"
"2343","29e01d80-30cc-4c0e-a734-f055532bb9ca","Unknown"
"2344","29e0f70f-affc-4c3d-b464-2ce1a2075c57","Unknown"
"2345","29e6d85d-f4d3-4c91-b71a-9d2ebc76c5b8","epithelia"
"2346","29ea23a8-16e7-46d9-86de-4ea182db2af2","epithelia"
"2347","29f2ffc4-a26d-49f4-857d-e024d672eb26","NKcells"
"2348","29f3f77a-77ae-4168-9820-16b2616f1cc4","Unknown"
"2349","29f67186-32f8-4314-8784-fc8b77b6b19f","epithelia"
"2350","29f9c5ba-2087-4bb7-a2e1-dcc422be41fa","Unknown"
"2351","29fdbc57-5ac3-4c62-a40a-52340c0a16e4","epithelia"
"2352","2a016298-0204-4d22-8e9b-b0c0c5954b5b","epithelia"
"2353","2a0a299b-e858-4ae5-b083-a85fb6bd663c","epithelia"
"2354","2a0a311b-45cf-46d1-9653-6d6b4e5231e7","epithelia"
"2355","2a0a8030-4f82-4ec9-b31f-fd6e91f739a2","epithelia"
"2356","2a0cd159-085d-4ae7-9a46-55af981acf59","epithelia"
"2357","2a0d307b-19cd-4e5b-99b1-9cc9109c15cb","immune"
"2358","2a0d9623-8a63-4973-9ec1-2dac648156d6","epithelia"
"2359","2a102af7-96bf-40dd-bb2c-b36e31f5d56f","epithelia"
"2360","2a1039f1-35e4-4245-a71b-f602d08c8936","epithelia"
"2361","2a109578-29df-4360-8569-bf249e5d056d","epithelia"
"2362","2a15f202-d933-4a6b-aaee-f493ed043d00","CD8_T"
"2363","2a16861d-513c-447d-8ced-6284e50e6735","epithelia"
"2364","2a1aec46-5f9a-4837-b40f-16e76c3efb72","epithelia"
"2365","2a254854-0e6c-423f-9203-8c94cc08961f","myeloid"
"2366","2a258a38-8747-4649-95c1-be80c0e30945","epithelia"
"2367","2a2659e9-61de-40ce-86dc-ddde87ba16db","epithelia"
"2368","2a297e37-a6cf-4837-afe7-60cf1f2d577a","epithelia"
"2369","2a2ae6cf-173a-489f-b3dd-223fda2a869e","NKcells"
"2370","2a2c3071-e739-411d-90c0-412599aa21c8","NKcells"
"2371","2a2d8a24-53ca-453e-82aa-d339c4b0e660","immune"
"2372","2a2f877f-01b4-4edf-9634-6c7d631fec3e","epithelia"
"2373","2a330e56-99b8-4794-990a-a04f17b77410","Unknown"
"2374","2a3735ad-98bb-40b3-a8df-c475e973dbce","myeloid"
"2375","2a3c7779-8686-4706-a9f1-7c0b0c8b3948","NKcells"
"2376","2a3e4288-5296-4948-839b-817cd5dc7e31","NKcells"
"2377","2a3f4b63-b4ee-4d55-984a-3cece32665b6","epithelia"
"2378","2a542a2c-c35a-484a-935d-16bedd091005","CD8_T"
"2379","2a5abb53-efdf-4a8f-bd3c-f1e713b46451","epithelia"
"2380","2a72e983-6a1b-401c-bf05-99c7abf9d4b3","epithelia"
"2381","2a7c8efb-868d-42c8-8093-6d77b5367e65","epithelia"
"2382","2a800b33-b82b-4ba7-b3f3-a9ea33baeee8","epithelia"
"2383","2a8f0a4a-4382-45e9-8060-0567c53e67bd","myeloid"
"2384","2a8f4e29-87fe-4a5a-b714-8e4974720689","NKcells"
"2385","2a93e52f-0f49-4974-ba4b-12612b860d93","epithelia"
"2386","2a9494c8-f753-4226-8dbc-f6d8c3f824e3","CD8_T"
"2387","2a979e11-930a-4aa2-b3de-81d52c1d2f5a","epithelia"
"2388","2a9a029d-cd0a-44bd-91bd-fae4eeabcbfa","CD4_T"
"2389","2aac423c-a1b5-4fd8-a3e3-20ffdc51bcd8","epithelia"
"2390","2aad6adf-6003-4989-b190-c4bcbc1c68b9","NKcells"
"2391","2abccf55-47e3-4f0f-9b46-42a7f89e5f33","epithelia"
"2392","2ac03d11-b4c6-4464-b282-f793117ec57f","NKcells"
"2393","2ac592e2-d613-437b-8e01-bb51ff721647","epithelia"
"2394","2acd711b-b065-41dd-bc66-70d3fe32f2d2","epithelia"
"2395","2ad01956-fb2d-47e4-a1bc-51e34b909a41","epithelia"
"2396","2ad3a82d-ef75-4aff-9d59-7f3b2c059645","epithelia"
"2397","2ad8d188-4643-4d94-991e-e584d98a0fa8","Unknown"
"2398","2ad96fa8-60d9-4c00-90d7-e5e07d78411b","NKcells"
"2399","2adcda3c-a174-4064-923d-d6e4fd830e59","Unknown"
"2400","2adf5298-ab9f-4328-8091-0c0569513263","CD8_T"
"2401","2ae7ae40-c006-4b76-b403-b832f919fd4b","epithelia"
"2402","2aeb14f1-241b-4526-a760-00b6c25aef74","epithelia"
"2403","2af5a18a-cb6d-4ff2-83b6-b6f1b9818ddd","epithelia"
"2404","2af88e3b-dd1d-4c20-9ecb-5a682b4438ea","myeloid"
"2405","2af8b5aa-e612-48b8-9799-a733493cbd9e","epithelia"
"2406","2b037c00-eb9c-47c5-9433-bc12749cda6b","T_cells"
"2407","2b07b56b-16d8-4e82-a38d-b7a7edd68def","epithelia"
"2408","2b1003dc-966d-4977-ac30-780e16e141c3","Treg"
"2409","2b14f583-788d-4f71-9960-744954580c66","epithelia"
"2410","2b18d845-b3b9-45a9-86a6-b5d53eef51cb","epithelia"
"2411","2b18ff2f-4b1f-4489-85d3-8e0fe64b3cb8","NKcells"
"2412","2b1b0ea5-5650-4867-b112-6f84d8008e3a","epithelia"
"2413","2b24dd09-f466-4a55-875c-45d4b6bc4c51","NKcells"
"2414","2b260be7-9303-4029-8a3c-0b62a093597e","epithelia"
"2415","2b2719db-23a8-4b06-b681-633bfc10bb0a","immune"
"2416","2b276eb7-124d-487d-ba65-fc6c6e96d53a","Unknown"
"2417","2b2b80d6-2b66-4ea2-98a2-fde218f7fc07","epithelia"
"2418","2b2e2017-9836-4148-b264-996b1f3c8e51","epithelia"
"2419","2b375510-0605-4ac6-bf07-d7e00ff66165","CD8_T"
"2420","2b37d83d-8982-45b8-9030-a27367c7329e","NKcells"
"2421","2b3a0dc2-8583-493b-9b44-bab64a7d6e73","epithelia"
"2422","2b3f6317-4cda-4b32-a48f-251f712c40bd","Unknown"
"2423","2b404241-6e5a-43fa-bcf1-bd26a0e5ff80","NKcells"
"2424","2b421ae5-9ef8-4aaa-aa81-a234cb87c75a","Treg"
"2425","2b4874c8-f98a-4eb7-9bfb-d938e88b4fba","Treg"
"2426","2b51d355-bad6-47f3-a173-4578702d2fd4","NKcells"
"2427","2b531453-a238-4d41-b777-23e763a43fb8","NKcells"
"2428","2b567f74-292e-40c8-880a-99d87713b63e","NKcells"
"2429","2b5cfdf5-d57b-40ba-b9cb-e348a5a4cfef","epithelia"
"2430","2b5e07f1-a7c4-4d4d-b973-a456a34733f7","Unknown"
"2431","2b60a12b-a9b3-4ae4-965b-49a5f6a23e0f","epithelia"
"2432","2b62ce3c-81b6-4c06-98a2-1516553f3d9b","Unknown"
"2433","2b67df6c-e924-42d0-8121-5b5e9dc88baa","epithelia"
"2434","2b6d302b-9fd8-44c8-a5e4-9c7e72b57a1a","NKcells"
"2435","2b705ecd-f5a7-4475-a75b-18af173f17e6","NKcells"
"2436","2b742f39-b8f9-4eed-9370-6621e1b34fbd","Unknown"
"2437","2b78580b-4396-49f5-803d-07c759751d11","epithelia"
"2438","2b7beffe-1cdd-4354-a124-82002ccb1e0e","epithelia"
"2439","2b7c537b-28b3-432e-b227-3e9f5e0d05a0","T_cells"
"2440","2b7cc142-544e-4d65-8afc-c748cda7410d","epithelia"
"2441","2b7e6d6c-e5ec-43b5-80b1-4b39719f9982","NKcells"
"2442","2b85b19b-1e42-4d80-81dc-f60ae27f3cfb","epithelia"
"2443","2b8927f7-9247-4515-8f5b-0e35abded933","epithelia"
"2444","2b9cd27b-e6bd-40c3-8c45-a55a879c29a2","NKcells"
"2445","2b9ec900-f9a0-47de-8804-6dc6c135849c","NKcells"
"2446","2ba5fb24-c3dd-432f-adec-9cb6e22f8c38","NKcells"
"2447","2ba70f6c-bfae-4b14-bfdd-a06301e53d14","epithelia"
"2448","2bab4f9c-b914-4284-aee0-dd9b55caf1bf","epithelia"
"2449","2baf12e1-24c5-404c-a798-25025630a800","Treg"
"2450","2bc82fe4-4934-4727-8048-15a9dbf171dd","epithelia"
"2451","2bc97716-17dd-4484-b406-24167246939a","epithelia"
"2452","2bcbd4a4-b1fc-44e1-8833-92103847130d","epithelia"
"2453","2bd7c788-ecbe-4569-9108-65799325980a","epithelia"
"2454","2bd8b1ab-1724-455e-b3a8-3e82b797a31f","epithelia"
"2455","2bd96f35-b9cd-4e42-9e2d-d26e1edfdab5","epithelia"
"2456","2bdaa515-348c-4a3a-80a2-1e836dbb5b07","myeloid"
"2457","2bdfd1ef-f25c-4419-80fd-e7d585fbc5eb","epithelia"
"2458","2bdff172-6987-41c8-a4ff-580b55820613","myeloid"
"2459","2be2652c-e917-493e-adaf-07ba5e66dcfe","epithelia"
"2460","2bec7e04-ec35-4d58-89bb-e09e9ce5e26a","epithelia"
"2461","2bf9369c-339f-40a1-ba6e-afb4bd2b2ca3","epithelia"
"2462","2bfb5e7a-1545-4605-8c62-69262c9af9af","epithelia"
"2463","2bfd03c0-7d73-4543-be52-1fba71b7cdab","Unknown"
"2464","2c186ba0-c8aa-43bc-ad3a-6f09ac481669","Unknown"
"2465","2c1d3e5f-281c-4f01-bc27-427ea0343399","Unknown"
"2466","2c1d6b62-458f-455f-963e-3a6dbb1636ab","epithelia"
"2467","2c274851-c458-4a48-bbeb-39b329258c4d","epithelia"
"2468","2c2a68b0-ecc6-45ff-9230-475fcddfd585","Unknown"
"2469","2c3ff87f-ed05-43fe-a5a3-bfd25b3072e0","Treg"
"2470","2c4197e1-8052-44d7-ab55-26d34b0d2862","CD8_T"
"2471","2c471b65-fe9b-4739-a40e-65df85e02031","NKcells"
"2472","2c5b9c84-342d-4fcf-a7cd-75e78d9a5eb4","NKcells"
"2473","2c5e68f1-2c79-49cc-bf60-1bbfdb669641","Unknown"
"2474","2c5f365b-3d12-49da-8bdc-b816ffe0d7e0","epithelia"
"2475","2c61d21c-173f-4adc-b007-b5265077ad7b","epithelia"
"2476","2c6476ab-6b30-4532-811e-8b54850e7608","epithelia"
"2477","2c662b69-7743-4d5b-bc90-044b42a5b667","epithelia"
"2478","2c6a6904-9958-4bcf-b399-f0fd839ce3e5","T_cells"
"2479","2c7ab1f9-9ca6-4819-9a45-d24783beabf9","Unknown"
"2480","2c7ceac9-6586-4751-a596-f128da189cfc","myeloid"
"2481","2c7d348d-595d-447e-8f05-6e4a046b75ce","epithelia"
"2482","2c7ff7bf-a9d2-40ab-9c01-f0d8e92cd9b3","epithelia"
"2483","2c88fa0a-21fc-4479-bc03-8b721d761516","epithelia"
"2484","2c96545e-f95a-4249-9d7b-2a3d6fdb26f6","epithelia"
"2485","2c97b77f-235f-40d0-83f6-d98cc700520c","epithelia"
"2486","2c9c10a4-da8e-4210-b25f-e0d26abc7c35","T_cells"
"2487","2ca0ae9a-1fab-4c73-92ca-188db519e716","endothelia"
"2488","2ca0f09a-aa65-45d6-a372-af6e5963edf0","myeloid"
"2489","2ca4fc86-66c8-4123-b114-38ab459ec0c1","epithelia"
"2490","2cab9779-98bb-4b66-b964-e2362ba7eb7e","CD8_T"
"2491","2cada80f-d300-497a-b1d7-130edde5ccd0","NKcells"
"2492","2cae58d8-18b5-4345-9d48-a257e1628cd7","epithelia"
"2493","2cafb363-c891-4ef5-b5a6-ec9b6180da9d","Treg"
"2494","2cb2f462-4d9c-4d28-8e72-462d1af90124","epithelia"
"2495","2cb56527-2a44-4fc3-ae50-99fd0cfd5a8c","endothelia"
"2496","2cbb706f-128e-48a4-89e4-5dce8268df1a","epithelia"
"2497","2cc10ea7-977b-4eb7-bd80-d828a0313d6d","epithelia"
"2498","2cc986e2-5586-47f1-8870-e3d950d892a2","epithelia"
"2499","2cd1fdb4-26d0-471e-8a99-0b7cfa340c23","epithelia"
"2500","2cd63b77-1bd3-4aec-9c4f-9a7d21be7ef1","epithelia"
"2501","2cd9a9ee-1d9f-4380-af03-c06d78d13b67","Unknown"
"2502","2ce01e73-f6ef-41a7-9824-a24f28246b65","epithelia"
"2503","2cf6049d-3a46-4d21-a15e-8ec60876933a","epithelia"
"2504","2cf7a8cb-ca8d-49d5-bdbd-82df66dece38","epithelia"
"2505","2cfa68dd-6653-4e9e-b122-2e6bdc92dd9e","NKcells"
"2506","2d065003-6818-4830-96df-52c800d36e28","epithelia"
"2507","2d0b6183-4477-46a2-9931-4eb19063e7ac","epithelia"
"2508","2d0f2e4c-a642-4fe1-b9f5-43aa2e771ecc","epithelia"
"2509","2d13754f-c2fd-4f83-bfc8-3b3018f81dd4","NKcells"
"2510","2d1636be-9a5f-4062-be3e-1e4bd0d76a7d","epithelia"
"2511","2d1db9fe-3bff-4c30-a895-23becd7b724f","Unknown"
"2512","2d233848-d77f-4fb0-a98c-9f74178de5f4","myeloid"
"2513","2d29a6b8-24cf-4a97-a743-d4d059829b51","CD8_T"
"2514","2d2c24a2-e63d-48f3-929a-b83331b0af2c","NKcells"
"2515","2d2d93ed-ab16-400b-bc75-e0a8fdfa1412","CD8_T"
"2516","2d2dec46-6e51-4c05-a355-1ec5e9aef96a","epithelia"
"2517","2d2eedae-8e3e-4228-b50f-c98448a13a42","epithelia"
"2518","2d32f762-533a-4b14-81a6-6a0d366ee046","epithelia"
"2519","2d376875-722a-431b-8d4d-d7d824aecff0","CD8_T"
"2520","2d3b6817-3e83-4053-bacb-f26fea3b1ef8","epithelia"
"2521","2d3bad19-b70f-4c73-bd80-47a7737f68e9","NKcells"
"2522","2d3c8660-6c4f-44d8-a5c7-eef15fc5e25f","epithelia"
"2523","2d406c59-7ecb-4c24-991f-9510417f25eb","epithelia"
"2524","2d40faab-02b2-4376-a1e2-8fd65224f4a1","epithelia"
"2525","2d4e609a-1abc-4127-89ce-5b7dd3030f76","epithelia"
"2526","2d4fe00b-530c-40ff-af07-b72a1e7e7a73","CD8_T"
"2527","2d52c18e-0f74-49b5-8d94-7ccab23b1b8d","NKcells"
"2528","2d5a9b29-7241-43ec-865d-fda027d8008c","epithelia"
"2529","2d5c3f1d-708f-4fc5-93d4-db894ff5a40f","epithelia"
"2530","2d5f5923-348b-404a-9c23-23a2f313b919","epithelia"
"2531","2d67d46c-442d-4720-85d9-c9397f42097f","Unknown"
"2532","2d6a49cc-d771-4352-bc0d-ad2771225373","epithelia"
"2533","2d6b4ec3-3e7e-476d-80d1-68793918bf7d","NKcells"
"2534","2d6de0ed-8b92-4e50-abde-8ed345a9f7f1","epithelia"
"2535","2d78d5c3-98e3-4682-a361-6ebf46579a8d","epithelia"
"2536","2d7dedc2-a032-4d34-8d35-fa39430a4b7e","NKcells"
"2537","2d7f10ba-2d80-4808-bb61-6cc41ff9f6a0","epithelia"
"2538","2d83e868-4e18-4e7a-bfcd-fe469b04ebbd","epithelia"
"2539","2d91646a-028a-4a0b-ad72-6d610313ff3d","epithelia"
"2540","2da08e67-2f5c-4107-8dea-fe16168f62a5","epithelia"
"2541","2da1ca12-aad4-4c70-8562-217525bd5af7","myeloid"
"2542","2da7e1ee-9f68-49da-b9ca-f6575eba7f7e","myeloid"
"2543","2da96267-165b-413a-aa92-ec72fd240c81","epithelia"
"2544","2daec23a-c5c8-4e84-9684-98d1143dc5b1","NKcells"
"2545","2dafb426-7710-444c-82b8-c0868e1c80ad","epithelia"
"2546","2db9de1b-5679-463d-81b4-c02b65861abb","stroma"
"2547","2dc50126-07e1-4b40-bb56-317277a5266f","immune"
"2548","2dc7e846-2a57-408d-b0c5-d91c5094b338","NKcells"
"2549","2dcb6b58-52f0-4a9a-acbf-26151b93bb48","Unknown"
"2550","2dcd3a6e-b8e3-424f-a8a9-6808921ea94a","NKcells"
"2551","2dcfbcc1-de1d-4889-8205-af01173281f2","Unknown"
"2552","2dd39c29-1b6d-4d1d-ab36-3f4aaaef74e5","epithelia"
"2553","2dd46e17-d66a-4234-b4bf-9a5a83aded58","epithelia"
"2554","2dd54c2b-8d6e-4001-af31-46d45bb7c520","epithelia"
"2555","2dda4a16-b27e-4a87-b364-3de498db39cf","epithelia"
"2556","2ddc8cff-3d77-4be7-9985-ec7f828989ec","NKcells"
"2557","2de5a8f7-0ecc-49f0-a085-08aa8076322f","epithelia"
"2558","2de60f52-76e9-447c-b9aa-b24dbdf04480","epithelia"
"2559","2dead182-a565-49dd-8030-272a779a726f","T_cells"
"2560","2debc83f-b3d5-4844-b110-99a187a62593","epithelia"
"2561","2df46871-87e6-42f7-8196-30378343c5ba","epithelia"
"2562","2df77d10-5c94-43df-84b4-f12869f90ef4","Unknown"
"2563","2df8e0b3-5473-4679-a562-441b526ee8a0","NKcells"
"2564","2dfe51e1-813a-45fa-912f-1a114d2760cd","epithelia"
"2565","2dff4a73-ca2f-4f73-acb5-6791a90582cd","epithelia"
"2566","2e0156b6-f97a-4ca3-9590-05bdef48b7de","NKcells"
"2567","2e0508d1-0c88-43e2-a4d7-a3e9dc0734cb","T_cells"
"2568","2e099d28-8ab8-4639-b3e1-252861ebdc16","Unknown"
"2569","2e0a8a70-92f6-4a51-b602-3c89b6212531","Treg"
"2570","2e0fb25d-79aa-4d69-87ec-aee7d89b9ae0","myeloid"
"2571","2e12efc0-a06a-419d-9528-f203518e05ef","epithelia"
"2572","2e222812-e5a2-40bb-b753-17f96139f6a2","NKcells"
"2573","2e24ee35-843f-4481-96c0-330ca0f17532","epithelia"
"2574","2e25cae8-409e-46bb-b239-8d4a97de2382","epithelia"
"2575","2e320801-8eff-4b69-a518-1b884c1822fe","epithelia"
"2576","2e36f2ac-e8f5-4953-ac54-5d60930b6d81","NKcells"
"2577","2e42eb2e-89ff-4f89-b6ec-ad4519b53c26","Unknown"
"2578","2e468c34-d8fd-449e-898f-ed9aa93764e5","epithelia"
"2579","2e47821f-3d8d-46b5-a1e0-56ae1f03ac60","Unknown"
"2580","2e4790d6-cb14-4cf3-b6be-4401448c742e","epithelia"
"2581","2e520cfd-a486-4f48-9f50-94adb9c02e56","immune"
"2582","2e58a813-abb3-4600-bf19-0f40cd289202","epithelia"
"2583","2e61b0f9-648a-465e-86ac-63ab95a95069","CD8_T"
"2584","2e63bda1-db14-4961-b639-ea99177187eb","epithelia"
"2585","2e63fec7-5517-4015-a8b9-7057f0c5a05f","stroma"
"2586","2e6b2d3e-6730-4841-b92f-d2edc099587e","T_cells"
"2587","2e6b3a85-66d9-46aa-a1cf-5e48a6a09edf","myeloid"
"2588","2e72b537-f7f2-4c88-8f57-26fd266b140d","epithelia"
"2589","2e7acde8-8dec-4a54-b6d4-7e939beac83c","myeloid"
"2590","2e7bded0-f5da-4bf7-aaa8-0fb3ee4a33bf","myeloid"
"2591","2e80c55a-e52a-4b38-8041-6cb8e298807c","CD8_T"
"2592","2e840684-d3f4-48bf-88f5-dc69ad7eebe2","epithelia"
"2593","2e89f894-5435-4ef2-a0b6-688579de272b","epithelia"
"2594","2e907011-f270-4c15-bebd-f5744d889af4","Unknown"
"2595","2e9220d3-ebd5-4ed1-90cc-b54bf00de3eb","epithelia"
"2596","2e928bff-783d-488e-9aff-081861a729a1","myeloid"
"2597","2e974b16-a862-42e0-b0b9-30908058df7c","NKcells"
"2598","2e98a39b-6562-4fdb-af55-7b55c0a1afbf","epithelia"
"2599","2e9a52bb-f4d6-4864-ae89-7cafde152211","CD4_T"
"2600","2e9c28ff-223b-4f60-aba0-5eddc65168af","stroma"
"2601","2ea2febe-0b6c-46e4-ac18-d6548010d628","epithelia"
"2602","2eae5e24-1a88-4577-b008-add3269737c1","epithelia"
"2603","2eb045e4-1f8f-4e97-a264-fb2f69721d3e","Unknown"
"2604","2eb3b963-17a4-4a82-987f-8704bd666eed","epithelia"
"2605","2ebcc402-c7b9-4c41-b762-4403edcfaa02","epithelia"
"2606","2ebeb0be-4309-46c1-92f4-2c1e2e45a998","Unknown"
"2607","2ec2e9cc-7432-489c-a773-83c0d0c63d58","epithelia"
"2608","2ec44fb9-f68b-41d4-8b8d-b50b8eaaefca","immune"
"2609","2ecbf752-0c82-4b37-97c2-db4131021b02","myeloid"
"2610","2ed25967-bc33-4fa4-97ca-26a8e256a1ff","epithelia"
"2611","2edd9531-f438-44c2-8e32-0fe0429c6319","epithelia"
"2612","2edebcc5-f925-42ec-953d-628e80872bef","CD8_T"
"2613","2ee1c397-61aa-432d-88f1-d84f1347c163","immune"
"2614","2ee95e23-01dc-41c4-af1a-008e2b4e659c","myeloid"
"2615","2eec9b1a-142d-4207-a365-376e678e13e1","stroma"
"2616","2eef4bb8-54b4-4bb4-b156-c7dae11a646c","Bcells"
"2617","2ef10930-b64e-40da-8933-e7220f70eb1b","stroma"
"2618","2ef3a239-0e6c-4636-a3d0-fc2ced386cb9","myeloid"
"2619","2effcd29-fd98-4cb3-83c0-477a7b7778d0","epithelia"
"2620","2f00e758-ecc0-4e7f-a297-094a2aa1b1d8","Unknown"
"2621","2f022eaa-7e9d-4c69-96be-d3d361e1566d","epithelia"
"2622","2f0372e0-74c7-4ca3-b9a5-72ed198be180","Treg"
"2623","2f04d391-4f17-4249-b0de-770ba51b8664","CD8_T"
"2624","2f0536e4-176e-4ff3-bef0-9687e3e23796","epithelia"
"2625","2f151b9f-0a5c-42b1-b265-13111e1320a0","Treg"
"2626","2f16b605-eb5b-499d-8e6d-54808011dc54","CD8_T"
"2627","2f1980d9-5cab-4636-9401-30078a5795bd","epithelia"
"2628","2f1b91d0-3ce0-4cd0-bd7e-4e0619c48d92","immune"
"2629","2f338912-8881-4afe-84c8-50482789ed85","epithelia"
"2630","2f3f1d27-2309-4301-a0ad-51fb3c218009","epithelia"
"2631","2f40715c-1f10-40dd-aeb3-5cb0c8d38f47","epithelia"
"2632","2f47ec19-3560-4f01-9185-ab47bc6a2afb","Unknown"
"2633","2f4d5bcd-7191-431c-981c-8a2d1701fbac","epithelia"
"2634","2f4d7dbc-2e61-496f-b174-0ed13dc83174","epithelia"
"2635","2f53a241-50b7-4274-be3b-893ff3290300","epithelia"
"2636","2f56d903-8513-480e-9f29-c8ec89520ec3","epithelia"
"2637","2f58ba4f-24e5-4aa6-912b-b56b515c2876","myeloid"
"2638","2f5ed466-508a-40b6-930e-d4ca2f0838a6","epithelia"
"2639","2f662b64-62f5-4534-a03b-5235c2dc5640","epithelia"
"2640","2f67ff9b-d7d4-4cf2-9ba2-9b1eea2f5f56","Treg"
"2641","2f6a991e-663d-4c5d-85f1-8174a9954068","NKcells"
"2642","2f6fbc84-816e-4c1f-b4a1-ad9f111b5f82","NKcells"
"2643","2f83d2a5-0ccd-4d73-9bc9-d6dce5cc0e0b","epithelia"
"2644","2f843d9f-dacd-49bd-a9a0-584ee3e9bd28","NKcells"
"2645","2f87fa10-7094-48f6-84c0-13ca56cf2b06","epithelia"
"2646","2f8f342e-5add-46e1-94a9-ba1a78de248f","CD8_T"
"2647","2f90ccfa-1c05-4b37-ab4f-7a0a9853ecc9","epithelia"
"2648","2f9306d7-3782-402a-b07e-c81f17c0e569","Unknown"
"2649","2f94e582-43ad-4250-9d16-ab1ed3ba019c","NKcells"
"2650","2f971b95-a02c-4bc1-beda-bb4c69fc89de","myeloid"
"2651","2f9f9ff9-17df-4c10-bc26-24a297e68209","myeloid"
"2652","2fa27e8e-0978-4e1a-9fb2-f754d4a29a80","CD4_T"
"2653","2fa4c465-a19d-44c0-8583-79506426fe18","myeloid"
"2654","2faa6135-d3b1-419f-adb1-8b5f10a9db7d","NKcells"
"2655","2faafaf0-915c-48a8-b99c-552c55d21a39","epithelia"
"2656","2fcb0aaf-f2fb-4a95-adfe-3995a0db4721","epithelia"
"2657","2fd0464e-a3db-480c-ae4a-268a261dbc18","epithelia"
"2658","2fdbf747-c9f9-441a-b600-88e1993fedf5","epithelia"
"2659","2fdc3fe6-09f2-490e-846c-d3d52aa482f6","epithelia"
"2660","2fdc5478-2e0b-420c-8dae-cbee76e7f02f","immune"
"2661","2fde763c-9900-4120-a1ce-bbc979207b2c","CD8_T"
"2662","2fe88d2e-7a08-43a4-83f7-eb382631a80e","CD8_T"
"2663","2ff016f8-ef4e-4a3a-b8b6-1cfe1bd6049a","NKcells"
"2664","2ff41c26-9533-44b7-af3a-5ac83db06848","NKcells"
"2665","2ff83d08-3d8b-408c-8acd-9ef2bb93b694","epithelia"
"2666","30001b94-d013-4ba7-a47a-c7744a35ba92","epithelia"
"2667","30069fbb-d6a2-48b7-af1c-10e150a7adb5","epithelia"
"2668","3006e506-b468-4416-a9e5-2e71da61b654","epithelia"
"2669","300b50f6-8a31-41df-a7c2-06a115baefe6","epithelia"
"2670","300fd933-0d52-450d-991f-8749d6f46320","NKcells"
"2671","301a9846-b6a7-4959-abfe-005d478d040b","NKcells"
"2672","301e4295-924d-49db-a491-725decf6ca3b","Unknown"
"2673","301f5b9c-8efe-41a4-9f95-9bd149241b6d","epithelia"
"2674","302050a5-e02d-4b9e-9986-36e1fa0742f9","CD8_T"
"2675","3022f821-acbe-46a1-a759-96e87bab7438","epithelia"
"2676","302a9db0-60ea-48e3-baf7-0e3e126b1138","NKcells"
"2677","302bcd2e-ebfd-4e6a-afba-ccd546e593c6","endothelia"
"2678","302c78da-7860-4728-93f2-011c3a142762","epithelia"
"2679","302e45a0-540f-472c-a669-08e0e52fb7d9","epithelia"
"2680","3034dcf4-4fd5-496d-b076-19729dbb4936","immune"
"2681","3035401d-a75f-4bf4-9419-d6570b55e868","CD8_T"
"2682","3036019e-5e5d-4a5e-93da-1344e6b9652d","epithelia"
"2683","303728c1-4dd4-463f-9b31-be4b8b351f09","Unknown"
"2684","303d0bb0-9520-429a-828a-6ca7ecf42f29","T_cells"
"2685","303ea7fe-2d15-4901-96c7-8e19e8131f7b","myeloid"
"2686","3040cb64-0b4c-4f6b-86cb-9a41aaf33bc4","epithelia"
"2687","3045215b-d4e0-4b35-8b3c-b93b3ec64e19","epithelia"
"2688","30491fe5-6b04-4e56-9351-c7238a44360f","NKcells"
"2689","304ce28e-2faf-4a51-b830-ac343a47cc23","epithelia"
"2690","3054fe2a-b441-4b10-bbee-deb6a976bc8b","epithelia"
"2691","3055ddfb-a1c1-48c9-ba71-bea619b9ca47","CD8_T"
"2692","305cddac-7484-449b-abd3-807fb03a49a6","epithelia"
"2693","305f02ae-9f46-44e0-af2e-20d715b74dd1","epithelia"
"2694","3060a0c4-4b1a-4c68-8d0a-c80bd524db82","epithelia"
"2695","30612458-1801-46f3-ae91-a6e5a7594995","NKcells"
"2696","30722ff8-7d65-4c13-8983-1dc60790d6d2","Unknown"
"2697","307a1e07-19c7-4155-bc87-d28915b28635","epithelia"
"2698","307e5054-2f68-4d8f-9132-87d96b288633","NKcells"
"2699","30846863-6167-4566-b8af-9095236a4be9","endothelia"
"2700","308cb16b-d490-4e93-941b-a9ece9c94c4c","epithelia"
"2701","309143ca-629c-4a69-a664-ab970a02a968","epithelia"
"2702","3093e9e5-e34c-4e86-8384-e32ca9f84a3a","epithelia"
"2703","3094e7d8-4bbd-47de-9539-0c437c60f91d","NKcells"
"2704","3096b2c2-fcde-4c24-a4cd-449edddc7a5c","NKcells"
"2705","309f5294-b2f3-4c08-8d1e-982cb0106654","Unknown"
"2706","30ac9716-8b14-4532-ae46-63fc9c853549","stroma"
"2707","30af0c1c-2985-40cc-a4f1-eb55cf2c5437","NKcells"
"2708","30b15472-438a-4a93-9379-cc33887883c8","epithelia"
"2709","30b365d3-6acd-438f-b19c-8b4c7ee167da","epithelia"
"2710","30b540c6-c7d3-4bfc-aa34-e95c0f4c4bcb","epithelia"
"2711","30ba2298-c9bb-4826-93a0-7feab55d0e83","epithelia"
"2712","30bc606f-cbf3-4a83-8b9c-8597727cd903","stroma"
"2713","30c611ec-2e2b-449a-b0a5-56315201b49f","epithelia"
"2714","30c6e2ee-3871-41ab-91b6-52a718326ed3","epithelia"
"2715","30cb35c6-f3e1-4045-bb27-c2b10a9607e6","NKcells"
"2716","30d0707b-e295-42ba-bcfc-46ca424d71c9","epithelia"
"2717","30d0ebe9-e578-4894-99f8-639c0c084946","endothelia"
"2718","30dc6b91-d9c8-426d-86f1-e58b32d56f6a","NKcells"
"2719","30f1e8f8-579d-48fd-a568-f74703c18253","NKcells"
"2720","30f49d39-9c35-4fdc-989e-ead0d38844c8","Unknown"
"2721","30fda18a-734c-4054-8b38-4326054243b8","NKcells"
"2722","30ff34bb-fd4f-4718-a905-62ad915778df","epithelia"
"2723","3101891c-c26c-4b8f-b2ab-7fe0b31ce1f4","epithelia"
"2724","31032ee7-4a17-4840-9bf9-94dcc5dc3429","myeloid"
"2725","31045b98-0b0f-4d26-a4e8-5ac4d335ab3d","CD8_T"
"2726","3105d759-3b69-4bbd-bdea-911ffb96c014","NKcells"
"2727","31069087-a0b5-46aa-9cfb-537a2d2b2691","NKcells"
"2728","310974e6-9143-4129-be66-7fbd458a56b8","epithelia"
"2729","310a0134-d0a7-437e-8dec-4c1845e02830","Unknown"
"2730","310d949b-8392-40a2-8bdb-fbc051c168c3","immune"
"2731","310ddee2-15e9-451c-a8c7-46554a8f7801","Unknown"
"2732","3110ea13-9f09-48aa-a08d-aa6abfadfced","epithelia"
"2733","3112d5c3-0cd2-4d6e-b1bc-cb2531bf3689","myeloid"
"2734","31178b6e-14c3-4ebc-aa39-70d597387c75","NKcells"
"2735","31180cb3-826e-4f25-b5bf-898db1fe9248","epithelia"
"2736","311af4f3-7166-474d-9106-60292e3a867d","CD8_T"
"2737","311da820-cf0c-4e62-b5ad-c6958c95215f","Unknown"
"2738","312271d8-7846-43f5-9e41-7bcfda1487ed","NKcells"
"2739","3124f977-eafd-4ef9-9b3f-0c72e8e3cd9d","epithelia"
"2740","3126d0b1-8fde-4f7e-bad0-b61012896de3","myeloid"
"2741","312e35bc-3a9f-4e91-bb9b-2ab7861f877e","NKcells"
"2742","312e3c82-a7c8-421d-a922-5ccf04624541","epithelia"
"2743","312e592b-865a-4934-b41e-7cf09a596769","epithelia"
"2744","312ed0b9-4c25-4f41-8f61-55ba1c0b1748","epithelia"
"2745","313018e8-ecba-4297-af43-8b355fc90273","NKcells"
"2746","31305fc1-5435-48c9-80ec-efb9fe108d4c","Unknown"
"2747","3133005e-4331-4ef9-be37-a33d62246d1d","epithelia"
"2748","313c7c55-35cb-4c79-b12d-fbfc27c4c4e0","epithelia"
"2749","31438138-ea01-41a1-864e-8490fbe295c3","epithelia"
"2750","3143ae24-a1ad-4bdf-b077-3411616c5053","NKcells"
"2751","31465f28-1d9a-4cbb-8bc6-f84a769ff315","epithelia"
"2752","3156f182-7d40-491c-9158-31b7b101149f","immune"
"2753","315ac0da-e502-421c-bab7-54307fbd41e6","Unknown"
"2754","3168b467-7f8e-4b8f-bed9-f2e73842e69e","CD4_T"
"2755","317b7fa7-f80a-481b-bf12-ba8ff21b5f09","epithelia"
"2756","31833c00-f441-4a76-8657-64240ef24547","NKcells"
"2757","3185db66-e566-41a2-bb89-73c734e2fdca","epithelia"
"2758","31871db7-1a60-4c3c-880e-824826e09273","epithelia"
"2759","31874465-974d-4377-9eec-c9ccd22442f6","epithelia"
"2760","318b3029-9ea2-4af3-aa88-78a7f6482e56","epithelia"
"2761","318d3c3d-4f82-48ae-8c88-bd95228c2b79","NKcells"
"2762","319f7832-0b57-4f6e-95e1-ab9847f0ef41","epithelia"
"2763","31a05ba1-06f9-47e4-94e8-0d530b50cdbd","epithelia"
"2764","31a79ace-a92a-4612-b249-8270703b080f","myeloid"
"2765","31a94499-9ff4-4092-ab5a-d11b2babb70a","myeloid"
"2766","31a98c62-bfbe-40d8-8e86-78d911209618","NKcells"
"2767","31ad7179-860c-45f9-8522-fa6aa0c3bd83","epithelia"
"2768","31afc108-3b26-453b-962e-21bcb1661bc8","epithelia"
"2769","31b278c3-465f-44b2-b875-0cd8dc81f9f2","epithelia"
"2770","31b4e2de-3d6d-4da8-ae82-4c5efdc382d8","epithelia"
"2771","31b7e33a-2720-4302-9755-45d3cc4035cd","stroma"
"2772","31c008d4-9160-4326-8cb5-e942ffbaed45","CD4_T"
"2773","31c162cf-710b-426f-9ed4-61da828563a5","epithelia"
"2774","31c28db1-b75b-482c-af48-d08d72092675","Unknown"
"2775","31c79ea3-1153-4955-9f4b-2e60ad26f261","immune"
"2776","31cad571-3487-4f65-9662-265c0a0b9dca","myeloid"
"2777","31cb6b08-de41-4fc9-8f1b-892897d14f40","epithelia"
"2778","31d15bc6-c4e2-4ed6-8d38-3c096f64afc6","epithelia"
"2779","31d44cd0-72e2-40fe-b2d8-fa87e16b794c","NKcells"
"2780","31d69c4d-cc6d-450a-b883-412c1e38ef4e","NKcells"
"2781","31da5e48-2a30-480c-a185-87be247c8d72","epithelia"
"2782","31dafcfe-424e-48f3-beea-5fef56b2b0cd","epithelia"
"2783","31dcdbcf-d8c4-43f4-be95-66b72b106ad3","epithelia"
"2784","31e1fa16-587f-489f-84a1-a9b78453ee86","epithelia"
"2785","31e2d2a2-a732-4e93-bdfa-218908a428a4","epithelia"
"2786","31e80bc6-bb79-4514-a123-7de4c1c1f3e3","immune"
"2787","31e82313-ac91-42d2-a88b-a24c2094ae83","CD8_T"
"2788","31e8d6d6-99b1-4302-ae9c-751c497f848e","epithelia"
"2789","31ec4852-a985-49fb-9454-a4bd42c6a65f","epithelia"
"2790","31f2bef9-ec73-4e7e-b968-4d1df512acfe","Unknown"
"2791","31f3ad5a-d907-4dd6-8966-7f4713489582","epithelia"
"2792","31f7c9dc-c704-4396-8d68-ddaa4244c899","epithelia"
"2793","31fda559-89a7-4f52-91b8-9eb1ad1a57f3","myeloid"
"2794","31fe4df3-7a97-4e22-b32f-3aae8d7df96a","Unknown"
"2795","321a2666-9a16-4e9b-a7c4-188811207992","epithelia"
"2796","321b72e4-ce6d-4883-be9b-8ebc501668ec","NKcells"
"2797","321c6a3e-bdb9-4dd8-80b1-0dac46196ee7","epithelia"
"2798","321e0f3b-72a0-41af-b739-0302feaf8c26","stroma"
"2799","321f1187-afc6-4b93-8e59-2f821421418d","epithelia"
"2800","3223be70-be7e-4960-95ac-cc62026ad508","epithelia"
"2801","3234e7b7-b0dd-4cce-a515-2bca769144d6","epithelia"
"2802","323cefbf-9b8c-4fa6-99eb-f2edc7c1268c","epithelia"
"2803","32427559-56b3-40c0-905d-453edb99506a","NKcells"
"2804","3242e421-78c7-4fce-8b4a-eb35f303b2f6","NKcells"
"2805","32439fb2-25cf-4ee0-8fbc-389110c40bf5","Unknown"
"2806","3245e9a3-5458-445a-9f07-153fe7cabd1f","epithelia"
"2807","3247a0c4-d9e5-439d-a0a3-c6fe728ba76f","stroma"
"2808","32490ce1-76e8-4d7a-98ee-3b75aa865213","NKcells"
"2809","324ac391-67f9-42de-bdea-ed12c9d5eef2","Unknown"
"2810","324ca90c-ca39-4805-9c6a-9570df8aa1e9","epithelia"
"2811","324e200a-76f8-4a3b-ad79-12daea2dfee3","Unknown"
"2812","324e528f-a5e9-45ac-9c77-e4bc028b35c4","epithelia"
"2813","325c0082-eedd-46ba-a013-7a9c49384136","NKcells"
"2814","325f7167-cc66-4b50-8d14-a30c31c70331","NKcells"
"2815","325f9098-2243-407b-81ef-5ff03ebc052a","immune"
"2816","32682b36-aad0-461f-9863-246bfbbd4c1a","Unknown"
"2817","326afb8b-f46a-4119-8f0f-0f29b75b0512","epithelia"
"2818","326ba3e3-9600-4840-9bb7-bfc801005eef","Unknown"
"2819","32745781-7dc3-44e7-b111-efca2f4191bd","epithelia"
"2820","3274f220-ecd2-4935-b9b8-b581776e8df2","epithelia"
"2821","3280eade-fae6-48d0-a93c-85baa4da16b1","epithelia"
"2822","32848229-e98c-4b1a-ac5f-589b7362d6e3","endothelia"
"2823","328678c5-9a3b-4790-84fa-52b67ce42edc","epithelia"
"2824","3289ba31-8eee-4720-8fe4-88219e202f6b","stroma"
"2825","3292b2dc-3438-47e2-96b5-88c2984c7db8","epithelia"
"2826","3295ffd1-dcc3-4bee-a666-7472ff41991f","stroma"
"2827","32a1dec9-1cf4-48f6-9847-d565ba14244d","NKcells"
"2828","32a81174-b7fb-4381-9abc-651afe216773","NKcells"
"2829","32abcda8-473a-4c5b-b895-0f8404c30a89","NKcells"
"2830","32ae461a-3585-4f7d-b2e3-a62771018d5f","stroma"
"2831","32c2d64c-80ff-4be8-8586-e6002164cd50","epithelia"
"2832","32c5160a-4b12-4559-97bf-50b0c64565ba","epithelia"
"2833","32c958da-ff97-4a14-aed0-f08292768a31","Unknown"
"2834","32d1992d-12cc-4739-b5ff-7df8eb78b664","epithelia"
"2835","32d4a55e-8581-4820-bb75-16b3ac2fd5cc","epithelia"
"2836","32d5a5b6-2de3-4112-b0ee-c79013d4e441","Unknown"
"2837","32d5bc37-639c-43d8-a54e-6e8fda0051d8","epithelia"
"2838","32db119d-dd67-4550-bf43-1556bea7b7bc","Unknown"
"2839","32dc8ac1-2ac5-4124-a499-3018ecf9f836","epithelia"
"2840","32e3f054-99f4-471b-aa86-c9dfee4a6760","epithelia"
"2841","32e6a6b2-f3ec-41e3-bff0-b38a947dffdd","epithelia"
"2842","32e6ac51-1a09-4fb4-8e65-562fc7bd68b6","epithelia"
"2843","32e93156-7835-4224-bf2a-3016a21548ea","epithelia"
"2844","32ede7ea-2833-452e-8a09-d46ebe95916f","epithelia"
"2845","32ef8c11-50a4-4554-8eca-36d865a3bd78","CD8_T"
"2846","32ef9482-432c-4986-b5ef-a99248ee5cb1","NKcells"
"2847","32f2fd06-1b97-4883-b3ab-41717d5b3ca7","epithelia"
"2848","32f5bea4-5a95-4bf4-a403-fd12e7f821f4","stroma"
"2849","32f5f87d-9252-4dff-993e-54b3be670d6a","CD8_T"
"2850","32f9037d-9ddb-42eb-8acf-fb560ce0398b","Unknown"
"2851","32f92704-c2ae-4713-ba5c-e6494cf754b9","epithelia"
"2852","32ffce83-9f67-425f-90ca-978d28c0facb","epithelia"
"2853","33044ed7-19b0-4a63-a667-e55901c9460f","myeloid"
"2854","330aa533-6c88-425f-b855-1644813a75be","Unknown"
"2855","330b81cd-abb9-42ff-84c6-ab9e3acd5e74","Unknown"
"2856","33140d98-efec-4c11-bded-030ddbd8d32c","myeloid"
"2857","3315a499-65f7-4e12-b1cb-d357c23f2056","epithelia"
"2858","3318e481-de02-4cc3-be09-82a134498d95","epithelia"
"2859","331cacb5-fe0a-4037-a417-1faa1018be56","Unknown"
"2860","331f8c70-a866-4a07-8dc4-c5b95cebfb56","epithelia"
"2861","3321cfba-debb-4520-b3bf-328feded098d","CD8_T"
"2862","33258cc9-75f8-4420-ac29-e01d5965f689","epithelia"
"2863","3326a433-cf91-4af7-822a-0b31a05cc5aa","epithelia"
"2864","3326c636-1f94-4b88-981e-d159cc2337d7","epithelia"
"2865","332acfc7-551c-4bcf-9372-4ff93e1bbb4f","epithelia"
"2866","3333d288-0bd1-4097-9a7a-f5284d1137a4","CD8_T"
"2867","333d0982-e4d0-40aa-9e90-823cea31c410","epithelia"
"2868","333ea9c6-30bc-400b-ba5d-85ff968767ea","epithelia"
"2869","333f9bb8-c2b0-485e-9eab-67655d0dc132","epithelia"
"2870","3341e5f7-9a67-49f1-a110-7b17e4cf6671","epithelia"
"2871","334362d2-c1c4-4bf7-86e2-d647b299cf83","NKcells"
"2872","33445e08-5a5f-4116-8e24-f639538c29b7","NKcells"
"2873","3349533a-3ad4-41c1-a01f-58891726eb7b","myeloid"
"2874","334cd120-db1c-4d00-b26c-5753bd3ab961","Unknown"
"2875","334e499e-b7a6-4ddc-b504-2f0a58f8b9c0","epithelia"
"2876","33510778-f777-45f5-b4f2-f54c8f41c0ce","NKcells"
"2877","335530f4-eb14-4365-a215-10800cf3968e","myeloid"
"2878","335886c4-00bf-4114-8761-48fcab75f964","immune"
"2879","3359f306-3363-4308-b8ed-36eb7f2b8d68","epithelia"
"2880","33600875-db5a-43d9-8aa4-9e602471a2b0","epithelia"
"2881","3360591b-bb95-4c7b-b797-255b14a97d59","epithelia"
"2882","33641901-8d50-4d84-a1e5-7483ad74d96f","epithelia"
"2883","3366f015-c3ba-4e32-98ee-9ee17293be8c","Unknown"
"2884","3372c701-da5b-41b4-8c76-b6112c67cfff","epithelia"
"2885","3376af68-54fc-4b43-a949-7f7894b03e9b","epithelia"
"2886","33782d19-7000-4196-b7dc-0292fb4c9c84","epithelia"
"2887","337da2b9-0277-4fa9-8fda-d312dd4fc792","epithelia"
"2888","337eeb95-73e1-495c-b379-6aa948f4f404","epithelia"
"2889","3380f749-8a3a-493c-9b53-c527daf7c77a","epithelia"
"2890","3388a33a-a916-44ce-bef5-2919175bde55","epithelia"
"2891","338d776f-e493-451e-be14-2c30693de36f","epithelia"
"2892","338e5b2c-b723-4f55-8377-405bead9522b","NKcells"
"2893","338fc2d1-3e59-4527-97bd-f4d016290a37","epithelia"
"2894","3394df2d-78eb-40e3-9422-0373d818d71b","epithelia"
"2895","3397cd84-e596-42ba-8335-86ef4725094d","myeloid"
"2896","339a32c7-7895-465d-96e6-72001cae5839","epithelia"
"2897","339a4499-3e0a-4f49-a0c6-57301f24821b","Unknown"
"2898","33a3a4ff-59ce-4c0c-9538-a863df6d8546","epithelia"
"2899","33a8a672-b2d8-4ef1-aadb-d49f8994a052","NKcells"
"2900","33ac5862-0a21-4fab-8364-f51074658e65","epithelia"
"2901","33af1991-8f73-461d-a806-3e94447223ea","Unknown"
"2902","33b4ccc8-de51-4377-9c24-af7fd02e0ad5","epithelia"
"2903","33b86032-50d0-465c-b5a8-52153022308e","epithelia"
"2904","33bdef59-c021-4474-9db0-4760263dfcd2","Unknown"
"2905","33ca6277-1c2d-4999-8bf5-60e1f5da266d","NKcells"
"2906","33cca845-a519-4801-8a0b-a9d4ff2ac2e0","epithelia"
"2907","33d164ed-db42-4f5d-b33f-c721f0c6e97d","Unknown"
"2908","33d1684f-d2f4-47bc-8d08-c5b8ac00dfd2","epithelia"
"2909","33d4c465-e155-4674-adf7-6baa254f7509","myeloid"
"2910","33d93a1b-ad9b-4722-bb34-c9bc3f3067fb","NKcells"
"2911","33e3a8e1-b9ef-48f2-8595-af213bb1973f","endothelia"
"2912","33e4b8bb-f421-45d9-b6f2-547b5eb478fa","epithelia"
"2913","33e80649-b62e-4e6b-a200-68906b313184","epithelia"
"2914","33e88077-1c20-45c8-b194-e580b68d5258","epithelia"
"2915","33eafa62-ea27-4bdc-bd92-9a5a9cd5432e","T_cells"
"2916","33ebcda6-f873-4941-b9e6-ec2879e898c2","myeloid"
"2917","33f03a02-6bbd-4f4c-899b-9a55f96e3e68","NKcells"
"2918","33f5232b-f12e-473d-9a99-9acc63bb8d84","epithelia"
"2919","33f56c6b-1638-4668-8374-279f40d465c2","Treg"
"2920","33f7c153-af90-41e8-8640-9c8529eb9380","epithelia"
"2921","3408fd43-a6de-4a1a-92cd-81f5bfc11898","epithelia"
"2922","340a6d04-e286-4a30-abd1-304cb7edcff3","epithelia"
"2923","3418ecfb-054d-4e21-8eb8-af688a630e0c","NKcells"
"2924","341b5a22-13d4-4780-9523-2cf5b52893af","NKcells"
"2925","341e4e10-9104-461b-8f92-62005771d5dc","epithelia"
"2926","342218cd-e576-41be-9d18-535c90dcac79","Unknown"
"2927","342366d4-3d19-46dc-8473-56ec88274bf0","epithelia"
"2928","342c7038-9b53-4bba-90f7-af1e4a5f37ed","epithelia"
"2929","3430229c-9f16-4b9a-ba79-7def88d8662c","endothelia"
"2930","3434b4f5-e60e-4e9c-b62f-c20f0e434a6e","epithelia"
"2931","343589b6-2538-405b-ac09-4d0a6affd0eb","Unknown"
"2932","343fa6ac-9678-4d39-8558-5868cc6a4bd7","epithelia"
"2933","34506a57-cf05-49e3-8065-ee8100b851fa","epithelia"
"2934","3454aa31-b397-4355-aa25-e3d07efbfc97","epithelia"
"2935","345534b0-34c4-4925-b875-1c5e6bf21fd5","epithelia"
"2936","3455e319-b2f8-4ca3-b6fb-0faa098f9460","epithelia"
"2937","3459be4a-3a1e-4a1c-8189-ec47b9318043","epithelia"
"2938","34643a8a-d77b-4b42-afa6-759b0fafc307","epithelia"
"2939","346a43dc-b121-46a7-9df9-e4a13bfc02a2","epithelia"
"2940","3480bfb6-94b6-44de-9ff8-66c6f1a41934","Unknown"
"2941","3482f1ab-679a-42f7-8b74-96a2c0921665","myeloid"
"2942","34833879-1b1e-4419-b358-85d955fd054e","epithelia"
"2943","34855602-2095-4630-a25d-2ae20f017208","NKcells"
"2944","34888e22-4ce0-480c-b26e-cad8ee366e42","epithelia"
"2945","348c1abf-7116-450d-9052-9dcf44473413","CD8_T"
"2946","348c647a-b38c-4294-82fd-c99dddb71552","Unknown"
"2947","34987348-974c-4688-b3df-a267930ae23b","CD4_T"
"2948","34a7d18a-6a31-4e8f-b6ab-34de71ab1480","epithelia"
"2949","34b10f86-162f-454c-a0c4-817447803b2a","stroma"
"2950","34b37ac8-6f8d-4221-8565-b66ed79b2454","epithelia"
"2951","34b4a745-c660-4cb3-bf1d-59b19bf64463","epithelia"
"2952","34b88976-0cb9-47f7-9ac7-1badf3a7989c","epithelia"
"2953","34ba021d-0577-4a8d-adf3-363dbd9878d1","NKcells"
"2954","34c31b01-aff9-4532-9e16-5cd0815b07c9","epithelia"
"2955","34c817c9-98c6-4c69-b692-c3b113c99f59","Unknown"
"2956","34cb2179-aa85-4573-8d22-181a1d7e1eb6","epithelia"
"2957","34cb445d-4751-4452-89fa-106aa552dd4b","epithelia"
"2958","34d7f76e-9f1e-4f8c-a7e0-e191d732f90a","epithelia"
"2959","34dadc6c-2c2d-4169-b178-8a52473bb9aa","epithelia"
"2960","34db701f-ed9d-4fd6-91bc-c69b03efb40b","epithelia"
"2961","34e04bd7-f84f-40fa-b0ed-429185f479d9","epithelia"
"2962","34e5c059-36aa-48aa-acdf-33e4abf083cf","epithelia"
"2963","34ec65f5-eedd-4776-83c1-b2100b43e391","epithelia"
"2964","34ee45a6-f261-4085-bb00-37b34cf3bf1a","Treg"
"2965","34f03e72-c14e-4844-86b6-199291431622","epithelia"
"2966","34f0a265-bca2-4bff-89a9-4910daa1c5d8","NKcells"
"2967","34f3f2a8-19bc-4ee2-8152-22b7ba604b35","epithelia"
"2968","34f79998-3119-401f-abb8-7e8a1213c8f9","epithelia"
"2969","34f7a148-0450-457f-83a4-2031b4c7dcc2","epithelia"
"2970","34fb0ec0-537d-434a-9946-13fc9ee5f83d","NKcells"
"2971","34fd05b9-64fe-4dfc-8637-37f7ac15f248","CD8_T"
"2972","34fea7c1-f004-452e-ab58-050fc6119e36","epithelia"
"2973","35008bc0-3f88-4c3d-9a9e-107ce2c2bbf9","epithelia"
"2974","3501b847-cbea-46b3-927b-1c21c3e4b860","endothelia"
"2975","350339f6-1e05-4cc3-9e4e-56357cc491d6","NKcells"
"2976","3506af4a-e9ee-4208-a1df-ace9fb06feed","CD8_T"
"2977","3514acaf-3e9d-4836-afd2-8d71b6365259","epithelia"
"2978","351838b9-59e5-4d35-b5a9-08147ab36fd2","immune"
"2979","351862bf-6f4e-4fdd-8f16-c4764e484608","Treg"
"2980","35193528-d2aa-441d-854c-08265a93a28f","myeloid"
"2981","351eba36-8ab7-4275-8653-f3675f363dc7","epithelia"
"2982","35296474-1917-4c10-a99b-1cf115dd6806","myeloid"
"2983","35300b82-8700-4f50-83d5-07f2633bf480","epithelia"
"2984","3539a8fc-7834-40a1-8f6b-6d6b0a041159","epithelia"
"2985","353df11c-7a12-45b7-9cbd-0c18ec1de0a5","CD8_T"
"2986","3542aff7-6c91-4334-a489-03e2dd3f44a5","epithelia"
"2987","3548f138-1a9c-4e48-b26a-17ad887e5264","epithelia"
"2988","354bf1f9-e231-4a88-9a29-664ca52c8480","epithelia"
"2989","354fceac-f636-41f6-b981-e9e53bd4d5a4","epithelia"
"2990","355184df-fe2e-4ac1-a79e-85f5c8e2272d","epithelia"
"2991","3555130a-10f6-4948-b77c-5d8d9062a521","CD8_T"
"2992","355b6b14-ebf6-45b9-a357-24877dc3753a","epithelia"
"2993","355bf6fd-c93f-4d71-b0e6-18f52f98f0c6","NKcells"
"2994","356520b3-8ecb-458b-b849-57598b3c34ad","CD8_T"
"2995","356a8e2a-071d-4a1d-8733-fe243da5f0f9","epithelia"
"2996","356dd3d0-a485-4dbd-87ee-69b31b42efad","CD8_T"
"2997","357e8e4c-f9aa-4f00-a819-1f2076593b20","epithelia"
"2998","358125f5-eea5-480f-af42-9cfed6c35ade","myeloid"
"2999","3588a5eb-e200-42e4-a0ef-72feee05d50e","epithelia"
"3000","358ccb83-bed7-463f-9c75-7424a62638dd","epithelia"
"3001","3594092f-8e0e-426f-a3be-7c8b174665f4","epithelia"
"3002","3595db0e-070d-4a0a-8b5f-6864fb76453a","myeloid"
"3003","3598b19b-4230-4b7b-abfc-518bdef05e2c","Unknown"
"3004","359c70b9-c12d-4597-9213-a38ca91fa543","epithelia"
"3005","359c7c5e-887d-4de9-a818-b28ee8a9de3d","epithelia"
"3006","359ebdc2-5237-42bd-b41d-6f65a50007c2","CD8_T"
"3007","35a03aa1-4be6-4306-b4c0-d9ad947bbfd1","epithelia"
"3008","35a138bb-776e-4238-b548-482908385351","endothelia"
"3009","35ab59c5-81ee-4de5-a737-a505e7652462","epithelia"
"3010","35bdd998-0460-4c8a-af8a-823f3dfa7952","epithelia"
"3011","35bfe4a6-1cac-4a78-97b3-54290d077e1e","epithelia"
"3012","35cb6842-4163-4f1e-809d-283a68d0fafe","myeloid"
"3013","35cb7a6d-7bde-46ce-8bed-fbed7d8f9e40","epithelia"
"3014","35cb9f9e-f361-40e5-85b9-614eaa57b854","CD8_T"
"3015","35d587c0-b508-4bd2-a3af-fd135784252d","epithelia"
"3016","35dda42f-ca1d-411c-b546-d9200ec954c1","epithelia"
"3017","35df2a46-96cb-4250-b4ea-466a36ee4f0c","NKcells"
"3018","35e05785-4869-401b-a5b9-315951d3bb7b","epithelia"
"3019","35e310cf-e531-425a-84be-f8d1bd1def16","epithelia"
"3020","35effd4a-342a-430e-83bd-91a84a6da94d","immune"
"3021","35fb1079-9544-4335-929a-79ebd352534b","Treg"
"3022","35fb2505-3ec5-4b4f-ab66-47991dae2801","CD8_T"
"3023","35fc3069-dcfd-47c8-8dbc-acb933d3b3de","epithelia"
"3024","3607dd91-ed60-4f46-ae02-c0f646e4c5c5","NKcells"
"3025","360a1bcd-1971-4a10-bf19-1ae2ae4feb08","stroma"
"3026","360c4475-428e-4beb-aea9-14f042275ac7","epithelia"
"3027","360f1662-1386-42dd-8acd-5053e532cf22","epithelia"
"3028","360f7614-36ca-4943-bd6e-bc21439f5bc5","epithelia"
"3029","3611ff10-4f13-4a38-bb25-0a1b8d86778f","epithelia"
"3030","3619ee9a-1885-4c02-966d-f9c424a00c77","epithelia"
"3031","361a31d9-47da-4e9d-99e1-48b280f97b63","epithelia"
"3032","361ab15c-f08b-47fd-a6fb-1cdc4f473cd4","epithelia"
"3033","361e7800-be97-4870-8e20-45d76fa6d4cf","epithelia"
"3034","3630d802-468d-437a-9aff-6a440fc7f922","epithelia"
"3035","3636d3eb-d041-4994-bef0-76c1d7b028ee","epithelia"
"3036","36387a29-2bc3-436d-86ce-e219ca275943","myeloid"
"3037","36436cd9-2737-475c-8e71-7d410a84ed76","epithelia"
"3038","3646797d-7a1d-465d-84fd-a2b18be85591","epithelia"
"3039","364ce76c-2b17-4b9b-8653-f6c0b2538ed0","immune"
"3040","3653a6b1-1b30-4fd3-93b2-caa704b32e8a","epithelia"
"3041","3653ca8d-e8be-4e30-bb36-d018c6881257","epithelia"
"3042","36562aa5-3ba0-4845-ac1e-b5b72fa8f354","epithelia"
"3043","3656f94e-380e-4eed-a2ed-1d6f91d5b160","epithelia"
"3044","36593e03-efc6-4beb-9a4d-564907924abb","NKcells"
"3045","365a2a9c-289b-43d7-bb47-a66b1d730fbc","epithelia"
"3046","365ab8b2-549b-4742-afa0-131e444520df","CD8_T"
"3047","365c7cc5-19e3-47e3-a1f9-e9675b8accfc","epithelia"
"3048","36617b8f-4521-481e-84fa-f334cbd4d4d4","epithelia"
"3049","36642099-8b1e-4a88-818a-15223a701cc3","Unknown"
"3050","3664c9dc-db7c-46a4-a19e-b16d962f0587","epithelia"
"3051","366893d5-437f-42e7-81b0-46fa9d896556","epithelia"
"3052","366c3806-8658-4778-b70e-39f71a59a2d5","NKcells"
"3053","366d388b-9f9b-4168-bde8-8913b09b43fa","epithelia"
"3054","36726f1e-5310-4b8a-9516-0cbb2ce9602f","epithelia"
"3055","367341a1-5972-436b-94dc-38924227a190","epithelia"
"3056","367f46d2-766d-447a-9c9e-2ac44fc44a2e","CD8_T"
"3057","36816d38-30b0-4133-b69d-049c7d5fa529","epithelia"
"3058","36827614-80bc-47a7-8a20-aafd1eac13c8","NKcells"
"3059","3684ed63-2f56-48a8-b3bf-6121498ce661","NKcells"
"3060","3684ffe9-bac9-4c6a-8465-804739384b04","epithelia"
"3061","36885fb1-c948-4e8d-92b4-923c0682d723","NKcells"
"3062","3689422f-411c-4d11-9a4f-7279c60e8bf5","epithelia"
"3063","368b4e00-40b4-4f1a-9e6a-f3e7342f3010","epithelia"
"3064","36910ab5-e95b-48e7-b963-f68603ad3f4f","NKcells"
"3065","36916d29-721a-41d0-9e25-e5ac9b7cad30","Unknown"
"3066","36943392-16e1-4ce8-b134-9c974ec6ac23","epithelia"
"3067","3694c36c-8c0c-4523-bf4a-f34052decd61","NKcells"
"3068","36a047e1-e3d8-4a45-8ad4-c1e177710e00","Unknown"
"3069","36b19ae1-ca25-4fea-8f07-a28e59bbf68c","epithelia"
"3070","36b4aef4-8fe5-4cc9-8e7d-c23961596c6f","epithelia"
"3071","36b8c409-dfd6-4ddc-b63f-3f9eb34a4140","myeloid"
"3072","36c13017-3042-482e-acc0-74ff9507e704","epithelia"
"3073","36c7c01d-4a88-4aff-a38e-99ee2e68fde3","epithelia"
"3074","36cb37cf-e6a1-4d25-bc74-6fe2f18986ff","NKcells"
"3075","36d3ac36-5841-4028-9cae-4997430120e8","endothelia"
"3076","36d6de65-c5b1-4994-b4c7-f91ade1e1ac5","Treg"
"3077","36d88b03-51f0-49ec-950c-475e99744b96","epithelia"
"3078","36db90c2-e0e3-402c-9502-73b8aa76e771","Unknown"
"3079","36df0b57-a927-418b-964b-2edd0cbfa504","epithelia"
"3080","36e3c77b-8384-4fb9-832a-6bb6b8b0904a","epithelia"
"3081","36f32168-ff3d-40f3-b324-1ecbbfedf357","Unknown"
"3082","36f47e44-8d9a-4183-95a2-fef663227c7a","epithelia"
"3083","36f77ea9-a371-4350-99df-2adfd3c6d1f1","Unknown"
"3084","36ffe663-89f4-4864-9d67-bbbd18ad82e5","NKcells"
"3085","370a1010-2093-4d63-b27b-1b47e423ae20","Unknown"
"3086","370b001e-894f-436a-8b6b-a42daa1f1f72","NKcells"
"3087","370e0964-29a6-4f47-ae99-01b8e39fd50b","Treg"
"3088","37139562-3bde-4333-9d7f-36375f9004d7","CD8_T"
"3089","37173931-dbb2-4a00-8705-9e6b8c4a5d9e","CD8_T"
"3090","371aa47f-9684-42be-a0e7-000dec6f4998","epithelia"
"3091","371abb0b-c6ca-4315-bdcf-6e7209e2c645","epithelia"
"3092","371c75f5-ab1d-42d4-be1c-07938a05e6d0","CD8_T"
"3093","371f24d3-0ccc-4a93-95c7-25a477da2859","NKcells"
"3094","3721dba7-7921-4173-a43e-aadb78148676","epithelia"
"3095","3723f387-9428-4a06-b03c-7a68a0d2b6ee","epithelia"
"3096","372cfce4-cafa-4d0a-9a14-feccc70374f3","epithelia"
"3097","372de1c4-f7c1-4fd3-bde5-600d62af70ca","epithelia"
"3098","372eb156-66ac-4507-88a5-be26fbc6514c","epithelia"
"3099","373140af-df31-41b9-ba36-bf0371df4472","epithelia"
"3100","3734f136-1ac2-4b8b-900b-e65ffd68bdd0","epithelia"
"3101","37371545-af21-4aed-9ec2-a2bf3a3dd79e","epithelia"
"3102","373e4362-df05-4602-ab00-72c3fff88e02","epithelia"
"3103","37436196-5be4-40aa-a50e-cf3abfee4c00","NKcells"
"3104","37461e1f-f610-4c6d-bbe6-1d5689d21922","endothelia"
"3105","3753e712-d2bc-41e0-9d55-65f2cc3c0674","epithelia"
"3106","375d1cb7-1d20-409d-abab-b7d7f6eac5a7","Treg"
"3107","375dc5f2-9668-4f7d-aa3a-f04910cce4dc","NKcells"
"3108","3761788a-1c63-48bc-9d99-bd47f553594f","NKcells"
"3109","376408b1-3677-41fd-aac6-d82ef9231169","Unknown"
"3110","376420a7-d5c4-4ca4-a3ac-0479866cc4a0","Bcells"
"3111","3767c9c3-72b5-4262-975f-5169a63107fb","myeloid"
"3112","376ac2d1-3a31-4425-9626-999be50bf16c","Unknown"
"3113","3772e154-d5b5-4929-b0f9-37cbae24f868","epithelia"
"3114","37743bb9-6087-4698-b853-3cfdbb750cba","epithelia"
"3115","3775fddb-0157-4552-8667-1e31def5fbcb","CD8_T"
"3116","37771ce6-3fe9-49b4-8963-bd3bdeb8e67c","CD8_T"
"3117","377cce71-65ae-4324-ad29-e32228e12a8f","epithelia"
"3118","3785bc2d-2843-45f7-a6ee-a8258a351022","NKcells"
"3119","37883f0b-1c57-42d0-a054-366e681a5d58","epithelia"
"3120","37a8fb60-c51e-4273-9d87-5d08d4e58eff","stroma"
"3121","37b02696-85b5-4a94-acce-98560783ad1f","epithelia"
"3122","37b58c70-be24-4b14-9c48-e104555b2743","Unknown"
"3123","37b8642e-a84f-4854-bf0e-1e7035ad58b0","epithelia"
"3124","37bc3000-cc82-4f35-ac2a-7c023e4fc9ee","NKcells"
"3125","37cc0f58-c24d-4a31-97a8-00bf79f45ba6","epithelia"
"3126","37cc6e53-4adb-4da7-bde2-c07366ce069f","epithelia"
"3127","37ccdafc-7c29-4929-9a9f-9617fd35b1fe","NKcells"
"3128","37d6e061-0c35-4c4c-b6e7-6c63e3da9ea8","NKcells"
"3129","37dc63e3-71fe-49a7-a2b0-397fff5adb2c","immune"
"3130","37e41b97-d7a5-4111-b253-3b779686b33f","NKcells"
"3131","37e973bd-c5e8-402b-809d-ae158b9f8647","Unknown"
"3132","37eedd7c-251e-4693-8ea1-79312de135f1","NKcells"
"3133","37f14b4f-e107-4c81-99e1-ad28e60cd3b8","epithelia"
"3134","37f868de-9ab4-4125-9263-3f95ed92daa0","epithelia"
"3135","37fbedd6-976b-4fba-9cf9-11d255622691","epithelia"
"3136","380900a7-b404-4528-9bf4-225355164352","CD8_T"
"3137","380ba9db-e978-49dd-8a41-094e7b0c9fd0","epithelia"
"3138","3818e9d0-9495-4916-a85d-24759ab4303b","epithelia"
"3139","381b08a3-4518-4d3d-a327-c75501feced8","epithelia"
"3140","381e3137-cc97-4cd2-804f-9f4054ae7070","epithelia"
"3141","3828df83-30fb-4eea-9f5e-d213af112a55","NKcells"
"3142","382b8773-7b0a-4e4c-9624-8a575b84b611","epithelia"
"3143","383d497e-6737-48f0-904f-34ca7e1d837f","NKcells"
"3144","383e5c9e-e1ef-4162-8eea-be4d70d3f124","Treg"
"3145","38435423-70a8-4a7b-882f-f96d0107b729","Treg"
"3146","3843ed0c-c54a-4d69-8a22-a1614c1b2f2c","NKcells"
"3147","3857c72f-95cf-4bb8-81ed-1d7767578c84","NKcells"
"3148","385f7974-54bc-4dd1-b189-ea32a0f9131a","epithelia"
"3149","3862b890-5943-4fe0-a792-d5f7dfb010cf","epithelia"
"3150","38654f3b-a3ef-48d9-be3b-a7fd4359ae16","immune"
"3151","386afe0a-eba3-47fc-a7e3-b64131cb5cbc","epithelia"
"3152","386b23db-1715-465f-ae81-6888798cb00e","NKcells"
"3153","386caa4c-4ed0-4707-a5b0-acb45c775fa9","epithelia"
"3154","386f1ea4-f2fc-4fe1-9ba7-dd508e858d4c","NKcells"
"3155","38731cd9-e7ee-440b-94d8-8d2e207ca75e","NKcells"
"3156","3877890a-8d45-4dfe-82ae-bc967e8a2ab4","myeloid"
"3157","387e0681-ebe2-4916-b101-11a51eb1028e","NKcells"
"3158","3884c72a-433d-45eb-ab40-68607d10bb3c","Treg"
"3159","3887cd9f-7d51-4504-83ad-8be5cd17c172","epithelia"
"3160","3888e5f9-d0f0-4214-8429-3cba1b3ff44c","epithelia"
"3161","388da0e6-88cc-470a-99d0-ccfd288a6927","epithelia"
"3162","389a05d2-a6a2-4426-b2bb-29e6f4476781","epithelia"
"3163","38a12628-fe6a-482a-a51b-859988df0448","epithelia"
"3164","38ac0308-75db-4ad2-9ffc-5fbd52c5d93c","immune"
"3165","38b23d38-27dd-4e2e-bb02-b4da1d37abf3","epithelia"
"3166","38b77ce8-79d0-4590-9f10-5bd3ef3224ac","epithelia"
"3167","38baae82-ff2f-4fbe-b6b0-07718bb26032","epithelia"
"3168","38c1d005-dff8-4d16-bf6f-7e174a15d96c","epithelia"
"3169","38c8c0f5-b334-4b1b-898f-9c0c027e6ef0","CD8_T"
"3170","38d7f9d8-0a90-407b-8939-da8e84174bb1","myeloid"
"3171","38d862be-0c1e-40f1-9bda-ea5b785d73ce","epithelia"
"3172","38e9423b-2e9a-41f6-aba1-16a809463c90","Unknown"
"3173","38ebb65b-e640-4107-b143-aec6626c2999","epithelia"
"3174","38efbc48-79e1-4248-b59e-16132014530a","epithelia"
"3175","38fd2bf4-1bce-4033-8ffb-980ff1622cf4","epithelia"
"3176","38fd5795-36ae-496c-9711-a74d5d32d78a","NKcells"
"3177","3903b8c1-df9b-47e4-b854-3ef204e1f60b","immune"
"3178","3906e45c-01ea-48c5-a02a-e0ed2fd0deef","immune"
"3179","3914d8e0-4e72-4c51-bce9-49763e5f4529","NKcells"
"3180","3920c65c-1b95-4396-bd45-56db9a30ccc9","epithelia"
"3181","39237bee-cf8b-434a-ac4d-73ff699663ed","epithelia"
"3182","3929a72e-5a0f-430c-a8f7-fdfb39731bb1","epithelia"
"3183","393a40d9-dc43-4747-8e11-608ff96bab91","immune"
"3184","39423259-55c2-47d3-a5d4-51bb6b78f0db","epithelia"
"3185","3947b0ec-e722-4043-be19-d4b52ed537f5","immune"
"3186","394ac065-d533-488b-a3b0-6de77bbf1d8f","myeloid"
"3187","394aebce-a6d0-44e4-a040-a5447b40a552","epithelia"
"3188","394e9284-88c4-40b8-825a-25a0ee0fdcf2","Unknown"
"3189","395093ef-d09a-41de-8af9-95f528be655b","myeloid"
"3190","39530b9a-0aa7-4521-90df-fa754f49ea8b","epithelia"
"3191","3954afb1-51c8-4f5c-968a-aa5481256b82","epithelia"
"3192","39641f4a-b2fe-43c5-8dee-929f14986f28","Unknown"
"3193","396e0a03-42a7-4c94-aae8-8ee91990d7ee","epithelia"
"3194","396fd488-a360-4347-9db6-6185dc4eb62d","epithelia"
"3195","398bf01f-7b45-4fec-97a9-d37b3343f0b5","epithelia"
"3196","398c69b6-75b0-47af-9d2b-a0fe065806b5","epithelia"
"3197","398f40e8-6f79-4730-af2b-f9934a409d0c","epithelia"
"3198","399f58d6-98eb-4494-a760-66ad2683adcb","epithelia"
"3199","39a904fd-feee-4d91-ae77-5bbd57b6141d","NKcells"
"3200","39b084eb-9284-4905-84d4-532877ce0eb5","NKcells"
"3201","39b14d5e-6003-4511-a831-6f6528232d87","epithelia"
"3202","39b9c921-7941-42a6-bf50-9b0a6a63667a","NKcells"
"3203","39be1dd9-4d8b-4353-90ae-7cd9757fbba4","NKcells"
"3204","39c245d9-99a1-4506-b398-00e5dc37209b","epithelia"
"3205","39cba6ef-744d-460b-934f-44a709782852","stroma"
"3206","39cdd2c6-3eb8-4886-b6f9-075a65d02581","epithelia"
"3207","39dce69d-0a55-4a56-bbdc-076651d9e6d1","epithelia"
"3208","39de28dc-3d0a-452b-b2e4-c668ec91c9b7","epithelia"
"3209","39e2faf5-a1cf-4f8c-b758-5226d5a022b8","epithelia"
"3210","39e4540c-ca6d-4b2f-aa7e-5ba5fe11942d","epithelia"
"3211","39edc2fc-6779-4b3d-9b58-b2e413c32100","epithelia"
"3212","39ee3b54-1583-4637-be7b-b2a087d04842","Unknown"
"3213","39efb40d-0736-4eda-b402-eeec89f1ec9a","myeloid"
"3214","39f2d46c-b853-40bf-84b9-75d014fd5f36","epithelia"
"3215","39f3e8b5-1062-43a3-862c-fc09ba613211","NKcells"
"3216","39fa8f70-b329-4784-9f6b-be8a1c543d4c","epithelia"
"3217","39fe3a6a-8f62-4298-a70d-5369e9bee46a","epithelia"
"3218","3a037077-74b2-4763-b629-6e841ec35e6b","epithelia"
"3219","3a054f0d-4bc4-4684-9b37-cf3fc860beb7","NKcells"
"3220","3a0a5e89-1981-4a45-8697-467d85af82e8","epithelia"
"3221","3a0e9022-df75-4344-8e59-4ecbac865904","epithelia"
"3222","3a142285-6095-40a6-8ea3-83ec98ae3d88","epithelia"
"3223","3a17c1f6-fe8e-4387-8bf8-25775a79c602","NKcells"
"3224","3a1889f0-9e5f-478c-9d9c-933df57bfb15","epithelia"
"3225","3a1b0753-a242-4e51-8516-cdc2861ad264","NKcells"
"3226","3a1e47ee-04b6-4f6f-9a51-b668b8e1fffe","epithelia"
"3227","3a20925f-cb06-48e2-b9b2-f855cff0e5da","epithelia"
"3228","3a29356b-d3cb-4fb6-9d29-37c3c339475b","epithelia"
"3229","3a2f7aa7-6db8-466a-9a98-d63bb6fa0f32","epithelia"
"3230","3a338801-3df8-4e68-9a90-92323158f149","NKcells"
"3231","3a397197-3967-4cd1-8d4d-0db12a726ee5","Bcells"
"3232","3a3a2fb6-7204-4598-830d-7395261a5e37","epithelia"
"3233","3a3d2f67-c963-4543-8383-0a43d423591e","NKcells"
"3234","3a43a54d-0a64-4a91-8146-d68028cd436d","CD8_T"
"3235","3a457e9d-f54b-4dc2-b15d-698b8005297f","NKcells"
"3236","3a4594ab-1a7d-4e22-8f0d-f2ec7c6c4302","epithelia"
"3237","3a490e23-85de-48c6-9424-1ddfd206bbf3","immune"
"3238","3a5e4367-9b31-4b17-add6-7f24296bceb4","epithelia"
"3239","3a6698fa-84d2-40a9-8fbb-535980048ac8","epithelia"
"3240","3a6803d4-9a3e-47c6-86de-ecbded2b0833","Unknown"
"3241","3a7d61c7-35b5-4198-ab66-69a8f8dc57b4","CD8_T"
"3242","3a84d785-3416-4764-b212-82c23f52efe1","Unknown"
"3243","3a8e1844-2271-4f1d-a196-dcce29530335","epithelia"
"3244","3a909e42-fcfd-40e7-906b-3163967fdb18","myeloid"
"3245","3aa7d55a-63a6-49dd-a267-8443a9bac354","epithelia"
"3246","3aa960c9-867f-4034-9574-6e238ffdfa98","epithelia"
"3247","3aba3e43-6474-439f-a1c7-25881162b380","Unknown"
"3248","3abacabf-59d6-47fe-8b0d-5ddc7d1edebc","epithelia"
"3249","3abe0b0b-6839-49de-8424-c572d8a8e928","Unknown"
"3250","3abeb7a5-1999-40db-bb62-669206af7377","epithelia"
"3251","3ac18748-2541-43a1-921c-8b584119fb6c","epithelia"
"3252","3ac88594-3e4d-4eff-bc11-26dd5c2c4cb0","NKcells"
"3253","3acfa107-e5a7-46ce-ab6d-b415c448e4f9","myeloid"
"3254","3ad179b7-504a-45ec-be58-a1c209c7ad75","Unknown"
"3255","3ad5dc23-bbfb-4339-a9dc-1bf4208350ab","immune"
"3256","3ad8ba36-28b3-4046-aa87-3bb978f097a7","epithelia"
"3257","3ada274e-2d5d-4b84-97ac-8456320f069a","epithelia"
"3258","3aeb44e1-1192-4741-8423-bcdcffbf8a75","epithelia"
"3259","3af1a439-3495-44de-8c0b-8aa67b04017f","NKcells"
"3260","3af55d1f-3438-4590-ad87-875de2efc0d1","epithelia"
"3261","3af71deb-684e-4b17-b388-d7a7e9101a2c","Unknown"
"3262","3afbbfff-88be-4dcc-8f04-7d336114acbe","NKcells"
"3263","3b0858a6-1116-4108-94b4-8610941ae845","epithelia"
"3264","3b103b97-fd4d-4d94-afe6-3b87b238eced","T_cells"
"3265","3b179cf4-b352-4580-900d-e7e4360b3594","epithelia"
"3266","3b22c3c2-50bd-49c7-ba7d-1e07131bc072","Unknown"
"3267","3b23af60-d3d4-4b5b-88fa-784500853408","epithelia"
"3268","3b26a9e2-fbe2-4fab-9332-a955c550fa70","epithelia"
"3269","3b29575f-3160-4fd5-b32d-7ba7578ad205","epithelia"
"3270","3b2cb28f-ce75-487b-8ec5-ac22fa0161ea","NKcells"
"3271","3b34a64a-9549-43d6-a5fa-226ae1cde0d7","epithelia"
"3272","3b3772e9-61ed-47bc-9114-2dc91bef0e26","myeloid"
"3273","3b3acf91-9b4e-4a72-bc4f-75c6964c48ff","NKcells"
"3274","3b543540-0bf4-4a5d-ab25-dd7403d7e00c","epithelia"
"3275","3b559be8-ff3c-48fd-b777-4482926ccdd4","epithelia"
"3276","3b57a145-27e6-4440-b36f-60df04678d13","Unknown"
"3277","3b57ef2b-c4dc-486d-ad84-91de52dc42ee","epithelia"
"3278","3b5b1241-bebc-4380-8142-0d56ff9b36da","NKcells"
"3279","3b5bd3d2-3288-4d42-a053-aa5b4f0a30f0","epithelia"
"3280","3b60964d-e2ba-45df-8d0b-f60d8a8d644d","NKcells"
"3281","3b62dc0b-2f21-478a-9bfa-34d67b813979","epithelia"
"3282","3b63c060-b6b6-4c0d-9e6d-f5a71462356a","CD8_T"
"3283","3b731ceb-f16c-4e01-8b92-a41d657f53da","CD8_T"
"3284","3b757eb3-0da6-48f2-9eb5-9af341384c54","epithelia"
"3285","3b7580ef-8179-4383-84ea-acf45d7bd6c1","epithelia"
"3286","3b77db7f-74b3-4f9a-a069-ace6d407b3a9","epithelia"
"3287","3b77fb8f-0392-467e-af6b-237d4953bf9e","myeloid"
"3288","3b7ac246-2d94-434b-86fa-f95bc8228d74","epithelia"
"3289","3b845d9e-39f7-40bc-89d3-c76eade61624","CD8_T"
"3290","3b9076bf-7b54-4642-94b8-13ea7a55faa4","epithelia"
"3291","3b97e0b1-fb96-437d-9630-3be4d7d70b71","epithelia"
"3292","3ba97a04-9153-499c-baea-d1ca42903516","epithelia"
"3293","3bab2f89-0363-4ed8-bfc2-3381a103b61a","Unknown"
"3294","3bad74b4-bfcb-4be1-a137-fd3392cf0b1c","epithelia"
"3295","3badabf8-081a-42a3-b36c-e68e28aec0f1","NKcells"
"3296","3bb67d29-4f64-471f-847e-7a93a8719859","epithelia"
"3297","3bb72a86-d582-4802-a31d-022010c056c8","epithelia"
"3298","3bbadaec-533e-4c7d-8f2f-4646ea81f8c8","NKcells"
"3299","3bc08e11-40c2-442d-8d3d-c57e8106cb1f","immune"
"3300","3bc52c65-b706-4edf-a609-8a988dd60925","epithelia"
"3301","3bc6d3ef-7dc8-4d1f-a011-d09eb1bedf52","epithelia"
"3302","3bc8d321-6b91-4947-a90e-59b4b719aa76","epithelia"
"3303","3bcca4d1-b1be-4d8e-b706-2336c5ae5de6","epithelia"
"3304","3bd48633-853c-4ab7-b933-34a4d358ba55","epithelia"
"3305","3be2ddd5-4241-4905-92b9-bfd6e5446965","CD8_T"
"3306","3be2e564-cce2-472d-af20-0757f49d8294","immune"
"3307","3be45df6-6f6d-4ac8-b5fd-1a42b89d7ae0","epithelia"
"3308","3beb4a98-8d40-431a-8ce1-a2c986d2d86b","NKcells"
"3309","3beffaf1-49e8-4ab2-8793-7204aae42b9e","epithelia"
"3310","3bf38319-b4d0-4149-b1cc-0ec23b035285","epithelia"
"3311","3c03f904-69da-4bf1-aa06-510e6e032857","Unknown"
"3312","3c0ab84d-95db-4178-80c4-54645c3da8c4","epithelia"
"3313","3c1143eb-817f-47b5-bb0b-d517ee1551c8","epithelia"
"3314","3c123a82-cd49-4103-8a7a-198d231c5ecc","epithelia"
"3315","3c15adba-a463-43d3-b0e9-094d7642161f","epithelia"
"3316","3c1dec6e-cbf8-4d96-a823-ab5dd979e101","epithelia"
"3317","3c1e243a-e787-4f35-8275-6c04f9ad9b06","CD8_T"
"3318","3c1fba0c-4c9c-450e-b01b-e1c084120266","epithelia"
"3319","3c221ceb-2e54-48a9-b678-a214ce99cb8e","CD4_T"
"3320","3c22674a-280e-4125-9db6-1205e03dea3e","myeloid"
"3321","3c2660a2-1e5d-4f1b-b7f1-21df296cecd3","epithelia"
"3322","3c2f7b43-c6a1-42d5-834a-84dce0cbb7bf","epithelia"
"3323","3c2f854a-d151-4561-a1a0-ab14d210cd76","epithelia"
"3324","3c31a3a7-cd93-49b4-8ec8-0658fb72bb4f","Unknown"
"3325","3c35c57d-f8c0-4dca-b83a-534982c32fc2","epithelia"
"3326","3c3b8dc3-f8fa-40f8-9d2a-93fc472b4113","CD8_T"
"3327","3c3f29f6-cd6d-4d61-8c80-c689c52079f1","epithelia"
"3328","3c3fd265-05d3-4570-ba28-55d765131b48","CD8_T"
"3329","3c413f6f-9f9c-46fe-a863-0493f0bb2143","NKcells"
"3330","3c440397-c3c9-4742-9180-dc991a6d3eb0","epithelia"
"3331","3c4636e1-7737-4338-a08f-345f43b1be08","stroma"
"3332","3c4db11e-3855-46e9-bea0-3d5be6a3e76e","epithelia"
"3333","3c535cf6-98a7-4de0-b2cf-04031de83e69","epithelia"
"3334","3c54d0fe-8eaf-4d07-b3ff-e88fa59c826a","NKcells"
"3335","3c55a241-99f2-4314-92eb-6562dc37208f","epithelia"
"3336","3c5643b5-5097-41fb-995d-cbdfc7a98631","epithelia"
"3337","3c585622-80a1-47e8-98a1-7d69f9ca35db","NKcells"
"3338","3c5a9891-aeca-4ad2-a3b4-00f7a0762660","myeloid"
"3339","3c60da98-49b7-4e98-b7ac-cadb840337ba","epithelia"
"3340","3c6d5dfe-8755-4816-9b1d-d7d3fffdc7ad","NKcells"
"3341","3c7359d6-ddfb-47df-af0e-bef2a95352d3","epithelia"
"3342","3c8adb6d-2a38-446e-8a76-c64917e8c71b","epithelia"
"3343","3c8bc0e2-8e27-4f7d-ba41-11ba6328ba2b","myeloid"
"3344","3c919dc5-9713-4f71-8c0b-99871b7302a3","NKcells"
"3345","3c938378-16ba-4283-b31a-1a1c353d9be0","NKcells"
"3346","3ca1efa2-f947-4b40-8be9-6d05d6aa5ae5","epithelia"
"3347","3ca80d81-f849-4c02-bd4e-6cb16a0a6a91","immune"
"3348","3caae9df-5294-4d18-b969-c66fae8d7d20","epithelia"
"3349","3cad48de-fcd3-4662-8240-615c558e125e","epithelia"
"3350","3cafddac-54bd-4393-ad7f-38355fbb6673","epithelia"
"3351","3cb830be-51e1-4bd6-a0d1-57fd9897af71","epithelia"
"3352","3cbdb387-81b2-4273-a290-5508d3011611","epithelia"
"3353","3cc90e75-5338-4cd8-960c-989abc44b824","myeloid"
"3354","3ccea07b-9208-49a0-ba55-08a720325ca3","epithelia"
"3355","3cd059ca-19bb-44c3-9de8-68f2a710ec79","myeloid"
"3356","3cd06246-71e5-4e69-82f0-3349cec9229d","epithelia"
"3357","3cddee18-d94d-417a-928a-2f968eb177aa","epithelia"
"3358","3ce1622f-4438-4e95-88f4-b30e29f202d0","epithelia"
"3359","3ce6a1b1-0a00-4fcc-9f60-fab94164f8d3","NKcells"
"3360","3ceaf19e-9e33-4539-b3df-d1a67aef1ea2","Unknown"
"3361","3cec2dbe-a240-4990-b5a5-be050fada81d","CD8_T"
"3362","3cf01290-a912-4133-b375-2e8895a56821","NKcells"
"3363","3cf1d96f-34ec-4437-8f05-cea97f22d29a","epithelia"
"3364","3cf21118-5ece-40a1-95f1-b6aa73e8651c","epithelia"
"3365","3d00de3c-51e7-4388-a04d-cf3b95b1490e","NKcells"
"3366","3d02d924-6663-4fb0-9a27-f54dd2a09100","NKcells"
"3367","3d040827-9534-4b6f-9fd9-74371b28e916","epithelia"
"3368","3d0797e5-93be-4b2c-b920-11cd75fd978c","immune"
"3369","3d0cc62a-dc87-482a-956a-2ba67d8f013d","CD8_T"
"3370","3d0ea96d-f667-4043-abd5-88f2d5f68028","Unknown"
"3371","3d0eb274-72c3-4e97-ae63-612e7e2ee55e","Unknown"
"3372","3d164522-0665-45a0-95b0-ea1628eb9607","myeloid"
"3373","3d1a380b-f3a5-4d93-9f9f-9beaee25626c","epithelia"
"3374","3d1e6136-c588-4c8c-aa26-e361ed1d9de5","Treg"
"3375","3d1ef949-4335-4e4c-a01a-22c2c1f861f1","epithelia"
"3376","3d21b82b-6fa2-4ff5-9913-a688d5ebe952","NKcells"
"3377","3d24a27c-427b-4c38-8812-367e825aaeb7","NKcells"
"3378","3d24af3c-4165-4372-b923-2b14207847c8","epithelia"
"3379","3d2a0f48-da1b-4038-aca0-9b29a48e281e","epithelia"
"3380","3d33b788-503c-4b5a-9ecb-03e0a34ce3b7","NKcells"
"3381","3d3535e7-2abd-432d-b841-72b8fc767fb5","epithelia"
"3382","3d3814e7-7508-4ce9-abb9-6bd70267c8a2","Unknown"
"3383","3d381ae3-aec4-4744-bacb-0d6cce8c252d","Unknown"
"3384","3d3d88df-af6c-42ba-b442-8777517de06e","CD8_T"
"3385","3d3f3878-7a2a-4a25-8578-90a5869a3138","Unknown"
"3386","3d4786a1-6d3e-47b8-982c-eea53b917a6d","epithelia"
"3387","3d4cfda0-e140-433b-825e-256a6b77ce9e","epithelia"
"3388","3d5ea7e0-9b4a-44a1-871d-1239c415a6b2","stroma"
"3389","3d634c24-35ac-418c-8a95-d17eb275a0ea","myeloid"
"3390","3d7598a0-ec2c-4683-8a0c-c7e08c0341c5","Unknown"
"3391","3d770cb0-8827-4748-8042-6c3cbbc9f60d","epithelia"
"3392","3d793260-2564-403c-8752-7acaa43165ef","Unknown"
"3393","3d7a4147-3463-4990-bcad-dd56b9dc64c0","CD8_T"
"3394","3d7b9d2e-3321-4a86-9281-9412200a7fac","NKcells"
"3395","3d85ad09-f307-4833-b497-20c95ecff33b","CD8_T"
"3396","3d87c3e7-f1c0-4139-beab-004e1c662722","NKcells"
"3397","3d8ab735-b8ca-4243-b49f-d3ba9d737d9a","NKcells"
"3398","3d8c330d-e0dd-4cc0-8e8d-6f2d1596cd03","epithelia"
"3399","3d945b95-6bfb-4914-9ea1-73dc78fc5b44","epithelia"
"3400","3d95c81b-5381-413b-90d3-c9572614ed93","NKcells"
"3401","3d975cbd-d55a-45b0-a65f-56b06418d352","NKcells"
"3402","3d976cbe-3aa7-49ef-9500-eff2e49d45be","Unknown"
"3403","3d989abb-f304-4322-8552-7e81964fd082","NKcells"
"3404","3d9a751c-76a1-452f-96e0-45d7115759fa","immune"
"3405","3da11d33-58e9-4c3e-a517-924297ca28f2","epithelia"
"3406","3da3c4c3-ea3b-448a-a962-9834908b024f","NKcells"
"3407","3db4e050-3aa5-404e-b0fb-31963830e076","epithelia"
"3408","3db93877-ee4a-4054-a8c0-d4547721b0d1","Unknown"
"3409","3dbd0ae0-45ef-4e00-a100-c89fddc3df4b","epithelia"
"3410","3dbd0dfb-9b78-48dc-99b1-9259f8ff0753","epithelia"
"3411","3dbf9b89-cf0a-42c2-abb4-ab3811a8e9c8","epithelia"
"3412","3dbfa34d-319a-489f-9975-7c48330fc8de","Unknown"
"3413","3dc8cfcb-eea3-47c7-86f8-0027fda9a93d","CD8_T"
"3414","3dcab575-df9a-4ab1-b71a-5169652b5f79","myeloid"
"3415","3dcb1b8c-a328-4fd3-a028-399d37245832","Unknown"
"3416","3dcd0ce2-717d-45dd-be04-ed5356d1cadf","epithelia"
"3417","3dce0a0f-4c91-4900-a003-583a60ed3999","Treg"
"3418","3dda6f62-183b-47db-b778-56fbca24de7f","epithelia"
"3419","3ddb41fe-a76d-4fb0-a44a-fe7eb06d0e43","Treg"
"3420","3deb0045-2ad9-4dcc-9461-52a372ee29ed","epithelia"
"3421","3debf189-6c2d-4f31-98b0-bf4a1c8a48a5","epithelia"
"3422","3dec96cf-bdcf-4a85-9c79-679cc2fe2639","epithelia"
"3423","3def6e52-d721-4e15-a655-b93873a61c62","stroma"
"3424","3df9562e-9d60-4e87-89a4-f46879010e51","epithelia"
"3425","3dff7ee9-e9b4-4d81-a8a4-f87ad7ae51f9","endothelia"
"3426","3e0130b5-0f6d-4e6b-811d-3b962483f211","immune"
"3427","3e080e73-873a-4b1d-9c70-dea75539bbd0","epithelia"
"3428","3e0868d2-89f5-4c31-8ab8-3ad066e929ff","epithelia"
"3429","3e0957ed-1c31-41c4-b4df-f02484eedcd6","epithelia"
"3430","3e09b9ab-283a-4dda-afca-522c38bdcd74","epithelia"
"3431","3e0f6bd5-5d31-4f74-86dd-f4040993c766","epithelia"
"3432","3e191e9c-48c0-41d8-b24e-e92130fb2d09","epithelia"
"3433","3e1a13c5-443c-4900-bef0-b7dec41da4a0","CD8_T"
"3434","3e1f40e5-d488-4a63-8a14-6bc3131832b7","epithelia"
"3435","3e20ba82-66cc-4690-80a7-9a614fd50c5b","CD8_T"
"3436","3e21e298-8a45-4030-b895-b57d33aa3f6d","CD8_T"
"3437","3e265be0-610f-4d3f-9851-b276288055c7","epithelia"
"3438","3e2b8b92-db8e-4d4b-93a8-00538f2e3039","epithelia"
"3439","3e2c3c0b-1069-49d6-adc9-a2620bfc6a88","NKcells"
"3440","3e2ec308-92fc-4165-aa21-00084e2dc39b","epithelia"
"3441","3e33dd3b-f8b2-41b0-9925-434bfa523826","Unknown"
"3442","3e38ee0b-8b1e-43a0-a7d2-ec495380769f","epithelia"
"3443","3e4239de-b3fd-4c0d-ba06-bcbd61bc8881","epithelia"
"3444","3e4392ac-6784-45fc-82a5-ea83e92998cd","epithelia"
"3445","3e441abb-810f-4cd6-b187-d03c8529e81d","NKcells"
"3446","3e478749-46ca-4d91-aa45-95ada1912403","epithelia"
"3447","3e483d56-bb07-4317-bfb8-23156d9e5b1b","epithelia"
"3448","3e519537-496b-4ac6-af9a-ff711d1db7d5","epithelia"
"3449","3e53aa29-adc5-4bd3-af11-e245944a20a9","epithelia"
"3450","3e573623-442b-4eba-ab8d-cc3fcea83bdb","epithelia"
"3451","3e58ffc0-2cf3-456f-a2e6-a78138734354","epithelia"
"3452","3e5bff7d-eaf2-4fd1-9d97-c9f68d288b64","Unknown"
"3453","3e5c028c-eb41-4e27-ba91-0b6ae4748d62","epithelia"
"3454","3e5d5e4a-7cab-4c51-a6f8-dc786838428c","epithelia"
"3455","3e62117b-f9a8-4308-8242-669d20b7d340","NKcells"
"3456","3e629150-49a8-4f2f-a294-924da414fa16","epithelia"
"3457","3e640ff5-4179-48bb-bd00-3107a7f668e2","epithelia"
"3458","3e666560-cf23-4009-a680-b624f9fe6d19","Unknown"
"3459","3e69888a-3cb7-43c8-a7f0-e7e64538becc","NKcells"
"3460","3e6a6ed8-18c9-4a59-bb8a-e0b059bb13e7","epithelia"
"3461","3e6fd8ce-99e5-4b66-a14f-cd420c049b1e","epithelia"
"3462","3e70c54c-0eb3-4146-9442-23d8935f81f7","immune"
"3463","3e71c18c-2866-48a2-a7f3-483cf5cc1b20","epithelia"
"3464","3e743513-5941-4f41-bfee-86a571092286","epithelia"
"3465","3e76c004-e6f8-42b0-acec-854822415c7d","myeloid"
"3466","3e77eecf-73b3-46c2-8633-a7603f39f466","CD8_T"
"3467","3e799e00-f86f-4c40-bd6d-f22be2a3bca1","epithelia"
"3468","3e79ad19-548f-497b-afde-4c27679a9249","epithelia"
"3469","3e7bc82a-c1ce-4845-95bc-06c180e02a1b","epithelia"
"3470","3e840f76-2057-4ec4-92a8-c4ea714eae92","epithelia"
"3471","3e86ac13-4527-4902-b14d-e3b86aa5b97f","Treg"
"3472","3e87c5c0-f099-4cdd-bc8e-8b20d78e60d4","epithelia"
"3473","3e89deb7-922d-4cac-a81a-4638486e4f1e","epithelia"
"3474","3e8cb0d3-b6a4-4080-bf91-1efd03c9d525","NKcells"
"3475","3e95d6f1-b7ce-4d21-82ac-b4cd656df8bd","Unknown"
"3476","3e97c262-2348-4788-bc85-f2e3c9396f6c","Unknown"
"3477","3e9f8cde-953f-44f3-9ba8-aadbea18aec5","CD8_T"
"3478","3ea3b99e-b614-4057-ab5f-0332802afe1d","epithelia"
"3479","3ea91065-a58f-4b7b-80a2-f38a06768419","epithelia"
"3480","3eb071b7-8f94-4b06-8865-b7314e6df49a","epithelia"
"3481","3eb3b65b-cfe0-43eb-ab3d-2d9d39534773","epithelia"
"3482","3eb8c442-69fc-4b67-b42b-ddb826c997b2","epithelia"
"3483","3eba7ccd-079e-4f62-a89c-4c1c9a03a52a","epithelia"
"3484","3ebe1726-4597-4dac-9e1a-ec07bd90e789","epithelia"
"3485","3ec2c3b9-17a8-4b0f-9fbd-4e70a9c7d5ec","CD8_T"
"3486","3ec716cc-b697-4211-9a89-9487b3ff3dbf","epithelia"
"3487","3ecc4699-b2f8-4978-80cc-719936608880","epithelia"
"3488","3ed7304d-ad52-42cf-936f-b2865b1d994f","epithelia"
"3489","3ed81ea3-34e1-4da6-9c40-d89cd118c0aa","Unknown"
"3490","3ee67ef3-d5cf-46c6-9002-6d2bcbafffa4","epithelia"
"3491","3ef0fa92-bae6-40d7-a820-5d1720b546e0","NKcells"
"3492","3ef12c41-6fa0-4ca9-b36b-f5dbcf91254b","NKcells"
"3493","3ef12d2d-a703-47c0-a50d-1eb3f54afa89","Unknown"
"3494","3ef7a393-3c4a-4897-bd2d-d47e88e26def","epithelia"
"3495","3f05662c-fb27-4d30-8486-d7a3172c18c0","epithelia"
"3496","3f118dc9-2e10-4ecc-93d4-3ba7866fa67d","epithelia"
"3497","3f12d6a0-03e8-463f-9b9c-2d8d45900455","epithelia"
"3498","3f172af9-0e12-4da1-ae68-2c03ed696872","epithelia"
"3499","3f1a45ab-92e7-4e5b-8a51-5602a2339ecf","epithelia"
"3500","3f1f9443-13d5-4489-b2fb-a2b04285b7cf","NKcells"
"3501","3f291959-22b4-4cbe-a924-75075616bfd4","NKcells"
"3502","3f2958cd-ec91-4ae4-bce9-05a34264633b","epithelia"
"3503","3f2b27bf-58d6-4f62-a0e6-1593f7c280c9","immune"
"3504","3f34b44c-e16d-48f0-b91e-dc0fb7f0be79","CD8_T"
"3505","3f3531cc-3b99-4016-ad09-4b64356436e9","epithelia"
"3506","3f3917d1-bd09-4842-8455-02a273557d9a","epithelia"
"3507","3f3d8ac6-dcb8-4233-b302-084bced1ab61","NKcells"
"3508","3f427728-2232-4c14-ab72-5ac0b988dba6","epithelia"
"3509","3f44bcd4-0163-4062-9366-d45d7f6beb82","NKcells"
"3510","3f49394c-2e07-4514-8d3c-4cfbea7ff41a","epithelia"
"3511","3f4c3b0b-4be7-486c-8239-83ee0d7d205b","CD8_T"
"3512","3f4d1ef1-7022-4f78-8144-99f85fccb910","NKcells"
"3513","3f51f079-49c5-4416-af32-d0a5d18306ec","epithelia"
"3514","3f5213a9-c7ba-4ef4-8639-50c6526e968e","epithelia"
"3515","3f53a10f-b807-4bf2-9eb8-0da9f6a6b6a0","epithelia"
"3516","3f5dd34b-2e05-4a64-8c31-c429e275c32f","CD8_T"
"3517","3f6191f3-b5d8-4324-a715-ed9e10322665","epithelia"
"3518","3f61a5d4-bc91-4c4a-9220-b625137f0ae0","epithelia"
"3519","3f63b4be-0c7e-4693-aec4-7d6be7706660","epithelia"
"3520","3f686d7b-3b81-403c-ab80-aba7bb181911","NKcells"
"3521","3f68e500-5eb5-466f-b748-f5f96acd1797","epithelia"
"3522","3f7020b5-b090-47d7-9383-e75de5adfc02","epithelia"
"3523","3f7b9b0b-b8b2-4784-93e3-93afa9a471e5","Unknown"
"3524","3f7f04f2-2be3-4d74-baba-1c486b73bc60","epithelia"
"3525","3f874878-8e8a-41ea-8d83-85f68750643b","NKcells"
"3526","3f8af2fc-16e7-441e-8be0-58b7bd1cac2e","NKcells"
"3527","3f8c4ed6-0538-4848-b692-3ee61591f43b","NKcells"
"3528","3f92f9d7-d4b9-491c-b659-5df880c12591","NKcells"
"3529","3f9762e6-7288-43bb-9713-26342a823f70","Treg"
"3530","3f97d281-96db-4aca-bb13-03ef107652ec","Unknown"
"3531","3f9c66cb-83f0-4337-a533-e7d7fcb1c3e6","epithelia"
"3532","3fae139b-b835-46b3-8513-188dcdee3615","Unknown"
"3533","3fb3af34-ba82-4d2d-8591-9236541d01be","epithelia"
"3534","3fbf889d-0b34-4b72-8c1d-eb2997b2981e","endothelia"
"3535","3fc0b888-d497-4a0d-a27d-4f61e7c84636","NKcells"
"3536","3fc5aed1-9507-407f-a2ca-5e44ee3de1fd","epithelia"
"3537","3fc619c6-3038-442e-926f-c84c10df3b27","Unknown"
"3538","3fcd3ddf-d05c-47bd-89bb-c2a2daccc0c8","NKcells"
"3539","3fd78702-717b-46dd-9d66-62a72080c1e1","NKcells"
"3540","3fe9fdbc-a832-4aa1-baa8-645de9514edb","NKcells"
"3541","3fedaeff-7c44-4d72-999c-8e8c15fb33db","stroma"
"3542","3ff0ecb9-2343-46ca-a7a2-cef7a193fabf","epithelia"
"3543","3ffab825-2c85-4ca9-9851-dd1f824b420e","epithelia"
"3544","3ffb869e-6a7d-491e-976b-a0747dff0c38","epithelia"
"3545","3ffd2b4e-534a-47a9-b220-3b1e4dfedfd5","epithelia"
"3546","3ffd99b6-e9a3-474e-8c03-9e5f6503c6d1","myeloid"
"3547","40012bba-100f-4e06-9687-0f44af551bab","stroma"
"3548","400250df-fbf0-46a2-b421-82c1e1ba00c2","epithelia"
"3549","40033930-3ee5-4d1a-bd65-f8507669727a","immune"
"3550","400407fb-e6cb-4c30-b8c8-ec765bc75650","CD4_T"
"3551","4004c6fb-5d00-471f-bcea-31b4e51cd08a","epithelia"
"3552","40134083-ee82-48ce-8805-dff22ae8ff6c","endothelia"
"3553","40146ab7-ef65-40c6-85db-3cdc6bde8615","epithelia"
"3554","40162454-578b-400d-8db2-af65b8b9db4a","epithelia"
"3555","401a9303-e958-403b-91b7-0bc96cf6ea77","NKcells"
"3556","401acd1c-b567-4be1-adda-f21f9101c158","epithelia"
"3557","401c3631-cff5-4bdf-a5b4-725f5d4d786a","Bcells"
"3558","401f9e31-89b6-4568-9cbd-093f5f93b13d","epithelia"
"3559","4023f90e-91d4-4970-80c2-584a0d11430e","epithelia"
"3560","402862fb-9064-4aef-bad1-a8cf5301d9ef","epithelia"
"3561","402a4a64-53bd-47d6-a08e-6d1415a1c4d7","immune"
"3562","4034284f-bba3-4142-a9aa-286f6df17ae7","epithelia"
"3563","4037138c-7e96-400f-8c97-b3364f222a5b","epithelia"
"3564","403d56dd-6eed-4bd8-aafd-ef086922f460","myeloid"
"3565","403d8f84-959b-4cc8-bfb4-6a397fca533f","immune"
"3566","403deece-0f19-48ec-8170-a2dfb8b2ff34","myeloid"
"3567","40439e22-b096-4cd5-a662-da9e817f287e","Unknown"
"3568","4044e169-7439-4393-8f28-e771e125c87e","NKcells"
"3569","4044ea1c-9d25-469b-9742-47abe23d0ffe","NKcells"
"3570","4046053b-af76-4d2a-9e22-7c05aca4bcda","Unknown"
"3571","404f29cf-e8c3-41c4-ad5b-364bc6e4f9cf","epithelia"
"3572","404fd16b-83c7-4347-bae3-f101f0b2881c","stroma"
"3573","4050254d-8871-499e-bb51-a4ac07ad8195","Unknown"
"3574","40517e13-a511-4006-b8b0-3f2d40885cd3","NKcells"
"3575","40597cc4-c480-4a7f-b9fd-6a2dd56faad7","epithelia"
"3576","405a9d37-ef93-460a-b043-9843ddad9933","epithelia"
"3577","405ac13d-aad5-454c-a173-5379fa301f37","epithelia"
"3578","405bd183-6582-4f11-9f94-621d9b0cc3c3","epithelia"
"3579","405d9967-5f6a-4585-920c-6cbeff6068be","epithelia"
"3580","4063a520-85cd-47db-8cb8-bd538bc26601","epithelia"
"3581","406432eb-458c-4957-8211-773346697f59","myeloid"
"3582","407727c3-c335-4fe1-b340-77e1f121b193","epithelia"
"3583","407a12f2-8a10-4b1b-bc78-6537eceb67ea","NKcells"
"3584","407ce254-3759-4d93-83ce-f7037315d3cb","NKcells"
"3585","4081897d-9c2e-4745-80b5-386f13c3d27f","CD8_T"
"3586","40839561-143c-4cf3-bef7-8d1643dd636d","NKcells"
"3587","4094e6d0-07fe-41ae-96bd-d43489d06392","immune"
"3588","40960df4-b903-4713-9dee-04d4dd306192","CD8_T"
"3589","409d5e20-a102-4aa3-8ab4-2d3a4298bedb","epithelia"
"3590","409edfc7-8f49-491c-8129-3282f9dc3494","epithelia"
"3591","40a34e4b-50bf-4e2b-866f-9e5cac430213","T_cells"
"3592","40a38b2c-9782-4104-83f5-45e676e95f7b","NKcells"
"3593","40a5c9e0-9a8f-447e-8d87-397b39663460","myeloid"
"3594","40abc06b-1944-4aab-9159-efc14194350b","epithelia"
"3595","40aceeb7-1fe6-4605-9e55-154512477de7","epithelia"
"3596","40b268ea-121e-40cb-a17a-405f5aed7158","epithelia"
"3597","40b3d7a2-97d4-4043-b936-f50b271f07fa","epithelia"
"3598","40b499db-6183-4cd6-bd0c-7b74ff2d7cef","epithelia"
"3599","40b62bbe-2d4b-4495-872d-0b9e5e5b6be7","CD4_T"
"3600","40b93aa7-e024-4610-8255-51c2538a09a4","epithelia"
"3601","40bdca80-8ac2-4689-a49a-c95ef72e979d","NKcells"
"3602","40bf4950-fb79-4e67-aa19-e1faa006b2ce","epithelia"
"3603","40c01a31-9c07-4823-acc4-b682f331b86c","epithelia"
"3604","40c79183-efe7-4539-8b78-bd84f8da9995","epithelia"
"3605","40cfd723-9f8a-498e-8c14-7a3325852533","epithelia"
"3606","40d275ed-2132-4625-8fb2-e3d32e8db171","epithelia"
"3607","40d9aebe-d447-45c7-8a9a-0817000cd5f8","stroma"
"3608","40da204c-fc4c-421e-8993-c6c61141fcb6","epithelia"
"3609","40db19a8-d2a6-430c-acb4-a1bd6260214e","stroma"
"3610","40dc5bb1-c56d-470b-bec7-aa53bd4a86ef","Unknown"
"3611","40dfc619-13cf-4c93-be2b-0b6a275ee764","Unknown"
"3612","40e74c1d-239c-4fd5-b067-b3b9efef82ba","Unknown"
"3613","40f64245-4b19-4a5e-b507-efb34a4df397","NKcells"
"3614","40faf053-55a5-41f0-8e5d-bed25955f9bf","Unknown"
"3615","4101adbb-e9a1-49e8-885b-8b677790d335","epithelia"
"3616","41031e05-db2d-4242-8b03-eb0e10e7540e","epithelia"
"3617","41084974-684e-4bd6-9514-83907b2cdbcd","epithelia"
"3618","410976f6-e897-4fd9-8832-64c2d7f866cb","CD8_T"
"3619","410d22aa-09fb-4216-967a-f6cbe7038934","epithelia"
"3620","41114de6-db21-4058-a1e5-b6c07bfaa84f","epithelia"
"3621","411c4eae-deba-477d-b886-41356cd59d61","epithelia"
"3622","41259864-90b4-41de-a9f6-eb3b2d5a5781","epithelia"
"3623","413506c9-9562-4413-8bfc-f193e41df3bf","NKcells"
"3624","41399009-a953-49f9-a86b-e1ca172b8388","epithelia"
"3625","41431d50-77bc-470f-9544-c7294db82b22","Unknown"
"3626","41440e5d-9cd7-47c9-92ba-073df7e4a9b0","CD8_T"
"3627","414c7d45-58ef-4edd-9afd-335cc462b0f9","epithelia"
"3628","41545042-57a2-47be-983c-8e18827ad93c","epithelia"
"3629","4154d182-1859-46ca-8111-213af704d8a4","epithelia"
"3630","415a20c3-e9ee-4fc4-bbd6-714200e82d07","epithelia"
"3631","416250b7-2d17-4d0d-9f4a-303a30de3721","epithelia"
"3632","4170e132-5c8c-4583-a91e-b5faa95595e7","epithelia"
"3633","41715b6d-0a9d-46ce-85f2-663b2c3fac19","epithelia"
"3634","41755fd9-7b9a-4f30-ac03-e9957e98b348","epithelia"
"3635","41821fcc-ff1e-4518-a1a0-d19d53767400","epithelia"
"3636","41827b94-8a77-4a51-862a-e4d2aabbe0de","epithelia"
"3637","4182b4ef-3cd8-47e4-abef-2daf61a7d7e1","epithelia"
"3638","418a9d17-b112-4b48-9499-23a8005b00b4","epithelia"
"3639","418bb4aa-2bc8-4618-804f-62b882d02b4b","epithelia"
"3640","418c7d09-ab5e-4660-873a-b08ed6731eef","NKcells"
"3641","4193041c-a609-44d6-abfc-42db4bf1af65","epithelia"
"3642","41975c75-b3e0-4342-ab74-52253dc515a4","epithelia"
"3643","41a2aff3-ca76-4421-9c53-e0727b48fb49","NKcells"
"3644","41ac24e5-cfb0-4a39-af16-4041b1487d0e","NKcells"
"3645","41b20517-c215-4f47-b201-ddcfa248d086","epithelia"
"3646","41b4cc2f-864b-4167-ad11-5b4786b0af34","Treg"
"3647","41b4e39e-a45f-436a-af5f-8f5db90ae4ca","epithelia"
"3648","41b72853-51a1-41d0-8662-119dbe99fa31","epithelia"
"3649","41bd4660-15da-4d09-a7a1-04f455fbb674","epithelia"
"3650","41ce7758-5ba5-41be-a345-0525c93819b2","epithelia"
"3651","41d08deb-665f-4a74-957b-3ed8d71bb60c","epithelia"
"3652","41d13afa-e89e-4650-832f-67806ecafad8","epithelia"
"3653","41d5dfc5-b728-413f-93d1-9bc8791f899d","epithelia"
"3654","41d7e7fd-474a-4902-a966-03f438c61747","epithelia"
"3655","41d940c2-f5de-49e8-9d58-17731a248a25","epithelia"
"3656","41e0fe10-409e-4a3c-9d72-0d5a6ce55430","epithelia"
"3657","41e3e456-6988-4727-962c-e238af8044b4","stroma"
"3658","41e84f34-1f64-40ee-a4fd-21b2d51ac505","epithelia"
"3659","41e8d96f-dc3c-4bdb-99df-adb68c7c8ed1","epithelia"
"3660","41ecdee6-66a6-4523-a71a-635c57d8b578","epithelia"
"3661","41ef4ad9-3740-468a-aa6f-c829086741a1","NKcells"
"3662","41f1f2b5-654e-4f7a-87af-da6a79a958ba","myeloid"
"3663","41f87bbd-01db-496e-b640-99930cb6af79","epithelia"
"3664","41ff444f-957c-4917-a274-5c21e8893151","epithelia"
"3665","41fffe05-3594-48df-9e8f-d77e2367f356","epithelia"
"3666","4202f0e0-fa5b-4954-85e5-a45687fd0b90","Unknown"
"3667","420b3c3d-9f32-42b5-b0a7-ce0e9017ec94","epithelia"
"3668","420e0938-51c9-434e-b142-16322591e889","epithelia"
"3669","420edb54-62c6-491d-b3d4-e746e2daa57c","immune"
"3670","4219ddc1-eae1-4d68-b85b-fe24f9860516","CD8_T"
"3671","42267130-9bef-44e6-8fb7-27f465422edb","Unknown"
"3672","42284141-0e17-4c2e-a5fe-e5f099cb698a","epithelia"
"3673","4238b6dc-6c2b-4c65-a1aa-6f1639b4edc1","epithelia"
"3674","42397ede-7cad-40c1-86c3-aea19e25966a","epithelia"
"3675","423a5d20-2c77-46e1-a34d-daa924f8cfe2","epithelia"
"3676","423e6b58-4dbf-495e-9674-6ac549ba4436","Unknown"
"3677","4242d4a6-0ab7-4871-94aa-0bd7399b2006","epithelia"
"3678","424b381c-f9df-435b-80af-6eb6886f32c5","Bcells"
"3679","42529872-e793-4457-bef9-a020dfdc9005","epithelia"
"3680","4253b701-bbc4-4af9-8bf8-8fd2d7cd4cfc","epithelia"
"3681","425667d0-59b6-4a96-b525-d74e1bd475e9","epithelia"
"3682","425828bd-01c0-41cb-b636-169c972bdeac","epithelia"
"3683","425d800a-72fb-48ad-a285-443684159bf8","NKcells"
"3684","426289d0-4557-4c05-8189-b236ad0e3010","stroma"
"3685","42793c09-c33c-467e-9b4e-60930ce52f69","myeloid"
"3686","4284b30a-e4cb-4d21-8f1d-f9fa3c7b59da","epithelia"
"3687","4286e17c-cdba-4b0c-aca5-46472d717583","myeloid"
"3688","428c648d-580a-4588-a330-1b7160b7eadc","epithelia"
"3689","428ca06f-c542-4987-853b-5db81a357593","Unknown"
"3690","428ceef3-b39c-43fb-8de4-478da9451731","epithelia"
"3691","428fc418-8940-4355-8997-a420d6f09f65","epithelia"
"3692","42a7960a-275c-4f24-814b-4223822122a3","epithelia"
"3693","42a94bec-8adc-4fce-8384-2d6f17922e5a","epithelia"
"3694","42ac7612-72a0-481f-84dd-3ebe21a9c261","epithelia"
"3695","42ac8bfa-b0cc-4ac9-b439-3589287ee8b4","epithelia"
"3696","42b3481b-1688-4782-a540-ae96fd1acd94","CD8_T"
"3697","42b3cfca-6ae7-47d9-adfb-cf5f6828a4d1","epithelia"
"3698","42bcc5d5-ad3a-483a-8909-0abbfc9e4f9a","epithelia"
"3699","42c30cb0-c9bb-4acf-a7b2-ef70178ed503","epithelia"
"3700","42c35835-b9f2-46ca-b2f5-100cd2501fae","NKcells"
"3701","42cf2473-25e8-478d-8371-b440fdca3c3f","epithelia"
"3702","42d00c25-75db-4fcb-b16b-ac74ace740b3","epithelia"
"3703","42d068e4-0bfe-4093-8cc5-8d0db2ae001c","stroma"
"3704","42d1e266-9c9e-47ee-8b54-7e4d866a5c58","epithelia"
"3705","42dd5b17-41ad-45f9-acf8-d1a611c1ae83","CD8_T"
"3706","42e11357-f85b-4624-a856-71cb63f5a216","epithelia"
"3707","42e24e63-08d4-4330-80a9-56228dc1e524","epithelia"
"3708","42e90000-5d62-4e7e-856a-1e60675ee959","NKcells"
"3709","42e91ab6-2070-4ff0-ad6e-5f8172800868","epithelia"
"3710","42e97226-58c3-45e9-808a-4feca5d2e354","epithelia"
"3711","42ec12f4-164b-40f8-9557-b2e74a019696","NKcells"
"3712","42ec8d55-db88-4a49-bf8f-2818fe336cdd","epithelia"
"3713","42fed6d0-a10e-40fd-9076-8b7d73043d5b","stroma"
"3714","43003945-6122-4d02-8afb-5d589a27b027","NKcells"
"3715","43006cb9-308e-40a4-92c0-a791e66be774","epithelia"
"3716","4311178d-3965-47a9-98e5-48e66ece3259","epithelia"
"3717","43160616-ef5c-426d-b236-552c7fdb0ce4","Treg"
"3718","4329e994-7866-43e3-89df-ab0719691139","epithelia"
"3719","433153a2-cf4a-4ab8-8021-78587e28b712","NKcells"
"3720","43360cdd-a972-487d-a684-644920a9722a","epithelia"
"3721","43373c31-9112-42c0-adf8-435e7b9adec8","epithelia"
"3722","433a09cb-7354-47c6-83d5-f4f6b2e61b2c","epithelia"
"3723","434221d3-f9cb-49fd-832d-706ac240c116","Unknown"
"3724","43469aaf-4eed-493f-8393-ae23e75efb92","epithelia"
"3725","4350cc99-a804-4f8a-82aa-5d29debdd59c","NKcells"
"3726","4359b5a7-8058-4de1-8401-f6d5f006255d","immune"
"3727","435c7aea-9e5d-42bf-804e-9bbdd474fb3a","NKcells"
"3728","43640b95-d025-4a7a-a69d-cfbcb8d94373","NKcells"
"3729","436b38aa-cec3-41a3-98ef-5374717d8960","Unknown"
"3730","436ebc48-f3a8-4f6a-8ccb-feeac00f8f34","epithelia"
"3731","43709f76-2243-422d-bf1f-d8feee49a06a","immune"
"3732","43777229-691b-4761-89f0-c982be49252a","epithelia"
"3733","43794b78-2c05-4f62-a2c7-04a5c4a33978","epithelia"
"3734","437a63ba-3ceb-40b0-8149-175c9c572aeb","epithelia"
"3735","437f0f6e-bfdc-4f90-8ec3-e1afb0f4b97e","epithelia"
"3736","43818ee9-bf2e-4ec0-9ef9-e97ded93e196","epithelia"
"3737","4381971f-c474-42cd-ba2f-70160024799e","epithelia"
"3738","4385d1ea-654b-4b64-9d44-7a9f97901af8","Unknown"
"3739","4389b1b1-0999-44e2-ad4f-a2fdf09ab05e","immune"
"3740","438cca92-2dd3-4c78-b4f7-170eb8f356b2","CD8_T"
"3741","438eed74-7b14-4e48-87b2-76ba2a8cbc6f","NKcells"
"3742","4398c036-a20c-4ba3-a61a-9b9e39b9d30f","Unknown"
"3743","439f9141-5cbf-448d-b059-2713fa18b094","epithelia"
"3744","43a01732-8b91-45ca-bc8f-f5a63b5f8ac8","NKcells"
"3745","43a3e556-4331-40e9-b9a5-559a2809d8c7","stroma"
"3746","43a46e2d-bc87-4e65-81e5-997eb469daf7","epithelia"
"3747","43b00dbf-2be3-4a19-a990-c7cd0b4a4880","epithelia"
"3748","43b24ad8-0a49-4be0-8c13-f39b8ac77190","epithelia"
"3749","43b668c9-0616-486b-9e7e-a7b47d4dce52","NKcells"
"3750","43b7b82a-4086-4353-82a7-2bcb9e0f38d9","stroma"
"3751","43c6b906-c173-4b8c-b077-0cbfbc80074b","epithelia"
"3752","43cca4ca-fa0c-4252-8ad0-c18ea3895a2a","epithelia"
"3753","43d32926-9f11-484b-ac28-9ccc7f6767bf","epithelia"
"3754","43d764f9-3a76-4ab5-9be1-17a2ef320f45","epithelia"
"3755","43dad888-13ed-4095-b246-cdbfae3c2c48","epithelia"
"3756","43db0996-9e69-458c-a98c-f5e06eafd696","epithelia"
"3757","43dde3ed-4771-40a5-848b-b49ae4ea2830","stroma"
"3758","43e0508c-8513-4192-981c-3ec311c40d26","T_cells"
"3759","43e262d6-2040-4172-b71b-89883f001328","stroma"
"3760","43ef2c99-fd0f-4473-a350-478f3ffaa48d","epithelia"
"3761","43f3679e-18a3-45e7-82a3-e41ed5073e73","epithelia"
"3762","43f8c719-b290-4314-acf9-d64f9479200c","NKcells"
"3763","43fcf476-322b-4baa-8539-8f93887ca2d4","epithelia"
"3764","43fd9a92-d1d5-41b6-9f95-6350e824e350","NKcells"
"3765","440306b8-ccfd-42e2-84f4-c9343f815b74","epithelia"
"3766","4407dade-010b-4965-a974-8cd8c9bf5aff","NKcells"
"3767","440e254d-f996-4e92-91ef-b520ccfa7dfe","immune"
"3768","44133b00-c3cc-40db-9197-531035d8a330","myeloid"
"3769","44159e26-537f-471a-9cbc-461c8e99efec","epithelia"
"3770","441994f0-7185-451a-8e29-3fc6bbb26f4a","NKcells"
"3771","44251eb8-7b38-4078-a7cf-000d98b4c89b","Unknown"
"3772","44273bfc-8a7b-4a94-9cf9-2bddbb318693","epithelia"
"3773","442d2bf5-10dc-4031-8d51-3b158f97c1ad","myeloid"
"3774","442f2dd0-8214-489f-a726-b3c492c14f10","NKcells"
"3775","442f8c65-9b46-42da-86e6-46a36580e469","epithelia"
"3776","44315777-40df-4012-a5a1-d6feefdf73e5","stroma"
"3777","4434a63c-83bc-4fe6-8c02-ab238e435949","endothelia"
"3778","4436fbff-97f4-432e-8954-5c58b6217118","epithelia"
"3779","44396674-8f0d-49a7-b057-97238d7f6ad1","NKcells"
"3780","4446b075-c9b1-408b-9277-f4fe84898bec","Bcells"
"3781","444899f8-3673-4800-9937-cee7a674a12f","Treg"
"3782","44517c22-6fbc-4cac-9d2e-97f6fbdb1638","epithelia"
"3783","44519361-a6b7-4130-9598-be9c1cbba3d4","myeloid"
"3784","4454da1a-ae0e-4d52-9d82-b3a9aeaf62a5","epithelia"
"3785","445a287f-cb9b-4813-a0c8-d074fa788dd9","epithelia"
"3786","445dc6b4-b753-402e-ba5d-92ba1c5915a8","Unknown"
"3787","4463e1de-4913-407e-aad5-98bed28aa743","epithelia"
"3788","44675cab-df4d-4faf-8d38-f61bf03f6ca3","myeloid"
"3789","446dad87-326c-4b51-a1c6-c92ef180a5e7","epithelia"
"3790","44796df4-33de-439a-9e83-d00cdc66a665","epithelia"
"3791","447bc1e1-d566-4f29-ae4f-c5f43c14c21f","Unknown"
"3792","44844212-fa8f-4530-8484-52b9459c6958","epithelia"
"3793","4485675a-db44-415d-96ad-e33d371fc78f","epithelia"
"3794","4490aa21-2520-4a80-a2cb-c31f09eb5bf9","Unknown"
"3795","449253af-f2a6-487f-b3ff-c12e3a457ecd","epithelia"
"3796","44928f39-9cdf-489d-b194-5139bd24610b","NKcells"
"3797","449990eb-eab7-4d5c-8c70-1c227ecf6c09","immune"
"3798","449aef35-4dab-4c1d-8c0a-f9e7041ca816","myeloid"
"3799","44a91ed0-522f-46cb-a69a-7e0516d56e93","epithelia"
"3800","44aeeae6-e219-4b1f-aeec-24f90da2979b","epithelia"
"3801","44b30d41-43fb-41c8-9a80-41ae58e8077b","epithelia"
"3802","44b65c28-7ada-4902-b2a8-a0bf85474840","epithelia"
"3803","44b97944-3401-49e5-a63f-4c724352d9c0","epithelia"
"3804","44b9e2b1-77e1-4324-8735-4fe6c53da1f8","epithelia"
"3805","44c65f77-2443-4d5c-93e0-377b7531b4e3","NKcells"
"3806","44c9c78e-1128-48eb-b9a3-44911051a0c1","myeloid"
"3807","44ca88f4-6d56-448f-9631-9a2f3beb8c4b","epithelia"
"3808","44cb3474-4687-42b2-989a-3d13538425cb","CD8_T"
"3809","44cc7ac2-6c4b-4274-acd3-f912dbb2eea5","NKcells"
"3810","44ce9e81-af40-450d-830f-19212f5c6e1f","epithelia"
"3811","44d77a9a-8623-495c-84cf-60a76091f4d5","epithelia"
"3812","44dc3e1e-d471-46b9-86c4-5d3770eb463a","Unknown"
"3813","44df2aa0-b287-4064-9882-3e26bb7a571a","Unknown"
"3814","44e475b5-cd37-44b3-958c-9e15422db86f","myeloid"
"3815","44e6be5e-fac5-48a9-a67b-e85a2c8144c5","epithelia"
"3816","44eab5b6-d1db-437f-a082-b71c5f30789a","epithelia"
"3817","44ed9192-8334-4962-bd02-fc8746e7691d","epithelia"
"3818","44f14556-0d8c-4ee4-bdbd-46599f2b2374","epithelia"
"3819","44f21def-cac8-4dd1-9b15-ab1da19ecb6a","NKcells"
"3820","44f30a01-023e-47db-a13b-9b80aece986d","endothelia"
"3821","44fa1d05-26d8-4d5d-a7e5-9447eb214253","NKcells"
"3822","44fa235a-7b38-478a-94b8-333e287cff62","epithelia"
"3823","44fabf81-9528-4a77-859e-657460e783ea","epithelia"
"3824","450b655a-b48b-47cd-882f-a2c78e04ab60","NKcells"
"3825","450c54f2-deae-4c87-91ef-116e195bb273","epithelia"
"3826","45111d30-e618-4bb3-90e8-e03ba17bb3cf","epithelia"
"3827","451c5dea-1d11-46e3-a85d-732006d4f81c","epithelia"
"3828","451fb9aa-a9d2-46ed-930f-fb71da15d720","Treg"
"3829","4520116f-7b84-4ebf-b56a-61cb621960c4","epithelia"
"3830","45202994-08c5-4c25-9923-7b06e71ac712","epithelia"
"3831","4522f270-a7b0-46d1-b742-7d331dd35339","Unknown"
"3832","45238db6-f95e-4620-a623-3d8992632e45","NKcells"
"3833","452494e3-d473-412e-af2a-09fbfecbde06","NKcells"
"3834","453a8a2d-0519-4884-bfb4-00189932f41a","NKcells"
"3835","453aa4d5-fce1-4a4f-8844-380d6f61905d","epithelia"
"3836","454190f7-de89-427f-b663-8c63c444bb2a","epithelia"
"3837","45446786-c820-4b03-8493-89a883ee935a","epithelia"
"3838","4547700a-739f-4a6e-a725-9a52acec0930","myeloid"
"3839","454d6f19-d42e-4857-9cc9-c7f47acd3ed7","epithelia"
"3840","45549391-897f-494e-a4b8-35a06e34e3a3","myeloid"
"3841","455db5d0-878f-4567-b00b-42f4a2a0519e","epithelia"
"3842","456872a4-e0e9-4b09-a999-1cbdb2b7e07c","NKcells"
"3843","45693abf-7f12-4e34-95ce-372d7c7ba919","NKcells"
"3844","456abfa0-afe5-456b-b35a-9ff9fdce7b0a","epithelia"
"3845","456bd24a-576c-43e1-a328-6f15191cb539","epithelia"
"3846","456d4674-bacb-488a-b839-39a1390c433f","endothelia"
"3847","4576bd12-6ac6-4d33-afef-0d9d2968f656","epithelia"
"3848","457c6381-790c-4c06-a350-d6c0be65abb3","NKcells"
"3849","457f80a8-8f03-4b2d-9aae-d77e97de308f","epithelia"
"3850","458285b9-c8b1-47cd-be93-4c807c904364","immune"
"3851","45887510-8d68-4aeb-95ad-41a38829481c","Treg"
"3852","4597ba6f-0e19-469e-843b-97ef1a9f9db3","epithelia"
"3853","459a4a93-5432-4929-86e8-e15ca88cc26a","stroma"
"3854","459d5a42-dc1d-4f7d-a700-737a57127c5d","Unknown"
"3855","459fdda4-af04-4cba-b5a3-8a7583eed61b","epithelia"
"3856","45a1e81b-fd9f-4b0c-9c49-a7a8942f7e7f","Unknown"
"3857","45aa82f7-2243-4adf-8ddf-9927ee2f9f91","epithelia"
"3858","45ac09d5-2282-41ce-93a1-aaebe881c812","NKcells"
"3859","45ae7a6e-5187-459d-8d1f-67c7b6a2ec87","epithelia"
"3860","45af472c-2aa3-4bb0-8d5b-8f027ba9927f","epithelia"
"3861","45b3f458-3a4b-4ec6-8874-86a3f93979b5","NKcells"
"3862","45b56ea3-0523-49ea-bb41-4b2672311f7b","immune"
"3863","45be6a2f-42d0-407c-86e8-b001c0973168","epithelia"
"3864","45c009ee-a32b-4e61-b5fc-f97e43fc5565","epithelia"
"3865","45ca023b-279c-417a-8603-149e24336282","epithelia"
"3866","45cca007-6ba3-4439-9b0a-5297275b147f","epithelia"
"3867","45ce7b08-90d3-4f3b-aa11-55856a84dcaa","myeloid"
"3868","45ce809d-7fee-4d64-af8f-59dd661527f2","epithelia"
"3869","45d89b64-1092-4429-a6f8-e173e127e7a8","epithelia"
"3870","45d8be9f-bb00-4735-9780-839969623527","T_cells"
"3871","45da9940-0f80-430c-8aeb-e63273e73f6e","epithelia"
"3872","45e007c5-0fb7-4649-818a-efd23f930145","epithelia"
"3873","45e17158-cfa0-43dc-820d-c458253e6194","epithelia"
"3874","45e3eace-f919-48f1-aeb4-92e6cc4e21c3","NKcells"
"3875","45e7d69d-7dd9-470e-89e3-6abf55f781cf","immune"
"3876","45f592e6-fe77-4f52-9043-a4c024f89a40","immune"
"3877","45fa4759-bf6b-400a-b9bd-5db6b237a1d2","NKcells"
"3878","4601e203-6be4-4c0a-abe2-c07cc325665e","NKcells"
"3879","4603df32-3a07-4961-8af2-2103b176ec28","NKcells"
"3880","4604badf-9d90-4e51-a322-3842de480985","CD8_T"
"3881","46095f31-b713-4e1d-8cf0-7aa61e440d1d","epithelia"
"3882","460a5f88-72b5-4b4d-ac7c-9506247420da","Treg"
"3883","46152b8a-25db-46ad-b463-5f538741fb90","epithelia"
"3884","46157750-a3f3-48b4-ab5a-f4b7269fe518","epithelia"
"3885","46240d73-ac6b-4df3-aae9-14a9c59ac619","endothelia"
"3886","462a9a1a-d378-447b-81f0-fd63d307e93e","epithelia"
"3887","462c05f1-be76-4e89-b273-d93e0157474f","epithelia"
"3888","462cf29e-b009-4c21-9812-97c437111a7c","epithelia"
"3889","462ea4a0-bedf-40fc-8529-7822cd946152","immune"
"3890","4636231d-f736-4889-b077-cb986478d000","epithelia"
"3891","46396df7-19eb-40b6-9947-68865909cc0f","epithelia"
"3892","463bea8e-ad5b-4ea0-b5e7-eab0bbd5426c","epithelia"
"3893","46432d81-9d6b-463e-b922-49007bf12372","epithelia"
"3894","464496bb-14d1-4d58-a764-b2c5352422d1","epithelia"
"3895","46480aaa-8c0d-4e2f-84e2-279e6abef12c","epithelia"
"3896","4648d633-3f75-48fe-922e-4ae57f5dd85d","epithelia"
"3897","464bf9e6-9b38-4fca-8d87-840f7548e9a7","NKcells"
"3898","464ca1f8-f044-4e8f-bfe7-349de1f3345b","CD8_T"
"3899","464cdf51-9220-49a6-b735-63da184cf027","epithelia"
"3900","46532571-ace3-48de-a252-bb11d268210c","epithelia"
"3901","465581d8-137c-448e-98de-cda9f1471893","NKcells"
"3902","465be978-731d-4f1a-bf54-fa40cb398cae","immune"
"3903","465d0058-aa05-4e7e-809d-600e19c05b65","NKcells"
"3904","466c3640-2992-48a0-b320-5f888ac8f1e1","epithelia"
"3905","466dc8d4-6621-44d3-ab78-46db393da3a8","epithelia"
"3906","466e1810-20eb-4eaf-bccc-02477288e4c5","epithelia"
"3907","467366a8-6782-4ec3-95e7-969d23be18f2","Unknown"
"3908","46763949-fca1-4733-8616-0bb31215ed04","epithelia"
"3909","46789f00-2146-48e7-b3b0-53aff4fc7157","NKcells"
"3910","46792355-0e20-43b3-b527-3bf37ce19e64","epithelia"
"3911","467b8a55-72a3-436d-be88-e62293b6ff4e","epithelia"
"3912","467e105a-64d2-4572-8f59-450980638005","NKcells"
"3913","467f0c94-eb82-45cc-9113-7f58b0c8a8c4","epithelia"
"3914","4684114f-b55a-4e7e-9fce-156f4393ad23","NKcells"
"3915","46879838-6ed5-435a-931f-134ee78a64e0","epithelia"
"3916","4688d9d7-3ff5-4711-8032-d8b8fb02b805","epithelia"
"3917","468b5ff7-a056-4142-ad72-ccac3be76694","immune"
"3918","4691ca1f-b293-42bd-9a11-805f52c0762f","Treg"
"3919","4697e9b2-d9b4-40b6-b106-1155c144db5a","CD8_T"
"3920","46a3b075-c771-4cfe-a6f5-c6fe9db85cc7","Unknown"
"3921","46adc548-3ec8-4c62-b000-6dfc062cbdd1","epithelia"
"3922","46b23c9e-aaaa-451a-96aa-b558a4c51c19","epithelia"
"3923","46b6a269-4324-43fc-a955-7776b503591b","epithelia"
"3924","46bbe40e-397b-46b8-be6d-a580bc88f79a","epithelia"
"3925","46c22b68-72f3-48c7-a5d2-9d28a0303122","myeloid"
"3926","46c4136f-568f-49da-ba39-91193c7fdb09","CD8_T"
"3927","46c46cec-6350-46e4-b542-ffdbe4fe6304","Unknown"
"3928","46c4fc3a-f3b5-44be-ae81-2ecb5a2f4a89","NKcells"
"3929","46cd8785-3cce-495e-a290-ba0a07fbe995","immune"
"3930","46ce05e2-e4b4-4527-b10f-2c42a0ee4e43","epithelia"
"3931","46d21b6e-5024-41d9-afcd-7c5a1f6ded95","immune"
"3932","46d2cea1-65a6-463a-be69-8180b220893a","Treg"
"3933","46d2cfdc-933e-4def-99bf-25601bf689f5","epithelia"
"3934","46d448ce-01cf-4420-a391-c66084f6ae95","NKcells"
"3935","46d54f45-74c2-42e0-9962-07ca61f80511","epithelia"
"3936","46d5788f-91c9-48bd-b764-ebf616ee2b2f","epithelia"
"3937","46dd7732-7bea-4f6a-a5d0-e803b79ca4b8","epithelia"
"3938","46e131ed-7607-4ddf-b060-f16fcfd05ec7","epithelia"
"3939","46e60aee-489d-452c-8dda-6e2905603b3f","epithelia"
"3940","46ea518c-2bb8-4078-95b2-d89783e8c8c4","epithelia"
"3941","46f1c0a2-dd0e-43a0-8158-67be0fd78d40","CD8_T"
"3942","46f5dd8c-6a2b-49f7-8093-1019d1b2874b","epithelia"
"3943","46f8b7c2-d8ba-421d-a559-7ed2a330bece","CD8_T"
"3944","46f9a091-331f-45bd-bf6e-404f795853dd","NKcells"
"3945","46fc23dd-8172-462e-8dc2-0b21c8d35c9b","epithelia"
"3946","470c3598-ad1c-416b-963c-6edd06f1b547","NKcells"
"3947","470ca0fd-0bdb-45b1-b784-87655ba2e4bc","epithelia"
"3948","471368d1-0699-4d22-9a82-acc9e178eafe","epithelia"
"3949","471a7b97-efb6-40aa-91f7-7788b1e1adff","immune"
"3950","471aceb5-2bfe-44e2-a4cd-70a3bdc3e471","epithelia"
"3951","471ce9df-1d76-4059-810f-9fbd9449250d","myeloid"
"3952","471e912d-e08e-441d-b97b-90dd377583a0","immune"
"3953","4721dd1b-4745-43f3-9462-96307852405c","epithelia"
"3954","472b80bf-9167-4cf4-bd4d-42ab27036ce5","epithelia"
"3955","472d5462-d8b4-4a02-a45a-450c1086ee11","epithelia"
"3956","472fe320-be06-47f5-8505-131ad40a832d","NKcells"
"3957","47306968-75c5-41dd-8cc2-a11d0696b63f","epithelia"
"3958","473108b6-ef33-4598-9507-8188fd2f5f05","epithelia"
"3959","473d9cbc-1377-4108-ac09-30d6b0ce9658","Unknown"
"3960","473fbcfb-e5d0-4582-9680-1a49c4f57790","Unknown"
"3961","47406454-2777-4d6d-872f-0f11a0edc308","Unknown"
"3962","47435e64-4454-4100-85ef-5767dbf5f6de","epithelia"
"3963","4747fa15-5236-46c2-ba24-533635e9a5d5","myeloid"
"3964","47487174-4a5c-4f70-aa87-1c9f64e7c16d","epithelia"
"3965","47487847-f9f7-48b1-817f-19b37104caa9","NKcells"
"3966","474c449b-a1c2-4851-bdb9-7ea86b881ef0","epithelia"
"3967","4751ed0a-3cc0-4498-9b0d-0085a48d35c6","epithelia"
"3968","4752c6b9-4e1b-4714-b8e4-dde568f248c8","T_cells"
"3969","475893eb-3482-4f98-8bbb-f79de39a4053","epithelia"
"3970","4759b2c8-02a6-44e4-ad24-0ab94f89bde8","immune"
"3971","4761c9b7-4244-49da-a803-c60f2c9186eb","Unknown"
"3972","476881f4-0741-47c2-9c04-eb2f6e54f6b1","epithelia"
"3973","4769a7d2-08a5-4120-aebb-d3949d9c2030","NKcells"
"3974","47717a05-7e78-4f83-803d-49beaffb1442","immune"
"3975","477785ce-d94e-42b3-b798-e57f9c9f425f","NKcells"
"3976","47782dbb-5849-47b2-bb23-8e65f9c574be","CD8_T"
"3977","477e761a-e67f-4792-aa50-77d05fc9f64a","stroma"
"3978","477fc2c4-64b5-49a5-b8e3-31451ed90081","endothelia"
"3979","4782bd2a-7fa5-4ce2-84e1-af4668859995","epithelia"
"3980","4788f473-4e8a-42fa-a8d9-60b7394e71a3","epithelia"
"3981","47892a0a-98f8-4a2b-92f7-fa32157655d3","T_cells"
"3982","47925be3-248d-42f5-a93c-d58d2f87d559","epithelia"
"3983","4796f3ee-942e-4ca0-b180-414f669a97c3","NKcells"
"3984","47976624-83cf-4709-a878-8a7d023e90f9","Unknown"
"3985","47987338-7dff-4a88-81b4-8c600b7ddf4f","epithelia"
"3986","47a0caaf-b723-4686-8501-b0c95be8dcb1","epithelia"
"3987","47a2527a-2d18-451a-8e25-3ad9c703eae0","epithelia"
"3988","47a67840-e062-4e92-a277-1e88bbdbab57","epithelia"
"3989","47ad1537-274b-4ddf-93be-313f249a86cc","NKcells"
"3990","47b20b40-c798-4088-ada9-d5a76b335b36","myeloid"
"3991","47b3c71e-56ba-4fb6-9752-cbf6532f4419","myeloid"
"3992","47b6649a-e058-40cb-a657-4f3e377d6c21","epithelia"
"3993","47b8df89-5b7c-46c1-bbb7-125d0cb44b7a","Unknown"
"3994","47bbb752-4e51-40bb-aee7-b37ee07dbbe9","CD8_T"
"3995","47bbbd6a-579f-46f0-b9a2-f98ff52b8810","NKcells"
"3996","47bc0a6f-a590-4ac9-a7eb-e5aeb1956488","epithelia"
"3997","47c1babb-7a0b-41d6-bfe2-76ef51cb0d06","epithelia"
"3998","47cb7f2b-7875-4e8a-8c8e-d21332eee476","epithelia"
"3999","47cbbf29-9838-4b37-a8e6-fb0cad45690b","Unknown"
"4000","47db486f-6813-4434-ba7d-0e532e0518be","epithelia"
"4001","47db7e12-ad5c-4593-a767-0ee0e065c928","immune"
"4002","47dc113c-f64b-4f29-b4c3-7622461d1aae","NKcells"
"4003","47dea5e4-38df-4cef-86cb-458f1e3ae1d7","epithelia"
"4004","47e54415-7bc7-41b7-af9c-5c2875763797","NKcells"
"4005","47e70cc0-08ea-4cd3-bf5c-de5c2aca8bb0","epithelia"
"4006","47e88533-77fe-4c72-9bd3-d66eccdf1f82","epithelia"
"4007","47f4fcd7-e95f-4c44-bae4-e6292f645ba9","epithelia"
"4008","47f791c6-2ba4-4228-8e98-eaf020dd68e6","epithelia"
"4009","4803198b-dd6d-4c1a-a581-a40e4cddf7b4","Unknown"
"4010","4805e027-486c-4da2-a10e-d55588364218","Unknown"
"4011","4810c13e-3e6d-40ad-9e45-8f9e6a69d764","epithelia"
"4012","48154055-f4d7-4d37-8982-b8fc158b87a5","NKcells"
"4013","481556d7-51ff-4420-b438-ec6df23a7d97","epithelia"
"4014","481c69d7-e585-4acc-a960-7a2ff7f7c3f7","CD4_T"
"4015","4820a4f9-6396-4911-9f1d-ba426e0af1f3","NKcells"
"4016","4821968a-e325-4101-a940-5f9c632799b8","stroma"
"4017","4829675f-05bc-43fd-b862-550095572302","epithelia"
"4018","48387963-0144-4f6b-a983-90e37e136afe","immune"
"4019","483e836a-91dd-44de-babe-f77f5b5a4d80","epithelia"
"4020","48456c4b-9790-4b09-b92a-b453a0768c5f","stroma"
"4021","4857c53d-adfe-4e61-a218-f35929c3dadd","NKcells"
"4022","48614ca5-dcac-43ba-83e4-d5bde42202f1","epithelia"
"4023","4863ba82-1c78-427c-8945-4f17a314a3ae","Unknown"
"4024","4870a9d6-e59e-4d97-b480-6c4fa3a5b332","NKcells"
"4025","48730159-6bcd-49f3-9d92-c22295a8b600","epithelia"
"4026","487c52b9-c631-4377-a60d-65da27614a13","epithelia"
"4027","48805b9f-ac43-4c4d-9001-ff2bc19b11ad","Unknown"
"4028","4882c317-c9d0-4ac4-94e1-39d86b1da37e","myeloid"
"4029","4886fec9-e7dc-4f4d-b9e7-05d034ee3a6d","Unknown"
"4030","48891ee3-9294-4bf3-bab7-029a8985aaee","epithelia"
"4031","488b2042-086b-43e0-af78-078d50711cfa","myeloid"
"4032","48944c3c-bf71-4727-8c0d-4ae253630941","immune"
"4033","489c9f62-2a9a-4c97-a184-6b1912db644c","epithelia"
"4034","489ebb13-06bf-4d34-a003-64d52bc08f0d","NKcells"
"4035","48a3a376-4f3a-4d6f-8af5-7ca7060984f3","epithelia"
"4036","48a3e55d-5008-40a0-95ce-a3ba216a488b","epithelia"
"4037","48a611c0-c0e6-4a26-8f01-d3864b156e32","epithelia"
"4038","48aea9f1-1b05-445b-94a2-d02683a63bcb","myeloid"
"4039","48af5fbb-8f70-44d9-96fe-852e12d72c19","T_cells"
"4040","48af9ebc-c74d-4e2c-899a-959fa113420c","immune"
"4041","48bb182c-dd2d-467d-bb1c-daf734788916","NKcells"
"4042","48bc2e66-8d65-481f-86ad-59ca7a6f836b","NKcells"
"4043","48c026ec-7118-4a00-ba53-4a3e457c94b4","myeloid"
"4044","48c563ca-993b-4afe-92fe-0a5fa95b5534","Treg"
"4045","48c7cca2-4c30-470e-a9e3-5678af469bf3","epithelia"
"4046","48cb02f1-70ff-4872-8b03-e69bb09d60b6","epithelia"
"4047","48cca96e-4086-4425-bbfa-c569a567d262","NKcells"
"4048","48cdd2ac-afbe-4767-8e30-ec67841d20c8","immune"
"4049","48d63717-075e-4575-9b50-40a906672717","immune"
"4050","48d71adc-fa2d-409a-8c21-2e6276e9fd61","epithelia"
"4051","48dc6432-1ac7-429d-abbe-b820c428de2d","immune"
"4052","48ddf612-7ce9-4ff3-a721-05f97c2d210b","epithelia"
"4053","48e3708d-3249-4b32-9728-994c9b5feeb9","epithelia"
"4054","48ebf494-6a5d-460e-a02f-a3b828ffd7b8","epithelia"
"4055","48fc8cd5-630a-4556-b69b-5b22afd65757","NKcells"
"4056","49001257-2295-4ee7-b108-7cfd216e71c4","NKcells"
"4057","4905e915-8cb2-42a2-8a0e-a3639dc86f31","Unknown"
"4058","490c1d10-3ea6-452b-985f-a92fc9d8a98c","CD8_T"
"4059","490dddb9-91b1-4b58-8410-a1d86a0a7491","epithelia"
"4060","491469a8-2b20-416f-a4ee-774dda5f5753","epithelia"
"4061","4914bd2d-1231-4e6e-9167-33d2178deee3","epithelia"
"4062","491af9c2-4f1f-467a-81cb-d4e1f2e494e9","epithelia"
"4063","491f7929-2425-40f4-b0d9-923d803ba5e5","myeloid"
"4064","49296140-9545-4156-8290-c496713ded5c","CD8_T"
"4065","49308f75-d6ec-4876-b7c7-d764a250aadb","epithelia"
"4066","4931cb1e-c1ff-456d-88b5-0dc563cad1c7","CD8_T"
"4067","493bac94-58ff-4ac5-bd54-c5213de09780","epithelia"
"4068","494016dd-1f24-4d74-9cb6-b152b71e7259","Unknown"
"4069","49466cc4-4414-4964-92ad-4ffb2a8002ec","epithelia"
"4070","495309a0-25d7-4c8c-9c79-f1dcb0401a71","Unknown"
"4071","495646fd-7dd4-4923-9a0d-ef79b1d984f1","Unknown"
"4072","495f8272-3d06-42a3-b23a-c0629989282e","epithelia"
"4073","496106de-ba52-4ffd-a334-8f01e9fe9cfc","NKcells"
"4074","49669d4d-b6a6-4b99-a82d-0e39bda03f0f","epithelia"
"4075","49675e56-0cc5-4edb-8e60-6995775161f0","epithelia"
"4076","49676dc4-4243-49ba-9e2d-d114e46e8d3a","epithelia"
"4077","4968509a-7c10-4b23-a1f5-55b3651fb27e","epithelia"
"4078","49755ea6-cd9e-4929-81af-8ed66a8711fe","epithelia"
"4079","497761ab-2e99-42df-9182-2382118ca346","epithelia"
"4080","497fc0b3-1987-4b2b-b660-41b8212625d0","epithelia"
"4081","498339f0-ca8b-4dbe-aa97-6038983bf237","CD4_T"
"4082","498c0ceb-349f-406f-83be-f5d87a8d6083","epithelia"
"4083","4991133f-7f59-431e-9446-2ecf6efce754","epithelia"
"4084","4992c852-cef0-4bea-b0e5-baf929bdab48","immune"
"4085","4994826d-609b-4046-a724-0bebaee321cb","epithelia"
"4086","499645b3-8f7e-4dc2-8aea-d7b254a2b280","Unknown"
"4087","499f7694-1f0b-4f3a-9eca-b8b7a3cd9ca0","epithelia"
"4088","49a6f0e1-5709-4709-9ee0-ed2e1cb31186","epithelia"
"4089","49ae29f2-85ec-45c4-95c6-c1c247c40eae","epithelia"
"4090","49b0263a-d122-44f0-8b95-9efcc9713938","stroma"
"4091","49b1a06e-2a09-43f8-8721-701a6019f7cb","immune"
"4092","49b80ccd-b79e-49d5-91a5-bbb29123f87d","epithelia"
"4093","49bc461f-c8d1-4a6c-af7d-5065ef9ab617","epithelia"
"4094","49c92d5e-6aeb-4876-a680-7e4e4fadd133","NKcells"
"4095","49cb5eb9-1877-44bb-9a6b-a0bdb31789fa","NKcells"
"4096","49cbf216-f771-44a6-a7b3-113ab2357697","epithelia"
"4097","49ce71eb-c9bd-4e79-9718-1a4b06a673a1","NKcells"
"4098","49d39fbb-5fb3-491d-8021-9bcf368ddac7","NKcells"
"4099","49d892c1-1816-451e-b790-973061693559","epithelia"
"4100","49da1256-9134-4805-986a-9cb42abb9cdd","epithelia"
"4101","49e02c8b-1e71-48e6-b071-273c1f1de47f","CD8_T"
"4102","49e42690-24c1-4b83-bc41-69b3c2e1d3bb","epithelia"
"4103","49e78435-595f-4264-a441-e12d72cc9b4c","epithelia"
"4104","49f93f73-c612-4c01-aa06-17217bcb6b7a","epithelia"
"4105","4a029eea-e2d6-4e53-86d4-18e504c8313d","T_cells"
"4106","4a0754b5-9e79-4e53-b031-a79dd23c8499","NKcells"
"4107","4a0a57d5-d64a-4638-8758-6750c033e91d","epithelia"
"4108","4a0ae851-5206-4138-a5c9-f34879b94383","epithelia"
"4109","4a0d04b4-ee0e-4af2-b3a4-4ba6c446bdb0","myeloid"
"4110","4a0d8277-5e2d-4a23-9576-f1203f15df13","T_cells"
"4111","4a0eaf89-e9b0-4520-9c73-023cabae806b","epithelia"
"4112","4a1900f9-c385-4bd8-8f24-da85358bb890","Unknown"
"4113","4a1aab9f-9496-4cb8-9614-c75cb4383bbe","epithelia"
"4114","4a1ae49b-072d-4db7-abc1-00d4d7b0827e","epithelia"
"4115","4a1b9af1-8920-4b31-a0f1-6946d7448611","epithelia"
"4116","4a2a914e-081b-4115-a429-d73e37c80759","epithelia"
"4117","4a2c65dd-d4aa-4c9b-b0f7-d93e9edec9a1","epithelia"
"4118","4a2f23b9-a84c-4e42-b8d0-9677c678849c","epithelia"
"4119","4a367621-55de-48db-9ab5-e3e64361f0c5","epithelia"
"4120","4a3df70c-3a2e-41af-9618-c12fef63b77a","epithelia"
"4121","4a3e262c-08a6-465f-9779-b587e2f05d45","epithelia"
"4122","4a3e9bf9-35a6-4068-8ed1-446e0d2d8d84","stroma"
"4123","4a3f72dd-8619-4520-9b98-24f6e39f0b35","myeloid"
"4124","4a40a18c-06a2-46d0-9ff1-3982f18c136b","myeloid"
"4125","4a4202ed-de98-421e-9b01-cef552faf6df","epithelia"
"4126","4a4277aa-af3b-4f11-aef4-addec789370f","epithelia"
"4127","4a47dbbf-71a5-4430-b1dd-4c17918cc356","epithelia"
"4128","4a4baa95-c7d8-4ec4-8590-347796699b61","NKcells"
"4129","4a52e431-0384-47cb-9a8b-01cb267b7b86","myeloid"
"4130","4a5936b9-694c-4a36-bec4-a9d4d90db96d","NKcells"
"4131","4a5b9614-a854-4f67-bae8-201a34978b48","Unknown"
"4132","4a6354c4-c391-4f55-8153-9fe4e40b891e","epithelia"
"4133","4a64849f-4781-4d2a-beea-c114a6948f06","epithelia"
"4134","4a72a23b-8c16-4d3d-829c-15ee1b3e7c88","immune"
"4135","4a791d46-6e6a-4782-b79a-886811cb0912","Unknown"
"4136","4a7969db-65ab-4c58-970e-4e95bcf52a29","Unknown"
"4137","4a7c0a4c-30e1-46bd-a6df-4fc110859560","NKcells"
"4138","4a82a60c-795a-46d8-8cb2-c5d1f602a305","epithelia"
"4139","4a90d6b8-2e67-4b53-bbf7-386e2e36c031","epithelia"
"4140","4a911a2b-8aa8-4da3-aeb9-544b20a31128","immune"
"4141","4a943db7-a746-4174-a3fa-9600bf3bba00","CD8_T"
"4142","4a9877ba-555a-41f9-aa39-8ee145445754","myeloid"
"4143","4a9c6b47-1cde-438b-bdb0-ebd4ba291d53","stroma"
"4144","4aab9c5b-f092-4494-a3d1-95ad49e94f5e","epithelia"
"4145","4ab7dfc8-8f05-42ae-9c0d-c13f6816dd6e","epithelia"
"4146","4ab8afb0-314b-4c56-88fd-a50b9746d44d","epithelia"
"4147","4ab9848a-a6ea-4c4d-a760-0dfacf2c20e6","myeloid"
"4148","4abb0241-5ebe-4db7-9d91-ff9621b86e07","NKcells"
"4149","4ac639c4-d987-4a66-bbab-85ce3194bf93","epithelia"
"4150","4acb1192-784f-4f26-a3eb-8bd251542c24","epithelia"
"4151","4acfcef8-12a0-4ec3-a43f-e2a6c660de28","CD8_T"
"4152","4ad4e839-6fe5-4563-bb0a-8f507e48a7bb","NKcells"
"4153","4ae4851a-01b3-49c8-abec-f1f116870bfa","epithelia"
"4154","4ae65025-caef-4ebe-a253-1e8d5dd58a6f","myeloid"
"4155","4ae7b9c8-c00a-4ff0-8147-55453d6e4277","epithelia"
"4156","4aebfa57-155b-41e9-b948-acb1bdf8ab58","epithelia"
"4157","4aec701c-788b-444d-8f54-272842524c93","epithelia"
"4158","4aee9416-9cc5-4bca-a1e5-9241524bab92","Unknown"
"4159","4af573f3-47db-4fda-9bdd-56577d9de207","NKcells"
"4160","4af94744-fec7-4b88-8e9a-728f125bfaca","NKcells"
"4161","4af9ea79-a53a-48e0-900e-ed8769965d78","epithelia"
"4162","4afa5399-8b14-4234-876c-a24fdace4261","epithelia"
"4163","4afb8a5e-01e1-41af-99e4-ceb3c952d976","epithelia"
"4164","4afe8045-7190-413b-bbd2-f2d1d734c367","NKcells"
"4165","4b061ee0-ab10-4ddf-ad77-ada4096322fc","CD8_T"
"4166","4b0b95b6-f7c1-4f55-bb86-619f589f60bc","NKcells"
"4167","4b0ec77a-1d28-438e-b603-bf9057505ba9","epithelia"
"4168","4b206c74-005b-4306-9c36-9ff76c69902a","epithelia"
"4169","4b221a31-2e13-4ade-972d-1ed787b9493e","epithelia"
"4170","4b256b27-3674-4e3c-b15c-35d83f7d8e3e","Treg"
"4171","4b298abc-37ec-4b2b-a69c-bddcac995d06","epithelia"
"4172","4b2de50b-9b77-492d-beb2-dc19bce19b69","immune"
"4173","4b34bba3-e202-4d1b-862e-003f754ba026","epithelia"
"4174","4b36a94b-8914-4bd3-8907-8fc6efef977a","epithelia"
"4175","4b3b8683-eb9b-47e4-923b-4ef5fc7b8c57","NKcells"
"4176","4b3eed78-dbdf-4afa-a345-b95476df0f91","NKcells"
"4177","4b3f4f91-bb0e-49cc-ad76-33bf756f331d","Unknown"
"4178","4b4322ca-23b3-40df-b034-7f655a9f8ddd","epithelia"
"4179","4b45267d-2fd7-471b-aac5-67467ede495c","epithelia"
"4180","4b48509d-221b-4028-80b2-0f18ead7a29a","NKcells"
"4181","4b4a6eb6-0ed6-4981-8928-f6e0b2096820","NKcells"
"4182","4b4c95c9-804a-4ee0-9a30-fb553b16938e","epithelia"
"4183","4b4cf5cc-ed35-487b-8acc-7486c3168226","NKcells"
"4184","4b50c99e-1cce-4ddb-976c-621286f95870","epithelia"
"4185","4b564295-0160-409c-917f-94a67dae8fa0","immune"
"4186","4b598469-c0d9-453a-a0bb-365b7e06e6b7","T_cells"
"4187","4b5a99d5-8531-47ad-ab31-8406cf6f0b14","epithelia"
"4188","4b5dac7f-d584-4921-bfa1-ff495a9ad85f","epithelia"
"4189","4b62993b-a4cd-4f15-9888-68b7bb74ebfd","epithelia"
"4190","4b671946-5729-482d-8800-adbd46827d1d","epithelia"
"4191","4b67f346-2c7d-435d-a77e-3ab8af2bbfc1","epithelia"
"4192","4b690b79-74eb-4c7d-83f4-fd8bde89bc6a","epithelia"
"4193","4b760098-6d39-4942-b45a-9f14f992e36a","CD8_T"
"4194","4b7a1def-6c75-40d8-a0e4-bb389773322b","CD8_T"
"4195","4b7bc27d-1bd0-4416-a6e6-bd6f5a7cb1e0","epithelia"
"4196","4b7de7f1-2616-4990-a5c6-c141712f030c","epithelia"
"4197","4b8444f1-8ae4-4506-bc45-1e9f29a1ff6b","epithelia"
"4198","4b85c5fa-acde-4c55-b2ae-75480c5da151","epithelia"
"4199","4b8df876-99cb-401e-914c-d476e4249ee6","epithelia"
"4200","4b9332dd-3adb-4c90-9d2b-8d8141ae6069","Unknown"
"4201","4b933f3e-f750-456b-8dce-019465d30b77","epithelia"
"4202","4b96b995-8372-40e8-82c4-fd386147e883","epithelia"
"4203","4b9b79a8-3a8d-4a05-a1a0-ca82f50530ab","Unknown"
"4204","4b9c9571-dd53-4314-8989-3b459f4bc263","epithelia"
"4205","4ba5218b-8c6a-4285-9805-fd4e0312dcac","epithelia"
"4206","4baea4cd-9ad2-41dd-ad6b-a4ef6422b1e0","endothelia"
"4207","4baf4205-4774-4a19-832d-e475e81bc2a7","Unknown"
"4208","4bb58fbd-d64f-44a1-b6d6-20260cddc5f5","NKcells"
"4209","4bb6c2fb-d9b1-4cee-b4c1-4835a6f75654","NKcells"
"4210","4bbc3626-efbf-4860-801e-0e8c26efe63b","epithelia"
"4211","4bbeb65e-278c-4193-b4d1-4b6b3439e690","epithelia"
"4212","4bc48ff9-d522-4604-b984-b21ae5aa1d2b","epithelia"
"4213","4bc6015d-1d77-427f-9481-f1dcc9cfc902","Unknown"
"4214","4bc6bec6-72d0-48bf-a45b-25a6d5a13636","CD8_T"
"4215","4bcd7641-3127-405c-9ddf-d418f1104ac4","epithelia"
"4216","4bd1e040-6a52-4ddd-a56f-c99072897c05","epithelia"
"4217","4bd681a5-404e-4f37-be3d-df7071beb272","epithelia"
"4218","4bdb153a-973d-4994-8dda-30f61c864f70","epithelia"
"4219","4bde100d-d699-4a2c-9406-d3fd7190b63b","Unknown"
"4220","4be67cc6-f312-4278-a442-fb407ce39818","epithelia"
"4221","4bed6863-9e2a-4115-8e9f-81693f860dc1","epithelia"
"4222","4bf1072d-f4c2-438a-a8df-2f25d76d4516","epithelia"
"4223","4bfb3c38-1303-401a-8dab-f01b082232a6","Unknown"
"4224","4bff3073-fd95-4a97-a580-8dfa65602924","epithelia"
"4225","4c029ea9-f074-43b4-b557-f8fcd3bc1a80","epithelia"
"4226","4c06a77a-75a2-43ea-8cc4-ea5e7e2522cc","stroma"
"4227","4c09657f-bda5-4d6c-9995-0b68d1acd0f8","Unknown"
"4228","4c0b10ef-a036-407c-9672-38d5d08bb1ad","epithelia"
"4229","4c0c66c3-1a9f-4059-ac34-4471038d1e22","NKcells"
"4230","4c155a84-d2d1-4ec9-a1fe-171b2b5ed2a7","epithelia"
"4231","4c177b2d-41f2-44be-96eb-241e03239b1d","CD8_T"
"4232","4c1aec8a-fdeb-4963-b3f3-d7b8e343373a","epithelia"
"4233","4c27e834-ea7e-4b6d-9193-bf2da3435b75","NKcells"
"4234","4c3416e4-3612-46eb-980e-52b3cf80d63e","Unknown"
"4235","4c349b66-3d68-4fda-9f6e-c84507a04f15","epithelia"
"4236","4c387090-035f-4600-93cb-a3d43469ef31","epithelia"
"4237","4c38889a-f82d-40cf-9c7d-725abb9ba1e2","myeloid"
"4238","4c3986be-21eb-41e1-a43a-e6035ce365f0","epithelia"
"4239","4c3d7571-ca52-4024-bcd8-431ff80beebe","epithelia"
"4240","4c410c4f-6a2e-41d9-b805-9d5d30de6eaa","epithelia"
"4241","4c44febc-307e-42f0-b759-65005cf3c362","NKcells"
"4242","4c490613-b9b5-4e94-9bc4-bc3eda3e2b4a","epithelia"
"4243","4c55009d-98ea-4a24-a8f1-429599181cfa","myeloid"
"4244","4c5909eb-5682-4b9d-b88e-a9288ef0b14d","epithelia"
"4245","4c5a6bc4-7071-4718-9b82-772264006f9f","epithelia"
"4246","4c5b65f5-549c-453d-a116-dee271953b68","CD8_T"
"4247","4c5ba3fb-536b-48b9-8a71-0af069a81cfe","epithelia"
"4248","4c5fd0ec-de8a-4b7c-b191-07daafef4f60","Unknown"
"4249","4c6773ac-aa2b-42c5-ba43-f401fffe1982","epithelia"
"4250","4c705fd5-cc96-43ba-97d6-a4de4ab887b3","epithelia"
"4251","4c771124-8b0e-4c07-8236-266ab899731f","epithelia"
"4252","4c78fa65-3120-44f6-bbf7-0eef41892a63","epithelia"
"4253","4c7d7bf6-4d7d-4d69-995e-eb04db36e0ad","epithelia"
"4254","4c90d64f-f32e-42c2-9561-96a68f5445ea","immune"
"4255","4c92078e-5d32-421a-8889-1be503d34828","immune"
"4256","4c9be947-c0f4-4552-af7b-5112fae81eef","NKcells"
"4257","4c9eb471-3533-4628-9732-284eab262e25","epithelia"
"4258","4c9edbbe-664a-4a46-8af2-b660f5d3c184","NKcells"
"4259","4c9fe6e8-6a33-4aed-9bd2-52ec758916c5","CD8_T"
"4260","4ca4a820-dad7-49aa-8fa0-075205040c67","NKcells"
"4261","4ca58ed0-cb43-401e-84be-d0bb797030cc","Treg"
"4262","4caa319f-14bd-4dcf-9522-336c53231590","epithelia"
"4263","4cb01dc5-a712-4b3e-a268-3a41ed9e6b44","NKcells"
"4264","4cb10e4d-3e74-49c6-9d9f-98a86219db3a","epithelia"
"4265","4cb3afbd-0df5-47cc-a0aa-b16d4e357cbc","epithelia"
"4266","4cbd5188-fb58-4249-9933-c0c943bbd422","epithelia"
"4267","4cbe15b8-d909-4078-9026-95bae7f6fbca","epithelia"
"4268","4cbefb7c-73fe-469d-8187-209e6c3cd0d7","epithelia"
"4269","4cc3dda0-5107-41bb-9781-1447540a5651","Unknown"
"4270","4cc5e0a6-6b54-4cf0-92a4-ea7bf7098d74","CD8_T"
"4271","4ccbaa99-98d5-4b0f-96e3-e1b8a447af2a","epithelia"
"4272","4cd8ce9f-b23a-4f2c-97ad-21c1e550ad0f","epithelia"
"4273","4cd98893-9b22-4e99-9dce-7f12bd3002ad","endothelia"
"4274","4cec1c0f-55ca-404a-9463-45621c477515","CD8_T"
"4275","4cef59b8-7e92-4eac-960e-4b82592d996e","epithelia"
"4276","4cfdbccb-7385-4214-aa04-4488e1f38e52","epithelia"
"4277","4d014c37-dbe5-49fd-89d4-0a3174ed0c87","epithelia"
"4278","4d068c9f-82ad-489f-b118-dcffd228a74a","CD4_T"
"4279","4d0cf833-1972-4d54-b4a9-3ca22c762a8f","epithelia"
"4280","4d0f50e7-dbcb-4c43-862d-257c3b5120dc","epithelia"
"4281","4d117a02-6ba5-41f7-9a3f-3504f0a83441","epithelia"
"4282","4d1736f7-1164-45a5-b742-9d8c44b6d6e7","Unknown"
"4283","4d1c9ec6-8ac6-45ed-a5ac-ae477d233583","epithelia"
"4284","4d21f030-e72a-449b-b2a2-4b58079b025e","immune"
"4285","4d224c65-e735-4b5c-a198-5994acb9ec80","epithelia"
"4286","4d23aa9c-b2d8-4127-938d-97ab21640862","Treg"
"4287","4d23c945-c79d-45aa-8fdf-debd69ad78ce","epithelia"
"4288","4d2724b1-5268-4427-a701-621ef537a335","Unknown"
"4289","4d2d02fd-dbed-4cd1-a9c2-d1053b51ea4c","CD8_T"
"4290","4d37ef56-0b28-4198-9f04-3e5dd8f119e5","Treg"
"4291","4d3c5b88-1db9-481d-b2cb-d2599000f464","epithelia"
"4292","4d409359-4445-40cb-9bfc-7b9a3bccb3a2","CD8_T"
"4293","4d414dbb-8472-405d-aa86-d5ddea523441","epithelia"
"4294","4d438dc4-2791-4886-a138-5cc909fed4cb","epithelia"
"4295","4d52ed8c-01ee-44f1-896b-16879c0fadeb","NKcells"
"4296","4d5378ab-59bf-4446-8be4-ca92a256643f","CD8_T"
"4297","4d562840-eb76-4381-8be9-caf430d988a8","epithelia"
"4298","4d59fda9-76ba-43db-86c8-bf6270a20236","myeloid"
"4299","4d5d5a17-e49d-40fa-baaa-6b3c1bc4d2ec","epithelia"
"4300","4d5eb71f-80ba-4f57-9c3a-58897043cab4","epithelia"
"4301","4d5eedb2-354a-4172-982c-5eb30f8aa9a9","NKcells"
"4302","4d6153eb-33e5-40ce-8529-eba291dcd28b","epithelia"
"4303","4d71ffa1-aaab-402e-9bf7-996f1de318c8","CD8_T"
"4304","4d79afd6-3e9b-4fe7-a160-2c03fcc1c590","epithelia"
"4305","4d7a5ace-67c7-4165-8e70-321b84251551","CD8_T"
"4306","4d854ff1-9bfe-41d2-ac3d-5cbf980615f8","immune"
"4307","4d866031-3f3b-4084-ae6d-4b71088705d6","epithelia"
"4308","4d8c9283-71ba-471e-a790-3b147618cdd6","epithelia"
"4309","4d8c9ff4-ef73-4298-a1f2-ad127df7057e","epithelia"
"4310","4d8eb43a-22ff-411b-b11f-472bbdc8b949","NKcells"
"4311","4d922566-5958-43a3-911e-d0016fa4dd83","epithelia"
"4312","4d94754d-4fcd-4c5b-9bbd-568170995fa9","NKcells"
"4313","4d9688ee-dcd6-4caa-9d49-82bea2779512","epithelia"
"4314","4d97f98b-1ca8-422a-9bc3-c48c7a334ea2","myeloid"
"4315","4d9db7ea-2970-44a1-9366-d3c126fd1a13","epithelia"
"4316","4da06b38-344a-46f0-b99e-cb16b60e493a","epithelia"
"4317","4da10f30-ff3d-4f08-a294-530f3b017501","epithelia"
"4318","4da3347c-45d3-4b34-9614-b7dc7d402728","NKcells"
"4319","4da54afd-1b57-4d16-b164-242fd4c0cef0","epithelia"
"4320","4da562e7-0e29-4394-a219-bcb87da32262","myeloid"
"4321","4da94816-7b3c-434f-b43e-24da11975ebf","endothelia"
"4322","4dafee38-07cb-441b-8a36-0a7d743266ea","Unknown"
"4323","4db0148d-c2d8-4cd8-82e8-8a8e05ede0c7","immune"
"4324","4db8e3cb-4214-4a4c-9c68-ab9dde1ae9a1","epithelia"
"4325","4dc00e8a-53af-46d4-afc3-a01f5ed86747","NKcells"
"4326","4dc2780f-9d2c-46bf-8f3a-9b7d53306d13","epithelia"
"4327","4dc9d49b-ddc7-469e-8f53-13b4670b3a0a","NKcells"
"4328","4dcd1120-a271-49f5-99e4-8e5111ae76d8","epithelia"
"4329","4ddfc4a6-365a-4c32-a519-f1c160d1c708","Treg"
"4330","4de66ef0-0846-4168-a289-cc12ba72b7e0","Unknown"
"4331","4de6fe4d-fa75-40f5-b14f-d758d94f9223","CD8_T"
"4332","4deb8858-5689-4428-bc21-61dfcc1c1db2","epithelia"
"4333","4dec1363-27c8-4f68-a146-b2077b6abd5a","Unknown"
"4334","4df83dd2-bffd-4691-ae3a-9cec0117d5e2","epithelia"
"4335","4df8c005-b101-46f2-8a8b-5aa3058fb8b0","epithelia"
"4336","4dfc63bb-52d4-4246-a3da-35b4556f7d00","epithelia"
"4337","4dfed581-2604-438c-a611-f565548194cd","NKcells"
"4338","4e04b9e5-da8b-4f8c-a883-706bf7602d98","NKcells"
"4339","4e0811ec-5fcf-4156-b17e-a64eff682f69","CD4_T"
"4340","4e0892ea-5b51-4bb8-83d9-4ab0421a5d0a","epithelia"
"4341","4e0919d2-c610-484b-8cf0-a6de168e8bc1","NKcells"
"4342","4e0c4651-82ec-4e2d-aba4-0747bc34a56e","epithelia"
"4343","4e0c5e39-40bd-41da-bab6-5de7b58fa625","stroma"
"4344","4e1ce1d8-8a82-4066-99f3-3ddb8eb57593","epithelia"
"4345","4e2438ff-2b9c-42ed-99d7-da0d59588c7c","epithelia"
"4346","4e2672a6-c305-4ba3-873e-71e04f1bd26e","epithelia"
"4347","4e2765ee-0072-4345-979a-51962d984612","epithelia"
"4348","4e294758-73e7-42c6-9a34-07feb52713e5","NKcells"
"4349","4e2c9fb4-9319-43cb-ba65-d27c3f6f7caf","epithelia"
"4350","4e2f670a-fd95-40b9-93fd-23132df917e7","NKcells"
"4351","4e31ca5a-1413-4f1d-942e-2b0d73b8f70d","epithelia"
"4352","4e38fa3b-f5dc-4548-ac09-6bba6527f9b2","epithelia"
"4353","4e3ffb93-49ab-4fd4-87b4-ea696f88d151","epithelia"
"4354","4e402ebc-358b-4786-b701-47ccc8766bb5","epithelia"
"4355","4e451c5f-5bd8-4db6-928a-06af18f75dea","NKcells"
"4356","4e58419b-5da8-4d0b-a0b3-ee338016c7d9","epithelia"
"4357","4e6b79ab-6429-4275-bbf2-d964f41f1e04","Unknown"
"4358","4e6e3dbb-e4e5-4883-a21e-bbe0186a1911","endothelia"
"4359","4e7895aa-270d-48d2-a64b-1fc012dfd9f0","NKcells"
"4360","4e799d54-1a22-4015-b104-621b2d96c7fa","epithelia"
"4361","4e7c27d0-0bca-498c-ad24-0684ef4cc534","epithelia"
"4362","4e84cb59-7b9f-44aa-a5f2-c94accc44457","epithelia"
"4363","4e84e901-e1ef-42c4-a15c-c8c7c4b60358","epithelia"
"4364","4e853ff7-e734-4c37-8c3f-9f1b3f1ded86","epithelia"
"4365","4e8754ee-1cc1-40e2-8af7-8ca83e4f248a","NKcells"
"4366","4e886af9-9318-4416-982a-bf5bce0694bd","epithelia"
"4367","4e88e304-85aa-40ba-98e9-360cd39dee68","NKcells"
"4368","4e920616-0ce9-4723-8b0f-89461387d8ba","epithelia"
"4369","4e99ef37-bbd2-4101-8c15-12e31b15bae8","Unknown"
"4370","4e9b1652-fae4-4068-af7c-a4fa5b21537d","epithelia"
"4371","4e9dd79d-943b-4285-af6a-362af89666b6","NKcells"
"4372","4e9f1e5d-f78c-4f0e-be0e-22f749e545e2","CD8_T"
"4373","4ea10078-b4da-4404-96e2-e06a3995e7cb","epithelia"
"4374","4ea2e72f-4eb5-4929-9825-eaaf6890518b","Unknown"
"4375","4ea568d9-b405-444b-be3b-f1dcb55cd361","epithelia"
"4376","4eaa9db5-0467-4d75-8c01-19923d2c9f95","epithelia"
"4377","4eb10876-c89c-42ce-a0fb-dab6be33cdff","NKcells"
"4378","4eb5b4b8-11f5-480e-90fb-dda8efd7d8fa","NKcells"
"4379","4eba880f-c0d1-4bcd-b8e6-1ff9fa63b943","CD4_T"
"4380","4ec1ddc5-d9ea-4aa5-accd-fc7c79fd37ab","Unknown"
"4381","4ecac04d-faea-4327-b8d4-385f6b401064","Bcells"
"4382","4eccb00a-6bb7-4eab-8490-cc46bd1b2e35","epithelia"
"4383","4ed03052-9132-4769-8c8b-1d11a9c2af6e","NKcells"
"4384","4ed25f85-64b7-4f19-918d-ae42ef7a8f7a","epithelia"
"4385","4ee9a6bf-8497-4452-8f4d-b90ce3495762","epithelia"
"4386","4eeb79b4-cf8b-46e8-935d-69a65f8eb083","epithelia"
"4387","4eebe163-102f-4a8c-ac42-3390310d4282","epithelia"
"4388","4eeed602-578b-450b-8345-bb86598c8ff8","myeloid"
"4389","4ef08c0c-1115-47fd-8ef2-73e4978c7eb7","immune"
"4390","4ef19ec0-9985-4f33-8738-3aca8157be1c","epithelia"
"4391","4ef6d6f2-936e-4794-9ca3-477546dd0e53","NKcells"
"4392","4ef8d1ea-fadc-450e-b709-a7e0c12ef2ec","Unknown"
"4393","4efae900-07c0-47ba-b14d-9a866532d9db","epithelia"
"4394","4f0071d7-4542-4b9b-bca4-62e0c02729cc","epithelia"
"4395","4f017c87-b2f7-4e1f-b4ab-2605077df87e","epithelia"
"4396","4f033ac5-0bc2-4a0f-ab72-f7b892353de9","immune"
"4397","4f05cbec-3e34-48c5-9084-821efa704785","epithelia"
"4398","4f0996ca-3fb9-4bf0-ac8c-8887a703d3bc","epithelia"
"4399","4f0f55b9-4dcc-48c0-b101-6a93ec7e904e","epithelia"
"4400","4f106b4a-b041-48c7-83ef-cd6d916a7e42","epithelia"
"4401","4f10e8af-2091-4615-9c88-7dd8711498cb","epithelia"
"4402","4f1679fb-7c44-459f-90f4-8a626e62adbb","epithelia"
"4403","4f1894b9-0779-4dc7-8b4f-39bf55fee87c","epithelia"
"4404","4f19bf78-3a18-4a7f-af87-27f57d237858","epithelia"
"4405","4f19ff32-6a1c-45e3-8346-4290b242b3c6","epithelia"
"4406","4f1c8394-287c-4b2f-9a51-0a75eca36d9e","CD8_T"
"4407","4f1c983c-4868-45d1-bede-2e343314b9fb","epithelia"
"4408","4f1dcc4e-d96a-43c5-94b3-395234b89572","myeloid"
"4409","4f200a4f-6698-4ba6-8c88-23acc0058eaa","epithelia"
"4410","4f228f88-ac1a-4c52-9fb3-7807f6c9d653","epithelia"
"4411","4f2eed50-759b-4bff-8b83-561f220d9257","Treg"
"4412","4f318c60-02a9-4697-be05-3ab0920b12b1","NKcells"
"4413","4f3afc13-ea90-4900-b72b-c4b6df157019","epithelia"
"4414","4f3c68e7-b7c6-46e9-a6f1-e7e3483b8998","epithelia"
"4415","4f3f6856-e9ea-45c7-93d4-ea3b7bdadf5b","NKcells"
"4416","4f4db19e-d175-4d6e-b82a-9882b55b480a","NKcells"
"4417","4f56763f-cc0c-4c3f-ab65-0e157beff8c9","epithelia"
"4418","4f5818af-4823-4dea-94d1-1f75d7198806","CD4_T"
"4419","4f5b3de4-8028-4e67-9d59-660507e3afba","Bcells"
"4420","4f5e99cb-853b-4d14-9d02-36ea03441449","epithelia"
"4421","4f60da0a-0d53-45ba-8d0f-dfd44836c662","myeloid"
"4422","4f67bd46-5d58-42a8-b664-fa14de3327e1","myeloid"
"4423","4f6b0813-6442-48f2-98f7-48bfc3efaa33","CD8_T"
"4424","4f7647a0-7011-4863-93cd-0d59c3b3f205","NKcells"
"4425","4f77afe2-de79-4e96-acf3-ed26dda9b0de","CD8_T"
"4426","4f7c60a1-02e9-4d84-acc1-a65c5159672e","epithelia"
"4427","4f7d37fe-e4e7-46da-b120-cec1afd983b3","epithelia"
"4428","4f81a31f-8338-4914-9a44-3975b13e993d","epithelia"
"4429","4f8e2675-4920-4ddb-9145-065d1c342dc9","stroma"
"4430","4f8f204c-7e4d-4a3a-b542-c74ce7aa5bfd","Unknown"
"4431","4f94506b-4cf2-4284-ab97-331e4d090894","epithelia"
"4432","4f94ad33-c332-4f41-a61e-fc442bac1253","NKcells"
"4433","4f990662-3b23-43c2-b18c-3f566952ee38","epithelia"
"4434","4f9a7d18-c554-41f0-8ca6-80a026394ccd","myeloid"
"4435","4f9ecced-9dac-4596-81dc-f6bc06a8b989","CD8_T"
"4436","4fa2deb8-8ec3-4be0-9d9a-8b15a1056c8f","epithelia"
"4437","4fa2f877-9015-4472-87ec-754cc23b4a87","NKcells"
"4438","4fa5e755-e937-4e62-aeeb-6902343a6d58","CD8_T"
"4439","4faef7d9-8001-40ce-b845-3334405ae090","epithelia"
"4440","4faf9edd-09e9-46fc-a19f-0c4f72a69093","epithelia"
"4441","4fb4b4f1-2526-41b3-a4f9-36f972e5a63a","epithelia"
"4442","4fb4c730-3938-47e5-be11-d91f4d15874a","epithelia"
"4443","4fb8fdcc-1367-4642-ad71-e1608c4757e3","epithelia"
"4444","4fbc6691-3f13-47c5-87d0-fe4c96b17b51","NKcells"
"4445","4fc2a3d4-7b70-43e6-9009-b94ca3a51cfe","Treg"
"4446","4fc7619a-48dd-4d2c-9284-573280d6146a","epithelia"
"4447","4fc981aa-a352-4fc8-bdfd-9dd932b7c0f8","epithelia"
"4448","4fcb69a6-6493-4104-bc48-d2fb4f064f90","NKcells"
"4449","4fcf2139-73bf-4fb2-b933-53a76a3b8137","myeloid"
"4450","4fdc674b-37a7-404c-abd8-a6e0fc22c67c","CD8_T"
"4451","4fe1b593-fb6c-4abc-8099-a26acc67458d","immune"
"4452","4fe9ef71-af9f-410a-9475-331bdec2a828","Unknown"
"4453","4ff0a920-8083-4864-b8e8-59f19e41b04d","NKcells"
"4454","4ff8144d-eba2-4fcb-9f93-037aafa30d23","epithelia"
"4455","4ff8b2ae-1e27-4354-851c-bec4a78f5f14","myeloid"
"4456","4ff8d643-dc4c-4d5e-90ae-8a251c7fdc63","NKcells"
"4457","4ffc8aec-9a3d-48f4-95c2-f702778b0fab","NKcells"
"4458","5004460d-7c52-417d-89c6-3e8f01a72ad0","epithelia"
"4459","501533c6-0aa8-4166-8a37-280102925023","epithelia"
"4460","501a02c9-5189-4f91-a137-d7c2753b9ce6","epithelia"
"4461","501da950-5f08-45f0-8d0b-ea6322235dab","CD8_T"
"4462","501fddd9-91c6-42e9-b956-dd2206921532","T_cells"
"4463","5020b3ba-6140-4057-a62e-e686235b34f3","NKcells"
"4464","502e8ed0-702a-49ec-a938-a1ce773e1b35","epithelia"
"4465","502ef29a-bc87-458d-9fd6-4e4d651fbaeb","endothelia"
"4466","5031c490-cbb5-4376-b7ec-8372d6fac801","epithelia"
"4467","503b0434-bbf6-466a-a08f-483248a25df4","CD8_T"
"4468","503c5f3b-f352-4a49-89b9-c570bf834a38","immune"
"4469","50454df8-90e6-418f-ba75-b56360b9d38f","T_cells"
"4470","5047c26a-e933-4824-8324-8b81fb103513","NKcells"
"4471","50601b03-7ce3-434b-9ad6-9b10d7f32201","CD8_T"
"4472","50635cc8-acdb-4aa9-9192-b5d361df33d9","CD8_T"
"4473","506753c9-0488-4cf8-ac1f-201d66ea64ed","epithelia"
"4474","5073fdbc-127f-498b-9680-e82bf75f530a","epithelia"
"4475","507c178f-2a8f-4ea5-bbc9-7adcc0e0792a","CD4_T"
"4476","507d6b8a-4511-4a9e-8666-fd40cb26cecb","epithelia"
"4477","507f847d-cfb5-4c8e-a61e-358750544494","epithelia"
"4478","50872c48-8c16-4e77-9ebb-bf2a42b4d5db","epithelia"
"4479","508aea1e-2a72-4af2-b414-1fa2d4875937","epithelia"
"4480","5094f122-b699-454e-a64c-dab8b3991b37","CD4_T"
"4481","5095d81c-a84f-46a7-98fa-9419e3f10bc4","epithelia"
"4482","50968d6b-3530-41b9-a5eb-e43261f30cca","NKcells"
"4483","509ae12a-0e65-4d27-8f6e-67b0a9331436","Unknown"
"4484","509fd7be-4393-4e0d-99bb-28ec0546b344","epithelia"
"4485","50a60b35-a416-4ef7-aec0-450600f03f91","epithelia"
"4486","50ad5679-c58f-475c-b645-d5a033b2741c","epithelia"
"4487","50aea145-6543-4aa6-8536-00c0bbc95637","Unknown"
"4488","50b1bb8d-ed6f-4b69-a9db-6c52ffbdd313","epithelia"
"4489","50b99e77-12b7-45ba-bf4e-2e9b10f0b742","Treg"
"4490","50ba9399-c07d-412d-ba49-cfd1434e8424","epithelia"
"4491","50c2d478-c4bd-4a20-a5ef-51dfea5ccfe9","myeloid"
"4492","50d0b63d-4998-4e75-9751-fcb099c23af0","NKcells"
"4493","50d740da-bc60-4528-9111-e3e92c02d2ea","epithelia"
"4494","50dab4d3-85b6-4ef8-acf5-1c7d5027bafd","epithelia"
"4495","50e01bbd-159e-4f88-a046-911d9a9e1491","CD8_T"
"4496","50f2293a-7b9f-4f48-85a2-9ab793183eb3","NKcells"
"4497","50f36305-3a8a-472a-938b-84d16195eb02","Unknown"
"4498","50f4b347-28e8-4a4b-b635-78add250d0b6","epithelia"
"4499","50f7435e-2d10-4925-9c3a-1b92a48278bb","CD8_T"
"4500","50f84f26-be54-415d-ace2-21010257bfc5","epithelia"
"4501","50ff696a-4a42-4831-b144-5821139db789","epithelia"
"4502","5101f1e1-8810-43fb-8a34-8379b35df252","NKcells"
"4503","51054030-0c88-47e1-8ef5-83ba18d10c96","epithelia"
"4504","511732a6-e795-4175-a098-6425537e5bde","NKcells"
"4505","51174f7f-3efd-4a52-989e-e37b9be4b34f","epithelia"
"4506","5119d39f-c114-4338-a546-22b340e2d61c","epithelia"
"4507","511a9e54-19da-4494-abdb-c38cc6d4ac46","epithelia"
"4508","511aa515-532a-44cd-baff-6c220246c6b1","immune"
"4509","511c6854-4b38-4122-a420-f38144fab9aa","myeloid"
"4510","5120377e-104d-4a97-a08b-212881728f4b","NKcells"
"4511","5122bb21-e3fc-4a40-9dd9-25adca810573","T_cells"
"4512","51239e0b-686f-4f7f-ab0a-b837e22d0927","NKcells"
"4513","5127dab5-5f0a-46a3-a6df-81aeb93d6e64","epithelia"
"4514","51295a64-f02b-46e1-bdb7-6423f8a4befb","Unknown"
"4515","512b3733-a07e-47d2-ab24-1b3f5269937b","Unknown"
"4516","5134ecb2-fdd8-4d95-a444-c75009290f13","CD8_T"
"4517","513ac10e-72b4-47a0-b010-6dbeecbb2442","T_cells"
"4518","513ce23d-5aca-4ccb-aa81-58833dbc0e8b","myeloid"
"4519","5140dcda-e8e4-4fcf-b2bf-2c055282719b","epithelia"
"4520","51413141-a982-487b-9882-43fb37518b3a","epithelia"
"4521","5148a8da-974d-48dd-be26-98b2606a840c","epithelia"
"4522","5149aada-7fc7-44bb-969a-360f6b3e1ee7","epithelia"
"4523","514aafca-8e6a-4df3-9735-3b443532c375","epithelia"
"4524","514b656d-4df3-46e0-b777-deefefd74a2f","T_cells"
"4525","514c04c9-fca4-4283-8dca-f2a8bba1a97d","epithelia"
"4526","514c2863-dd22-4e66-b462-f8f0ebe06027","epithelia"
"4527","514fa593-a66d-4cae-9559-82f57a8af0de","epithelia"
"4528","515701db-dc5b-4ad8-8e9d-3f73d5d10e2a","epithelia"
"4529","51598b4b-8bca-4a1a-acb0-421e7d9012a8","Treg"
"4530","515998e1-17c1-4146-8b87-5beb0de0deb1","myeloid"
"4531","515b7693-fd5b-4dfe-8968-eb260b140341","CD8_T"
"4532","515ce9d1-730b-40f5-9193-453c0dea342a","epithelia"
"4533","516363e1-ef21-4067-bf50-77cadf00b09c","epithelia"
"4534","5165a1f9-4905-4e20-8812-8e1fe2041f1d","NKcells"
"4535","516fe3b9-1968-4f04-9958-7d11ed5a52fe","CD8_T"
"4536","51725dd8-04f3-4b21-b557-c73cc656a384","endothelia"
"4537","517a1734-4cff-42b1-bc53-31102ac25006","epithelia"
"4538","51883143-2b2e-4e43-9892-d5dbe6caf7d0","epithelia"
"4539","518bcaab-f459-4ed7-9839-9e6c89dc04a0","NKcells"
"4540","518d3676-bad4-4733-9d6e-d8d6bc68b024","Treg"
"4541","5190701d-5ca4-4e77-b644-16a30b307a2e","CD8_T"
"4542","51987ca9-8692-425c-9ecf-e07303aabce7","epithelia"
"4543","519f5832-dfe2-41eb-9524-41e0f25d99d8","myeloid"
"4544","51a35fae-f330-4f34-b0db-5e66574f2ee1","epithelia"
"4545","51ae5f3b-4659-4410-a7df-0f5df0ce1ab0","Unknown"
"4546","51b39eaf-f2df-4f6a-8d46-0854cd177827","CD8_T"
"4547","51b4ea12-7064-4dab-ab56-71a5a0f55f36","myeloid"
"4548","51bcd692-2fa4-48f9-a6e9-715175eec8a4","epithelia"
"4549","51c3856e-3238-4d0b-8c51-715f2ad7de96","Unknown"
"4550","51c41c8d-b6da-42fe-bc33-b0e3a247a2d6","epithelia"
"4551","51d99cb7-7115-4008-84df-119702b973bb","epithelia"
"4552","51dfed20-1409-4553-a943-8f91658484fd","CD8_T"
"4553","51e059b2-976c-4071-993e-9041a15f47a8","stroma"
"4554","51e988f3-a23e-4b39-bb1d-ad79748bdd1f","epithelia"
"4555","51ebcf6e-901e-4f41-b048-1378d7665dfc","epithelia"
"4556","52067eee-d60c-48ec-be23-5a6132a1455c","NKcells"
"4557","520cc3c6-56f2-464a-9b1a-e571a89d28ec","epithelia"
"4558","520d1a3e-25a6-4b34-82fc-52921a5bf0e8","epithelia"
"4559","5211a50c-71e9-4117-b365-0b6064d0de28","epithelia"
"4560","521a3b24-9278-45a7-b21a-4b052bec684e","epithelia"
"4561","521c5009-df50-43db-8d8d-49b185ab8cc2","epithelia"
"4562","521fb216-d63b-4c82-9286-af00f368b662","epithelia"
"4563","52213f2a-f82a-4896-9608-850f8e579ee8","NKcells"
"4564","5226141a-ecb7-4f91-92b1-c72229f971f8","immune"
"4565","5226605d-0f75-4823-8cff-e4f397f492cd","Unknown"
"4566","52279f5d-044c-4f5b-939e-bdf63dd87ad6","T_cells"
"4567","522b34ca-4e78-47dc-b14d-751368408be6","CD8_T"
"4568","522f74cb-0184-464a-a0be-b3ab7ba2b0a4","immune"
"4569","52332bc8-94aa-46cc-9aab-10315e4fd96d","epithelia"
"4570","52356f89-3c84-42a0-a7ec-f716ba79bdeb","epithelia"
"4571","5237deca-74ca-4832-b5aa-e1fc7b730d1e","NKcells"
"4572","52398dd0-9ef3-439a-ab8f-aabbaef71723","CD8_T"
"4573","524ab902-8937-44f6-aead-9bb78c05ae52","NKcells"
"4574","524f7c38-5a7a-4659-857f-e63368f52c49","epithelia"
"4575","5250f51d-0d96-4ca2-8286-94ff455ddf76","epithelia"
"4576","52547a62-75e0-4cd9-a2a8-015fbd4660a6","Bcells"
"4577","52597908-6dfc-4463-a169-cc6c1738e20c","epithelia"
"4578","525b5aaa-7075-4218-84d9-7575f64a05e0","epithelia"
"4579","525c50db-b005-4300-b2e8-1894d2c53e26","Unknown"
"4580","5261337b-a433-43ef-9665-acf4e51e53a7","epithelia"
"4581","52634810-f0ed-4696-9205-5a71ec94988a","epithelia"
"4582","526caf33-a3ba-4cf8-80cc-1b71477b6453","epithelia"
"4583","52784425-4c08-41d6-ad10-efd261a920c8","NKcells"
"4584","527923aa-f8cf-4cf1-9446-a37c6f13aa3d","epithelia"
"4585","5279ba6c-3473-461e-8ae5-07d2e8ce714f","NKcells"
"4586","527acee7-14f4-495b-9067-054a5f62f531","epithelia"
"4587","527b59c0-bab9-4016-8308-d9b8e37ec9cd","Unknown"
"4588","52810c50-4bc7-4bcb-a4bf-8a4b786d3634","NKcells"
"4589","52821fa4-3583-4284-8955-efa37071c0f8","epithelia"
"4590","528260de-5b49-406e-8b6d-26fa5ebaf1e0","Unknown"
"4591","528bc9ce-96c7-43cd-a2bd-237873383834","epithelia"
"4592","528e1c1f-d6c0-4c0f-803b-f3260d3e5bea","epithelia"
"4593","5290f440-60e3-4de2-8775-3d247c18c0a8","myeloid"
"4594","5291780a-4046-45af-b775-73c6518b9725","epithelia"
"4595","529941a9-4c66-45d2-ad4e-33d116b61909","myeloid"
"4596","529e3aa0-5f76-4185-8387-da798a9016dd","NKcells"
"4597","52ab936b-84f7-40f2-8400-d29bb7d55015","CD8_T"
"4598","52b26a59-88a5-42b1-940f-8b1e74584b65","epithelia"
"4599","52bb1b7c-b249-424e-85f4-22abd4172dfb","epithelia"
"4600","52c281c4-26d9-4532-a79c-95ab2b97947f","NKcells"
"4601","52d303bc-b8ce-4206-b4c3-697df0db9d20","myeloid"
"4602","52d5b146-d23f-4b18-bd56-d65501a2b931","epithelia"
"4603","52e0bc51-3881-484c-a105-8963b8a1141b","epithelia"
"4604","52e5c2b1-5f45-4e3e-b5c0-37416050e259","epithelia"
"4605","52e6c24f-bc1a-4045-8c1c-99c294720fbd","epithelia"
"4606","52eee1b8-fe28-4e90-ac5a-77e8aaa5f0c8","CD8_T"
"4607","52f5febe-3173-4fea-8737-88e88418d52b","epithelia"
"4608","52fa6de6-a431-4dac-b514-2236bb7d312c","NKcells"
"4609","52fab5e8-120b-4e53-a59c-64e967e90076","epithelia"
"4610","52fda689-087a-4838-87a1-6b9d671f7d07","NKcells"
"4611","530812db-21dd-4317-a70d-06bf708827d8","epithelia"
"4612","530b3891-25f8-4d9d-8984-b9eb91d824b6","epithelia"
"4613","530fa635-8d32-453a-8130-47d1e11b211a","epithelia"
"4614","5317b7e9-259c-40dc-aa8b-f29731e4c8ae","epithelia"
"4615","531b863d-3aeb-47f1-8c1b-07a11e78b8e4","immune"
"4616","531c6d07-6621-4363-a590-ba42005bdfc1","epithelia"
"4617","531d94d5-2af0-4c2c-9f86-b281ed8cde46","epithelia"
"4618","532f8ef6-eaae-4033-9c41-af49d8449520","epithelia"
"4619","533260ad-c34b-47c4-b8d1-040ee72a134c","Unknown"
"4620","53338bfe-288d-4c8f-a5c6-85bfea6587a5","epithelia"
"4621","53349d93-8c87-476d-bede-a278a0efe2f6","Unknown"
"4622","5338c0cd-bc29-4876-9a84-2d213d301a5f","epithelia"
"4623","5342a013-4bab-4eda-a7e3-c63fbcc9acb4","Bcells"
"4624","5348cbca-7870-401a-b761-f16a2438352d","myeloid"
"4625","534a912c-e29d-45b9-bce2-1ac789d0b8f2","epithelia"
"4626","534d401e-45cd-406e-a27f-3fd856c537cb","NKcells"
"4627","534f1653-e407-42e8-afda-02183b922757","NKcells"
"4628","5362eed7-27c4-42fb-9384-07f152b279e8","epithelia"
"4629","5364118d-bb7e-48e1-acef-7327b882130d","Treg"
"4630","536ad6a8-105b-49f8-9993-a7a1fa2adf2c","epithelia"
"4631","536cd33a-f3b8-472f-a2d2-3c715e089684","NKcells"
"4632","536f43ea-acfa-47b6-b7b5-c8bedaa4fdee","epithelia"
"4633","53703011-a1b6-4240-80d8-734ff8511e67","epithelia"
"4634","5370ec3a-babc-4f52-bda0-7741eb4c0dc3","epithelia"
"4635","5379fc2f-c1aa-4b1f-b9f5-d7da257c478d","epithelia"
"4636","537ce5a5-6469-44ee-b7b8-877c50071e68","epithelia"
"4637","537dc8f1-e16b-4b5f-a7c9-d038c51126c4","NKcells"
"4638","53876c7f-d4a1-4fc1-9850-54547f657ac1","epithelia"
"4639","5389656b-5919-4440-a148-dba161276b26","epithelia"
"4640","538e54ac-80eb-4a34-8b7e-3aa7357dfec1","epithelia"
"4641","5392d55b-55db-4ee0-9ddd-a5a413adc8b1","epithelia"
"4642","5396537e-732f-4dd5-9ed3-feeee0350876","epithelia"
"4643","5396d748-79b2-4c60-aff3-365041786f6a","NKcells"
"4644","539e9fa8-6153-469d-b93d-dd4068d6002b","epithelia"
"4645","53a5a3f9-2be2-4131-8082-c2eca1145e25","epithelia"
"4646","53b4eeff-b1ee-47b8-a742-a50710acc93c","epithelia"
"4647","53b867a8-6b86-4848-b0aa-91de1628013b","epithelia"
"4648","53c04ca6-e9a3-4134-a8ad-83387be39aa5","myeloid"
"4649","53c398b2-792e-42c0-9fa9-5d364c46f3bc","stroma"
"4650","53c41021-e2b9-4333-bc9f-163920a68408","CD8_T"
"4651","53c5f339-12a9-44a0-96cf-d72f78f34f54","epithelia"
"4652","53cad1f5-396c-474d-b91d-4c48649cf41c","epithelia"
"4653","53cdeb9b-18c8-4551-8b95-f991b6dd7173","epithelia"
"4654","53d185d5-9b7b-457e-9e63-37673c04285f","epithelia"
"4655","53d23ba7-7d30-418b-830c-7baff6808064","stroma"
"4656","53d26bc1-d422-4cd8-9172-7b4b293861d4","epithelia"
"4657","53d3fb51-c3f9-427b-8b6d-eaca107c3fc3","Bcells"
"4658","53d41619-9b81-4e10-bbba-959da7cd2b1e","epithelia"
"4659","53dab203-46d1-4f8f-91bd-919811da7691","NKcells"
"4660","53db8a3c-22c9-46ce-b2f0-8358ccde1395","NKcells"
"4661","53e19eb9-b83a-4970-b9f2-27170f392b71","epithelia"
"4662","53e27e3f-99bf-4f78-973e-7eb77931c926","epithelia"
"4663","53e423d1-8afa-49bd-8958-99a1fcc98a6f","epithelia"
"4664","53e88c05-5a7c-4c2c-8fac-db9c1b926535","epithelia"
"4665","53ed9456-870a-4ada-b7e6-414339506a61","myeloid"
"4666","53f066da-8e7f-4b3f-9a8e-0986ac333cc2","epithelia"
"4667","53f28f2c-c255-4647-a9ac-c1be5b365fc3","NKcells"
"4668","53fc062c-55bc-45f5-88a6-3d1ee6cad38b","NKcells"
"4669","5400c3a9-34ec-49d9-a8ab-56b8c1828961","epithelia"
"4670","54138065-88b3-4922-8109-5cb750221762","CD4_T"
"4671","54138f80-a208-4ec7-87f4-2f6c7cd7b57b","Unknown"
"4672","5413cd11-2e7e-4956-91be-f21d3c28df86","epithelia"
"4673","541c389b-0897-458e-b03e-38464bfd9da8","epithelia"
"4674","542adbb6-fb67-4206-92e7-c4fdfa818223","epithelia"
"4675","5432720f-1c8f-44de-a81d-9d5e1510f4c3","NKcells"
"4676","543393b2-cf2b-4345-af0c-f81e624a5de0","epithelia"
"4677","543bc0e5-dde5-409a-b736-92fac039de4d","immune"
"4678","543c60ba-e46e-4b52-a7fa-8d7d421463ee","epithelia"
"4679","54430790-00c5-4431-8f18-83b2d6598e3c","CD8_T"
"4680","54434ae9-f218-4215-8a47-c284a2178993","epithelia"
"4681","54435c3f-99da-4ae8-9818-bcfec4e65fba","epithelia"
"4682","544fcc7a-0e4a-4ac3-89d3-a7f69f6f0fc1","epithelia"
"4683","54549aa7-3bb0-415d-a9ca-28dfa2ea1d6f","T_cells"
"4684","54586712-ac7f-4431-8591-39e18efbf685","immune"
"4685","5458a442-e160-46d9-baba-845620a2884d","epithelia"
"4686","545b8016-36dd-4a2e-bd50-eed3b10ba227","NKcells"
"4687","545f2264-fdd2-41fb-a761-0dd2f4dde033","myeloid"
"4688","5462edc6-399d-4b36-bb50-b867fe50ea3c","epithelia"
"4689","5462fe43-2d6b-4ca3-9f3a-73f7a2e24557","epithelia"
"4690","546980fa-ccde-4526-a539-2e76177759f8","Treg"
"4691","546c7686-36d6-4953-ab99-9930c0771968","epithelia"
"4692","546e644b-ed17-4efb-a86d-b3b1cf5d9e15","epithelia"
"4693","54719001-e0f6-46c7-be94-648a67dcafbf","epithelia"
"4694","5478f193-9881-42b9-9a63-8945fa18109b","immune"
"4695","547b7933-6af2-4265-9616-a489e3f911f1","CD8_T"
"4696","547eb85c-7e5d-48ff-95cd-3ab3475d2888","epithelia"
"4697","548089db-d2d7-4cc2-bc69-f910e8c5b1a2","epithelia"
"4698","54814ff3-9f2e-46a3-84ce-0961cd20110d","epithelia"
"4699","5489cbf2-3ac0-4788-9d78-74825135f429","epithelia"
"4700","548f38b3-a84f-44f8-a73a-58ab7cc28f48","epithelia"
"4701","5494d57a-5f3f-41da-be66-2b62fe869b9d","Unknown"
"4702","5495a102-47bb-445c-a7cb-420edf341996","Unknown"
"4703","54987072-c8c7-446f-80c7-2f4b51c7f21a","epithelia"
"4704","54affb87-328f-415c-9b9b-c35311680f47","immune"
"4705","54bb1e58-42c1-41b8-96f3-4f88f998d8f8","NKcells"
"4706","54bf08a0-22d9-40e6-a0ab-5f1a315b1512","epithelia"
"4707","54bf5969-ee44-4e18-890d-2556f11fc41e","NKcells"
"4708","54c4647a-b273-49f1-b324-63b922923b38","Unknown"
"4709","54ca1222-82f3-4d18-aa59-181dc1fb7617","NKcells"
"4710","54cb18c0-25d3-4aea-8916-e38f45b5c41a","myeloid"
"4711","54db4090-7b3c-4d38-8afa-a28bb3756499","Bcells"
"4712","54de200e-c3f4-4fa4-9c67-adc4bf4e380e","epithelia"
"4713","54e602fa-0735-44d9-8741-5754279cbbc4","epithelia"
"4714","54eb9c7f-1054-406a-9403-662210bf20ef","NKcells"
"4715","54ed2227-c080-48e3-b9d2-bac5a9a41d23","epithelia"
"4716","54f105a5-f1d5-41c4-b24d-849f658874b9","epithelia"
"4717","550121b6-4690-4c42-9612-9b0f8e4e91e4","NKcells"
"4718","5503ec16-b5ad-464e-aef2-a577865932f3","Treg"
"4719","5506cbe5-d834-48c3-91dc-869876297c74","myeloid"
"4720","550c5944-84c9-434e-9d6b-60809c211c2d","epithelia"
"4721","550cc17d-ce64-45b8-9eb7-db1aa1a31702","NKcells"
"4722","550e3236-0fa3-4d6a-9c08-47b8c2f7adf1","epithelia"
"4723","55102afd-2268-43fb-a967-9313c6ca8ea4","CD8_T"
"4724","55170beb-1170-41ba-9769-7d6dec5eda4f","NKcells"
"4725","551d3826-50a7-47e7-b3db-f4276fc4a308","epithelia"
"4726","5523a817-bd9f-4734-99bd-09ded13a5488","Unknown"
"4727","552d7331-f468-4738-9ed5-efa35627b594","epithelia"
"4728","552f25d8-9a8e-429e-a7de-08e097f39e99","epithelia"
"4729","5530d3aa-23f8-463f-8f18-546fc33ea96a","epithelia"
"4730","55315ef4-2289-4ddc-8919-93c8a139ff14","epithelia"
"4731","55399e1f-ceeb-4980-a331-e83a427522d7","CD8_T"
"4732","553cb539-1aa5-47e7-a879-43e39f26b38a","epithelia"
"4733","553cc4e1-cb01-42f1-bac6-1512705a62a8","epithelia"
"4734","553ceb19-c091-4479-96f4-dbe6cb2553a3","epithelia"
"4735","5540478a-997e-45f5-901b-cb4caf065749","Unknown"
"4736","554c5399-2168-4937-9e17-7c1951dbb1a2","epithelia"
"4737","554f4f18-c7d4-4afc-baf8-7630988f1abc","myeloid"
"4738","55590b6e-7274-4925-8c11-d9a3b234eace","epithelia"
"4739","555d28b8-baf3-467b-9a5f-c8fb32e79fd3","myeloid"
"4740","555dff17-5777-4f20-a8b5-2542ff9672f3","epithelia"
"4741","555e15ff-86a7-41ce-9bac-e463d56c2123","epithelia"
"4742","556375f0-7305-41a2-a2db-82b3a7557560","CD8_T"
"4743","5564664f-7a47-465e-acf7-9176662f9ccd","Unknown"
"4744","55692263-7561-4e9b-baf8-40b5fa79bb65","myeloid"
"4745","556c50c4-5f70-44f5-858d-e57be60eb473","epithelia"
"4746","55708891-58de-4d0a-a3c4-ebe0bed642c2","epithelia"
"4747","557b265f-43ef-4e3d-b9e4-f187783a4251","myeloid"
"4748","5580e82f-80ba-4a99-939f-ea7e9c98539f","Unknown"
"4749","558be7db-1299-4d81-a22d-0a5fa4110907","CD8_T"
"4750","558c05ca-91d7-4315-9997-07dcca7feab4","NKcells"
"4751","558f3b93-116e-4932-afe0-e53f9c19f94e","epithelia"
"4752","5591a819-acc6-482e-b134-91a398f3bce2","epithelia"
"4753","559512b3-f638-46ad-8da0-53918fad9ca6","Bcells"
"4754","559555c4-e050-4359-ab86-0aa67a72afb6","CD8_T"
"4755","55975b20-49aa-49b9-a1f0-9007cc7f9d3d","NKcells"
"4756","55985ce3-d2cc-4c4e-a374-dabe447b2564","epithelia"
"4757","559a8dcf-990f-4fa4-9c90-41727e00299b","Unknown"
"4758","559c34a3-0478-4f4a-a66b-255158c78364","epithelia"
"4759","55aa04bd-928d-4d80-8e07-d38d8dcc5182","T_cells"
"4760","55aed817-352b-4377-9c06-b9b058e93bb7","epithelia"
"4761","55b05734-634a-49ea-b354-ef761a7aa270","Unknown"
"4762","55b34369-d05b-4e86-82d0-4928bb0eb53e","epithelia"
"4763","55c94632-c7e2-4f8e-9190-8c5bd452ea59","epithelia"
"4764","55cd5760-c4b7-4999-b984-bf9f97988246","epithelia"
"4765","55cf4c3f-7934-4b47-8392-8154d3ae4698","epithelia"
"4766","55d5bc09-136f-4e20-9c64-4ab53b92e471","epithelia"
"4767","55d6f523-3960-41ec-a459-4e578a61d408","epithelia"
"4768","55dc7115-3926-4e8b-bbb5-1594859bc1e6","CD4_T"
"4769","55dc9622-2bc5-45ee-b0e9-ea1e2d410033","immune"
"4770","55de7b94-ae14-41e7-9235-f58c767c1e77","NKcells"
"4771","55e063d2-c480-4dd5-a195-207da2184228","Unknown"
"4772","55e3ae13-7a3c-4545-b4cb-14ab185f4970","epithelia"
"4773","55e485b9-da09-4658-82dd-007dba926456","epithelia"
"4774","55e9979c-a37d-442d-84b7-fa557b929c79","Treg"
"4775","55e9a5f4-d258-4431-91ac-16b74403c4bf","epithelia"
"4776","55eac0f6-c5f1-4af1-a7a3-3145c1c6b26f","myeloid"
"4777","55fad306-18ed-4c1f-af18-1b44425a3e63","epithelia"
"4778","55ff75d8-5481-43bf-a1e6-58fa9a959f5a","epithelia"
"4779","56010f4d-7328-4430-8b08-4138a6be1a59","epithelia"
"4780","56079c1a-2ed5-4a25-9251-42dab54977f5","epithelia"
"4781","5613caf0-8e66-41b6-ac76-b0e48ec90eb1","epithelia"
"4782","56155c37-2774-49dd-8184-dc1598e727d1","CD4_T"
"4783","56175945-57a2-48de-8e41-e95d20b90f69","Unknown"
"4784","561bd759-0a43-42a7-97ad-111f7b6a4e3a","epithelia"
"4785","561ccf6b-d1ec-4543-bded-22aa04f305b0","NKcells"
"4786","562065f1-dcc2-492f-9c85-f1af5bf7995a","Unknown"
"4787","5622e53b-b07d-4d21-b669-da6047e753a0","epithelia"
"4788","5624b938-4218-484c-912c-bb0e85ca848c","epithelia"
"4789","562615ef-55ba-4819-bf6c-701b7f0564df","epithelia"
"4790","562e2f3f-0310-4ead-9694-cde0b5398842","stroma"
"4791","562e3fbf-a430-402e-b63f-f976238011f6","Unknown"
"4792","562f9d8c-8e24-4cb6-911d-5b21a8a7073c","epithelia"
"4793","5634e750-deb3-4ebd-8b0c-0f913ae2a390","CD8_T"
"4794","5639b534-d3b9-4727-81dc-509b2134fa36","NKcells"
"4795","563c5207-0d41-4853-b47b-dbf09bbc322e","epithelia"
"4796","563e0142-0386-409a-bdbc-8ab7f7e56525","epithelia"
"4797","564100a8-37a9-4f77-bd49-b7cfd622079b","NKcells"
"4798","56436b3a-a8ad-4ebc-8537-164cde4b6d15","epithelia"
"4799","56443308-97a3-4769-8dbd-33968966e735","epithelia"
"4800","564a17c8-bfd8-41d6-9609-b286bc196ed2","epithelia"
"4801","564b2f1e-3877-4bac-a28f-33c177bc9a56","epithelia"
"4802","564cf954-3acc-4ce6-9935-7d94dd06c77b","epithelia"
"4803","564e2c31-b58c-4ef8-ac5b-72abf59be19e","epithelia"
"4804","5653d978-c107-484e-9828-aea3ff0ddbf8","NKcells"
"4805","5653f658-5856-4b41-a6c0-489fc759e0f1","CD8_T"
"4806","565bfe7a-7e65-4593-b240-4fa3aa734d95","NKcells"
"4807","5660fd82-2e80-4d41-b1a6-6dfe4716c787","NKcells"
"4808","56658ead-6dff-4314-94a3-91c0efbd6b0f","NKcells"
"4809","566afb8a-2b72-4c84-93a3-36c27474a650","epithelia"
"4810","56706e6f-33cc-4ce0-b6f3-a94ca290a951","epithelia"
"4811","567127ff-cbed-4f0f-a605-f9ab0b2edd2b","epithelia"
"4812","567fed7e-ca24-4862-bced-6fd482a34c70","NKcells"
"4813","5682cd36-5d13-4b9a-a539-0ecb73adda58","epithelia"
"4814","56853830-42ea-4aca-bc8e-34af15f0ea63","epithelia"
"4815","5689d3b3-dde8-4777-acab-afdf241da3da","CD4_T"
"4816","568df8a3-0187-4eb6-a200-2d8fe4c09c98","epithelia"
"4817","568f3f2a-520c-4fdc-bfef-49111fdcfc58","Unknown"
"4818","5694e5f0-e4ce-40a3-a7b3-24db2a4240b7","epithelia"
"4819","56992227-505e-4ad3-af86-182343a070f4","epithelia"
"4820","56999183-7b6b-4e0b-8ed4-7e5bd3982fd4","NKcells"
"4821","56a1cf2b-d712-40c3-a3ee-977842044401","epithelia"
"4822","56a85e43-ff3e-40ad-b625-148ea5896713","epithelia"
"4823","56adb8cb-a103-4c51-b7ec-d4adaa5d8015","NKcells"
"4824","56adb9ed-b26c-479b-ae5a-e8792deeeab8","epithelia"
"4825","56b6d1de-0e68-4b52-bbd8-82075251c3d3","epithelia"
"4826","56bc78f8-2d9e-4c84-8182-f064f4d3c9e8","epithelia"
"4827","56bd306b-b5c0-4be2-abf3-4a096c2ea6e0","epithelia"
"4828","56bebfd0-b0a6-4af7-b61f-7bde57c4168d","epithelia"
"4829","56c60686-e75f-4eea-a38d-72afc7f134e6","epithelia"
"4830","56d5e741-516d-4375-8dfe-3f9df66eeaea","epithelia"
"4831","56dff9ee-3607-488f-bdec-d27785be03f5","epithelia"
"4832","56e140cd-f41c-44b5-970b-dbedb702f249","NKcells"
"4833","56ec47a1-bb84-4dad-86bb-edfa1c637541","epithelia"
"4834","56f06fc3-2bda-48f3-9490-3d423b79ecfe","Unknown"
"4835","56f17085-bece-4801-ac52-b9dd68cef6e5","epithelia"
"4836","56f1e80d-96fe-45e3-bb7e-67fe82273f45","CD8_T"
"4837","56f74afe-bc99-4508-83cf-6664eb27b5e4","epithelia"
"4838","56f93088-c564-4062-8f3e-f14dcf7c6729","epithelia"
"4839","56f956ee-f0ff-4a77-b0ab-70d79111ab1c","epithelia"
"4840","56f9649e-b968-4aef-b51c-2b4fb13770c5","Unknown"
"4841","57017040-c5b2-4fb8-85c5-57fcd224b589","NKcells"
"4842","5705eea4-f7b0-435a-b723-bdaf83d69c6c","NKcells"
"4843","5706557d-4c81-4b62-808c-bbc4e0bc3515","myeloid"
"4844","57074039-76de-4847-b430-fd90be6943e1","epithelia"
"4845","570e3abc-cc20-47df-a5b6-d5ca2189a141","Unknown"
"4846","5710f00a-2924-4a5a-9d11-d25947ccd5f5","epithelia"
"4847","5711344d-bc61-4a9d-abed-0b76c25753ff","myeloid"
"4848","57198325-f022-43e1-b9e7-8c8ffc3a7997","CD8_T"
"4849","57235429-7849-4898-bbc1-7992b67c94d9","epithelia"
"4850","572647c7-cb7f-4336-8007-341e94e89e17","NKcells"
"4851","572719ea-4c99-4994-b6ee-bbfc78f42c6e","NKcells"
"4852","572ed77d-73f5-414a-9b3a-f08330389e7b","NKcells"
"4853","5731332c-0527-4ecc-aa05-674cfba6ae52","immune"
"4854","57328fe0-caa9-4038-8b17-4b238a40322e","Unknown"
"4855","5732c32b-c546-4fe4-b76f-bea34086a46a","epithelia"
"4856","57371ac0-f9e9-4ce7-8d1d-8b4e5ac238e1","epithelia"
"4857","574a253f-4ec2-4ce4-8b81-e58133dad7eb","epithelia"
"4858","574b69d1-5fcb-4bca-b8c0-5c0c0bc284c1","epithelia"
"4859","574ea9cf-4b27-43ab-93c8-36bd94f08eca","epithelia"
"4860","57523171-fb74-4aaa-8fe8-4a3e4c9cbc83","epithelia"
"4861","575ba658-3ada-4db2-a642-690fa9f72a33","NKcells"
"4862","575cdb93-f634-4547-91b5-82a339a780c7","epithelia"
"4863","5763818e-54bb-4e93-8d77-55dfc06d627a","epithelia"
"4864","57671756-9f7d-4129-967b-8bddd5fdd3bc","epithelia"
"4865","576ef4a8-4ff2-479c-a8d0-46f76da2041e","epithelia"
"4866","576f7ab3-8e96-44d2-8e8c-68f10b966e26","epithelia"
"4867","5770f431-c5fd-4b10-b554-59409f7a5f9b","epithelia"
"4868","5770f7ab-184a-410e-a9a5-86cf3695e013","CD8_T"
"4869","577159bd-40de-4c8d-9f60-260376f6c1c8","epithelia"
"4870","5780d448-df0b-44eb-a4ba-95e2d5d1ba7c","epithelia"
"4871","5783a686-4b83-4f9e-b04b-2b684998b1a5","epithelia"
"4872","578955ed-2590-4668-9b88-13028a49532e","epithelia"
"4873","5789e7bc-254e-49c0-b674-64b2e135ce35","epithelia"
"4874","578c53c9-41dd-4ca1-99c0-de0636fdcf1f","T_cells"
"4875","578f3011-76ac-4417-bf4c-97709eae560a","Unknown"
"4876","578fca2c-6da9-44ea-b2d0-4108e0db1d23","NKcells"
"4877","5791f2da-2ad4-4f2b-a7e1-76d9247df0af","Unknown"
"4878","57956931-515d-416a-b2f4-233f8d8557fe","epithelia"
"4879","57962cca-552e-40e5-ae87-41cfca41a708","epithelia"
"4880","5798b9fa-33f3-499f-87c9-1724654e4564","Unknown"
"4881","57998ec9-c5e3-4b1c-8fed-76257d76d799","epithelia"
"4882","579d4de2-4ccc-4e1b-9d05-f36ed52f0814","CD8_T"
"4883","579db5d7-6922-4e09-9e5c-1c8fbc53ee16","epithelia"
"4884","579f46f0-9e4e-44f5-99ea-0cdd2189ae92","Treg"
"4885","57a04e2b-16f1-4692-a240-3884d0441e02","epithelia"
"4886","57b33f3c-03b6-46fb-a04a-ef704d34acef","Unknown"
"4887","57b4a617-c691-4939-ba87-f19ebb114bba","epithelia"
"4888","57b84e11-d337-4344-adfb-725586c1a254","epithelia"
"4889","57c0b145-b011-49d1-8f4c-55f10edd9795","epithelia"
"4890","57c7f867-17b8-447c-a9bf-785cda57bad0","epithelia"
"4891","57caff87-4e10-44db-9a68-e06e2e4c7e84","epithelia"
"4892","57ecf071-a7a3-44ef-9719-b3b094319406","myeloid"
"4893","57f092fe-6597-4f22-b87a-f53d27ddd8c5","epithelia"
"4894","57f35333-ef80-476b-a9bb-988daebf12d7","NKcells"
"4895","57f3e343-ed56-4115-a9fe-078522307efe","epithelia"
"4896","57f96c32-78a9-49f3-a466-d402462799e3","NKcells"
"4897","57fe85ba-7558-44d9-8c4c-8a11e3f11bd1","Treg"
"4898","580f5b38-c0fc-47ad-960c-02d5db4ef64f","epithelia"
"4899","581049f1-8c56-4451-82ca-29be1bbff7c1","immune"
"4900","5813f2c0-1f7c-4830-ac5a-1b6dbea60c07","Unknown"
"4901","58148a1f-fc6b-429d-b40d-c48645e566cf","epithelia"
"4902","581621d8-fc69-49ff-9f89-8a3f2f7672e4","epithelia"
"4903","581cd588-5cbf-465b-8428-e728c3357e41","epithelia"
"4904","581d41a0-a70d-44c4-90b7-b7c2cc1fdb9e","Unknown"
"4905","581f77b4-de31-406f-b7f9-a8051bf5c497","epithelia"
"4906","58206cf3-bd77-4d99-98e7-649b9203065f","Unknown"
"4907","5820e472-35d8-4d54-b220-878fda77951c","CD8_T"
"4908","58226441-8fae-40fb-923c-b8c34724d4e6","epithelia"
"4909","582e4f98-b93b-4fc7-b06d-8ffffe0372b3","Unknown"
"4910","582e5fcc-8ae3-493f-8a3b-1ab15942ac3d","endothelia"
"4911","583785e3-f165-4e88-a016-0addfabb2632","epithelia"
"4912","583c1f11-0f4d-4ac6-9ec3-f25a3ed92e4d","epithelia"
"4913","583d9354-d759-4545-838d-c0c3b1db9e4c","epithelia"
"4914","583f428f-2f28-468a-a32e-98bf6863016c","epithelia"
"4915","583ff045-1685-4fb0-bbad-1db7abb625ce","Treg"
"4916","58404bb8-975d-4701-b1a9-30a703ecffd3","epithelia"
"4917","584095a5-7df8-49f1-a105-b6c52124e1f6","myeloid"
"4918","584889f2-2a26-4021-b00c-cfa8305df86a","epithelia"
"4919","584b8fdc-7694-4cab-9a11-06ab126ffe52","Unknown"
"4920","5851906c-14e1-489f-8a80-cdd04336925b","epithelia"
"4921","58541b13-032f-4524-bc3a-9e7f8926b77e","CD8_T"
"4922","585ad426-7675-4641-a64f-c07652e27ebb","myeloid"
"4923","585bce75-bbbb-4cc8-a1b5-0485c6e09ca9","CD8_T"
"4924","585c9df0-e33c-479e-8eaa-642dd40e73af","epithelia"
"4925","5869f50d-e5db-4816-98a9-2ac7f26d6044","NKcells"
"4926","5870648b-3327-4114-ba9c-8f0d05498856","epithelia"
"4927","58740988-f385-4ab8-89ac-adfe8fcac509","NKcells"
"4928","58771e17-0031-4ccb-8b6d-d6a2d46e292e","stroma"
"4929","587a35de-6b9b-4b0b-98e1-473071ef600d","CD4_T"
"4930","588074d5-8e79-4287-bcdf-a9c57a0ffb84","epithelia"
"4931","5883ba04-5790-4569-8654-6ee45868986b","epithelia"
"4932","5888d547-0468-47da-85cc-703633433c91","Unknown"
"4933","588a9a95-3d31-4910-b2c9-ece3835ac045","NKcells"
"4934","5890d1d9-37df-4bd2-8146-63af1f20e418","epithelia"
"4935","5894c555-43d8-4aa4-b3dc-9fe757695a6e","epithelia"
"4936","589d7d76-594e-4186-81c7-d64989b2170d","CD8_T"
"4937","58a03205-9fb0-407e-bfde-2e9a4314c30a","epithelia"
"4938","58a3f070-1db8-4acb-85f7-681c13caff70","endothelia"
"4939","58a5839f-4b76-4663-9404-d49bb66dcbd6","epithelia"
"4940","58a5eb49-7369-4cfb-bc12-2846a6cab0c8","epithelia"
"4941","58a7f620-84dd-4cb0-9bbb-87dfcf7e367e","epithelia"
"4942","58a90d8b-253f-4670-a532-7a0e973bd3f0","epithelia"
"4943","58ae2e90-19d5-4fbe-985b-bf156998a3b6","NKcells"
"4944","58b0ecd7-8a04-4764-a835-6ca6e472bb5c","epithelia"
"4945","58ba77e1-62bf-4534-9fc9-3a3644a2c379","Unknown"
"4946","58c02484-1b42-4a09-af9c-48bfd3914568","NKcells"
"4947","58c2d554-bcd1-435f-a47a-ad21c85d4825","Unknown"
"4948","58c3ca65-a48b-4fce-aad5-ca23b67ef7f7","epithelia"
"4949","58c5f5b8-b1ce-4885-b2d3-87677ee78dae","stroma"
"4950","58cb7218-8545-4910-8c19-878850910a01","epithelia"
"4951","58d2d1cc-d921-4991-a6d7-79f8bfbd484d","CD8_T"
"4952","58d2feee-399f-4031-b7aa-5ea9108f2cf5","epithelia"
"4953","58d7622a-7d0d-463c-9aa5-ff71cbb0a2d6","epithelia"
"4954","58db2099-a96f-49bd-9ea0-028a3aa4138f","epithelia"
"4955","58db2a8c-71ba-471a-90a1-09f8d0fb0945","endothelia"
"4956","58dc79db-bfca-438c-88bf-f35f23787f34","T_cells"
"4957","58e33c1d-800e-4eb5-90bb-ed701b4a5802","Unknown"
"4958","58e52bf2-0e61-4fbb-8ea5-ec19f71a8750","epithelia"
"4959","58ed71e0-d056-4993-b78f-bf0e1f22c18e","epithelia"
"4960","58ef4b48-4d53-43de-ace6-c21dd1ce6d2a","Treg"
"4961","58ef5db4-2c6e-4bae-998a-fac4b341d2f4","Unknown"
"4962","58f98a15-b6fd-4f1d-94d1-ce3f4776e0be","epithelia"
"4963","58fd03ea-19b8-463b-89cf-317ce0869c33","CD8_T"
"4964","59048514-212a-44db-8630-9ad2733ca674","NKcells"
"4965","5905aa40-81cf-4c4b-a3dc-51ae78c4ea2d","immune"
"4966","59103c3c-74be-4498-8816-d221da11426f","epithelia"
"4967","59110469-d3b2-4c00-a51b-e3849d25b4ce","immune"
"4968","59115f29-5fcd-4eea-bf82-c6e8a8d11fe7","NKcells"
"4969","5919345b-c1ea-4f6c-9d07-8192a1de66bf","epithelia"
"4970","591af0b4-ebb9-4630-9e0e-b3bada1513b8","epithelia"
"4971","591c87e7-b43d-452b-86e9-ef5274c23ddf","epithelia"
"4972","591c9480-f200-473f-bbe2-e6a390a939eb","epithelia"
"4973","591eb414-9156-400b-967b-5eb6add42457","epithelia"
"4974","591ed655-4b8a-40a9-b8b1-f113fd9405f7","epithelia"
"4975","591ee8c0-6761-41c5-adfc-934a8424ad8a","epithelia"
"4976","5928913c-bb5e-4ff3-ac32-c57ea8cecc6a","epithelia"
"4977","5929250e-3f34-4a53-94a7-f3451d75fdab","epithelia"
"4978","592b846b-7a91-4a7c-abbf-6cb5677b174c","epithelia"
"4979","592d8961-169b-44d3-930c-b4557d412e6d","epithelia"
"4980","5946df7f-e289-4394-b9f8-03a9fb28f5dc","NKcells"
"4981","594dd535-3ec0-4a37-b615-8d333cf2772c","endothelia"
"4982","594f3ed8-d687-4f1a-9661-e9398adae59b","epithelia"
"4983","5956815f-40b9-4ef1-a001-d4c55f7b3744","epithelia"
"4984","595db91f-bb57-4e77-8545-a632345321d1","epithelia"
"4985","595ff098-f2ba-4bd2-82af-31828051af93","NKcells"
"4986","596088e7-5768-4c65-ba42-dd6d99650bdd","NKcells"
"4987","5961da03-d93d-4ea7-afb2-329a50ccf084","NKcells"
"4988","5971f15b-cb70-417a-8f8f-9ab86133d129","CD8_T"
"4989","59724483-aba9-49c9-8178-e05498b5d09e","immune"
"4990","59725b80-0209-474e-98f5-f5854d6bf10c","epithelia"
"4991","59736fc1-dffa-4060-9773-22fdaa8f2713","epithelia"
"4992","597858d2-a059-4d8e-a8b1-e73859e5bf59","epithelia"
"4993","5983755d-28c0-4dbf-8d4d-9d4c731142a3","epithelia"
"4994","598e2347-7af3-4563-bb7e-c7b52ee9aaa9","epithelia"
"4995","5992246a-6d78-4971-b7f1-2816f4ec10bf","epithelia"
"4996","59992e80-adad-4baf-a761-a96b6096548c","epithelia"
"4997","599b008d-bb06-40a3-9fde-ffd5fbc9340a","NKcells"
"4998","59a1cd94-bce5-4138-bac2-4f1428ca3b09","epithelia"
"4999","59a28b95-b0de-472b-b23f-00337222e9a1","endothelia"
"5000","59a65e99-2bfe-4fc8-9fff-e8434a1036b7","epithelia"
"5001","59ab6e66-cd97-4187-baf7-89678fda27fd","epithelia"
"5002","59ac8d74-d571-4fcd-9999-22755612a80d","epithelia"
"5003","59b0060d-1bfe-4b45-8a1c-13c5c22bdfef","NKcells"
"5004","59b01c9a-7f6f-4980-918d-5442934a6154","epithelia"
"5005","59b23687-b3c3-4721-9f8e-4d49d16c6ac6","NKcells"
"5006","59b6737a-6617-4b27-b658-2feee2eea49a","epithelia"
"5007","59be7a86-a5e6-42c7-9516-346ab36ab133","NKcells"
"5008","59be9c77-9575-438a-835d-ef4bd6147393","epithelia"
"5009","59beb545-ef20-4dfd-abe6-cf7cd98d485c","epithelia"
"5010","59bf84c7-dc91-433c-8cd5-0a3e9a55748f","Unknown"
"5011","59c0e7ce-0fe9-408e-8f85-f30fe52f147e","epithelia"
"5012","59c5796a-94e2-45d4-b364-4bee0f92f418","epithelia"
"5013","59c5e2b2-c3f5-42ba-9802-ff6ccc92a7ce","NKcells"
"5014","59c8ecd3-ef0b-488c-99d2-771f73341b85","epithelia"
"5015","59cb0732-b291-4c6a-b998-b68226ef0b61","NKcells"
"5016","59d004be-e6f1-439c-9f86-68ceb1bff59e","epithelia"
"5017","59d65444-7717-4303-976d-ab315c6b2ea7","epithelia"
"5018","59d97324-77f1-4614-8152-4de8655aaa07","Unknown"
"5019","59dcd324-f25c-4d21-829e-2c505bf06e07","CD8_T"
"5020","59e42c82-780b-4dc7-9e1a-a43564b49601","Unknown"
"5021","59e633ef-9b05-433a-9bd0-cc1b325a03c0","epithelia"
"5022","59ef7578-f8b7-4b0f-8984-8605eaf95046","epithelia"
"5023","59fabe9f-e6bd-4c29-933a-c8562df74426","NKcells"
"5024","5a008516-0cb4-417d-adf4-ce7795ca2f40","epithelia"
"5025","5a04a8bd-7179-4e0a-987b-631a9436ba2e","NKcells"
"5026","5a05b903-f888-4518-b2b4-48523c5f43e9","epithelia"
"5027","5a0de872-75c5-4620-9f55-7866492cfe6a","NKcells"
"5028","5a14d0b8-c101-467d-a523-ed98622a3a81","NKcells"
"5029","5a17c053-ccca-4e13-88aa-eef05d9e656b","myeloid"
"5030","5a18bbc7-bad8-4ece-928c-d7a1a1884e11","Unknown"
"5031","5a19ade8-d4cc-4364-8434-087675357f42","epithelia"
"5032","5a209838-1681-4219-8eaa-fd9ed8d33996","T_cells"
"5033","5a22423b-8a8a-4064-b4fd-54567c747441","NKcells"
"5034","5a34f521-858e-443e-a2b5-016d3ed8d82a","myeloid"
"5035","5a3b7ef2-2021-4afa-a3e4-3af1e69e6e63","Unknown"
"5036","5a40d5c5-3a40-4b57-a49b-a3c207651944","CD4_T"
"5037","5a47e92c-f5fb-4c78-aedb-abb8d6c647fb","epithelia"
"5038","5a4dab8f-7b3b-44f4-bd38-33a76f2a8c84","epithelia"
"5039","5a5435a2-1bb6-4e19-83b5-be163e55025e","epithelia"
"5040","5a5f53f1-2ca2-4e7c-88a1-2a32edfdb833","epithelia"
"5041","5a6571e2-7eea-4634-a2a3-e4f6fb42c0be","epithelia"
"5042","5a706e5d-a4a4-4a26-aeb1-2b20e52154f7","epithelia"
"5043","5a74639e-b9d6-4091-9dca-bcf1db245b60","myeloid"
"5044","5a76d95e-f516-4cdf-9eb3-46c01996907c","epithelia"
"5045","5a7a9582-b507-4d3f-95fd-381304ad3593","CD8_T"
"5046","5a7dd8ba-92e0-42ed-8574-701019c03de7","epithelia"
"5047","5a7f7006-c2eb-4323-86e7-b6b74254540c","epithelia"
"5048","5a850872-ceb3-4ea9-ab34-c407a40261eb","NKcells"
"5049","5a8d9f7b-67ab-40e3-8cc6-493a2fd8236b","epithelia"
"5050","5a90d40b-575a-4955-92cd-35553aa3ab42","epithelia"
"5051","5a9957d5-7116-4f7b-9631-261b08fa76fe","NKcells"
"5052","5a9c48ea-cc4f-4cb6-a358-16e3afa46069","immune"
"5053","5a9d1d4a-6e6f-49a3-8dbf-a62bd71ca380","epithelia"
"5054","5aa22387-b473-4cf2-b746-e72e4d16fe21","epithelia"
"5055","5aa66f3a-1779-4cac-8af2-ad17d800a10c","immune"
"5056","5ab4ba6a-be45-4030-907f-fd0592acdf7e","epithelia"
"5057","5ab6bc69-f995-4d2d-a428-57768b34f54e","epithelia"
"5058","5abfe7ca-6925-4e67-9d7a-50cedc86ed68","NKcells"
"5059","5ac00718-07d3-4098-b4ba-e5147a2535dd","Unknown"
"5060","5ac218d4-c91c-4af9-9889-c40a730ed023","Unknown"
"5061","5ac2d98d-f26b-49ee-bb7d-0a7c3781dd9f","CD8_T"
"5062","5ac53973-7baf-473b-941a-5664077b5a38","Unknown"
"5063","5ac934d7-8453-41f9-a606-888366f636d9","Unknown"
"5064","5acc5ae2-9373-4a1e-a789-0b62b59cd9c5","epithelia"
"5065","5acebbf1-0551-49bc-b3d0-9f446135539c","epithelia"
"5066","5ad79ed1-6c76-45da-ac67-3b1ca8c0865f","epithelia"
"5067","5adedc24-1666-4942-8a1e-70eb192fccd8","NKcells"
"5068","5ae0c4d5-b299-42b8-8b10-c178b35e26d7","Unknown"
"5069","5ae138b5-aeda-4dfd-b38b-27d929a1d19e","endothelia"
"5070","5ae1836d-416b-4625-97f7-f56e4d3cf365","myeloid"
"5071","5ae53a46-763b-4265-9ff4-e15975007e95","Unknown"
"5072","5ae7287f-d25a-4924-b781-f5c8e7480cfe","stroma"
"5073","5aef4dbc-43ad-494f-b337-35ca6e566c72","immune"
"5074","5af0459e-3ee3-4cb7-ad51-c64252cd1ae1","Unknown"
"5075","5af36a31-28be-422a-9196-b2010e86f498","epithelia"
"5076","5af719cb-1fd9-446d-a90a-730317fef910","CD8_T"
"5077","5af97c29-108c-440b-b3c3-ce62f41fffdf","epithelia"
"5078","5afb6b17-3722-4998-ad7e-36755c29581c","immune"
"5079","5b04ea82-4bf2-4706-a7f2-469733312da7","epithelia"
"5080","5b062505-2d47-4a6f-b675-480ae6575cb8","immune"
"5081","5b0b416a-a9e7-4fa8-9fc8-63efebcb175e","epithelia"
"5082","5b0fbf06-b892-4be9-a00a-d4953d7b3081","epithelia"
"5083","5b1a4a92-5227-4566-84f0-9d7963833b11","NKcells"
"5084","5b1ae659-bef3-4c50-9c70-26d79bfacff5","epithelia"
"5085","5b20fc7f-4180-4349-ba3f-d6ec1689e321","NKcells"
"5086","5b26dfa5-8883-4a9a-b993-ed7c35f2f9e0","Unknown"
"5087","5b3c5809-528c-4740-b8a4-af704280b76a","Unknown"
"5088","5b43b787-abe6-456d-a227-3f8b86c534a8","Unknown"
"5089","5b50ef60-e8a2-4360-b4b7-d0da51b9c90e","NKcells"
"5090","5b536368-3ea7-4bd4-8cc1-55013b21e551","epithelia"
"5091","5b568562-d422-4806-828f-0bf571b0bd76","epithelia"
"5092","5b575d60-5a90-4729-a84b-f7bca9f986e1","epithelia"
"5093","5b597c47-54ef-49dc-8d24-28b01255037f","NKcells"
"5094","5b5b5ffd-cc07-4b5b-ad30-23ea09bea8f6","epithelia"
"5095","5b609297-9c6f-47f6-ba17-84c902caf91e","myeloid"
"5096","5b624a5e-7399-4ddb-8546-7d066a1da2c5","epithelia"
"5097","5b6431e8-ad0a-46cf-b44d-c479d5a7b57f","epithelia"
"5098","5b6e680b-999a-44bf-99af-8f59eb237f4d","epithelia"
"5099","5b70f9b9-c5b7-4f6b-ad81-fa6bd928ae6f","epithelia"
"5100","5b72a9a6-ed0f-4004-9052-70138aa2f2bd","epithelia"
"5101","5b77fbc8-b19c-475a-bab2-6f505b0f70f4","epithelia"
"5102","5b818d38-c5bd-4598-bc5c-d6ba8d04c7d2","CD8_T"
"5103","5b82fd10-0594-4c69-99f6-93e20420b458","epithelia"
"5104","5b8473d6-0784-4369-b460-579b282abbbe","epithelia"
"5105","5b86c9ef-38fe-4467-b318-cd6e88f8d227","NKcells"
"5106","5b8a99cb-0d6a-46fe-8569-f6d654f8da74","Unknown"
"5107","5b8b5d26-e6c0-4458-8ca9-67d8fe74a79d","immune"
"5108","5b9163a3-5cd5-48c3-876c-c652331030eb","epithelia"
"5109","5b95962b-cb18-48ab-96ca-2667093f61e9","epithelia"
"5110","5b9659bb-c5cd-436e-9547-f8cdd7113c5f","NKcells"
"5111","5b99aaf5-ca1a-4fda-97b1-b6e986671634","epithelia"
"5112","5b9ca79b-3ab8-43fe-808a-729ee2dead11","CD8_T"
"5113","5ba2ad2a-0eba-4625-b517-8328f2512314","epithelia"
"5114","5bacec70-0054-42e6-8b87-5818945a9eee","epithelia"
"5115","5bb116f3-cf00-4a9c-b51f-6e824dba44c6","epithelia"
"5116","5bb7782d-8c71-4fa0-be4d-84e371788c2b","NKcells"
"5117","5bb8f71e-f7be-46ad-bc74-2c14fbecdbbe","myeloid"
"5118","5bb96953-2eb0-4d80-881a-d12797cdcb2f","Unknown"
"5119","5bbc8a35-3106-4199-a52f-b1e5248e47ad","NKcells"
"5120","5bc162ae-7ebf-44af-adfc-509404da0ed6","NKcells"
"5121","5bc2dab3-e49b-48d6-88fb-bd2ede8f54cd","epithelia"
"5122","5bca4e42-268d-4829-a34a-317d1e271d4b","NKcells"
"5123","5bcad2a1-7df9-49b9-83e6-590013160f2d","epithelia"
"5124","5bcb588b-6cec-4c79-99ef-e4a1e9aaba6e","NKcells"
"5125","5bcc3ffb-09e4-4990-a31b-e432661e8789","epithelia"
"5126","5bd45d46-88e4-4365-89a6-307f4af5efe9","epithelia"
"5127","5bdb5b70-b473-4472-aa68-f38400be7032","myeloid"
"5128","5be0921e-41a3-4d01-b7e4-55fb007797d8","NKcells"
"5129","5be0c064-9479-4bd8-83e6-d79c210924bf","CD8_T"
"5130","5be0d517-5e56-4be0-8d09-721b9b0479fa","epithelia"
"5131","5be47767-eadb-4bd4-b5e3-5bd67212edd0","epithelia"
"5132","5be9e719-b070-4a1a-af13-c07e47419347","NKcells"
"5133","5bebdc0d-d11d-462f-ae95-86c2d28330af","epithelia"
"5134","5c024805-683f-48fe-9949-d60d732feba4","NKcells"
"5135","5c064fdc-9d00-43dd-a890-0c9c08a0ba07","epithelia"
"5136","5c0ae149-1128-4085-86d1-48e197373220","Bcells"
"5137","5c0de220-2911-45d5-b2e0-2ca31300e1ca","epithelia"
"5138","5c0f4e1d-f312-46cc-b736-3c290dccf4fc","CD8_T"
"5139","5c12dc5c-8c74-4a84-b4fe-262c16eaab70","epithelia"
"5140","5c1e2e10-89a3-4979-90dc-5b1ad338e7e3","epithelia"
"5141","5c22e3c6-626b-495e-bbfd-68ac2a0a327d","NKcells"
"5142","5c2825e8-b87e-4b2e-a6b2-05d4bf37a281","epithelia"
"5143","5c2a2293-fc5a-41ef-b3fd-f69ed78466d9","myeloid"
"5144","5c30c3e1-421c-401a-89fe-2443266b6ac9","epithelia"
"5145","5c33c221-eccb-49cc-98ec-71489e858bd8","epithelia"
"5146","5c349667-fec0-455f-919f-bb5416656160","Unknown"
"5147","5c42878d-63e8-43e9-aec5-e0961fc9e4d9","epithelia"
"5148","5c46ce1f-ef79-4b57-a2d0-ffe20988d2bf","epithelia"
"5149","5c541d7e-f4b2-4c4e-ba25-ba25ee7373b8","epithelia"
"5150","5c619cec-7929-47ab-b3e8-bb82631c8702","CD4_T"
"5151","5c627aae-7724-4878-abcf-7ae2e376877e","Unknown"
"5152","5c639da8-44c3-44b3-a419-81eb17e72cba","epithelia"
"5153","5c6589c8-b5c0-44c6-9e7d-63d6c98f5bed","epithelia"
"5154","5c682032-6c0f-4a6d-aff3-06a3f194382e","myeloid"
"5155","5c747c8c-fca2-4ad3-b493-7f736c386dd1","epithelia"
"5156","5c784a92-353f-46f1-8502-c8d54d35c4a6","Unknown"
"5157","5c7ad109-6e25-4b86-8fa4-525c93ef4c96","CD8_T"
"5158","5c868400-f50a-4d48-bfbe-a8578347d24c","epithelia"
"5159","5c8b8ca3-a599-454c-9186-fd15e654e66d","Unknown"
"5160","5c9126d8-f7ab-4db1-97a7-d0911e7768cc","epithelia"
"5161","5c915ae3-5efb-42ae-acd7-350831daf180","epithelia"
"5162","5c923c0e-e326-48eb-af86-3aaadf4e04fd","myeloid"
"5163","5c93b012-0cfa-4109-994e-2ba74b077859","Unknown"
"5164","5c9d71c5-d31b-4404-931d-b436bade656a","epithelia"
"5165","5cab235b-f709-4bd6-8a2b-3abc15bbfc1e","epithelia"
"5166","5cb2f360-62d4-47f7-9617-e192afd88bc3","epithelia"
"5167","5cb97c39-7cde-4357-90f9-b75ff2b57106","epithelia"
"5168","5cbeb7d1-a9de-43fc-b483-37fed23e47f0","epithelia"
"5169","5cc242fb-9e29-4c8b-b446-6ae4e7cec02d","epithelia"
"5170","5cc862b2-17d4-4013-8e9b-9a7a39e0ec13","CD4_T"
"5171","5cca0f6c-6dec-49be-a80c-17f5ec1c24d1","epithelia"
"5172","5cd44874-5f6f-43f9-a2b8-476742e05952","immune"
"5173","5cdb6881-c947-4ba4-b541-1da5a57cfb23","NKcells"
"5174","5cdc1519-db69-4ca8-b863-5e387b78c3a7","epithelia"
"5175","5cdf9004-fe9f-4756-8de5-ada1dc09c25b","epithelia"
"5176","5cdfd01a-fd87-4b9c-9231-84c7f120133b","Unknown"
"5177","5ce1f13e-c78c-43ae-8049-47b4c8bdfe86","epithelia"
"5178","5ce44f10-bebe-4df7-9f9f-9ede036cb984","endothelia"
"5179","5cf01e5e-ae28-4629-bb55-64659c083166","epithelia"
"5180","5cf97921-b9a7-4263-ac6f-e5e1098dbcb1","CD8_T"
"5181","5cfddd89-199a-470e-a6ca-e4059b953da9","epithelia"
"5182","5cfff813-b28a-4348-a786-71c995ce1481","epithelia"
"5183","5d00e05d-8e59-49f8-873b-00e7b32d8941","NKcells"
"5184","5d044a7d-bbaa-496c-93e4-bc0c5a3a5498","Unknown"
"5185","5d13661e-94dc-4746-9b37-defcdc87892c","epithelia"
"5186","5d1d847d-19af-497d-9ab7-1adb8570e3fb","epithelia"
"5187","5d1e31b8-b727-4106-8f87-4c17e7d20859","Unknown"
"5188","5d26530d-c798-4817-b6e9-8bbccfb3cfc8","NKcells"
"5189","5d26fdf2-56b6-4555-9815-ff626515fe90","epithelia"
"5190","5d2a18f4-3083-483f-82ea-e0736f2e3a6c","epithelia"
"5191","5d2ec4ae-49d7-4a69-9162-f0db6f389a4b","NKcells"
"5192","5d2f2b97-47d2-4fcc-905f-4382135d6298","epithelia"
"5193","5d2f4316-381c-4fdb-8027-752e5a33fe06","epithelia"
"5194","5d37b7cc-978b-4b0d-a7e2-edfd9c59355c","myeloid"
"5195","5d398182-55dd-415a-85f2-9087f3a7a12b","Unknown"
"5196","5d3b0f78-38fb-421e-9867-92359d888337","epithelia"
"5197","5d3ca933-2f62-4293-b8fb-7e2bc6127c04","epithelia"
"5198","5d3ce00f-6b39-4b1b-9083-1e0e2d935972","NKcells"
"5199","5d3d3e62-9e68-4347-96a2-d98cb401beae","NKcells"
"5200","5d3ebf69-a244-4c8b-9fdc-f94e9c94f34b","epithelia"
"5201","5d449f9d-4a87-4789-a368-18549df9191a","NKcells"
"5202","5d478aa1-53dd-4fa3-aa89-134820429e9a","epithelia"
"5203","5d489835-6470-4871-8b33-965fc2e375a5","epithelia"
"5204","5d4afa83-f428-471d-9667-32d2691f8ba8","Unknown"
"5205","5d530769-e45d-4bfe-b789-a87d0b5aba28","NKcells"
"5206","5d649e1c-a547-4345-b988-bb4270639d2e","epithelia"
"5207","5d75c61f-d022-483c-9a66-6f045d69154c","epithelia"
"5208","5d76e4ca-a7ea-4584-83c8-99adc5e5ec42","NKcells"
"5209","5d77f2e5-2e81-4531-b214-c0fd04d97653","NKcells"
"5210","5d7a951d-187c-47e0-879a-436525a6e2ff","CD8_T"
"5211","5d7f5e9e-71ce-4f69-90b5-b596d6f0673c","epithelia"
"5212","5d8bf37d-109a-42a3-8c9b-5d35c7a46a65","epithelia"
"5213","5d8c9547-6e85-4c11-8ed7-047ff5def812","Unknown"
"5214","5d8fb764-80e0-475d-a49a-ec60b5d68dde","Unknown"
"5215","5d936804-c6d0-47e0-b242-29b92b4329ed","epithelia"
"5216","5d9482ab-70d9-4fad-91e3-02d2c3ee5171","myeloid"
"5217","5d96a491-44bb-4b32-a1a2-bc42297d9f94","epithelia"
"5218","5d9dedc7-1b8d-4357-94e0-291377001384","epithelia"
"5219","5da6b990-16f3-4151-87c6-32500be5c3bb","epithelia"
"5220","5daa6f83-9a7d-4bed-8b80-8aed5065728b","epithelia"
"5221","5db40d38-a6d1-4cf6-a699-d3c409896d83","epithelia"
"5222","5dbc1d40-0c87-4c0c-8e29-59e2a964a47b","epithelia"
"5223","5dbc3205-c9ee-415f-a747-590bd19b44a5","myeloid"
"5224","5dc0764e-011c-4804-80fd-7d057f2e298a","epithelia"
"5225","5dc144c2-0155-49fb-97ee-f375c6d4f3be","epithelia"
"5226","5dc14780-360c-4c9e-bdaa-a9a410abdae8","Unknown"
"5227","5dc55adb-63c9-4faf-be4a-012ded272603","stroma"
"5228","5dd24256-b225-4500-ab5b-c6557a40930b","epithelia"
"5229","5dd30e60-a7a1-4ca8-bb19-38051bc40dbc","stroma"
"5230","5dd50621-ed7e-45cd-9a1a-9512cd5894d7","epithelia"
"5231","5ddc1e4e-41c3-448b-ae00-eb76c064f95e","NKcells"
"5232","5deab09f-be62-4398-8202-c76e583884cc","stroma"
"5233","5df1d8bb-b282-497b-99e5-0074b205fe1a","epithelia"
"5234","5df29057-705b-4101-b13a-fd1a5a8797d5","Unknown"
"5235","5df58da9-7a24-434c-8f26-956fc521f7a8","epithelia"
"5236","5dfa4067-e75d-4c2c-b6de-7d950729d768","epithelia"
"5237","5e0e1ce8-e6d1-4009-b4bd-856c74240d20","myeloid"
"5238","5e0f3506-e6a0-478c-b2ac-c1c465e7af70","epithelia"
"5239","5e1e6404-bf8f-4638-a1d6-ea4adb1c363a","epithelia"
"5240","5e218e2e-506a-4f05-a360-2a674a2623ae","epithelia"
"5241","5e2cc917-242b-4f5f-9030-c6b09d2845a1","epithelia"
"5242","5e2f7dd1-8190-4ffb-8c4c-24aa91fb3bd6","epithelia"
"5243","5e2feee2-e9a7-49a7-a0c8-28bfbf6e9641","epithelia"
"5244","5e35da35-4b54-4e92-b442-1f42d5ea0bba","NKcells"
"5245","5e388bf9-1964-490f-baca-33856b214e67","CD8_T"
"5246","5e38a0ed-31c2-45d6-b38c-643a78e0e975","epithelia"
"5247","5e38e059-ef05-4bfb-b8dc-d1f3a9b0489c","Unknown"
"5248","5e38ff06-ee51-4306-a137-60995a428c51","Unknown"
"5249","5e3ec3ad-5262-49d7-a80f-efb8768646c7","epithelia"
"5250","5e439bbc-e73b-4728-8d13-4ada1967d391","endothelia"
"5251","5e45735d-d4d4-4eaf-a64e-30863cfca4e3","CD8_T"
"5252","5e471c3c-86c3-453f-88e0-84bb0174b571","epithelia"
"5253","5e4bb756-97a9-426d-a3a4-d7cf90a8c0c3","NKcells"
"5254","5e4cdfac-0e09-45fa-b4b3-47435c96bec9","epithelia"
"5255","5e4f2a11-569a-463c-b0a2-1417834510de","Unknown"
"5256","5e5244c3-5013-4004-b685-675d6d1826e5","epithelia"
"5257","5e5b2123-4a63-47c1-8db3-42c96d2a65ae","Unknown"
"5258","5e5cb861-5cd9-4147-bbba-6bd63811bd10","epithelia"
"5259","5e5cc652-af02-4970-b448-70bdbf627809","epithelia"
"5260","5e5d5d83-0fbe-4e9d-aaec-8c01d333f698","epithelia"
"5261","5e5dd959-e8e1-4c62-8ee1-2970de6396b3","epithelia"
"5262","5e64d74f-6e67-47c2-8dc0-e35c72bb7aa0","epithelia"
"5263","5e657545-3ea8-4643-bf53-df0d5a53cda3","epithelia"
"5264","5e69656f-e56d-49e7-95c3-964d549870f9","epithelia"
"5265","5e6f022a-f438-42d6-802c-df565a5be1cf","epithelia"
"5266","5e72121d-a9b5-4c6a-a441-677ca98110c7","epithelia"
"5267","5e862703-58d7-4e3b-ad14-1f47054ca95f","NKcells"
"5268","5e8806d8-7c61-4f37-832a-077377e198b5","Unknown"
"5269","5e8bc76a-3768-4597-a0bd-c24d96defe8e","epithelia"
"5270","5e8e4851-67e7-4b7b-b5c8-79b0190208c7","Unknown"
"5271","5e920cfe-9de1-49ec-82d7-33f9f1dc620d","Unknown"
"5272","5e938031-d3d5-4d4b-af2d-0d8126dfbacc","epithelia"
"5273","5e93dabb-1afa-4af1-8479-b1c8b7170609","epithelia"
"5274","5e98bdc8-985f-488b-a53f-0bd6b2ae49d0","epithelia"
"5275","5e9f1e81-ca05-40ce-a8d2-dc58c2ce0343","epithelia"
"5276","5ea3d996-5bcb-4231-8493-47ba10e576b6","epithelia"
"5277","5ea96f30-9c7d-4d4a-988a-56b45269e9be","epithelia"
"5278","5ebde029-7313-4e62-b27a-79cccae046d4","epithelia"
"5279","5ebe9dae-ed26-4b75-9727-89e4697e32d4","epithelia"
"5280","5ec32423-101c-4f77-a555-d2ee20734a01","epithelia"
"5281","5ec52957-fa35-4107-ad6a-311453d9a430","Unknown"
"5282","5ecaa925-d94b-4d02-be62-e458d0824c3d","Unknown"
"5283","5ece3d59-32cb-4db8-866d-b6b740d5dc15","epithelia"
"5284","5ece849c-3560-45a0-b26b-5b72581d9c7f","endothelia"
"5285","5ecfd869-1be5-4c86-9256-d540729b5737","NKcells"
"5286","5ed427ad-d516-4559-ade0-48a2812a8498","Bcells"
"5287","5eda4643-09c6-414b-bc80-941fa988be2e","epithelia"
"5288","5ee40323-3151-4ea6-b291-06e385f6522d","stroma"
"5289","5ee467d6-33e4-44e3-aa94-3ce70a3ee0c6","Unknown"
"5290","5ee6d5f9-82c1-4770-ba8c-fd6d06001299","immune"
"5291","5eed3648-7c05-44cd-b142-6c37f9f21c4a","Unknown"
"5292","5ef51b38-4d7c-4a41-a522-d4c133bebb30","epithelia"
"5293","5ef81a0b-852b-4d31-a355-a03a872e1304","epithelia"
"5294","5f03733c-ac88-48c4-b01b-969463980039","epithelia"
"5295","5f0564e1-57c5-46dc-969c-026c0b8b4065","epithelia"
"5296","5f06a1a3-f6dd-4fb8-b3fc-e6ca8eef4ed1","CD8_T"
"5297","5f0f65cf-2f48-4e88-9856-ae43b3cf082c","epithelia"
"5298","5f1720d9-2c41-419c-af77-fbf51682f1e3","epithelia"
"5299","5f1da855-420b-43ad-a68c-05487545c549","Unknown"
"5300","5f1efa2a-e92b-496e-a9a6-ce9e6d99a85a","epithelia"
"5301","5f2344c1-1f61-4672-b5cc-98c3d81e2f25","epithelia"
"5302","5f2a40fd-5b8a-475d-9e01-d304d01fd0fa","epithelia"
"5303","5f2ac23b-7399-4f86-b6de-1428af1d1e2e","epithelia"
"5304","5f2cac87-b981-442f-88bc-210609e48bab","Unknown"
"5305","5f308ecc-5294-44f7-b80d-a7d8bf73f845","myeloid"
"5306","5f3b7577-9b82-4d38-9d98-77f3e9954bf0","epithelia"
"5307","5f4cea69-71a1-4605-9649-1b6c08580d79","endothelia"
"5308","5f4e2a03-b314-4a14-9c8b-a5e35eab7583","epithelia"
"5309","5f590fdd-8be4-4234-812b-e50b0ab841df","myeloid"
"5310","5f61622d-9e28-4da8-bcdf-0462a6cce2a6","epithelia"
"5311","5f6e25b7-626e-4b75-b28c-f99c4ef51125","epithelia"
"5312","5f6e634b-4de5-452b-b824-3a71cabc383e","epithelia"
"5313","5f7524a3-4a7e-4a41-8473-d22d00c18bdb","myeloid"
"5314","5f7ae538-d4e8-404c-8b48-549664fe236e","NKcells"
"5315","5f8093c8-4bdf-490b-868e-0ab7aba060d9","stroma"
"5316","5f8f9f59-fac3-45b4-9e27-ebcb8a626c19","immune"
"5317","5f8fbb1e-7a36-493b-82c8-1b007df6d42b","Treg"
"5318","5f927624-99c3-4810-884b-b90f9cf0bd1c","NKcells"
"5319","5f936b83-e649-4137-aaaf-9f58f27a76de","epithelia"
"5320","5f954037-5d67-41db-b808-6246cd77e9cd","immune"
"5321","5f9639d3-f261-4cf3-b623-dd28588c6370","epithelia"
"5322","5f970bd7-0176-4859-a12d-8e52354db4e7","Unknown"
"5323","5fa05aa3-52b7-43ab-a77c-c72235922ca6","epithelia"
"5324","5fa30ab4-a07f-43e5-bca2-ab6724f0c3d2","epithelia"
"5325","5fa6fa07-746f-408c-9077-8da9854f9301","NKcells"
"5326","5fa9c650-c02c-49af-8c60-8a4545e18934","epithelia"
"5327","5fb296f0-1766-400c-b68d-71f815ef12d7","epithelia"
"5328","5fb8b4e0-b8e1-4d64-a0cf-bc8a2d22b294","epithelia"
"5329","5fbc651d-2560-47c0-ba66-470a8da4a5cd","epithelia"
"5330","5fbed7e2-0962-461f-aaa9-cbf0d6d345f4","NKcells"
"5331","5fc306bc-751f-4dce-b17c-f1ab6a960f71","myeloid"
"5332","5fcbdc62-7a86-4626-a00d-54521dd61ca8","epithelia"
"5333","5fce3a54-519e-412f-ac0f-dc3ca4415b27","Unknown"
"5334","5fd1accf-170b-48cb-8b47-ec68fadb50ce","epithelia"
"5335","5fd27a2f-858a-4e90-aae5-ec58ac9a4614","epithelia"
"5336","5fd48076-4e38-49bc-b200-7a8feb22398a","epithelia"
"5337","5fd584e7-99b1-4fcd-bcbb-ffaad1c67a2a","epithelia"
"5338","5fd82a3c-0b38-4698-9313-1f57e19b6542","endothelia"
"5339","5fd83faa-5a68-4924-a141-3cce8c37e063","Treg"
"5340","5fda4a65-5c80-4d29-8eee-4f35c60099a3","endothelia"
"5341","5fe0903f-4b08-4de4-952d-5aa4f0e9a541","epithelia"
"5342","5fe7e0b5-462d-4aed-a2f5-ebdd0e2fa000","NKcells"
"5343","5feb3454-9a3a-43fd-a75d-e4c9b5c7d45b","myeloid"
"5344","5fed52f0-5da4-433c-b301-391e4670e229","epithelia"
"5345","5ff399a8-0e1f-4a65-931e-01891ecf5390","epithelia"
"5346","5ffa1666-2b8d-41f7-80bf-ef44baab0971","stroma"
"5347","5ffc6276-7950-4b2e-a495-f5980514c1fb","epithelia"
"5348","5ffe86ec-e43b-45e5-b0b1-bbbe99ca5962","Unknown"
"5349","6005dff0-ca3d-4cd7-8979-982cf6b9c41c","epithelia"
"5350","6006ddf0-2075-4dd9-b2b1-f02f125957a2","epithelia"
"5351","6010ae2a-8db2-4a23-adb8-693610884efb","epithelia"
"5352","601222da-ec34-4a91-83a7-54a9192f97d0","epithelia"
"5353","60176e9b-9912-4385-b5f8-ecd0de030ecf","Unknown"
"5354","6025d7cc-0a11-46e0-9952-06e1bdd4a7b0","epithelia"
"5355","60266cbc-4e39-479b-b8b9-a5495879b123","epithelia"
"5356","602c8315-d442-480b-98a2-29a7a60a028a","CD8_T"
"5357","60347892-8290-47ad-ba05-2ceed3baaf29","NKcells"
"5358","60356d09-9223-4403-8611-4c9c8f31a1d6","epithelia"
"5359","603a2c7f-c04e-4bac-a4c8-97502d07b93c","CD8_T"
"5360","603a83d2-ba74-4175-9ba8-8a46ad245c0e","epithelia"
"5361","603d3be6-10d2-497a-89a9-706f29d59a92","epithelia"
"5362","603dff99-9a33-41b2-b222-afe11eaf1065","epithelia"
"5363","6040e48b-216d-4578-af7b-27467afe8cdd","epithelia"
"5364","60423950-7d8d-4167-bd62-1f874fd034e3","epithelia"
"5365","604533cd-1a53-4af0-93d1-5291d0805ee6","epithelia"
"5366","6046abfb-6276-497b-9835-e97edb8bbd35","myeloid"
"5367","6056a710-d4c9-416a-960d-0800e990c20f","CD8_T"
"5368","60583162-f0c4-4bb0-9b98-23b2f371a646","epithelia"
"5369","605b1687-ffe7-4f4a-8efe-6aaa62c80190","epithelia"
"5370","60686617-8ff8-494d-b77f-5607a075cfe5","epithelia"
"5371","606fc828-4783-42e3-a016-e501a92410c7","Unknown"
"5372","607022da-d6df-4bc9-8a33-9a60d2688a02","epithelia"
"5373","6081c5de-28dd-4df3-9301-7fde84f52329","NKcells"
"5374","6083e790-c50f-4b2d-994a-61415b8a5ce3","NKcells"
"5375","60869a26-3c7d-4308-8e07-65a92f93808d","epithelia"
"5376","6089093f-a1f6-414d-9b31-dce2b9f5ed2e","NKcells"
"5377","60896537-d01a-4093-a00e-d106112e9ccc","epithelia"
"5378","608df604-3e9d-4f13-8be3-2c81cb43bc73","epithelia"
"5379","608e036e-256f-4613-b93d-77bc1cd94a55","endothelia"
"5380","609075dc-1700-4cf3-825a-290c5078894b","epithelia"
"5381","609225ef-e97e-4f78-bfff-8fe5e821ffac","epithelia"
"5382","6093b83f-2a3d-479b-9157-1a4e2706bb20","NKcells"
"5383","60940436-3980-4a7f-a07e-6e7a594ddf02","NKcells"
"5384","60971385-fcc7-4198-b69c-d1dc32a1e60c","epithelia"
"5385","609d5cc5-42ff-4667-a1df-697992b093c9","epithelia"
"5386","60a1572f-7560-428a-abc9-5a5c141027ce","epithelia"
"5387","60aa61a4-012a-4fc7-abb2-1b3f40ac922c","myeloid"
"5388","60ab8ee8-ad79-41b4-866e-52866ec1d49e","epithelia"
"5389","60acef87-9dfe-4aca-af37-7847c8b0a272","Unknown"
"5390","60b1e576-4af8-4471-acd4-8b55d4716020","epithelia"
"5391","60b52895-9149-4c0e-85db-99e80beca94e","NKcells"
"5392","60b95661-9af8-42ed-a802-7e58261dcdb7","CD8_T"
"5393","60bf408f-d839-450b-9edb-1299481831c6","epithelia"
"5394","60c22426-77b8-450e-8bc2-8bd1e864c4cb","endothelia"
"5395","60c27286-ad85-4abd-9bf1-dd5b127def3b","epithelia"
"5396","60c40d97-e382-49b2-8a7e-497fd8c710ff","epithelia"
"5397","60c46341-0ce7-4dfc-8b35-2bb333c14661","epithelia"
"5398","60ceb8c0-415c-4f69-8e8d-e5bbd6d78c98","CD8_T"
"5399","60d496f4-ea76-4517-b94e-b2716eebde62","epithelia"
"5400","60d82b0d-9820-4952-812f-60bb39d444a9","epithelia"
"5401","60e85f28-cda4-4816-9a6f-32fcf5e0c3bf","epithelia"
"5402","60ea8c55-55cb-41d0-8f16-47a643902588","epithelia"
"5403","60ed0266-91fd-4b6a-8a47-96a7ac142a8f","epithelia"
"5404","60ed8af1-eaa6-49fe-8dc4-fc1496d3f734","Unknown"
"5405","60f12c8e-dd3a-4d17-b99f-9be2a8366abc","Unknown"
"5406","60fbe45d-4e0d-4c09-bb2a-28187aff8563","immune"
"5407","61062977-8db7-494c-96c1-5268a7d983d1","epithelia"
"5408","6119034c-051a-45a2-901c-cc0d9590a123","immune"
"5409","611cbe5c-80dd-4d04-b47e-c7bb86e12f4d","myeloid"
"5410","611dd809-e843-49f9-85d3-ddb1cf4b7dbf","epithelia"
"5411","612738cf-e5f9-472b-8d0c-ceb398a47bba","epithelia"
"5412","612c6954-2ad0-4cbb-b902-5590f073d9ee","NKcells"
"5413","612e666c-d762-4288-afc0-e01f8eed55a0","myeloid"
"5414","613886a1-c1b1-46e1-8f91-ff1827d6ed63","epithelia"
"5415","613b538d-3b30-49f5-954f-d2818c76e686","myeloid"
"5416","613cfee0-71dc-4362-820c-655ffac2c991","epithelia"
"5417","6148c5e7-ff1d-4666-a487-be5f9dad3c3a","epithelia"
"5418","614b2652-70a2-40ef-862c-38c2fea3a2fb","epithelia"
"5419","614b374f-6e59-44f2-a5ac-53de5a38fbb4","NKcells"
"5420","614bf139-02af-44ab-b8fb-c5a4909ca47b","NKcells"
"5421","6151b1a2-66ce-48e6-8a12-64e20c899be2","epithelia"
"5422","6155723b-ff30-41d4-87bc-11cc744cb495","stroma"
"5423","615b8457-f330-4a54-8086-69fe5d5af72c","epithelia"
"5424","615fadc7-229a-405a-a9e4-b5c26a531acc","epithelia"
"5425","6166ef0c-87d8-4746-90d0-367004ada83c","myeloid"
"5426","61694123-9c14-45c4-813f-4174d398b52c","NKcells"
"5427","616fb130-0f02-4f47-b5d8-17796dadcb9e","NKcells"
"5428","61710234-df6e-482f-9375-a878a61cd722","epithelia"
"5429","6175600b-1148-487d-ba46-df1c068cc7b5","epithelia"
"5430","6185957b-cca8-4367-92f3-28ffe7c37643","immune"
"5431","618a6c55-aef0-4f7d-9f4f-9019ffdee951","myeloid"
"5432","619a1bf6-efbb-4fbf-a134-1d6bc72cbac5","epithelia"
"5433","619aff0d-b6f8-4ee3-9a74-f5e2720cb8ac","CD8_T"
"5434","61a1ad1c-47fa-4436-a954-cdacb813e454","epithelia"
"5435","61aa9be2-4303-4009-b689-b1594ea38b34","NKcells"
"5436","61aadb3f-ca19-424d-a0d3-d289c995d822","stroma"
"5437","61b422a7-d767-4b16-9117-7f08e0f2e941","epithelia"
"5438","61b75202-bf8f-4d76-80aa-7d74891ef2fb","NKcells"
"5439","61ce5d04-2fc0-4e13-b36b-8697c42330e1","epithelia"
"5440","61cec3df-4abc-4a96-95f4-be8d82e36b3e","epithelia"
"5441","61d11589-63f4-4286-9ac4-937fd4c08d8d","NKcells"
"5442","61d3e044-9f08-4d9b-8ee5-6b41dbae1561","epithelia"
"5443","61d40ee7-0368-406b-aede-e823addc96b4","CD8_T"
"5444","61d775d7-9b6b-41cc-8544-78312a9fa029","epithelia"
"5445","61daff00-70df-4e9a-8b32-a9ede7936b6c","Bcells"
"5446","61e89bf5-829b-4c95-8628-91c56fd7f8a7","epithelia"
"5447","61ec6e21-9bed-4310-9d85-053da4efd36d","myeloid"
"5448","61f9596b-cddb-4a1a-a03e-43755aa5b244","Unknown"
"5449","61fbe4df-ebe0-48af-8b3d-d6525d28995f","Unknown"
"5450","62010f1e-6e8e-4362-8777-d7a22982dd70","NKcells"
"5451","6202f6a0-9b18-4830-ab10-3fdd08b3dc31","myeloid"
"5452","6206f14c-8f4e-4402-af84-d6300066123c","epithelia"
"5453","620decbf-f660-4394-8029-b1a6703e587a","myeloid"
"5454","620e5a16-9c89-40d0-84ae-fd8ac33832fe","Treg"
"5455","62139aca-3a45-47c7-bf72-219245770149","epithelia"
"5456","6213b24a-286b-49b7-96bb-3df436646c1c","epithelia"
"5457","621e58ab-9187-4ddd-9b78-9622ce54a42c","epithelia"
"5458","622247b1-7d01-483b-9e8e-8094ece2e27d","NKcells"
"5459","6225fec2-1ec8-4ad2-aa3b-940b00c92194","epithelia"
"5460","6227062c-2ff7-4aa1-bcde-506fe9541612","epithelia"
"5461","622f5006-b819-4207-a33b-14522da36cda","epithelia"
"5462","6232b56a-cbcf-4958-b4f6-f4f4996a06d2","NKcells"
"5463","62441f0e-4586-4a9d-b30e-00f2e4785ece","epithelia"
"5464","62497651-83b6-479d-9b7d-e89462202cb6","Unknown"
"5465","624c2427-f2c6-4cfb-b65a-a7971e35604f","Unknown"
"5466","624ed215-c572-4dee-88ca-12a4678fe631","NKcells"
"5467","624ed61d-7ec5-48c3-886c-1d2166dd428a","NKcells"
"5468","62554f40-eb6d-4adc-988c-f4dca303ac44","NKcells"
"5469","625faacf-1ec8-420d-bc97-e15d5b20db88","CD8_T"
"5470","62620c34-febc-4fac-94d0-982cd04e9f54","CD8_T"
"5471","626b158d-ad81-4b38-aa84-69465c4151e9","NKcells"
"5472","626b3074-b4f1-4640-a9e5-92295c44867e","epithelia"
"5473","6270ed44-d102-40d4-8ba9-8153cf7950db","epithelia"
"5474","6273bf66-da43-4890-95d4-f8e1a8940f32","Treg"
"5475","627e0c39-1fd8-4413-9bb3-25a75250ef58","epithelia"
"5476","627e2b5e-46e1-4689-87b1-fc8f3d7976c7","epithelia"
"5477","6283634e-c75c-47a1-ad98-0a673ead00d5","NKcells"
"5478","629133ce-2fa8-4858-a512-057fa1b5b014","NKcells"
"5479","62930e2f-035a-4f66-8387-1953b558a538","epithelia"
"5480","629479b8-fc5a-4749-b4c8-f9e24192c1f9","NKcells"
"5481","62a57819-21b0-4a7e-8a75-61aeadc8ef96","myeloid"
"5482","62a9d347-72a9-4288-b9b8-8c2638b3f729","epithelia"
"5483","62b7f232-eac3-43e8-9b4d-37a4fc266937","epithelia"
"5484","62b9dc17-bd2d-4336-9597-e7fe5703a1c2","epithelia"
"5485","62be5aed-ce1d-4de9-afe4-806d24c7ebb7","epithelia"
"5486","62c1d4ac-c185-40f4-aafb-ea7111c78406","NKcells"
"5487","62dc3c5e-3046-450c-968d-ee6c53e88c70","NKcells"
"5488","62e2fbc4-4563-445d-a664-643c7e6f0664","immune"
"5489","62e422b5-11aa-40dd-a8b2-d5ded6eddd2c","epithelia"
"5490","62e9b651-c8e0-4ad5-bc5e-6048b53c6467","epithelia"
"5491","62e9f969-f28a-406a-a842-abb116754238","NKcells"
"5492","62f023ff-61e9-4f37-8e10-22fe4c34920e","epithelia"
"5493","62f35050-973a-467c-b035-2b4e7a2daae0","epithelia"
"5494","62f516aa-1c32-4f12-81f7-6ea13975388e","T_cells"
"5495","62ffe248-01ae-4c2e-8eef-73fbb1c64138","epithelia"
"5496","630397e3-b05e-4140-9f10-5a1005d3273b","T_cells"
"5497","63066c8c-f873-4083-800b-4c2b426206fb","epithelia"
"5498","6312e125-294c-43f9-a129-dd9742cec842","epithelia"
"5499","63175198-b2a6-4746-a360-a7f582f33c79","epithelia"
"5500","631c7c05-bb96-49e1-aac7-b9591d8cdba4","epithelia"
"5501","63209aa2-a0bf-493e-a26a-d7c6b18a8ef5","epithelia"
"5502","63227a02-3424-498d-81f5-122a0fc8f0a7","epithelia"
"5503","6323a913-f5dc-4091-b794-8cda654e32d2","epithelia"
"5504","6323ac82-e570-401d-8a7b-7e7f171ea93e","NKcells"
"5505","632631b7-3458-4718-a6f7-766ddd6e2719","epithelia"
"5506","632c1c6b-2c94-4a1c-b969-ee9962edb8ea","Treg"
"5507","6330dfe6-dd66-4729-8642-352605c1c138","NKcells"
"5508","6339efc6-5878-4962-a91e-af937c717ca7","epithelia"
"5509","633b33ac-446e-47df-ba50-d154c5c02f13","NKcells"
"5510","634714e6-77d3-43fa-b80b-7fe1dbb2b559","Unknown"
"5511","63478330-263f-486d-a6ea-6a64db5daac0","epithelia"
"5512","634b519b-fc0a-4e8d-b2c3-32bbaa09ba2b","Unknown"
"5513","634c6d39-d9f6-423a-8bb0-0484fd583416","epithelia"
"5514","634c70c8-33fc-460b-9fe3-a959dc8ae82b","Unknown"
"5515","635891b2-0efc-406c-8a5b-f3be8efc4fc3","epithelia"
"5516","6365042e-d08f-480c-b24e-c6dbff1f90ef","epithelia"
"5517","63656058-8985-4dd8-b999-a62be3d38342","CD8_T"
"5518","6369f3bf-dcc6-4b7d-b24f-7f3d437bcbf9","epithelia"
"5519","63740873-67e1-40f6-a9dc-3421ac81d765","epithelia"
"5520","6379c4d4-e151-4f8d-bdf1-ef5d3e9df7fe","epithelia"
"5521","637a4d8a-97da-4501-9a84-b779c577bbef","epithelia"
"5522","6380a773-d784-498e-b2ab-cfa9bb958a45","immune"
"5523","638f1bef-6818-4369-abab-481ecf72c6e5","myeloid"
"5524","6394543f-72d7-4fcf-83a6-f98e9a3d65f1","epithelia"
"5525","6396ae93-11b7-4baa-b509-b066eb698e27","epithelia"
"5526","63984ba6-cd2b-4c6d-9375-718a02ee45dc","epithelia"
"5527","639a3210-b74d-49be-bfee-8ecceaca7769","epithelia"
"5528","639b73ab-9641-497e-8438-b9680f2b7980","epithelia"
"5529","639cdf4c-c45d-4344-817f-3e90100d8ebb","CD8_T"
"5530","639fe949-a393-4bd3-a996-32d625b1723c","epithelia"
"5531","63a731f4-4f7c-491b-a374-df67b296c073","epithelia"
"5532","63b0c12b-7e75-41af-9356-0d1659ee0ffd","NKcells"
"5533","63b4c124-a7bf-42f3-abb1-6924eb32a415","NKcells"
"5534","63b60a46-b113-4fcb-b968-740447cb085b","epithelia"
"5535","63b74770-7935-4f04-b419-dc1cbd77f683","epithelia"
"5536","63c62bb5-bf4b-40bd-9e4b-2818d4227289","epithelia"
"5537","63cbeaf6-f630-4746-a445-1c8982605909","epithelia"
"5538","63d29858-7ece-4529-96a0-1c5c2e7a3229","epithelia"
"5539","63d49503-ecae-4bfa-9368-cdb2eda7ddc3","Unknown"
"5540","63df47dc-aa18-4f1e-a374-6b49f5e34b7b","epithelia"
"5541","63e1aaf4-3c2f-4d58-bef7-918e41f7b52c","epithelia"
"5542","63e705ef-830b-4367-a6a9-b357018843ba","epithelia"
"5543","63e77368-2736-4128-8046-41d55e3283bb","epithelia"
"5544","63e79904-5901-46ee-b802-107458ad0012","Unknown"
"5545","63e8838b-553e-4156-b6e8-062fe26e94cf","Treg"
"5546","63f02196-97ee-444a-bbe5-c09d43179bff","epithelia"
"5547","63fba26b-1c88-4cb0-a919-59572610d4e3","epithelia"
"5548","63ff34f9-069d-41da-8962-eee8cd7c21af","epithelia"
"5549","6405e526-028a-4797-a531-cf964d2d72d3","epithelia"
"5550","640aad1b-0c06-4de9-84ab-19857a0f651d","immune"
"5551","640b273f-3447-41ab-9fde-7edc09f62c7e","epithelia"
"5552","6413f55f-f66f-4fce-9c1f-c1fac48489d4","epithelia"
"5553","641e4fe0-317c-4a65-8dfd-8149120e52f3","epithelia"
"5554","642ba129-ad3c-428e-80f0-978ec64349a3","CD4_T"
"5555","642c3448-f53f-4ce7-9dbf-c14752bad341","immune"
"5556","64311172-2193-4d37-9048-28acf2620b38","CD8_T"
"5557","64326234-6fe5-4b9a-94f2-b29fe50e8057","epithelia"
"5558","64368d10-6081-4207-ac95-84165dcda231","myeloid"
"5559","644dbc52-0b33-4d81-ad6b-767b51fee62b","epithelia"
"5560","644e94c0-774e-4bef-8ab4-855e227e4d22","CD8_T"
"5561","64515fed-1718-47ae-a0b3-044c2257fb61","NKcells"
"5562","6457262a-f45d-48e5-a098-569145810c20","epithelia"
"5563","645d189b-6bad-4294-9367-b1a8b730da07","epithelia"
"5564","6460a9d0-9ddc-44e0-8d3d-0f804bb21e3a","Unknown"
"5565","6467b9fc-38dc-4fe5-8129-5e8b6e61f615","epithelia"
"5566","646fcdd3-c61f-4adf-b7d4-e325560043d9","epithelia"
"5567","6473c22f-fe2b-4a98-975e-0ffc742f8ceb","epithelia"
"5568","6475f0dc-6f5e-4aa5-bef9-dd0a2649f1d6","NKcells"
"5569","6476da0d-1e69-46c3-a399-c96be87aa3e6","epithelia"
"5570","647a862e-72f9-4024-b703-1ef10520021a","stroma"
"5571","647b8df5-5870-4d69-a799-4404ab9d9187","epithelia"
"5572","647f6b8f-ae40-4d9a-a812-bb675c238ba2","Unknown"
"5573","647fb19a-161d-4b53-896b-7096056366dd","NKcells"
"5574","64822061-2fa2-45f9-88e0-d11a347d3b1b","immune"
"5575","648db3eb-e0bd-4ad7-af9a-9fd2618176dd","NKcells"
"5576","648dcd20-f442-44f3-955e-13ca740b2162","epithelia"
"5577","6491a511-2668-4529-bcb6-2cfd8f21074e","myeloid"
"5578","6495d92f-5b0b-43b6-bf2f-4a8bf4027238","epithelia"
"5579","649842ce-685a-4cb7-b45c-daa082f05e7d","epithelia"
"5580","64a23f14-0aab-40b4-a3d0-ecb99357a703","epithelia"
"5581","64ae17cb-b255-46e5-b673-bed243540fc8","CD8_T"
"5582","64b5606b-d457-40d6-b26a-76d0e40dea30","NKcells"
"5583","64b6b944-33af-4c71-9130-4b80c75b16a0","epithelia"
"5584","64b96c3c-3e5f-4292-adf1-b76f604cb4c4","myeloid"
"5585","64c32f8f-f38a-49e3-9173-49ebb2ecbef7","epithelia"
"5586","64c43cf1-f668-4499-b2b9-068cabee09f7","epithelia"
"5587","64c8853d-4697-429a-992a-397cdf92e768","epithelia"
"5588","64c8eeab-22d2-4e38-8e9d-3e1baddb05a4","epithelia"
"5589","64cbd070-c2ee-436a-8a61-e8d352463be6","Bcells"
"5590","64d0785c-e4a4-4aa9-801f-3765c4d175dc","epithelia"
"5591","64d7722b-6477-48e5-9d21-bc82f5161b2a","myeloid"
"5592","64d8e485-a46c-476f-b028-3e97d99b5c6b","NKcells"
"5593","64d961f0-18af-44fe-ba9a-b4241c23c67b","NKcells"
"5594","64e11856-b93c-4355-89cb-ecb53b9471fd","epithelia"
"5595","64e4d75e-b502-4837-9077-34ffceb1b2f8","epithelia"
"5596","64ebbd4a-f7a9-4b86-81dc-964eeb658539","epithelia"
"5597","64f088a1-1be8-48b7-9b95-c79d0a888fcf","epithelia"
"5598","64f32f9e-9453-4239-bfc2-499039d9e1f8","myeloid"
"5599","64f4d581-9e5f-428d-ad1e-6002203e236a","epithelia"
"5600","64fb299c-c28d-4f04-8b48-e92a7d34eeec","NKcells"
"5601","650165a5-cb9d-4cba-ac7d-9a9d4413b387","NKcells"
"5602","6506dffd-a168-44ff-b3c8-ce20fb3cc11d","myeloid"
"5603","6506eef6-414f-47ba-a5f9-99eca3e9c852","NKcells"
"5604","650bccd9-78bd-43ce-9bc8-0082228cbdf6","Unknown"
"5605","650d69c4-6aac-4e7c-bcdb-f99bbdb31ca1","epithelia"
"5606","6513a7fb-daf4-4488-b9ea-a431dea3d09b","NKcells"
"5607","65150d88-63bd-4a13-b087-c436e13c564f","CD4_T"
"5608","65160f5e-7ba4-4075-9c05-811a682b79bc","epithelia"
"5609","6519877c-c741-4705-b4db-007d4787388c","Treg"
"5610","6523ac2e-7f68-485c-9b43-5ff7f09f3fa0","NKcells"
"5611","6523c818-be4f-43dd-a4c2-389d4f36632f","epithelia"
"5612","65245108-28f3-4689-94d9-33708895c917","Treg"
"5613","6527e7f5-d971-4d94-acc7-7557c1a90fde","epithelia"
"5614","652ec88f-e48e-41c8-a439-94b905bb386b","Unknown"
"5615","652f8039-8f2a-48d9-b663-9d50b944ecff","Unknown"
"5616","6538fd16-e7ed-4c85-b86d-fecc1d80dcbe","NKcells"
"5617","653942c3-f7b3-4616-a753-d8335303367a","Unknown"
"5618","6539ab32-ca23-4708-bf75-b3683b45a037","epithelia"
"5619","653ad159-83ed-43b5-a8c0-a5a44c535e2d","stroma"
"5620","653c3255-08a9-4008-a38f-33a9f50ff6ff","Treg"
"5621","653cb37e-1da8-4955-a229-82b6f3af3948","epithelia"
"5622","653dad41-0309-428e-9c48-9e519f160fac","epithelia"
"5623","6540b29a-fa35-497f-b868-29eb424dbc04","epithelia"
"5624","65435896-eb84-4dcc-82cf-84cddbfeb2ec","immune"
"5625","654cc51c-fde2-42eb-9461-2fe4b4ddbc30","Unknown"
"5626","6555600f-835c-4bed-af6c-5adc882862b2","epithelia"
"5627","65575439-88b7-488f-be67-c897241fb007","endothelia"
"5628","655ee27f-6845-44d2-b3f7-daab252f59b2","epithelia"
"5629","655ee3fe-1481-4cf7-bd05-317779d9b3b7","myeloid"
"5630","6563c8a9-f1ee-4662-805f-a781fdc4439d","epithelia"
"5631","6564f4d4-14db-4703-8707-d67539b4572f","Treg"
"5632","656f0566-0045-46db-93ea-89b47b665a8c","epithelia"
"5633","656f586d-7f9f-4f63-8688-740ad430b273","epithelia"
"5634","65759b75-dc1d-4178-8787-96914870f9fa","epithelia"
"5635","65793834-396a-4a49-8549-ebfaee8dd2dd","CD8_T"
"5636","65796159-6303-497f-9afc-fa8a7e2f79cd","NKcells"
"5637","65808d91-d745-4cca-8b28-4199dd6870da","NKcells"
"5638","658a6eb5-a1d0-4ee1-89d5-588be7d08ba9","epithelia"
"5639","658c9cd6-3ff2-4de3-89c6-67f5b6725304","epithelia"
"5640","658e75d6-d68f-4420-94a1-80460192877c","epithelia"
"5641","658ff284-7f60-48e5-8efb-0c1ae69158b7","epithelia"
"5642","6591b127-9de6-4dd4-820f-db43916fa827","endothelia"
"5643","65924993-076e-4793-9ce1-b55f0c9de19b","epithelia"
"5644","6595b56c-eedf-4243-95d6-d40763fbf713","Unknown"
"5645","65a38e19-b887-4e25-94fa-75d5b88a7467","epithelia"
"5646","65a5a7ac-0aca-40b2-a1fc-8b7119f2b9f6","NKcells"
"5647","65a5bd7d-cc7b-4450-90ca-6d821c6c878c","epithelia"
"5648","65aa59eb-3c05-4e7e-b1a1-2d34717c9338","epithelia"
"5649","65ae36d7-9743-4583-ac31-154ec4c78467","epithelia"
"5650","65b61b05-3c5c-4bbf-bdd2-eaebf94d3f32","epithelia"
"5651","65b9d1f2-c539-423f-9c03-befe649b020c","epithelia"
"5652","65bec991-30cd-428f-b45e-24bf31dbf926","stroma"
"5653","65c312d8-106a-4630-bf70-7202c884ffb8","NKcells"
"5654","65c61543-743f-40df-be0d-6da01180256c","immune"
"5655","65c672e6-a364-4196-908c-e791667e1423","epithelia"
"5656","65c7395d-3eee-474e-b230-dddc8023eecf","epithelia"
"5657","65c84491-1bea-400d-86e7-414d58200d91","epithelia"
"5658","65cf9ae8-71d8-4ff7-8ff3-091178423676","endothelia"
"5659","65d190dc-cf2e-4e65-96f6-0176a1374957","CD8_T"
"5660","65d8acc1-fccd-491d-960a-1f2c1f3de6e5","CD8_T"
"5661","65dd25a5-8b22-467e-b5de-10df10b06356","epithelia"
"5662","65decf7e-5988-4845-8aa5-c5812407ada8","epithelia"
"5663","65df8e1f-c950-41b9-ba13-bfe07c0ade43","endothelia"
"5664","65e1b97b-eb40-42fa-ae7a-72f9772eb003","myeloid"
"5665","65f069fb-e947-4dad-a10c-18e13287b6d4","epithelia"
"5666","65f50bc5-4c49-42f8-a3ab-7fd98f4369e0","NKcells"
"5667","65f6a768-9c91-4120-a438-be2aed15bba0","Unknown"
"5668","660012e8-d6fe-403c-9858-2329bf7ef25c","epithelia"
"5669","6603db38-354e-41a9-a65e-5e8c75847d4a","epithelia"
"5670","66082ba9-88fe-4a62-87f6-4f03f0b677e1","epithelia"
"5671","66095f1c-6bc9-476c-806e-d7b0e156eb00","NKcells"
"5672","660cc968-bea8-4583-81f3-4907db487575","immune"
"5673","660fccf2-d761-47b7-a833-dd28edc61c59","epithelia"
"5674","661bfec6-2b34-4126-8886-e0cffb87f598","T_cells"
"5675","661d39fd-e55d-4d61-b93f-5188d6e04192","epithelia"
"5676","66368d3a-3a0b-428f-bb1e-8254812fef99","myeloid"
"5677","663dd4e7-b2f2-4e53-8ba5-8119daa158d1","epithelia"
"5678","664fd5ec-a817-4d87-ac55-6aa210cd3d44","epithelia"
"5679","665531ce-825f-4aa0-82d4-5ee678e86faf","epithelia"
"5680","6656ef76-e814-4000-9940-151b204cc5ff","Unknown"
"5681","66594e8f-3100-44b9-a8dc-05ce8b6226ef","epithelia"
"5682","666b40af-5900-4988-b9b5-a3b66ad06149","epithelia"
"5683","66704f31-cbb4-40e2-83e0-f7bbb6d694c6","immune"
"5684","66793cfc-d39e-42b0-9717-7eb108d9413b","Unknown"
"5685","667dc04e-6a98-491b-ba4f-87d3a29d4abb","CD4_T"
"5686","667e64b8-374b-4a66-b575-cfd5cecf59b2","epithelia"
"5687","66829294-c88e-44a6-9c3e-67478b7b2c23","epithelia"
"5688","66874e96-13ae-41c6-943e-a6507a74f2b4","epithelia"
"5689","66877e99-6d14-41af-a9f9-7ed10225ee08","epithelia"
"5690","6687a136-f7b2-4e09-aae2-3a2d4d88fa6c","epithelia"
"5691","6689d28c-c130-4ff5-a5a2-b458a29a838e","epithelia"
"5692","668d5afa-d371-4036-b58c-6ca92150bb19","epithelia"
"5693","668df75a-7f9a-499b-ba22-c8170432ae1c","epithelia"
"5694","668fb33a-6834-4fd8-82af-c47d6ba39edc","epithelia"
"5695","66933996-68ee-46d6-a2e7-8c60a59ca59b","epithelia"
"5696","6694745f-4963-4fcb-b6c4-105fa15ef0ed","epithelia"
"5697","669909c1-60cf-43c1-bbf8-829cc18a7614","epithelia"
"5698","669aa284-72e5-430a-b4ce-4ef9de5b77e0","epithelia"
"5699","669d19c8-356d-4d98-b3ac-338931b754ce","NKcells"
"5700","669d4e77-4aa8-46d1-98d6-59f34196ac1f","epithelia"
"5701","66a28e09-a92d-41ce-97e0-accdfda5d468","epithelia"
"5702","66a843c8-9767-49c1-be85-e1b7fe5bf825","NKcells"
"5703","66ac7927-b46f-4c42-852a-a99d9debab1f","epithelia"
"5704","66acca0f-bfc5-4f1f-8244-abe279985c96","epithelia"
"5705","66b234e7-48df-4059-b834-e59c510f041a","NKcells"
"5706","66b38c31-9713-424c-8bcf-fd867a01ec03","epithelia"
"5707","66b8d79f-9d7c-45fc-9dc4-11f8e1fccf19","NKcells"
"5708","66b9121a-769e-47a5-ab54-3ae4be3c06bc","epithelia"
"5709","66c140e8-5be8-4c83-ad81-86536a134955","NKcells"
"5710","66c7ff2e-9809-4e47-a3b0-b05a97acab14","NKcells"
"5711","66c95c16-032b-4c38-ae80-c2fca5e78e24","endothelia"
"5712","66cc3506-1b0d-4c5c-b9c1-57818725fe0d","epithelia"
"5713","66d6bb89-e636-4180-b52c-d7bc95a75ca2","immune"
"5714","66d8d172-8c44-4df0-a467-dbc3c5d9f251","epithelia"
"5715","66dce87b-f687-4d65-9365-531689f3ee06","NKcells"
"5716","66e0f474-aa70-4f92-85d7-2c8b129f604c","myeloid"
"5717","66e52a1c-cfbf-4bf7-b80d-3e3225ee53f9","epithelia"
"5718","66ea4231-e147-4a13-a342-c3b345ff3aed","CD4_T"
"5719","66ec3d21-00d5-48f2-ab2c-e4a8bd3123ee","epithelia"
"5720","66ece30f-7687-48f9-bcc2-be59f2cf44d3","epithelia"
"5721","66f0e9e7-5fd7-4c26-acff-e084d2591c48","epithelia"
"5722","66f0fa39-3d05-4b56-9cd6-7aae0fb6b0e7","epithelia"
"5723","66f5e1b5-b1d9-48c5-b052-da15fbf9d3bb","stroma"
"5724","66fa4a4b-666d-4fa5-be03-07a0b0cd7a92","epithelia"
"5725","66fccbfb-a400-4fa3-ad78-69189ad96ff1","epithelia"
"5726","66fee4c6-f6d3-4753-a76b-f9c974b9a08f","NKcells"
"5727","6702fc07-4c6f-45af-8dc8-b3c082d92075","NKcells"
"5728","6703678f-6f30-419d-864d-d53041c11cad","NKcells"
"5729","67174882-1066-4b2b-b0b4-86aa3cb089cf","epithelia"
"5730","67248f7f-5b5d-4507-b204-006cdca40cd0","Unknown"
"5731","67296a11-026b-44fe-ac2e-407589302a4f","epithelia"
"5732","672b9085-af63-43e1-b6c4-99867545e9c7","NKcells"
"5733","672ceab0-f125-457c-9118-7227afccb0fe","epithelia"
"5734","6734f4a9-ff1a-4a70-a4c2-62892ff3fdb7","immune"
"5735","6739ce63-0d78-4e1a-b7a3-00f70c726515","epithelia"
"5736","673ccb01-dd21-4633-9b92-3c538eff9afb","Unknown"
"5737","673fd6d8-2fbd-4359-8c9c-79eb915dfa2f","epithelia"
"5738","67438026-1b7f-450c-a304-382a32cb17d8","epithelia"
"5739","674fd87d-72d6-407d-a622-3f6995f4a14f","epithelia"
"5740","6751e40e-591f-4d31-9bba-23802cf9a71e","immune"
"5741","6755c4d5-fe80-408d-8f33-4c89c07ab4f6","epithelia"
"5742","6757acb2-d338-4c07-a8ab-85fde44456cd","CD8_T"
"5743","6757b05b-a8df-4665-a59f-0ee29ca82633","epithelia"
"5744","675bb630-28c7-4983-a410-5abba2718332","NKcells"
"5745","675e6e7e-19f8-4dd8-9c3c-3539e79c3b77","epithelia"
"5746","677fcbb7-8d01-4130-840b-5e014a4c6106","epithelia"
"5747","678274be-82ee-48e5-816c-d208b1289b74","immune"
"5748","6794216e-6d83-49b5-bd9a-d305e4a642cd","epithelia"
"5749","6794ee98-43d2-42a0-9672-6fb18fdda301","NKcells"
"5750","6795be0e-9ee2-4e17-9f38-c877180b09fd","epithelia"
"5751","67ab1d56-d80b-4414-bedc-4ae1090b86db","epithelia"
"5752","67af8447-23d1-4d58-965d-5a3ec10413cf","epithelia"
"5753","67b18d3e-bede-4498-82ce-af25a3fdaa20","epithelia"
"5754","67b75d9f-c442-4a49-b880-fa3ae1518ebb","immune"
"5755","67bc2f4f-d9e8-42ba-9e38-465f924c423f","Treg"
"5756","67bd8de0-ea2b-414b-92b1-b5aa765cfced","epithelia"
"5757","67c56e73-eb7f-4508-8f5f-1179acbdbd69","epithelia"
"5758","67c70ecf-cba6-4ad6-a524-2b1872371b8a","NKcells"
"5759","67ca660a-c011-4826-aa51-8973ca2fd258","epithelia"
"5760","67cf52ef-cc24-4674-9fb2-d92010f80e96","epithelia"
"5761","67d0a7c6-166b-4fd7-b5e5-4a8f84e09036","epithelia"
"5762","67d4707b-909d-4865-8268-901b17ae349c","myeloid"
"5763","67d71de7-c997-4e0d-8df8-dd7ca29c0da8","epithelia"
"5764","67d7417c-0d7f-47f6-bed7-52064b8985a0","myeloid"
"5765","67dfe7aa-b19c-4e55-a5b6-5b12f4e45e41","CD8_T"
"5766","67e34bde-1e1d-40d2-a844-d2a10da6d750","epithelia"
"5767","67e46bf6-9399-4350-9609-63f950b815b5","NKcells"
"5768","67e73ff5-be48-400a-86e6-db1afeba7c4d","myeloid"
"5769","67e81bd5-46c7-49fc-ac5b-74750fd6cc44","endothelia"
"5770","67e85091-4d38-4f5c-9eff-4f9b3f123c35","epithelia"
"5771","67e88fef-aaba-49e2-bf49-63774a4a6836","epithelia"
"5772","67e89757-456e-481c-b184-84c3822752c5","epithelia"
"5773","67fb2057-fb0e-4a68-944f-adffc1742d9e","epithelia"
"5774","67fbc04e-5c76-438a-b2b1-437b2d92db40","myeloid"
"5775","680b5de6-ff21-4f70-b8e8-883ca609add5","epithelia"
"5776","680cc917-d9ad-4297-b605-d6a9e5c166a3","epithelia"
"5777","680dd51f-f2d4-462a-bd3d-6f904580024d","Unknown"
"5778","68110040-ba93-471b-b05c-4e1f783bbe87","CD8_T"
"5779","681af445-1dc8-467b-8619-1fba545105bb","epithelia"
"5780","681d7d3c-d44b-422a-853f-544d0e853c6e","epithelia"
"5781","68206073-1430-445b-8756-bb2b9e108beb","epithelia"
"5782","6821a42a-7bb2-4424-b0ed-89afa7b643c8","epithelia"
"5783","6826a80a-4779-4959-80bb-60bebdfdde72","CD8_T"
"5784","6826e7b1-fba9-4d9b-a8b5-6882cdab131d","epithelia"
"5785","682b87aa-23e0-485e-89b5-bb8afcdb67da","epithelia"
"5786","682ce809-7199-4404-8727-ef08d460c1f1","Unknown"
"5787","683d4a39-04d9-42ef-b2cc-3f02cfed12d9","NKcells"
"5788","68428b34-6ab7-418d-819a-f936154b57a9","stroma"
"5789","684ed409-7525-4cab-bf01-9e515ca25296","epithelia"
"5790","6858eb6d-eea1-43ff-97af-8237ef96d681","Unknown"
"5791","686962ba-9607-40a6-90e4-6571896a1f06","myeloid"
"5792","686d146a-2b22-4947-9bba-5764a19f215a","epithelia"
"5793","686dee32-f2db-4f0a-a4cb-a2a9ac4f34d6","epithelia"
"5794","686e24f0-a5c1-4e6d-a261-360021aebb0a","epithelia"
"5795","686eb980-f78c-46d9-8ca9-aebba886c177","epithelia"
"5796","686f47a4-1951-4e90-941e-934c6284c6c5","epithelia"
"5797","68774f18-da7d-4eed-bc24-4955a4b17250","epithelia"
"5798","6878c74e-9025-4c96-be74-520c1c5dddc0","CD4_T"
"5799","687f416c-73d5-463d-8c02-f5afadc25739","myeloid"
"5800","687f9bf9-9ddf-405a-b435-091b2e3dd90e","epithelia"
"5801","68863be0-f9d3-4a3e-8448-456a8fa2fbfd","epithelia"
"5802","688a4650-b96e-4b56-afbb-40553da55b3a","NKcells"
"5803","688db9dc-5251-4785-8a75-78e607dc8b97","epithelia"
"5804","6890390c-ccff-4622-8f05-c0d9f4af7070","epithelia"
"5805","689351ea-8316-4ac1-abc5-c855c3bf52a5","Unknown"
"5806","68937f38-13f0-42d6-8cc5-ba461527a190","epithelia"
"5807","689a35e4-4df3-4739-bc34-f0f1d40f475d","epithelia"
"5808","68a008ce-d732-43bd-996c-e59baa8a8a6f","Unknown"
"5809","68a190ba-a5f1-4835-8367-16a916c045e6","epithelia"
"5810","68a5ae7b-9d80-4ef6-b48f-fdbef8ac7ffc","Treg"
"5811","68a8d1cf-e26d-4fea-be0f-c0afc4a2b248","epithelia"
"5812","68a9eeed-bc2e-49c4-847d-0242825be551","epithelia"
"5813","68b3de66-63ed-46b3-9194-c090fc27ccca","epithelia"
"5814","68b3f397-87a1-4cf0-9c15-69a90142ac4e","epithelia"
"5815","68b62bb3-ca45-4e2b-a0db-f822ea32008c","NKcells"
"5816","68bb9557-ce98-46ad-93cf-20321f11e2db","epithelia"
"5817","68bd5e2d-462e-4d50-952a-41bcf81066c5","epithelia"
"5818","68c2e501-2c92-48f1-9226-114804d1f77e","NKcells"
"5819","68c3c456-af36-4810-9433-6cee0acf4e68","endothelia"
"5820","68c6b904-0be4-496a-a846-c2d192e154ac","NKcells"
"5821","68cad6ff-e9ff-40e9-a97c-517f9497f851","epithelia"
"5822","68da25bc-6c00-4fc5-9583-64ceddb045e4","epithelia"
"5823","68e4252b-1350-4f5d-b8fe-2abcd84f5ccc","epithelia"
"5824","68e81551-2a71-4a2f-bfeb-36f8ca8430da","Unknown"
"5825","68ea22fd-68f4-4b95-b3c7-c7b125afc0a5","epithelia"
"5826","68ea4ba0-dc51-4957-b3b8-ed1011db9bd0","epithelia"
"5827","68ed6ed3-c2af-4639-9812-70a153e96971","CD8_T"
"5828","68f483a0-bfc4-4e93-9f84-9c91ad4ed90d","epithelia"
"5829","68f76996-5d75-49fd-8f5d-4a78ee0fa264","epithelia"
"5830","68f82768-a47d-4a95-b917-41fbd2f556ec","epithelia"
"5831","68fa0df6-285b-4d36-a794-18fb7babbe2a","CD8_T"
"5832","6901af79-3a56-407c-a2e5-e6501b7484ab","epithelia"
"5833","6903da04-a9ed-4d69-a892-4213aeb43a6f","epithelia"
"5834","6907e515-fce0-4ab3-bafe-4e1cc3bc471a","epithelia"
"5835","6907ed21-ae73-4beb-bacb-80bc0371a3a2","epithelia"
"5836","690ac8c2-d519-47c1-90c2-f431bdd05994","epithelia"
"5837","690e6609-d20b-4829-9fd2-2b3ab690ce99","epithelia"
"5838","690fc5e9-1cb8-4dc0-90e4-db30a8b8d1f3","epithelia"
"5839","691115b6-101e-4b95-aeb8-dc65696c2ae3","NKcells"
"5840","6911f721-575a-40b9-963c-336475ce1d52","epithelia"
"5841","691597f4-7ad2-4b61-9220-3cc1577928b4","Bcells"
"5842","69195131-c909-4223-8ee8-1c99364518dd","stroma"
"5843","691a7551-c66c-4e77-98a0-dad94b2f4724","CD8_T"
"5844","691e91b9-f953-4d46-814c-afe59a180464","epithelia"
"5845","692669fe-416a-4508-b63d-f98f0bec7d51","epithelia"
"5846","692c17ba-4fc4-44f4-b7c5-c3847df897dc","epithelia"
"5847","692c8cbe-0e79-4ef8-9429-801816815e56","Unknown"
"5848","692ec22d-5bb0-4913-9c33-a7c501c8c9b3","epithelia"
"5849","693434b6-9bab-46a1-be4d-4abeeafc3214","NKcells"
"5850","693544fb-bec7-4322-bcf6-2493246611ce","epithelia"
"5851","6938d20d-551e-45da-8b1a-9173f946d647","epithelia"
"5852","6939a36a-33d7-4cd1-8a93-29b46af33239","Unknown"
"5853","693db053-7527-4032-abba-025ac91a1e94","epithelia"
"5854","6942c7ed-d07a-42b7-b67d-67288ee335e9","Unknown"
"5855","694435fb-7637-4ad6-a4fc-d43787246cf8","immune"
"5856","6947b226-fa8d-4fae-9de6-2e906ae55d8f","Unknown"
"5857","6948de7e-372b-4a36-a82c-cc347eb2b7e6","epithelia"
"5858","694ee324-37bf-4726-b0fe-b9e3813c4fd0","Unknown"
"5859","69558d28-8e66-440d-92f8-e3ae6a27494c","epithelia"
"5860","695f6c52-d2a5-47c2-a88c-243cd7e91385","epithelia"
"5861","695fef38-e160-48eb-8d42-1df5173ac97c","epithelia"
"5862","6964e8f8-3daa-43ea-900e-a4aa814a8d0e","epithelia"
"5863","69679d35-6ede-4ab3-b2c3-cc2664deeaab","epithelia"
"5864","696dc267-d172-466b-ac8b-984224f7797d","CD8_T"
"5865","696e77ba-6f7f-4040-8595-71dfec1304dc","epithelia"
"5866","69702b8c-3789-49db-a25e-fadb258d00c6","epithelia"
"5867","6972f557-3505-4727-8aa7-9dac2c234a2b","stroma"
"5868","697aed19-6976-4419-a5f1-faa64253c47c","NKcells"
"5869","6983f1dc-4c6e-497d-ae69-76e9555f4476","NKcells"
"5870","6989165b-9173-42f1-b7f8-c03373a13fc5","NKcells"
"5871","6989b6ba-e1e8-49d7-b7e5-1aa4135ebb59","NKcells"
"5872","69949e6f-bc01-456d-b9c6-8842c4ffc425","epithelia"
"5873","69953ee9-f5b6-40b4-8833-a875701b6d3c","epithelia"
"5874","69a092fa-0c87-4921-ab13-2ea5c268c8ce","epithelia"
"5875","69a2c90c-ad3f-47ca-ae70-e3040acd7126","epithelia"
"5876","69a35ec8-1054-4df8-bb25-eb9d7732c261","epithelia"
"5877","69a6fecd-0772-403e-9a3f-a7622ebe47b6","epithelia"
"5878","69b0866a-71c6-4b90-aa33-965f07dbeda3","NKcells"
"5879","69b1f127-ff11-451e-8fa5-0c9f3c9da345","immune"
"5880","69bc37e2-df11-423e-ab68-2174b532a4d1","epithelia"
"5881","69bcd6fb-ee11-4ef4-98af-069b3b7c9713","CD8_T"
"5882","69bf8555-3d55-475c-9231-baa8050e8d4e","epithelia"
"5883","69c01a93-bbc6-4e2f-b15d-a6632884ed48","myeloid"
"5884","69ce55da-8591-4a1b-8994-dd5125c7624e","myeloid"
"5885","69cff44b-831e-4b28-a3da-e40a528724db","epithelia"
"5886","69dab2cd-9638-40ca-b7e4-1158aab57812","epithelia"
"5887","69de227a-9776-4aa8-b158-7d70d3a9f3ca","epithelia"
"5888","69e65e3d-12dd-457f-b555-9d145e3f8540","Treg"
"5889","69e935f3-bcba-4be9-b56f-444850e42cdd","endothelia"
"5890","69ec186d-a410-4d97-ae24-41b68afee630","epithelia"
"5891","69eddbcf-a930-4f4f-8bc6-95f4987f3c7e","Unknown"
"5892","69f297b2-af30-4aca-8e32-94c0b008415f","epithelia"
"5893","69f7daa4-19d4-4a2d-b346-c70c10dfb238","epithelia"
"5894","69fa609a-25dc-48fc-95ad-2d8e07074fb5","epithelia"
"5895","69fbe526-0186-4885-b104-ad803fa654c2","NKcells"
"5896","69fe04cb-dad4-43f1-8935-3675e6ed2771","epithelia"
"5897","6a007169-1e53-498c-aee8-07087613f538","epithelia"
"5898","6a00c372-8bfa-46ce-a2a9-4bac172e9e25","NKcells"
"5899","6a019e79-ef4a-4bc5-882c-d1d60ddd9979","epithelia"
"5900","6a06a278-8239-4722-8944-3082f8949a22","NKcells"
"5901","6a08f140-b958-47b6-83b0-0fc7829dca1b","NKcells"
"5902","6a0ef110-a854-4b87-aa41-62daf5251c96","NKcells"
"5903","6a0f3a55-1148-40c1-80ac-2c1e06c3fded","immune"
"5904","6a0f55c3-17c4-4d1e-857d-bcc2d5fd19d5","epithelia"
"5905","6a1bb46f-1451-4f4d-9ba9-711cd16dfff8","epithelia"
"5906","6a223f22-98c2-4704-bc21-1b81ab5980a4","NKcells"
"5907","6a230eda-7fc8-49c2-9b04-041062ed34cd","epithelia"
"5908","6a23152b-a2ae-4bd2-beeb-0e2a32fdcd0c","epithelia"
"5909","6a23a554-e5a0-48a2-9166-1115d952518a","NKcells"
"5910","6a2490a7-6ce7-446f-838a-f19df1c7bbe0","epithelia"
"5911","6a262b24-7576-4d63-8154-78966a32ca91","epithelia"
"5912","6a2e968a-3ca5-40f9-ab49-fe7964b66132","epithelia"
"5913","6a3398d7-90d9-4178-9059-19a971708eca","immune"
"5914","6a3c6289-5401-42a1-97a1-7de652dca9d3","epithelia"
"5915","6a4003db-fcc4-40d7-8090-9c8a691e3cb7","NKcells"
"5916","6a4500e2-ed04-4575-a2de-8fbfa4fc0f05","CD8_T"
"5917","6a4511c5-42a0-42c0-80af-9366230ba650","CD8_T"
"5918","6a45f722-11ba-439b-a7d4-8b1c10cc1bb8","immune"
"5919","6a510351-343d-4518-adcf-9b133e336897","epithelia"
"5920","6a53eaad-c165-4e2d-9d71-4b6d1c390e24","epithelia"
"5921","6a68a99e-a0b0-466f-9f22-c0d765ce632e","CD8_T"
"5922","6a6bce0d-6398-483a-ad84-ab797f092752","epithelia"
"5923","6a6d643c-987e-4cf6-ba91-5ed7e39bdb51","Unknown"
"5924","6a72dc5c-342b-48a6-a510-48ad24442205","epithelia"
"5925","6a77fb3a-7e3a-4a63-b2d5-0115a4a4d77d","myeloid"
"5926","6a832ad2-69fd-455c-950d-d0b5c7e11739","NKcells"
"5927","6a86bc40-2254-4ac9-9d72-ed4d96d02ebf","epithelia"
"5928","6a91a4c8-2615-4548-8261-8bd10b827471","epithelia"
"5929","6a921ab2-8d7f-47cb-a96a-6d62c949e926","epithelia"
"5930","6a930359-0d6f-4e8b-bdc2-0ba5082fa19f","epithelia"
"5931","6a940161-7f46-423f-a64b-5816e2914d68","epithelia"
"5932","6a94298e-1ce4-47f0-84c1-4c33d45fe0b2","epithelia"
"5933","6a946875-719d-42b8-8c0e-37186c92bf94","epithelia"
"5934","6a9ae2c4-05eb-4dde-96f5-1a38c69944ec","epithelia"
"5935","6a9bff67-edb0-4fa8-8823-5fb3f2177768","Unknown"
"5936","6aa37e7a-1d7f-4b21-8757-25aed91f833a","epithelia"
"5937","6aa610f7-da2c-4641-96e2-54e869233d0e","immune"
"5938","6aab7ce1-b228-4ce9-be4d-c017c73f01ee","Treg"
"5939","6aaca520-5f24-401b-b5d7-fd1d92bc9480","NKcells"
"5940","6aaeb8c8-ddf8-4af8-a515-1da02150fca8","myeloid"
"5941","6ab20256-a267-4ea8-88f8-4d6b57552a7a","CD8_T"
"5942","6ab4a826-dc01-4059-9218-1ce03260555a","epithelia"
"5943","6abd15d8-aa7e-4947-bc49-3fb1672fa412","Unknown"
"5944","6abd6dc8-fba3-4969-82b3-604c4c426ad5","epithelia"
"5945","6abd8e47-9d1e-4196-9beb-ba6500133eca","Unknown"
"5946","6abde21f-4b87-45af-af44-a77bd0e2f931","epithelia"
"5947","6abfbe37-6083-491f-bb26-b2b4294700bb","stroma"
"5948","6ac59a41-8e22-4b37-a960-25d0b05184b0","CD4_T"
"5949","6ac66a33-8f1b-4719-ab92-1f221ede4ebb","epithelia"
"5950","6ace6f79-2792-409a-9ca5-7c5594aacfc3","epithelia"
"5951","6ad2edac-d4e5-4a85-a310-75fd3a1031fd","NKcells"
"5952","6adf0191-0565-4143-a9a7-10cacb6c490c","epithelia"
"5953","6adf425f-f32e-4f0e-9be1-26ff32677842","epithelia"
"5954","6ae636f5-c888-47f8-b5fd-5679fced6db2","epithelia"
"5955","6aec31ba-30c6-4b08-88d8-5fa811ffccdc","epithelia"
"5956","6aec3e29-8283-41b1-8e31-444e831c416d","epithelia"
"5957","6aee3a94-9dcf-4bb1-bf89-c57b105e0253","epithelia"
"5958","6af19569-ac1e-4231-8324-639022163fad","epithelia"
"5959","6af44987-1a8a-4e76-98c2-17ba3b97f1f1","epithelia"
"5960","6af4720c-f060-4f9f-aba1-5cbcbc41275b","myeloid"
"5961","6afa2ca4-f6b6-48d3-bf8c-f30705543088","epithelia"
"5962","6b0062cd-3679-4bda-968a-99c10034e243","NKcells"
"5963","6b06c812-9d0c-44dc-b998-5544d5b7d5b4","Treg"
"5964","6b06db10-e677-489f-ab80-a21d4e8cc302","Unknown"
"5965","6b08ee4b-610e-42a1-8f27-755152d4a98e","epithelia"
"5966","6b0c2de9-d1c4-4c0e-aad8-3ba106b6f67d","NKcells"
"5967","6b0d32cf-5034-44c9-b2ec-abd33b59a6a8","epithelia"
"5968","6b0f550d-8cd9-43d8-b31e-c67f36cca813","Unknown"
"5969","6b14a2dd-57e9-48f7-a3bb-f831934bfb55","immune"
"5970","6b15a094-fff9-420e-8ea7-885ce2f7fafb","Unknown"
"5971","6b16148b-112b-4f3f-b961-b4d178bd648e","Treg"
"5972","6b19f6c2-5f48-430c-9a83-c86242ab6801","epithelia"
"5973","6b260744-dee6-43d4-be9e-17a1b9963ebc","epithelia"
"5974","6b267fa3-edd0-4073-8c16-ac3893f9a84a","immune"
"5975","6b2bfdfa-50df-4dd6-bc11-434edaf4c952","epithelia"
"5976","6b313d2c-76d2-44ac-8a99-5663fd1d6c31","epithelia"
"5977","6b329ebf-ab6f-4558-a355-00c45dd5b64d","Unknown"
"5978","6b3568cd-b8ce-43d0-841a-3672086c3552","epithelia"
"5979","6b388d4e-1ae5-4d72-bc56-e39c7c05d06a","epithelia"
"5980","6b4140ca-39a7-43ff-a6f2-843bf362df1a","epithelia"
"5981","6b431f8d-ecea-4673-a878-5d500492962b","epithelia"
"5982","6b440e72-f819-4d9d-a544-eca4c6ce176b","NKcells"
"5983","6b5341a2-1a37-4208-8f5f-588af278164c","epithelia"
"5984","6b5f146b-afa9-4b0d-a90e-930cbf711a43","epithelia"
"5985","6b63652a-f135-4268-aa13-acb8f5488038","epithelia"
"5986","6b698ff9-4d30-4e73-9b13-dfe08627ce39","stroma"
"5987","6b6fd50c-ce5b-4302-b866-5cf9eb19f1df","epithelia"
"5988","6b702ba8-d401-4731-936c-648e7da7c326","epithelia"
"5989","6b72ce1d-a8aa-4832-8c10-dc3dc73b5f33","epithelia"
"5990","6b76e4d3-78f3-4f40-b79e-b8dca249d7a8","epithelia"
"5991","6b787c86-5f1b-4fad-9640-071283993404","epithelia"
"5992","6b7eba54-2408-4d83-9206-7de320cd6e8d","NKcells"
"5993","6b7fbd41-dd3c-4f0a-bf1f-91a460e9685e","Treg"
"5994","6b807740-d767-4320-8212-d29726686201","epithelia"
"5995","6b81a016-900f-4140-b8e1-cdf6b54bdf7b","epithelia"
"5996","6b823187-06d7-4ea3-bf8c-a8671c18474c","epithelia"
"5997","6b83e2c2-c5fa-412e-bca5-28afb0d3a557","Unknown"
"5998","6b85162c-cf67-48f4-a24d-4c4936553a29","epithelia"
"5999","6b851e4e-7c6b-42bb-80b7-782b447c50cf","epithelia"
"6000","6b934107-0c8a-4863-abc8-24bc56b9788e","epithelia"
"6001","6b93d01c-dd2f-4da0-9f42-0c88c7c83d48","epithelia"
"6002","6b964227-7f9e-4219-83d6-61c2c7174d7c","Unknown"
"6003","6b9fdf70-d92f-42b1-8420-1fdd2b607122","epithelia"
"6004","6ba2d12b-e35a-451e-96d3-49528b995480","epithelia"
"6005","6bad4ac3-3ff4-434d-abb8-5ba808455903","epithelia"
"6006","6bafc845-d55a-4637-8edd-f24fdb3bbb49","epithelia"
"6007","6bb2cd0a-6a1c-4b99-b7cc-fea33f9dd60c","Unknown"
"6008","6bb64d68-bc98-4c3c-bf7b-202a63ce9ab8","epithelia"
"6009","6bbaf01d-f936-4633-a109-d91cbce0f80c","Unknown"
"6010","6bc051b2-6565-419d-880a-3949da8e2aea","epithelia"
"6011","6bc51c32-61b4-45f0-a53a-650d2cecae4f","epithelia"
"6012","6bc60394-43ac-4650-a9ab-264042bbc59f","epithelia"
"6013","6bcc614d-821d-49b3-9f42-12eb1eba5639","epithelia"
"6014","6bd11dcc-fbab-481f-9042-5ca63db018b9","Unknown"
"6015","6bd62b12-8c4c-4489-b371-74cd0a3e2f14","epithelia"
"6016","6bd85b20-8597-4e65-acdc-ed5211ad6b3e","epithelia"
"6017","6bdb7fcf-8228-4201-bd07-a332a4727459","epithelia"
"6018","6bddaebb-2ea3-438a-811c-395db1425934","epithelia"
"6019","6be28482-ab55-4625-bb90-891a94a05d1b","CD8_T"
"6020","6be52282-8ca7-42ea-9f4b-80432006616f","epithelia"
"6021","6bee7a88-ff3b-47bd-8f1f-4f97ea80e8fd","Unknown"
"6022","6bf95673-dba2-4338-9a9f-5e3c074d99a7","CD8_T"
"6023","6bfbe24a-b46d-4aee-a681-84a0d2ad85c2","epithelia"
"6024","6c06a2f0-283b-44d9-9899-04b5087fb5fe","stroma"
"6025","6c084e4d-c3b2-4bd6-acaa-9c4ea59251a2","NKcells"
"6026","6c0fefc4-b389-469e-9510-497c8a7bbf25","NKcells"
"6027","6c11e57b-23f9-490c-8c88-879a10b3f877","epithelia"
"6028","6c12d6f1-5014-49a7-82da-4bb5c5f0f016","epithelia"
"6029","6c12e325-b3f6-4899-b502-287554424b70","epithelia"
"6030","6c18395e-7470-4f5a-a380-488019a3188b","epithelia"
"6031","6c1e7679-18bb-4467-b808-05ba6dd2b625","NKcells"
"6032","6c22e171-5268-471c-b8c1-9b727842bd42","Unknown"
"6033","6c236b67-be3b-4add-b566-de30d3b4cfc1","myeloid"
"6034","6c29eea6-d24e-4672-b408-2aedbebf1639","myeloid"
"6035","6c32f4c9-c429-4ac3-bbe3-998a4ab067b5","epithelia"
"6036","6c330de2-1e5f-4f24-a75a-6a7f3fbb8668","NKcells"
"6037","6c411e1c-d9a7-47b3-a747-f56dcd020cd1","epithelia"
"6038","6c41ca1a-d3f0-4262-9de3-5965bebcece2","epithelia"
"6039","6c46d784-83bd-4cca-919d-6e636212c2b0","epithelia"
"6040","6c5095a1-af7d-494d-8188-4c6e030c229d","epithelia"
"6041","6c50cecf-7997-43c3-85ad-5c9bcf808b16","epithelia"
"6042","6c528f49-77c7-4e06-8b7c-8f486758dc7b","epithelia"
"6043","6c55216f-2073-4732-916e-5533aa1789d6","epithelia"
"6044","6c5ebcd5-5ebb-4a36-82af-f4cce8101702","epithelia"
"6045","6c6c4984-77a9-4469-a122-4ff2288702f5","Treg"
"6046","6c6ddfa8-6a15-48c6-a57b-c42f5acb7c3d","epithelia"
"6047","6c737e7a-08a4-451e-a422-f13251482aa3","epithelia"
"6048","6c7bd848-6857-47d8-8b66-5351bd3085e7","myeloid"
"6049","6c8813eb-0eb5-4342-8f3e-41385a812606","NKcells"
"6050","6c8814f7-aa69-412f-a09a-82c5c231fc07","epithelia"
"6051","6c88b144-e6cc-4be6-b94e-480af7f3e566","epithelia"
"6052","6c8b0521-339e-4052-869e-33a4084fb3c9","epithelia"
"6053","6c8d832d-97b4-4b95-b698-1d5f55d64386","NKcells"
"6054","6c904f24-4b18-4a8a-ac4f-e8ae078397ed","epithelia"
"6055","6c9326e2-7957-44a7-954f-87da4950e450","epithelia"
"6056","6c9805dd-685c-45c8-9032-b86f4f4b40f7","epithelia"
"6057","6c9af737-000a-4c5c-8cca-1d026c74e09f","epithelia"
"6058","6ca5a541-8ca1-48ef-be45-8e43ea58b6ce","CD8_T"
"6059","6caa21d8-bb07-44d5-8546-57b0643ce9cc","NKcells"
"6060","6cb22c0c-3d95-4fd6-8901-1546c1b74c3c","NKcells"
"6061","6cb4ecaa-80fb-4652-bfbb-883e1bddc61a","epithelia"
"6062","6cbdb43b-2b6d-4296-be77-026fa27c0943","epithelia"
"6063","6ccb7556-a115-4845-b137-a99121af51f0","stroma"
"6064","6cd0d838-b74e-4a68-9006-998daeb8b010","NKcells"
"6065","6ce86319-7a6b-42fd-89d9-f056f8c68e52","stroma"
"6066","6ce99a33-24fb-41e9-983b-7202553f1fc2","epithelia"
"6067","6cf3dd07-52d7-48f2-aa86-c61f2ac6908c","epithelia"
"6068","6cfa5776-877b-4693-a374-6829782aca17","epithelia"
"6069","6d0e0c18-b2ce-47a2-874f-1646e44be51d","epithelia"
"6070","6d1188cc-a069-4d9f-831e-e89aa8d28af2","CD4_T"
"6071","6d196f26-f009-4c8e-8f5b-4d72ae8368ee","NKcells"
"6072","6d1ddbed-a4e0-4a32-9576-b5753d247019","immune"
"6073","6d25f000-164d-4606-a987-40f6863135bc","Unknown"
"6074","6d2c2d99-f368-408f-bcba-e94e9705bb2d","epithelia"
"6075","6d2ef326-9645-4818-ae6f-f32a99f3be52","epithelia"
"6076","6d363482-5878-4dda-8683-e1e4c6123e6e","epithelia"
"6077","6d3ba914-0bb4-43c5-a9c3-22e00467b4c4","epithelia"
"6078","6d3dab7b-f967-4a4b-ab22-81afd58ce4af","epithelia"
"6079","6d49ddad-a635-49fe-97ae-5dfc12c539b2","epithelia"
"6080","6d4a391f-b4f8-43f7-9960-cdfa9861370e","epithelia"
"6081","6d4ae296-b78f-430a-8dfc-1f322fcf08f1","Unknown"
"6082","6d4b2d17-f61a-42ff-9f71-4090c03a9256","epithelia"
"6083","6d4e896d-52bf-45b7-af95-cf546735f5ff","epithelia"
"6084","6d5233a0-51bf-42c6-8906-154d2b779309","epithelia"
"6085","6d5a69d7-191d-4e34-9ab9-fe6e162aaf52","NKcells"
"6086","6d5a8ee1-909e-4552-a524-2edb01cd9dd4","immune"
"6087","6d5e828e-11be-4044-9214-33d477d2bbc6","immune"
"6088","6d65fcc5-9bc4-49d7-9a02-4b350af97c63","Unknown"
"6089","6d6eeb5a-7af9-4edf-8394-0ab16b6d6652","epithelia"
"6090","6d7072ab-280c-4001-9107-7ed16d87243f","epithelia"
"6091","6d7078c4-e262-4f50-b716-1f866c9ffac4","T_cells"
"6092","6d7200a1-a3af-450e-8d37-b2c08c9287cf","myeloid"
"6093","6d732907-3277-4c23-8474-51ce2166f876","epithelia"
"6094","6d762ed6-af48-461a-b78c-aabf660944b6","NKcells"
"6095","6d7637d6-bdbd-4bd2-b7ba-85819c01d790","epithelia"
"6096","6d7815a2-a4ff-4001-a090-3e3d28e83f96","epithelia"
"6097","6d8cad1f-57bf-4941-bb00-1407967f9fa4","Unknown"
"6098","6d91e486-8b10-4f9e-8b57-e8bfdaa9134a","Treg"
"6099","6d970241-9bbe-4bce-8a70-3eeb83331888","NKcells"
"6100","6d97bae1-5198-4399-b34c-1a0907da4190","epithelia"
"6101","6d9cfe81-21bd-4bc1-8d7d-4b2255a0fc4a","epithelia"
"6102","6da4832c-532a-423d-af6b-c69017ab542e","epithelia"
"6103","6dab8b66-fb57-4619-81f1-cc04b26ff8bb","epithelia"
"6104","6db15d7f-166d-44fb-97ce-84f9777e9c56","epithelia"
"6105","6db30e20-c436-4110-9b4b-05482b510319","epithelia"
"6106","6db69661-0c8e-4c9e-af60-229789e9aa0e","epithelia"
"6107","6db6eb1d-cecb-426a-b109-b3f3c63407d1","NKcells"
"6108","6dc0db97-f2f5-4a08-b76f-0c3259cb8165","epithelia"
"6109","6dc92994-63b4-4748-9f36-6da773ac62d1","epithelia"
"6110","6dcb0a92-c962-4b6b-b550-3d4548b073d7","NKcells"
"6111","6dcc79ff-962f-4c42-8a66-ac8f53e380cf","epithelia"
"6112","6dce34e5-5318-4442-9835-d6938a094b62","epithelia"
"6113","6dde1e36-4cc6-4afb-9493-f987fbd695ea","epithelia"
"6114","6de0a5bc-46b3-4ab1-8e50-c013a6eb6ebe","immune"
"6115","6de3baf3-054d-4cb9-a0be-48960dd544d8","NKcells"
"6116","6de74947-984a-48ca-a620-e6180d2e2921","epithelia"
"6117","6deeb1c8-5246-41a8-894b-26961ec7eb1d","epithelia"
"6118","6df911d6-81d2-4dfe-afa6-1de7594f2a67","epithelia"
"6119","6dfb7052-fdb4-4bda-8608-094e71f332fd","epithelia"
"6120","6e066e64-cbad-4863-ab5b-4025feaa2ea9","epithelia"
"6121","6e07a19a-8b83-4d37-a2c4-2777141292f8","epithelia"
"6122","6e0b9d64-1459-4da8-8e47-12b690b3afc0","epithelia"
"6123","6e0bcdc6-16f8-4dcb-ad13-c66f6d94221e","Unknown"
"6124","6e10a34c-b906-4478-a8c3-b7e2be029367","epithelia"
"6125","6e15367f-6782-492c-aea9-1d610f3419c4","Unknown"
"6126","6e1b95f0-1674-4f54-ab47-25141ff465bf","Treg"
"6127","6e20de4e-02a0-448b-8df6-3f203e600dcd","epithelia"
"6128","6e3e813b-29f8-452a-b9bc-03a3e2c1a22a","epithelia"
"6129","6e4818be-c7e8-4039-9369-d4d16c9f4e29","epithelia"
"6130","6e48deb4-98db-4106-a308-a7ef9b34f077","epithelia"
"6131","6e515c6e-6d08-4d47-89bb-05dc13147b0a","epithelia"
"6132","6e51b058-efa8-4192-b2c0-6f7104fd9839","epithelia"
"6133","6e5263d9-5bd1-493b-a89e-9c4c8c544f66","CD8_T"
"6134","6e550268-25bf-4abc-b958-86c1b8fdf718","epithelia"
"6135","6e55b608-e939-4d42-bb62-107a0330378b","NKcells"
"6136","6e58efbf-1f37-436d-9fd4-1fd7dce41fce","NKcells"
"6137","6e5a5e99-f3e9-438e-9cd3-fa9a7946ceb6","epithelia"
"6138","6e5f1f09-ed73-46f0-9bea-450339e41965","Unknown"
"6139","6e5f260f-c8f1-4dd6-ada8-f76424d23a1e","epithelia"
"6140","6e5fc0e2-411f-4c59-849e-451b4bfb13f7","NKcells"
"6141","6e682a2d-582e-48da-8183-50ccda7e659f","Unknown"
"6142","6e68e18c-7ef5-4565-9a0c-1bdb48493889","epithelia"
"6143","6e7a9a7b-917d-4d86-a754-de0f4dfc7ecb","epithelia"
"6144","6e7dabe0-0a4e-480e-b38c-cc91d6c3db8a","epithelia"
"6145","6e8a8096-ff4f-4594-9ee3-7924a65077d9","epithelia"
"6146","6e9315ac-ef41-4775-a6c1-ecef29915216","epithelia"
"6147","6ea4d683-08d1-4642-b57d-11d7efa72f7b","myeloid"
"6148","6ea62fd2-d5be-45a3-a6ca-8bca022defa9","epithelia"
"6149","6eabcfe9-6cb3-433d-80f2-9b895ec44598","epithelia"
"6150","6eadc904-edf5-49c1-8a3b-8f8bf6bfda1d","immune"
"6151","6ebd93c8-e81e-49f4-961a-48da16745a1d","NKcells"
"6152","6ec6fe63-6cb6-4e56-b1f8-ae37e064a69a","immune"
"6153","6ecd622d-e6aa-4ab1-86aa-d8b715873828","Treg"
"6154","6ece5697-8003-4704-b986-eebc07923f3b","epithelia"
"6155","6ed02214-898e-4e34-bee0-9b1f1f5d4e9a","NKcells"
"6156","6ed4d341-2c87-4697-8207-c4bc8cab521e","stroma"
"6157","6eda1d56-28da-45f0-b54b-eef069c1a30b","epithelia"
"6158","6edbb229-1230-4ce4-8b7b-429215629138","NKcells"
"6159","6edf30c0-2f22-4926-8a19-8553f6d6cb74","immune"
"6160","6edf7c74-cefd-44ec-a8f0-c35e36a2672c","Unknown"
"6161","6ee6f75c-f8e0-41cd-bdcc-e8f1beee7cb8","epithelia"
"6162","6ee79e43-8ad9-4ffb-832a-df1425c7f26f","epithelia"
"6163","6eec7c22-6d6a-475e-b4bf-d80d4d6a2a6f","epithelia"
"6164","6eefa682-75eb-4b26-948c-11453be14104","epithelia"
"6165","6f03f11a-4510-4b38-856d-c86142937713","epithelia"
"6166","6f06cd3b-2433-458f-8eea-4cf181695119","epithelia"
"6167","6f0eaa99-55f3-4da8-a24f-edad6a3db19b","CD8_T"
"6168","6f10bfbf-93c0-42fe-8719-b5dba603df73","epithelia"
"6169","6f16d6df-293f-41d0-8e18-5809a81820a3","epithelia"
"6170","6f1e897b-bddb-4cce-b80b-a8086bf8baef","NKcells"
"6171","6f24894c-f292-48bd-8154-07d0d71370b5","CD8_T"
"6172","6f253f64-ce09-4abd-badf-8cf747021adb","epithelia"
"6173","6f281e34-bce7-4da2-9141-f73137786c63","CD8_T"
"6174","6f32d38d-b9b0-4463-b552-1a8f82e593fe","epithelia"
"6175","6f364544-c4ca-4584-ab68-ad04e2218229","CD8_T"
"6176","6f392bc6-1404-4140-a5d4-7d8baad24d0f","epithelia"
"6177","6f3ca1ce-c31a-4004-9839-2325eddf35df","epithelia"
"6178","6f3ea5f7-268f-43ff-9ebd-c4d5588d52d9","myeloid"
"6179","6f41e400-2e86-4ad8-953d-df25be13e280","T_cells"
"6180","6f430161-a823-4977-b53e-ad6641552ce7","NKcells"
"6181","6f47d723-11ee-4303-a4b0-3707b39bdb72","epithelia"
"6182","6f49eee8-4626-4326-afcd-a92f439fb28f","CD8_T"
"6183","6f4b3b8a-2d3e-46ae-b192-4a06dc4451f6","epithelia"
"6184","6f4dddbc-eb60-42e6-83bd-157df73b7fc5","stroma"
"6185","6f4f31b1-8ed4-4143-a37a-227902b1d6de","epithelia"
"6186","6f5427cb-1fe1-4c9f-bbd8-3ee1da1c36c5","epithelia"
"6187","6f5657b0-ce25-4d88-9a23-3fe3297a5da0","epithelia"
"6188","6f5846d0-4d9c-49db-9c52-2936cf5e0a60","epithelia"
"6189","6f694689-3962-46fd-9b91-3804ee4a19c9","epithelia"
"6190","6f6a7c0a-ad8b-4d61-869e-9d797632770a","myeloid"
"6191","6f6e78ea-326e-433a-9fcd-b3f555f2d09e","NKcells"
"6192","6f7029c8-2045-4f67-bec9-60d80d2ead6c","NKcells"
"6193","6f708e73-a1ac-42aa-a975-0894e0533a77","epithelia"
"6194","6f7495c8-b862-4ee9-8fcf-7d7a84442481","stroma"
"6195","6f772942-e8ba-4af3-9669-ba7166de468e","epithelia"
"6196","6f7d1668-f0f1-454f-b00d-dfed2d4e775f","epithelia"
"6197","6f7f480f-3d8d-48d6-bbd2-bce4b5320919","NKcells"
"6198","6f816c7c-a85e-4e60-922b-64da2f01a950","epithelia"
"6199","6f8912e5-2600-40ce-a9d7-515c584efd3f","epithelia"
"6200","6f95ad60-9460-46e7-b798-b1b091b84a19","epithelia"
"6201","6f9d7787-a3d7-48fe-8d58-3f1ee4f5e3b5","immune"
"6202","6f9dbf4a-f262-4679-b45d-790a365906f1","Unknown"
"6203","6fa95831-0e8c-4fd2-975f-3183df800e8a","epithelia"
"6204","6fad4a72-bb1d-4303-a99e-9c8f61fc49e0","Unknown"
"6205","6fad5087-0f1d-4476-8f12-922429fc1463","epithelia"
"6206","6faef8c8-5a54-4951-8a05-9e4325dfcc31","epithelia"
"6207","6fb7d62b-d862-4c8c-afe4-7fa4e7e6f232","immune"
"6208","6fb865a9-a4db-4e82-9143-13db46b56101","epithelia"
"6209","6fbd03ef-6a15-41a2-ab96-79cdb043ca62","Unknown"
"6210","6fc07676-88b4-4b05-97db-4cc302d6f355","NKcells"
"6211","6fcc4084-6c0c-431f-8ac7-fb8daf7c9338","epithelia"
"6212","6fd0022e-9846-434a-9525-fbb6bf2058a9","epithelia"
"6213","6fd29a8c-f62c-485b-889d-67b412d40274","NKcells"
"6214","6fd558b7-83e9-4708-a1d7-077e4d1f73e1","NKcells"
"6215","6fd71ea3-87ff-41e8-ae56-fd88dab6badc","epithelia"
"6216","6fd8e03b-7cad-4483-b466-f7615f15848d","epithelia"
"6217","6fdf1108-5f4a-440d-8bda-720fa28f7d1c","epithelia"
"6218","6fe6dcb4-42a0-41d6-b7d0-c1d4b25e0bfe","epithelia"
"6219","6fe7a043-4605-4343-b73a-b6d56ec96052","epithelia"
"6220","6ff6374c-1e04-4093-b051-58c588e53952","myeloid"
"6221","6ff672aa-90ca-4f91-bc2a-8f5804c6b2a0","Unknown"
"6222","6ffd8bb1-50c8-4ffe-9889-c25fe99ff281","immune"
"6223","70051d7b-88be-4e4b-b95d-279aae31c36b","epithelia"
"6224","700b4b6f-60fc-488e-9785-1c331c5fc9f1","NKcells"
"6225","700f058f-4c10-4fc1-bcf6-02d7bcf4828e","T_cells"
"6226","701214a7-df69-48ae-b57b-1f4d88a91a21","NKcells"
"6227","7012b62b-e60d-43b5-bacb-8576e65ebe91","stroma"
"6228","701504ad-b2c5-4cd4-9ced-766cf505409e","myeloid"
"6229","70151185-538a-4e21-92e2-557c6b24e54d","NKcells"
"6230","7018adc5-b4d4-4672-b33c-ad24bf09a4d7","epithelia"
"6231","701911ee-642a-4c98-ac11-05ed254b219e","Unknown"
"6232","702044a9-eef8-4d14-ad3a-54e6aebfb4d1","Unknown"
"6233","70247bcf-55a7-47cb-a8f2-777f6ff596e1","Unknown"
"6234","702777da-a1ca-4e3c-ab1a-02b0374b681a","T_cells"
"6235","70280835-6335-4b20-9d9e-a012b3d643d2","Unknown"
"6236","7028651c-3f1c-4348-8dc8-221010f338b0","NKcells"
"6237","702b1b9d-6318-4b6f-b7a2-2393f935b32a","epithelia"
"6238","702c651f-fcf9-4702-aa72-eacb3baca631","stroma"
"6239","702e4da3-7ded-4348-b680-d607627e5651","myeloid"
"6240","70379204-8303-47e7-b8eb-db9b91ed593b","immune"
"6241","7042478e-6dbb-4ee8-9684-21a85137f685","epithelia"
"6242","70462c88-197b-4609-9fe7-5ad187db6f4d","CD8_T"
"6243","7047e12f-4620-48b7-9300-efb307aaa054","epithelia"
"6244","7047f483-3318-4a77-9f24-684858c70d24","epithelia"
"6245","705c45c6-8927-4690-a212-fe9b9f12e84b","NKcells"
"6246","706596fc-080d-4fd8-80c7-4b343acaabd3","Unknown"
"6247","70719fa3-d3dd-4e65-abf4-1bccada32651","epithelia"
"6248","70761ef9-0b3b-4c9c-b623-5f7d7018eadb","epithelia"
"6249","707e2464-e7e5-4dd9-82c4-2dd18bf1fec8","Unknown"
"6250","707e7099-b52f-4457-9c8f-94f6f95a20aa","Unknown"
"6251","7082818b-6ca1-48c7-9984-9a52d50c64eb","epithelia"
"6252","7084f81e-8baa-4412-bd9d-fcd76cb33349","epithelia"
"6253","7087ffb8-468c-4b4b-91b5-daf8725976a4","epithelia"
"6254","708a1d0b-40f9-4e0c-b623-bdfbdbd8314b","NKcells"
"6255","708d55f1-9898-446e-88f9-fa77b7512558","epithelia"
"6256","7091e8d2-83a1-48e9-9179-38cd7db7753e","Treg"
"6257","70a72e74-5456-40ff-82d0-ce56d21e7bd6","epithelia"
"6258","70b07660-d752-4383-8aab-78c8b8670124","NKcells"
"6259","70b30b7a-1d8f-4ccf-87d8-21c60ad019fe","epithelia"
"6260","70bec5ad-05a0-4dbb-a4ee-f4e367302f23","epithelia"
"6261","70c1c5e0-ee69-4b9b-a936-f99246e16508","CD8_T"
"6262","70c5317f-9f89-422c-850b-207a84243691","epithelia"
"6263","70cbfd88-e521-4939-af2f-17adec374db8","NKcells"
"6264","70d03520-fff0-4533-9bb5-22b685110b81","NKcells"
"6265","70d285e2-4bf9-4878-a961-e434c83dd7d9","epithelia"
"6266","70da10fc-5253-4a01-b222-988f5b90ca21","Unknown"
"6267","70e7aeff-0467-4f3a-bdbf-2704b976d5c0","epithelia"
"6268","70f70e8a-ade0-4745-aa01-52df66182d6d","epithelia"
"6269","70fe6c1d-35f5-4afd-9fed-2be6a159dadd","epithelia"
"6270","71074934-0333-486b-9e14-41a6b08f5485","epithelia"
"6271","71094170-b43e-47a9-afc6-f129792c9ea6","stroma"
"6272","7109a4d9-0fef-4b6f-a7c8-4e3859a28ff7","epithelia"
"6273","710e9be6-a750-4ef5-a60d-ef344ed2f3b8","epithelia"
"6274","71120ec1-c94d-4eb2-be4f-b0c2e66ae26c","Unknown"
"6275","7123294c-0d73-43aa-8bc9-e458e3c10095","NKcells"
"6276","71248e8a-2bb2-457a-8c69-7fe628458026","immune"
"6277","712a691a-ab92-45b2-8ede-aa20cdeed067","epithelia"
"6278","7135366f-500b-4942-ae39-53dfd18d39e6","epithelia"
"6279","7151096a-b382-4194-8baa-2ef71d523900","epithelia"
"6280","7154c29a-3cb0-4d89-abf9-3076b027ed2c","NKcells"
"6281","716a95a0-9065-4ef1-b07a-d3cfdc617a6b","epithelia"
"6282","716c4eba-5ed5-4823-9da4-cfc64bc7569b","epithelia"
"6283","7171999f-e957-40fb-87d1-b576015dcad6","epithelia"
"6284","71733e34-8b41-4969-8c41-e0617741956d","epithelia"
"6285","71761d55-d8ab-4eb9-b092-e40aea7228dd","Unknown"
"6286","717b38ae-acc1-4469-a613-d4728071847c","epithelia"
"6287","717d8cb8-7e1d-4c2e-8b50-0ae5b92dad73","epithelia"
"6288","717f5929-228d-44d9-bd5e-1afdb16b9067","epithelia"
"6289","71811709-e0b6-4a81-b721-55b8de9b5b67","epithelia"
"6290","7186b548-35a2-4600-8992-1cd2a2a0bdd1","epithelia"
"6291","718b5ffd-f2eb-41ec-b82f-132f44e92fb4","CD8_T"
"6292","718bc147-789d-42c8-bb91-327925b504f5","epithelia"
"6293","71985c05-e436-4ff4-851e-ee4c82182c93","epithelia"
"6294","7198a9ee-0c20-4367-89e1-0fa8653296c7","epithelia"
"6295","719a684b-f207-49d8-a0ca-04316fccc03d","NKcells"
"6296","719a7251-1b99-497e-b8fd-fb3482874ea6","epithelia"
"6297","719b6461-c840-40ec-aaef-7d1ed1eff1cd","epithelia"
"6298","71a14955-6609-4029-9b14-4f7b6953ea0d","epithelia"
"6299","71a45276-179d-47c0-a3ca-e68d3bf89c7b","epithelia"
"6300","71a4803d-9dd3-4b82-8e4c-f8f4621e72ce","epithelia"
"6301","71a85684-d000-4eba-abcb-a23806539aa1","Unknown"
"6302","71ab1614-b20f-40af-a553-a6585a9daed6","epithelia"
"6303","71ad157f-0dbc-43f9-9020-96b0ef1838a0","epithelia"
"6304","71b40465-305c-4e43-846b-6550fa75edaf","epithelia"
"6305","71bb454e-61d0-4600-862a-6a4e961980eb","epithelia"
"6306","71be018c-4f35-490e-aac4-2bb2c580cfd6","Unknown"
"6307","71cb8cb7-17b7-4c33-a075-4ecc4cc7cdf2","NKcells"
"6308","71d7e87b-c994-4607-a6a1-eb030a42a788","epithelia"
"6309","71d9ab74-0b4d-411c-8c00-f69dd3d6dc2b","Unknown"
"6310","71dfa643-8da2-4c40-becd-6a9f9dd2eae9","NKcells"
"6311","71f442b6-f6ed-43b7-86d9-a529ae7c6247","epithelia"
"6312","71fd0df6-cfd8-42fc-8cce-26f73368ac97","CD4_T"
"6313","71fee5c6-8991-4193-9d6c-a4c2779d14c9","Unknown"
"6314","71ff98d9-de46-4c6d-b489-7cf5dffdc263","NKcells"
"6315","72012521-258b-427f-a765-4d05b6e94d07","Unknown"
"6316","7203e0d7-7303-46f1-a3b1-2a5d8e527449","endothelia"
"6317","72044124-047e-4e3c-a1b7-741d9b5ae7f2","epithelia"
"6318","72051cf6-58ac-4cb5-bf88-ce3f66e61b30","epithelia"
"6319","72063f86-2045-4410-8f97-c9d44f202b97","epithelia"
"6320","72098504-d29b-4675-89a3-01bfea619862","Unknown"
"6321","720a0433-b8d4-4afb-80c4-27a3bb17f548","epithelia"
"6322","72110736-62f2-44ae-96e8-9b15f93ac047","epithelia"
"6323","72162968-6dbe-43aa-9462-27a2706c92c4","epithelia"
"6324","7220de1d-114c-44a0-a8da-9b872c8ef30e","epithelia"
"6325","722348fb-c648-4a62-aa93-d890fe7b6f2d","Unknown"
"6326","7225223a-4b93-41ed-9794-3c06cc25cfb0","epithelia"
"6327","722900d7-011c-4c90-9bf2-55d4dc6504ed","epithelia"
"6328","723401e1-5eb6-417f-ae7e-dc30739b93b1","Unknown"
"6329","72352f94-dd76-4e04-a3fb-6bc21599fd29","epithelia"
"6330","723c2cd9-a759-4ba2-acc0-fb91283b7da3","epithelia"
"6331","723dc73b-d883-4057-9af2-236030d7fb35","stroma"
"6332","7249c8d5-bd4a-4da5-9e1d-0f3c9dc38e24","myeloid"
"6333","724ceebe-3db8-4833-9be7-22878b9922ca","CD8_T"
"6334","724d0534-f5b2-4a4a-ac6c-0bb58f5849bf","epithelia"
"6335","7250de72-4611-4eae-b2ca-2b203aa2e08d","epithelia"
"6336","7251acf5-c8eb-4cc8-a33a-9cc7f830921a","Unknown"
"6337","72526ac0-8643-437c-9970-75a0b88d4a06","NKcells"
"6338","72588adb-a83b-4175-8cea-ab65e2e9cbc9","Unknown"
"6339","725b8186-feb6-4897-ba3d-aaf1f19eee06","epithelia"
"6340","72605ca6-fa53-461e-a75e-495f9c6e1bf2","CD4_T"
"6341","72640035-bac1-4702-ab1e-d7339a16fb54","epithelia"
"6342","72661b10-9beb-4636-bc0c-6c4d831f2967","epithelia"
"6343","7266fa96-016e-4498-9979-30f0b035c0ad","epithelia"
"6344","726f2057-fb1c-4c52-8ccb-38aced5e3e5e","epithelia"
"6345","727097e6-d31b-463b-920f-1f4420815b25","epithelia"
"6346","727a8682-b07b-4352-a13e-b779c36f8cdd","epithelia"
"6347","727b29b0-79eb-497b-ac30-5a3fb6b9ea75","epithelia"
"6348","727c396f-bcf4-46ec-9876-5ef9d6fa3bdf","NKcells"
"6349","7284caf9-ee65-4ff1-860c-e50348d6e355","epithelia"
"6350","7285d856-17d8-4a48-89d6-933682c3828f","epithelia"
"6351","72869488-28b6-4bc4-8222-55669e318e89","epithelia"
"6352","72870d6d-9758-46f0-b198-88095b75ffd8","immune"
"6353","72892dd7-66d5-486c-af58-26781d420c43","epithelia"
"6354","7295e035-ce2b-41bb-ba33-6f9152680e22","NKcells"
"6355","729c6ce0-f1e5-4ea1-b59e-b7edc7e7491c","immune"
"6356","729e83e8-d51a-4fdf-a104-0b66db332dde","epithelia"
"6357","72a1eb16-9cf6-412a-a4c8-9f7e3cf3c25d","NKcells"
"6358","72a24995-8d26-41d6-b975-a02bdf4118bd","Unknown"
"6359","72a8bbc9-4587-4d1c-a23f-b91e5d082339","epithelia"
"6360","72a8c582-c2ed-4420-87bf-613acb527f79","epithelia"
"6361","72aebb3d-0f59-47d8-b2c3-0edc24da0338","epithelia"
"6362","72afdae2-4bce-4113-b860-54cccb86e6f6","myeloid"
"6363","72b86a83-dda2-4ed7-84e2-890a7ab94216","epithelia"
"6364","72b9ba1c-700b-4dbf-b01a-c18099b27713","Unknown"
"6365","72b9fede-dac7-4786-a8ea-d03780ee6234","immune"
"6366","72bdd40a-97c2-495a-ac22-a9d3703e2244","myeloid"
"6367","72c2a391-a5fb-40bf-af17-2b4ba23b70ed","epithelia"
"6368","72c6b659-a86f-4b2e-a8d1-c299eff903b8","myeloid"
"6369","72c8f3cf-660e-4a17-8a9e-6483c477b4eb","Unknown"
"6370","72cedc59-3247-4e22-80e1-3ca5bf88283b","Unknown"
"6371","72e7dd42-c16b-44ca-9c20-2c0289cac6a0","epithelia"
"6372","72e8359d-07c6-45d2-8fda-4e016df678df","epithelia"
"6373","72e8ff1f-06b0-4cd7-bb2e-1f2bcbd33a2f","epithelia"
"6374","72f06ef1-bfe9-4945-ab95-ff31b2b22576","myeloid"
"6375","72f1265d-6512-475d-aade-c185fd2f11ba","immune"
"6376","72fe5ccd-2f08-4b10-a4ee-32e555302178","epithelia"
"6377","7300e22e-0daf-4d48-a344-d4e961c79147","epithelia"
"6378","7303f79e-9906-4445-b092-155f78f63f82","epithelia"
"6379","731613c2-de4e-4abf-b803-e951d2ba66e8","Unknown"
"6380","731e8cd5-b796-44c1-a6a5-efcd1d873f2d","CD4_T"
"6381","7323ce75-2de9-40ef-8b64-2620abd3c2af","Unknown"
"6382","73254dee-9fd8-4b31-b54d-8fcfa9b19ea0","NKcells"
"6383","7325ec62-f536-459a-b4ff-e022d328ae04","NKcells"
"6384","732a995f-4349-41e2-a4f2-01f378aeead8","NKcells"
"6385","732f53f3-ffd7-4e36-af80-0f7ba581609b","stroma"
"6386","733653e1-488d-4e5a-87f9-4d755fa94a57","NKcells"
"6387","733784d8-83c5-41c6-9e65-c04b129cf84a","myeloid"
"6388","7337f271-249e-4ae9-97b0-f5fe1a6a623f","epithelia"
"6389","733ddfd6-a9c9-4e99-91bf-d02322815688","epithelia"
"6390","733eaf6f-82a7-4f6b-a646-b2f26d5d5492","epithelia"
"6391","7347eb30-48f9-49f5-bcc3-21e7ac87a299","Treg"
"6392","73506895-a871-43de-a520-6a74a86c279a","T_cells"
"6393","735d3d1c-5c0c-4324-94ee-f6cf03b6b731","epithelia"
"6394","735d4bb7-4554-4e9a-8615-037bb09f1e9e","epithelia"
"6395","735d7d0a-bfca-43aa-83bc-2a00d242df15","epithelia"
"6396","7367b58c-3509-414b-b9d9-01bb88d97aee","Unknown"
"6397","736ad581-cb3d-40f1-b950-d4765b446cbf","NKcells"
"6398","7373b6c6-d1a9-49f8-9a7a-f1acf62f084a","immune"
"6399","7375dee6-257a-4d5e-8d2b-8a4b331b41e0","Unknown"
"6400","73761a19-0bdd-42d3-b0e1-8dbc9c683a8e","stroma"
"6401","7378932e-ea9c-4b3a-b6b3-e6dbbc0ccc11","CD8_T"
"6402","737ef35f-3ab4-44c3-aead-4ec739f1149c","Unknown"
"6403","7381c7dc-66bb-47f6-ab87-4bd28af3ea65","epithelia"
"6404","7382763f-b65b-4de7-bd64-9af1f20a1d4e","epithelia"
"6405","738da6bf-c046-4f34-83d0-43f05cbc1f19","Unknown"
"6406","738fe601-f866-4603-8efb-2d261d150d00","CD8_T"
"6407","7391b784-a938-43cc-9bd4-bd2bc835ec6d","epithelia"
"6408","739866da-9fe5-49b4-80a1-7b2343177107","epithelia"
"6409","739980a8-c792-4d23-9d71-b550d9a2fd17","epithelia"
"6410","73a3a3fe-2945-4cd3-a069-846e821ea5a7","myeloid"
"6411","73a86da3-560e-4321-bc1c-5378db906713","epithelia"
"6412","73af0e32-a044-412e-b938-a40a2fff8757","epithelia"
"6413","73afd0e5-038c-4570-ae0e-0d801c0c050a","NKcells"
"6414","73b78759-0bb1-46c6-8c2c-675984212cfe","CD8_T"
"6415","73bade1c-128c-48a9-b557-5a1ca90e868b","myeloid"
"6416","73bbbb85-32a5-4187-961a-b450cb7c2588","epithelia"
"6417","73c0b402-0147-4124-b373-292d86cfcc5e","epithelia"
"6418","73c3edc9-21ba-45f4-aabf-5dda344088f3","Bcells"
"6419","73c52063-b1a0-4068-9d99-92ea4176ad6c","CD4_T"
"6420","73cd0004-6c91-4ed6-9367-c95462a7725e","NKcells"
"6421","73d03cd5-6656-4255-994b-5f76cde6b6ec","epithelia"
"6422","73d30cd9-0163-45fb-a4b6-b2ccaef3a1b4","Unknown"
"6423","73de1443-bddf-4f80-9698-e131d497ebfc","epithelia"
"6424","73e1af38-3874-4f81-81a5-db02111c4331","epithelia"
"6425","73e5ef39-e07b-4bdd-b4a2-5fc948662f5d","epithelia"
"6426","73e648b7-8a6c-425e-8300-6291ab7c02af","Unknown"
"6427","73e64932-3fbf-4407-aa6d-f48dd0420e05","Unknown"
"6428","73e76cdd-3dd5-4c80-9b34-41b4cdfb37f6","NKcells"
"6429","73eb3707-f135-4dca-8137-47e21318b308","epithelia"
"6430","73f2e577-02b4-4ec1-b7f4-760816d6b57e","NKcells"
"6431","73fac398-929f-4827-b058-32ff92a53d4a","epithelia"
"6432","73fe78ff-5c26-46f7-8d1b-52d8fe94b68b","epithelia"
"6433","740c8c55-6333-43e4-81ab-d07dd15c8652","Unknown"
"6434","74104f00-15a4-46d4-a84e-f7688dcd28e7","Unknown"
"6435","74182927-dd45-4e73-9e52-b24e2d37391a","epithelia"
"6436","74195d1d-c7fb-4520-9a08-25d173096d78","NKcells"
"6437","74242104-c472-430d-bdd6-ebd1d52788d9","epithelia"
"6438","742ac82b-f36b-4cd1-8170-8a16f14b9ac1","epithelia"
"6439","742eb704-557a-452f-a1b7-b9f21abde663","epithelia"
"6440","743a9713-ca85-4a69-aebd-07a459ec93fc","NKcells"
"6441","743d447c-aac9-4db4-b5fd-b559d0ae2006","epithelia"
"6442","743f105c-0444-41f4-9485-1131e719fd8c","epithelia"
"6443","7443890f-0127-49fe-a831-a20e9983ea83","Unknown"
"6444","7447590f-c4e9-432d-ae35-880f5c409fc7","epithelia"
"6445","744885fa-7a46-4115-9ff2-b377ff36321a","epithelia"
"6446","7448c8ed-40bc-4bb4-aec1-dffb292e13f4","CD8_T"
"6447","7452ccc1-bc2e-4cb7-9dae-a35800689348","epithelia"
"6448","745cb70a-d520-4f52-bf94-1f694fc6a75f","epithelia"
"6449","7460feb7-a8a4-4e65-a63d-8d42ec1da979","epithelia"
"6450","74667123-f98f-4040-aa34-900ac68ccf1c","epithelia"
"6451","746be876-bcba-4f41-bc60-c24162303ae8","epithelia"
"6452","746c7aef-48ed-417b-8aa4-3ad149530221","NKcells"
"6453","746dc448-a60c-46fd-af79-92bff925144c","Unknown"
"6454","747652b5-f5b4-4414-968a-816299693834","Treg"
"6455","7478f40f-e10f-4157-9a82-5cb02d8cb27b","epithelia"
"6456","747ed15c-9511-4f64-807a-a7a9d233b12a","epithelia"
"6457","74802d02-c9db-4330-b96d-8a3f92b7a62d","myeloid"
"6458","7480bd73-bd11-41c5-b067-57da7027cbbd","NKcells"
"6459","748206ed-2a76-4815-aaa5-16b1c3cab7ce","epithelia"
"6460","74838ddb-37cc-4732-a257-d3e7949c6115","epithelia"
"6461","748a107f-2701-4fde-b6e7-3bc816c7dff7","epithelia"
"6462","748cb3f3-fd49-4202-9644-76b651be4327","epithelia"
"6463","748d483d-ce95-4970-8575-ae2483ca960f","Unknown"
"6464","748ee85e-5b92-46a7-a5dd-522ac2edeb0e","endothelia"
"6465","74908db1-d1d7-4c1f-8218-6d2695d17cd6","Unknown"
"6466","749437af-3e5d-4765-b666-66442389b65c","epithelia"
"6467","74945814-7e22-45f8-992a-e46b1f1f8ec7","epithelia"
"6468","74977b8c-cb68-4c50-ba7b-792676ad2bda","NKcells"
"6469","749a5856-3721-456a-a9e7-f6dffb4d9c02","epithelia"
"6470","749d3be7-d0fd-4dab-a29b-1cc12b2f75c5","T_cells"
"6471","749f8130-b52b-4457-81b4-5c81d9d63faf","epithelia"
"6472","74a23e57-bd04-4abf-9d20-ae2a5c3cec72","epithelia"
"6473","74a6bd53-fd83-445c-964f-1b2cb9a37a2e","epithelia"
"6474","74a86ae7-858f-4a3d-9caf-dc3064c7694c","epithelia"
"6475","74aff960-8d03-4303-bdc8-5b87e7e805cf","Unknown"
"6476","74c589ec-f456-4354-be35-4d413d34c198","epithelia"
"6477","74c6cfe5-b26a-4d03-a8bc-c4310464b22c","epithelia"
"6478","74cad1f1-5292-42c0-892b-65d3e2a8ff07","NKcells"
"6479","74cd670d-0df4-4701-a071-4b80b03cdb8a","epithelia"
"6480","74cdc14c-6908-4e2b-a02b-77b88f641978","epithelia"
"6481","74d1744a-3eca-4980-b547-aa89294250a0","epithelia"
"6482","74d2b43f-ff6c-4350-85cf-0bf31068e1d4","stroma"
"6483","74dcc44f-702f-41ab-ae4b-ccc3b36beaf6","epithelia"
"6484","74ddb590-93d0-4ab6-974e-ee91cef3d0f8","Unknown"
"6485","74e0ac29-821c-46e7-ad6f-bbccf3f1f37d","epithelia"
"6486","74e73206-bf43-4160-b191-4dc0ac58562d","NKcells"
"6487","74ee1d09-fc23-40e3-a20c-a4e03568a8c0","NKcells"
"6488","74f4cb3f-79a3-4b44-a7eb-ed142bdf81ff","epithelia"
"6489","74f50e18-e788-486f-aca3-c5411de28ded","epithelia"
"6490","74f54b01-8b3a-4130-9f8b-831ba0837727","myeloid"
"6491","74f55c7f-7158-4322-afdb-16469a0f4ab0","epithelia"
"6492","74f7a279-35f9-4a57-9296-8380cdd11726","NKcells"
"6493","74fa2305-57d8-47e9-976e-364ebacf50b2","epithelia"
"6494","74fa4fe6-7175-4644-b9aa-c26b2f6b1f3c","Unknown"
"6495","75005da9-fa07-4a35-83fa-cb46a6c22193","epithelia"
"6496","75076f7c-4f93-425c-a1fe-04da5e152713","immune"
"6497","751416c3-160c-4553-95e2-d25caf6babe5","epithelia"
"6498","75219b64-55d6-46fd-90d9-1484c4f3745e","epithelia"
"6499","7523c437-3506-4fdf-bda8-c0a82db80a16","epithelia"
"6500","75457a62-588c-408b-a0b3-a45e4183b60f","Unknown"
"6501","754652a0-edcd-4ebd-86f1-b60dcc96bb83","epithelia"
"6502","7548baa0-d3bd-4b58-9770-d2d8b574fede","Treg"
"6503","754c496b-28b0-4ca7-b016-f2d148010a50","epithelia"
"6504","754d7e1c-a037-4ed0-a995-54e14acdca02","epithelia"
"6505","755099a2-328b-4259-a961-b7eeab081c08","NKcells"
"6506","7555ce45-f5d7-451b-a30b-13952b070664","epithelia"
"6507","755c3d15-0155-4ae0-b38a-36ef9ba1bfbe","epithelia"
"6508","75607034-50fb-4e1b-912c-c6a6e236201f","immune"
"6509","756154b1-2a62-4ca0-9d37-07ce84739288","epithelia"
"6510","75723cd0-957e-4e0f-a558-e636b06eeb1b","epithelia"
"6511","7572c26b-60ab-4453-9037-e76bf290c084","epithelia"
"6512","75769a95-90f8-4fc8-b37d-d251a95d465e","epithelia"
"6513","7581eedb-f528-475d-bcab-729fb259d410","epithelia"
"6514","75862821-b947-4bad-b31d-ae496c70f342","Unknown"
"6515","7586a0aa-3d69-4fb1-ac2f-3fd9bd355c59","myeloid"
"6516","758890d1-fe64-4dab-a31e-010d7bf1a8c7","NKcells"
"6517","758a7a1a-2337-4547-846f-f5602fe5d008","Treg"
"6518","758ae8d2-f5fd-46cd-9662-c3f68ed86de0","NKcells"
"6519","759100ff-6aa4-47f6-aaf9-d4f7cd41c56b","epithelia"
"6520","7595bf6c-4004-4188-a52e-01c41bf4e29e","epithelia"
"6521","7595d93a-ce06-4e5b-b165-e8265012e6c2","epithelia"
"6522","7598609d-dcfc-4e64-a45a-ce4f74f59fb9","NKcells"
"6523","7598d8e3-23f7-4cc9-8175-6b2205eedb1d","epithelia"
"6524","75994644-d5c9-46d1-9ba7-60338025f5cb","CD8_T"
"6525","75a06344-2d72-456c-a144-68b6f168f02a","stroma"
"6526","75aa3b9a-d10a-4e0b-a591-58590cfd45a0","epithelia"
"6527","75afa0f1-b258-425d-a399-cd126877bdfe","myeloid"
"6528","75b02c23-243e-48c6-9975-507393541bb3","epithelia"
"6529","75bfaf0d-eb1d-4686-b9cb-0dcfc9a88b08","epithelia"
"6530","75c87aad-5832-4b04-90d7-af59fd53da7e","Unknown"
"6531","75c8a60a-5072-43c8-a2c8-2709ae5a3343","epithelia"
"6532","75ca3554-4e3e-4c84-bd3b-2c83a9a8106e","epithelia"
"6533","75cb73a7-7f94-426b-b931-10839c96a7e8","epithelia"
"6534","75dc0550-56f1-4065-9601-54bd7eccd4f8","epithelia"
"6535","75e1ebf4-a548-4439-9447-085666f5f505","epithelia"
"6536","75e28c60-134a-4636-a58f-dfb036d209b7","epithelia"
"6537","75e559c4-b5b5-4cdb-a361-35fb67d0a5e4","CD4_T"
"6538","75e6a406-b966-4d4d-91ed-79f6a96afd92","epithelia"
"6539","75f19757-d29b-41ce-9dc8-a25daf669b17","epithelia"
"6540","75f43a1d-32e5-45f5-8e24-08c07aea6d4c","Unknown"
"6541","75f4ffd9-a098-4a4e-984d-6c97f526b33d","epithelia"
"6542","75f5cbce-19ae-4948-ac10-43abc2a19ade","myeloid"
"6543","75f768dd-2b6f-49ab-a7f6-70d549245b1c","epithelia"
"6544","75fb4ce2-9e5a-4aac-9f81-eb359635826a","epithelia"
"6545","76016bae-c4e6-48a2-b78a-3f887a971c1d","epithelia"
"6546","760644b3-7128-41eb-a546-1da6e20eb64b","epithelia"
"6547","7606f1c1-e3a8-44b6-966e-03a0027158f7","epithelia"
"6548","761a1abf-14a1-43b0-87c6-cd233b7a2da8","epithelia"
"6549","761aee68-ee08-4606-9eb3-75c5e4ac8c9a","epithelia"
"6550","761dac21-612b-4ff6-8298-fdc94d1d3312","immune"
"6551","761e5c26-ed7a-4d69-8bc8-26d8b3213979","epithelia"
"6552","761fb9a4-393e-477b-8ce3-7279b3a06b6e","CD8_T"
"6553","7623d8bd-0c08-4f92-aa63-82e43aa57757","NKcells"
"6554","7624b638-b134-4d73-b924-b0ec93235834","Unknown"
"6555","76315c7e-a6cd-4756-a3c8-35c44e1d327e","epithelia"
"6556","76342925-6196-4f68-a6a8-35a1d1b263ab","epithelia"
"6557","763c179c-43f5-4844-bad5-e4c7718d9c89","epithelia"
"6558","764738af-3760-45f9-8099-f091c9608f43","epithelia"
"6559","764d4cda-704a-42b2-a394-85cffa4a77e3","epithelia"
"6560","7653a1fe-a6c1-40ee-be41-0ba55c8db5ae","epithelia"
"6561","76550d0d-7267-4895-85a8-755b6572e5a7","epithelia"
"6562","76577a10-1722-493e-9202-6581ff717f3f","Unknown"
"6563","765c72cb-f52c-482b-8723-d280d4ea75db","epithelia"
"6564","765efa48-cc76-4514-8ac9-15d08512dacb","immune"
"6565","76613fa2-a3f7-4d28-a707-70a50f044496","Unknown"
"6566","76678844-e64b-4a8e-9249-4df32ee83f4d","immune"
"6567","7669af03-5b50-4240-b276-bb30dbf7fdb9","Unknown"
"6568","766eb054-696e-4a1e-b6af-848ad5680d7f","NKcells"
"6569","7670afdf-09d4-4b2f-adb1-254ee3f9ded8","epithelia"
"6570","767abeb8-353d-4371-8d9d-5c67df55282f","Unknown"
"6571","7684f6a3-85d3-4440-8ed1-e7bb87f11675","epithelia"
"6572","7689c908-d050-4b77-b584-f4b90e0887ed","epithelia"
"6573","7689e70e-272b-4775-822a-b9158ae78397","myeloid"
"6574","768afbdf-fb74-41bd-8712-9f2459793417","NKcells"
"6575","76955495-a70a-41bc-84dd-9da5b537732c","epithelia"
"6576","76983982-21b4-46f0-9f46-31265bfe1be4","epithelia"
"6577","769a23b4-eceb-49ce-9305-fd7f50edc551","epithelia"
"6578","769fd459-1e3a-4848-93c9-65ac2a4d0db7","CD8_T"
"6579","76a1762e-9a40-4b7c-bd41-bfbb19690871","epithelia"
"6580","76a5350a-d2db-4326-84ce-e639ddbbf2fd","NKcells"
"6581","76ad1c9f-62ca-4f1c-a850-0d372198ed7e","epithelia"
"6582","76b35f22-1242-4d59-bf95-088ad4b35adc","epithelia"
"6583","76b52dfa-beab-44d1-8dd9-aca151c31c72","epithelia"
"6584","76bf8b71-9a29-49a9-be01-138303d97ba2","epithelia"
"6585","76c163cb-d535-4750-9232-121fc5156e7a","Unknown"
"6586","76d7c9a5-0aa4-4f90-b322-f768309c4b54","epithelia"
"6587","76d9eb54-e75d-4f2f-b50f-7d212c0ff252","CD8_T"
"6588","76dc5cf0-bf6b-485f-94a3-aa7d26098f5b","Unknown"
"6589","76dca302-2ff2-44a9-8f0e-7de2923264a2","epithelia"
"6590","76e18de7-cf82-4876-bd47-d993457347b8","NKcells"
"6591","76e4c783-d691-4993-9c2c-c62f5ab39587","epithelia"
"6592","76e5d3e3-0ebc-4ab4-9531-88554b85f60f","epithelia"
"6593","76f07de4-c620-40dd-9716-4b459dcb5588","epithelia"
"6594","76f779f8-e0e9-481f-81a0-b9ef652f410e","myeloid"
"6595","76faac5f-8d6a-4b1a-9f36-4d367531e221","epithelia"
"6596","76fcfdd0-27df-4332-b46b-a2a1b361868b","Unknown"
"6597","76fd6b27-da9e-4bbb-a95a-8bb90de310ac","NKcells"
"6598","76fdcba9-227e-4c61-902a-39a9c665d70d","Unknown"
"6599","76fec99b-9265-4462-af31-0878b462c355","NKcells"
"6600","7703321f-14c2-4c7f-8ef0-a94997495958","endothelia"
"6601","77223dc0-0cc9-45f2-b608-355355173085","epithelia"
"6602","7726d2f9-bd8f-420c-a30b-726d46cf67aa","stroma"
"6603","7736176e-d22d-437a-94b7-3f9abdc798f7","NKcells"
"6604","773db056-54fe-4fa0-bf69-64162a0e7f86","immune"
"6605","773ee8d5-48ec-4c50-ad60-e5e3bb8eff28","epithelia"
"6606","7743e7a7-18ef-4546-a0a7-e821ead37e08","epithelia"
"6607","77456b67-1e7d-4b29-a96e-50678ff4404c","epithelia"
"6608","77465bd5-618b-469e-b5f3-cefe1c366a34","NKcells"
"6609","77508db3-ad0a-437c-a7cb-991456fa9a91","epithelia"
"6610","7757b196-ed89-4dca-9322-421be63d9446","NKcells"
"6611","775977de-41c7-434c-8842-cd69885197de","NKcells"
"6612","7765dea0-c03e-4605-90b1-76c017bfc7ff","epithelia"
"6613","776640a9-fdcb-4f4c-84db-91ac387cae82","CD8_T"
"6614","776e1f94-cddf-4ac3-abae-4bdc70f589f2","epithelia"
"6615","777734ee-8fa4-44db-a621-49dc793b3796","epithelia"
"6616","7779386a-badf-4f5b-b3b2-1523ea1f2bae","epithelia"
"6617","777aa77e-c545-4ae9-9518-33f0db07fab6","epithelia"
"6618","777b1528-0c69-4c6b-a00a-782cba4c5325","epithelia"
"6619","777e88d9-d91f-41db-8209-58fbc7cd4209","epithelia"
"6620","77802586-320a-40a5-ae1f-90f81e61ce89","NKcells"
"6621","77827218-47cb-4701-93f1-3b4afab1b2b7","NKcells"
"6622","778633ba-2ca6-4b0f-83b4-f41a7f44246f","epithelia"
"6623","77886ff1-c1ef-4d75-95d1-bb712de97f6e","epithelia"
"6624","778e1a13-94ec-4bca-bf37-d39d00740608","NKcells"
"6625","7796b31f-6b21-434e-a1fb-230525918446","NKcells"
"6626","779b5560-4e8b-4ca8-bfd3-fb33639d393c","Unknown"
"6627","779ce52e-acd5-460e-967f-dbd6b14c68a5","epithelia"
"6628","77a5fce9-a478-4338-bebb-f5f0f4257185","endothelia"
"6629","77ab90be-692a-4793-908e-0bb1a0f5ecc1","Unknown"
"6630","77ad24da-a970-4002-abbb-5b9718f193ff","CD8_T"
"6631","77b4006f-8aa1-43a5-b666-d911fbba37b3","CD4_T"
"6632","77b6fb0e-5828-42d7-9d32-9fda7e604113","epithelia"
"6633","77bed86f-a1d6-4579-9cf5-d05086ff81de","Unknown"
"6634","77bffa92-d757-427f-8c5a-99e112cba01a","CD8_T"
"6635","77c1dbee-c4c4-4832-aa63-5c9e21e7cae0","CD8_T"
"6636","77c285b7-cadb-49ba-9579-779729ac5c4e","epithelia"
"6637","77c44223-d742-49a9-b509-4cb28e746f54","CD8_T"
"6638","77c738a8-6273-4dc4-8560-bbec96103f27","epithelia"
"6639","77e32a5a-f588-465c-9d14-06687ceabd68","epithelia"
"6640","77ecd05a-7919-45d5-83f4-dd47bd0219e2","myeloid"
"6641","77ef2628-721f-460f-a906-38815cc89f16","epithelia"
"6642","77f1a444-fbcb-496f-a485-7703c2f9fb43","epithelia"
"6643","77f28780-a282-4cb7-9227-6e7f16770896","NKcells"
"6644","77f30e56-be56-4a57-8ab6-89d8ab789e65","epithelia"
"6645","77f7b73c-be66-48bd-a199-97c0069d5dd1","epithelia"
"6646","77fbeb52-6663-4af9-827f-d576281f6063","epithelia"
"6647","77fef4d3-10c5-4656-bace-5e16f579820a","myeloid"
"6648","77ff0a3f-6b6c-4464-bc5b-5587c18adecc","epithelia"
"6649","7800b7c6-a4ca-4bd1-a437-28e2e788d0ec","epithelia"
"6650","7800bb7d-e7c2-40f6-a62e-146d104bd046","NKcells"
"6651","781b61a2-b86b-401c-89a1-b4a4493e0e40","epithelia"
"6652","78214b18-de44-452c-9a7b-1e6557c9432d","epithelia"
"6653","7826da73-39c5-41f5-aa3b-767b42e59fcd","NKcells"
"6654","78311bd9-0bb1-413a-bd20-7c6d18798ee8","stroma"
"6655","7834daee-0bc2-43f0-b9de-8ea7f5200012","epithelia"
"6656","78374e63-75a3-471b-bac3-4f5b51501683","epithelia"
"6657","7838f3fc-56c8-4f7f-af2c-1e4ef747dd5a","epithelia"
"6658","7839ffbf-c6b1-499d-af57-4bd3bd3ebea4","T_cells"
"6659","784fec65-5b80-44d4-84eb-dfff81a48275","CD8_T"
"6660","78519e4b-d68c-4963-b197-0978f73d9cc2","NKcells"
"6661","78595eac-c72d-4f70-b321-fe106d7cd8a0","epithelia"
"6662","7862208f-3ebe-469d-9bf1-66b19dd1dfba","Unknown"
"6663","78650028-ed04-45c3-ad74-97f5777d6cc7","epithelia"
"6664","7865ea65-0789-475f-9284-453377caaf36","myeloid"
"6665","7869644e-ae16-4a62-a3dc-91a789895db6","NKcells"
"6666","786e5d7f-be38-436f-8589-5f3b6e595b0e","epithelia"
"6667","7875cb78-1ad9-4f9c-9c45-84d7d091fc52","epithelia"
"6668","787bba0c-82c2-4741-9526-1dc8baa392d0","CD8_T"
"6669","7881f389-4c27-4092-b8ef-3f5d7fc2d7cf","epithelia"
"6670","7888ca5a-58e0-46c2-b524-c5d1538230ca","epithelia"
"6671","788aaffd-f3f1-4eec-aa1f-46bb73a6299e","epithelia"
"6672","788c3b40-ac60-4792-a847-c90d02cdcfba","epithelia"
"6673","7891c3a5-2bba-464c-8651-e22c780a72cf","epithelia"
"6674","7892a42e-69e2-4dc0-b6da-1c0d1a0d1fca","epithelia"
"6675","78934270-98d1-4477-961a-e8b15d5bb4f2","epithelia"
"6676","789764a2-e8fb-4d42-9f2a-4dd9aecc28de","NKcells"
"6677","789ab428-7a5f-43a8-bec4-7326b9b0e240","epithelia"
"6678","789b8af6-7c97-42e2-953f-530480ed3050","epithelia"
"6679","78a14eb8-3884-44ee-87eb-057a6819a380","NKcells"
"6680","78a9ce61-34cc-4e51-ac2c-e16bebd96e82","myeloid"
"6681","78aa1516-40d9-4acd-a7ee-9352103d2116","NKcells"
"6682","78aa713d-8aaf-44f7-bbf7-5a6bb88f799f","epithelia"
"6683","78ab8f1c-5fcc-4022-878a-20b229fb723e","epithelia"
"6684","78af5a0b-dff0-4075-a75a-68fc48af473d","epithelia"
"6685","78b01c42-d9ed-4e7b-9776-331166de91a1","epithelia"
"6686","78b3afe5-740d-4c05-a1fb-6cd2888d2a79","Unknown"
"6687","78c06efc-253b-499b-b6d3-57880d3c6f36","epithelia"
"6688","78c3113b-74e4-4974-bd13-c7f9d73edc4b","epithelia"
"6689","78c31cb0-b723-49fa-bcbf-2ae7c5361d15","epithelia"
"6690","78c599d3-f218-4d1b-bc0b-772059b16cc5","epithelia"
"6691","78c70a2a-e722-4a13-9258-fdeb8c02cc44","NKcells"
"6692","78ca5316-dd03-4f81-ac43-d737cb304568","epithelia"
"6693","78cc7a0a-cd54-4667-bdb7-60fdf3c2c1f8","epithelia"
"6694","78ccc3fc-9dc3-45f2-994e-d563498ccdd5","epithelia"
"6695","78d5e60c-88d7-4466-9c12-c641e95500b2","immune"
"6696","78d9e255-fc24-4be8-8219-f512f4921dfa","epithelia"
"6697","78da1a82-651f-4fb7-9cc3-212dba48df65","NKcells"
"6698","78e3eb8b-80ea-4cfb-88f7-0168f91a6b41","epithelia"
"6699","78e9060f-23d5-4423-a3ce-a505c5a0a6bf","NKcells"
"6700","78ee3267-da1d-4872-b692-f80b90c6f0aa","immune"
"6701","79038330-12ef-42d8-8cad-a15dece05681","epithelia"
"6702","7913acc4-0ce8-4328-8718-18f0cb8a2f38","epithelia"
"6703","79152132-d2aa-4e8c-9173-05dbb183a7a5","epithelia"
"6704","7915fa13-e519-4d06-b5fa-2f8b51fa993e","epithelia"
"6705","7916fa43-b1a2-4072-8919-8839e66c1aba","epithelia"
"6706","79200570-ffdf-4456-acde-e0f146db072e","epithelia"
"6707","7920d8a2-1b28-4801-bca1-fda2682f5758","epithelia"
"6708","7926a757-6d77-488d-bb25-0fd6f796ea91","NKcells"
"6709","792799ea-5f81-4b4c-843f-c168a5c13fb6","endothelia"
"6710","792b13c2-8dac-4663-8c8e-1c724654ea64","epithelia"
"6711","792baf66-7e9e-4147-921d-785e8188e2cf","NKcells"
"6712","792d7258-5476-44cc-980d-c129948d02a1","endothelia"
"6713","792e8d8c-d402-45ee-8ceb-c1dec10198af","epithelia"
"6714","793033e8-b17d-4997-9fcb-3197d3fa915e","epithelia"
"6715","793b1654-b7c0-47d2-a284-6341a41f61f8","epithelia"
"6716","793da945-6f5a-4654-b32e-5b92b28b6e71","Unknown"
"6717","793e1fdc-856e-451d-bc50-20bb2970fd34","CD8_T"
"6718","793e26bc-5eb1-4f12-9285-06e0de88295f","CD8_T"
"6719","79454890-57f5-4dd6-8ca1-25ddc3c01cc4","NKcells"
"6720","794654c1-2b36-4293-b28c-d6fee8306716","NKcells"
"6721","7958b2d4-161f-48dc-8fd7-67515fa3ed36","epithelia"
"6722","796df171-0b2c-49a7-bbf1-b8040ea2aa65","epithelia"
"6723","7972013c-2b5e-4112-9c48-231b06bade79","Unknown"
"6724","7978d4fd-2843-4b91-8cf4-82cee7e8c214","epithelia"
"6725","797cef5b-0578-4e7f-bfee-64849d9cada0","epithelia"
"6726","798148ba-ad40-4d03-9d46-507f6c6184d7","epithelia"
"6727","79839edc-14c7-4e3b-879c-0e0a498951dd","epithelia"
"6728","7983a45a-04d1-446c-9c2d-1f5088282f65","immune"
"6729","79982f6b-ea20-4314-897d-e618393c8c60","epithelia"
"6730","799cb632-2bcf-46fb-9566-c5e0947b2747","epithelia"
"6731","799f164f-d487-43f7-8d32-1e3f67231f94","epithelia"
"6732","79a5a0f6-4ffb-430b-9c3a-f8c1b121bce9","epithelia"
"6733","79af2de7-a2ba-4a99-996c-8fdf8b471627","epithelia"
"6734","79b29f05-bbde-4aa4-8bec-6e332bc1abeb","Unknown"
"6735","79bcdc8d-e1f0-4b1e-93f1-356277af8736","epithelia"
"6736","79be0777-ed12-4a83-9271-fdf3755fd234","CD8_T"
"6737","79c52836-1332-407e-b5c0-bab01d32b076","stroma"
"6738","79c9a962-4ac1-4adf-9a49-bad711b256f8","epithelia"
"6739","79c9add3-66b9-423d-bc3a-65fec19209c7","epithelia"
"6740","79cd893c-de63-48d1-82ae-28b0ccebff4c","endothelia"
"6741","79d87388-07a9-4935-a306-9c8f1d189fd2","epithelia"
"6742","79dd3827-d18c-4fd3-8922-c37bd90cb5f3","NKcells"
"6743","79e22434-7660-4ed8-abae-536073253894","immune"
"6744","79eaf1e8-6fe9-4f6e-819c-bdceb1bcca91","epithelia"
"6745","79eeaf61-30bd-4792-bc21-6e1cfa6f8d56","epithelia"
"6746","79f07841-cd85-4969-9590-b23d4e7c85f0","epithelia"
"6747","79f0ecf8-6343-4dde-9827-ea3648df775c","epithelia"
"6748","79f2c3e4-027d-480b-9b56-efee971f3abe","NKcells"
"6749","79f2fe71-4d79-4ab8-955c-96cf5c981869","epithelia"
"6750","79fa65a1-d912-4fa8-92e6-749fb291ff72","epithelia"
"6751","79fdf2fd-5d0c-4942-aa89-599f2e1a5c30","epithelia"
"6752","7a010e25-5214-4f17-8c31-1e6f517dec1e","epithelia"
"6753","7a0137e5-9c4c-4cce-9fc9-f9d1ff256b09","epithelia"
"6754","7a0704ad-82ab-4ce4-b829-b079bf4ac76c","immune"
"6755","7a07ba4d-cbca-45ba-98c4-b55d88dfbe27","epithelia"
"6756","7a0acf04-c62b-4a4d-857a-cc9946d36ea4","epithelia"
"6757","7a1000e6-fd64-4a46-9952-adb4e578a9f6","epithelia"
"6758","7a18741c-fe1c-4be4-a580-c7535b238ea5","epithelia"
"6759","7a18af31-e401-420d-a7bb-f8a51545ce4a","epithelia"
"6760","7a20dcc3-d3de-4936-8fa5-96a7b31415c1","Unknown"
"6761","7a2607b2-f8ab-4579-88c1-caf15a1f1395","myeloid"
"6762","7a2e3179-1cb6-41e6-a351-4b7308991340","epithelia"
"6763","7a2f97e0-e83b-4b70-a751-3cb22afb87bf","NKcells"
"6764","7a2fe2df-79c3-4bfd-9969-84e1ba1e0768","Unknown"
"6765","7a3646f8-2a33-429d-b4df-715e4780914d","epithelia"
"6766","7a3d353d-4d93-4ee7-afde-61532a0d754f","epithelia"
"6767","7a4ae1d9-45b0-48e6-887c-e6e2b82177af","epithelia"
"6768","7a4d50f7-6071-44e4-8174-632a6527973d","epithelia"
"6769","7a508d09-6319-42e0-ab99-47e55d79260b","NKcells"
"6770","7a568389-8b0c-486f-9d57-2e8642f5e828","myeloid"
"6771","7a5b6743-3c9a-4a7b-85a0-44403c4d002a","Unknown"
"6772","7a6452a5-a9bc-4674-a487-142b0ceee25e","epithelia"
"6773","7a6664f9-bfe7-4da3-bcfc-e96e41463c06","endothelia"
"6774","7a66bbf6-cd21-4758-8398-aef77a92af53","NKcells"
"6775","7a73b6d5-2a6d-4790-a9d6-614ed0db2731","endothelia"
"6776","7a77f1da-2254-494b-a561-0b6e5205cd1b","endothelia"
"6777","7a842dc5-7be8-4074-9e7b-518bca184cb3","epithelia"
"6778","7a8cdfb5-f62c-48cf-80aa-61d049b1f15f","CD4_T"
"6779","7a8cec10-d4fa-48de-a894-59953b7bd0e7","Unknown"
"6780","7a8d322c-b9ae-4987-b032-3f93f7f7a8e8","NKcells"
"6781","7a8e455d-60df-492f-862c-06847a893ccb","epithelia"
"6782","7a961574-a62f-40cd-aa42-16cddc697648","immune"
"6783","7a9c3a4f-8a2b-4c29-8b08-aed3326caef9","stroma"
"6784","7a9ff773-148a-4cd9-9179-a4d601bc1d47","epithelia"
"6785","7aa79d5f-6219-4e8b-9519-718e6492cff0","Unknown"
"6786","7aa7f70d-234b-4d09-b9db-6090f1ca4c39","epithelia"
"6787","7aae8ad9-6390-4f25-b2e4-df76714f5461","epithelia"
"6788","7aaffbe4-fe34-4e01-bc41-9fdbbe194dca","epithelia"
"6789","7ab10c20-baf2-42ef-99d0-2dfa485a210e","CD8_T"
"6790","7ab47942-dc0f-4d23-9f62-c12163438c39","epithelia"
"6791","7ab73611-b832-4446-97f3-b15fbf4e34ab","epithelia"
"6792","7abf0248-fc79-4398-b7bf-dfc20cad35ff","NKcells"
"6793","7abf3f14-afa2-4157-8825-2ea60a759235","T_cells"
"6794","7abfb936-4485-4a9a-b5e5-9d5d1a856701","epithelia"
"6795","7ac0bbf6-6e7b-4957-9019-ec926671662a","CD8_T"
"6796","7ac34739-e3ff-4881-9c3a-ae9c1f5386bc","epithelia"
"6797","7ac3d96b-55b4-43dc-85c0-ad5203e80126","NKcells"
"6798","7ac86541-aebc-408b-b147-a4493db0fe27","immune"
"6799","7aca2992-4db2-4d33-b307-9bf55da7db8f","Unknown"
"6800","7aca5a2b-8754-4905-a6d7-7aee26d73bd2","epithelia"
"6801","7acad16c-0a78-4903-9939-a8ce7d372a58","epithelia"
"6802","7acb1b67-a007-4088-9a93-a883df89879f","epithelia"
"6803","7acb8691-0ce0-44f2-ae21-7784ca6c2328","epithelia"
"6804","7acd7982-3a74-47a2-9585-262e9e28380c","epithelia"
"6805","7acfe9b0-b98c-4c1b-b80f-61f530ee59fb","epithelia"
"6806","7ade0e35-0596-45bb-81a9-48d4362e4d1b","epithelia"
"6807","7ae6894e-4116-46a9-9adf-c06e03567cda","Treg"
"6808","7ae6c7f6-b72b-4e4f-9dbf-f3715aef49d9","NKcells"
"6809","7aec2075-679e-4d53-9a39-b6fb827eef12","epithelia"
"6810","7afbcaed-51bb-463c-a677-09e41d097ffe","Unknown"
"6811","7aff035d-d1d3-413f-941a-bcae075e0654","CD8_T"
"6812","7aff6589-1ea7-4f62-a048-e6558558aa92","endothelia"
"6813","7b032127-73ec-4138-9d94-0c301afe5860","epithelia"
"6814","7b035264-d14c-41c2-a484-c7dbba7058e6","epithelia"
"6815","7b121901-fda6-4d28-817f-ebbdfceae96d","immune"
"6816","7b195845-9b3f-4ea3-a8b5-1739170fe710","epithelia"
"6817","7b1c0422-3d41-45f0-b50e-87d9a5630ac3","epithelia"
"6818","7b1d19cc-d05b-4fe6-aabe-7a9c2f688f6c","Treg"
"6819","7b1df46c-45d6-424c-b4cc-8d2966906e9b","immune"
"6820","7b29e028-5afd-4cf3-8ee9-e401c7fb5d87","NKcells"
"6821","7b353925-e52f-4933-986c-1e531151bf13","epithelia"
"6822","7b3671bc-29aa-41ab-9968-7ec8acb310ec","epithelia"
"6823","7b3c2ab1-404d-49b2-946e-ff3d79651bd2","epithelia"
"6824","7b42f6d9-7aa1-421a-ace6-f415bd739700","epithelia"
"6825","7b4391ca-66d6-45c9-9450-fb235913970c","epithelia"
"6826","7b4c7a89-2eb4-4cdf-970f-b4481d683597","epithelia"
"6827","7b4fa830-c814-4eec-949d-1a37171d3827","CD8_T"
"6828","7b50848c-55b4-46b9-95f7-00616e9133c9","NKcells"
"6829","7b574677-beee-4896-94b4-5cee1829bd77","NKcells"
"6830","7b57a29e-620f-4c7c-a7d0-e006d463417d","Unknown"
"6831","7b5d356e-9468-4641-b6f2-cd84269badef","epithelia"
"6832","7b6069ba-96f4-47f8-9eaa-0090cd4ae91d","NKcells"
"6833","7b64074c-e0bc-4de2-afda-b10705bf68db","epithelia"
"6834","7b6cb9d6-cb8a-4a9a-8383-2da3ee35a356","epithelia"
"6835","7b6e2dcc-f426-45ea-ba76-292b43e499c6","Unknown"
"6836","7b7527e0-7ee3-4a62-a085-30461f57655b","epithelia"
"6837","7b75fed2-5072-4fd3-b2d3-47d782b9f859","epithelia"
"6838","7b796f9a-4865-492f-bf4d-cb843d02898f","Unknown"
"6839","7b7de04c-7fc7-450c-8c6a-00d56219c772","epithelia"
"6840","7b859978-2f30-4160-a355-e2e970119f30","epithelia"
"6841","7b90be2e-a857-4c63-96c7-011207402132","epithelia"
"6842","7b9a8af7-41f5-4381-8120-aef17435ec83","epithelia"
"6843","7b9a8d6d-c5ed-4069-85e0-a9f84ada02b7","epithelia"
"6844","7b9e7d9b-0931-4f5f-a9d1-0c9e5877d4c9","CD8_T"
"6845","7b9fecba-d6e1-46e8-93fe-7823720ca863","epithelia"
"6846","7b9fff54-5a22-49ee-939f-a00cf7a0fe2d","stroma"
"6847","7ba4a9b2-1169-44c0-9bf7-e2f800be1619","epithelia"
"6848","7ba5ac0a-a351-4104-bf41-13b2553ebd2f","stroma"
"6849","7babef95-c869-456f-aec2-158f20c6a6cf","epithelia"
"6850","7bafda5d-a0d4-403a-b54c-02110d0431f6","epithelia"
"6851","7bb7d65b-bd62-4864-9c52-ace81d9ef720","epithelia"
"6852","7bbaba33-823c-430e-becc-71cb7744d064","epithelia"
"6853","7bbd1fbb-752b-4dce-bee6-28b333caa334","epithelia"
"6854","7bc3a8c8-11ac-46c9-b6d5-ebcd65b503e6","epithelia"
"6855","7bca90d7-ae8b-4f55-aa84-8496aacdbb99","epithelia"
"6856","7bcd9e8b-c4cc-41f1-9e73-3e07dad4e057","epithelia"
"6857","7bd21066-729d-4d5e-855b-c36f3214ff33","epithelia"
"6858","7bdf345b-e4f6-4a49-964b-47d097071b7f","myeloid"
"6859","7bdffd7a-23ff-4d47-9ee8-41d28e296124","epithelia"
"6860","7be2d902-a346-4d0c-93a0-ff14d8c91d0f","epithelia"
"6861","7beea509-708a-4917-a6a6-2b2387579da9","NKcells"
"6862","7bf2a564-42cb-45e3-bf69-92de4b842354","epithelia"
"6863","7bf79913-d2bf-4978-9301-d4ce6ffb1b88","CD8_T"
"6864","7c00ee21-1e10-4eed-b47d-28d5fbc3ec59","NKcells"
"6865","7c023365-b7b7-40e1-aa4a-af895120084a","myeloid"
"6866","7c027fc9-3340-4f2e-a82c-010dc0c1fff6","myeloid"
"6867","7c03efe0-b067-4f25-baf0-2844a0fda4ed","Unknown"
"6868","7c05c303-1f0e-4a31-aff8-a60089050fd9","epithelia"
"6869","7c08237e-623b-4bd5-9689-1779082f005b","epithelia"
"6870","7c09cb20-1642-402f-9b95-36aa572be53b","CD8_T"
"6871","7c0c15ea-e99a-4cc3-86f6-60aa3a9cdc96","CD4_T"
"6872","7c0f5335-39cc-4b03-bf57-b7e126d285bc","epithelia"
"6873","7c136aa9-dddd-4596-a7c1-ca770ca04ba4","epithelia"
"6874","7c13cd6d-df3b-47bf-ab43-f38aff8b692e","myeloid"
"6875","7c148016-b5dd-4a41-a861-fae9089c911f","CD8_T"
"6876","7c1a717f-b001-4b79-ae55-3810da6bf241","epithelia"
"6877","7c1bb786-e7a2-4ff7-9026-8d97c8d5aba2","epithelia"
"6878","7c1dfa78-688a-4127-85cc-2333bc13da42","epithelia"
"6879","7c1ed557-ff63-4a47-8b75-a0bcc06abcea","T_cells"
"6880","7c1ff869-a719-47ba-9817-abbc128b8223","epithelia"
"6881","7c227b84-fe11-48e9-9b85-da46707fcbe8","epithelia"
"6882","7c24356b-e5ba-425f-8292-825848389c6d","NKcells"
"6883","7c28b1ac-4441-401d-b327-aec918df2687","NKcells"
"6884","7c317381-5e80-467b-8ab0-8d55fbfd98cb","myeloid"
"6885","7c31a31c-eb48-4f7a-89d5-f639d2b253cc","myeloid"
"6886","7c34270b-6051-460e-a896-4dbad5dba0b7","epithelia"
"6887","7c377f7e-97c7-4ce6-afec-d72273775cdc","NKcells"
"6888","7c3af370-5735-449e-b270-17839e8f58b3","epithelia"
"6889","7c460c3b-fa7a-4a92-a500-6944f0a78b9e","CD8_T"
"6890","7c4aa162-5d6f-495e-b7ba-6d44d79cea4b","epithelia"
"6891","7c4dedd3-6353-461b-91d5-327cb0cf621e","epithelia"
"6892","7c4f50f4-5bf4-4b23-858f-3ee24f21981e","NKcells"
"6893","7c510790-e6b3-43c8-9149-0e7cf869ea3b","CD8_T"
"6894","7c51b172-1f93-4f32-b4ad-c14177611464","NKcells"
"6895","7c5776a3-cee5-4318-b948-a4ddb6038a51","CD8_T"
"6896","7c5778e7-f88c-4489-bec2-3ec1ba29eb3c","epithelia"
"6897","7c5c855c-90bc-4bf3-8035-cf240b7c985e","NKcells"
"6898","7c62ed6e-1093-46de-b10d-a7e752ee2f03","epithelia"
"6899","7c714f03-cdf8-4364-8b49-15524e5123f2","CD8_T"
"6900","7c77fed4-6ff3-4bd4-b8fe-7f087faf4b2c","myeloid"
"6901","7c792bd6-7fbb-47f4-9df9-58ac5a5f52e3","epithelia"
"6902","7c7c7fad-18cd-4690-ada3-fa9d8c0c248f","Unknown"
"6903","7c8c156a-4065-465b-915b-89fb4e8b3b53","Treg"
"6904","7c8c4cea-1a06-4b98-91e1-bee8a12235ca","epithelia"
"6905","7c8e237c-aabf-463a-a819-47a8fdc36877","epithelia"
"6906","7c8e8d21-644c-4a25-9d86-d0a9f8c72f82","epithelia"
"6907","7c8f2d27-2c74-4b27-80ea-e1eb3ad9ff7d","epithelia"
"6908","7c95609a-a05b-40ce-bddc-f88e3291d881","epithelia"
"6909","7c96aa3f-653d-47dd-a5e3-b6bf41fad06f","epithelia"
"6910","7c96bbf1-e1d9-4cfd-96fb-5a77a2c4e2af","epithelia"
"6911","7ca05f82-bebb-4230-b54e-686d04c28734","myeloid"
"6912","7ca72328-11c5-41b7-af56-c2a3c4b6e78c","epithelia"
"6913","7cab2e4f-2eb1-4943-96df-b6c8fc077bbc","epithelia"
"6914","7cabd19b-f951-420d-b3fd-a0faaade6a82","epithelia"
"6915","7cb0fafc-2df8-456e-a9f9-5e97bb768f75","epithelia"
"6916","7cb2a9a5-e997-458d-a05d-3163ae9a9a37","epithelia"
"6917","7cb72103-069b-4a5a-a035-a1a5b2baa22f","epithelia"
"6918","7cbb7561-6f68-477d-9ec4-21edeb6387ab","epithelia"
"6919","7cbdb533-0adf-4c12-b9ae-382e652d5415","Bcells"
"6920","7cbf1e12-96b3-448a-9c05-59f8220afae0","epithelia"
"6921","7cbf3124-63ee-4874-bdcd-c3b2f928e3d8","epithelia"
"6922","7cc0ed4b-2347-42c0-9209-e143df48c100","epithelia"
"6923","7cc5616f-0791-4b55-b92a-3c2fb4b54f4a","Unknown"
"6924","7ccee47e-2dbb-4f76-aecc-a06b59874b1d","epithelia"
"6925","7cd025e5-f778-4a04-a484-0e58552edc48","epithelia"
"6926","7cd96118-a2b1-475a-b8fb-329e35c34776","stroma"
"6927","7cdc71e9-ffd0-43c8-a547-a26f7c5fa349","epithelia"
"6928","7cdcbd09-9a32-4ef2-8b6f-831c0d2eb6ef","epithelia"
"6929","7cdf653a-cdfd-4ef2-8951-68568c6e8a39","epithelia"
"6930","7ce3dff5-28fb-4d2e-93fd-742932bf35a4","epithelia"
"6931","7ce6359c-08a8-4a72-b482-58ca82678671","immune"
"6932","7ce697a3-8069-44fa-b854-b2e7b802a016","epithelia"
"6933","7ce8483a-4c3a-44e8-9aa5-f2f199702f11","epithelia"
"6934","7cea2ed6-f7f5-4ff3-82cd-74d9b8935b6c","epithelia"
"6935","7cf6ed97-1995-4162-8f84-d4f634e99bb1","stroma"
"6936","7cf7601f-fd13-4175-8b2c-a57cb8a2e415","epithelia"
"6937","7cfb9288-65ea-488e-ad61-7c656d495c78","epithelia"
"6938","7d04f496-21a3-4f82-87e6-ed94eaf21544","Treg"
"6939","7d0743e3-65ce-4ee9-8063-68924050f3a1","CD8_T"
"6940","7d0e0379-9557-428e-9da9-d22a734e714b","epithelia"
"6941","7d120a4d-295a-4b18-afff-e1f6eb67ff3b","epithelia"
"6942","7d16cd69-66b3-469e-9f71-608242bf5cfd","epithelia"
"6943","7d23eb70-6dc3-423d-93b8-980bad892824","epithelia"
"6944","7d23eb9c-7d52-4aab-9f44-83fe8848f963","epithelia"
"6945","7d244dbc-f5b3-45dc-a57c-c6bebffc716a","epithelia"
"6946","7d2dab88-d794-4d94-9876-3e8b7eaff3e4","NKcells"
"6947","7d2e3354-17f5-4107-9ed7-0663325a7c5e","epithelia"
"6948","7d317e10-d85f-4703-9854-84297cb44079","epithelia"
"6949","7d37593b-65af-4f4e-b90e-ad2fe570480b","epithelia"
"6950","7d3b5f13-6b29-48c5-9832-a93ef683be2b","CD8_T"
"6951","7d3c10a2-7caa-44a0-90a6-66bb920d25d1","epithelia"
"6952","7d3d3c38-0f8d-4c07-9235-9b088e769b88","epithelia"
"6953","7d4a4951-530e-4b19-887e-9310613b7ffb","epithelia"
"6954","7d4dea6e-cbde-403f-9bc0-5a5604fce7e0","epithelia"
"6955","7d4f838f-18bf-47ca-bce2-14982532d449","NKcells"
"6956","7d5357e6-7cc7-4884-82fb-e4dc2f8cb1c8","Unknown"
"6957","7d5ab23d-3d22-47ca-82a8-d8a8c5ffcf26","CD8_T"
"6958","7d5b4e06-a00b-4c81-8d5b-0a62da7e64a6","epithelia"
"6959","7d5c1a8a-5f41-444a-963e-c9965e06bca3","epithelia"
"6960","7d5e230c-c6a5-4db0-a4a7-b55cbcc023a9","Unknown"
"6961","7d66dc0a-d4c5-4d73-8295-08bb5044c8b6","epithelia"
"6962","7d6c3a4c-3931-4953-9e02-bde979a330cf","Unknown"
"6963","7d6d6c95-9c7e-4e36-b8fd-5397b19c7f15","NKcells"
"6964","7d6eed61-0b12-4d56-9a47-93aaac500848","CD8_T"
"6965","7d6fed52-7cdf-43fa-83ac-ed64407eaf03","epithelia"
"6966","7d7ac906-66e9-4c9f-a33b-70ac78966a12","epithelia"
"6967","7d7e140d-ee66-4283-9027-289f063f779e","epithelia"
"6968","7d8364f7-f495-4027-9d81-04e85c129c80","myeloid"
"6969","7d86fb4b-8ed4-459c-8fea-905af9c2c65a","Unknown"
"6970","7d87249b-0ebf-43a4-a372-152319041fa3","epithelia"
"6971","7d8d89e4-5891-49d8-8b24-813dfcbafb75","immune"
"6972","7d924a26-6142-4cb9-9344-97683859a554","NKcells"
"6973","7d930f85-b7ff-4852-92f7-fdeb6b1ce5e5","epithelia"
"6974","7d94e041-9a6a-4171-ab45-388386410c57","Unknown"
"6975","7d9b3120-c7de-499d-98d3-26828672b7a3","Unknown"
"6976","7dae1d9c-c8a5-4bee-8f01-d956aa857d33","epithelia"
"6977","7daea2f0-49b6-4517-b954-9e1f3b456fd0","epithelia"
"6978","7dbee9ae-224a-40c5-9b1c-fb86352dc2ed","epithelia"
"6979","7dc68405-248f-43f2-81a9-c747cd4f7afe","Unknown"
"6980","7dd8a181-0617-4579-89ab-37415146ff0b","epithelia"
"6981","7ddd3c06-fb1c-40df-a7cd-429a0d766ee2","epithelia"
"6982","7ddd5909-989d-43c2-8a49-31d5954fcf1c","Unknown"
"6983","7deb5ba5-709c-4fbb-94df-5db2ab0a6d7a","epithelia"
"6984","7dee0f6c-41c2-4e40-8b6b-696de0c5c37f","Unknown"
"6985","7df973a8-dcd8-42be-baf5-2c2b90cb2126","epithelia"
"6986","7e0359e1-4fe6-4c03-af54-5c92b0b6046f","epithelia"
"6987","7e082b9a-91e8-485c-9520-a5c3dfef02f8","NKcells"
"6988","7e0d20e8-0cb0-452f-bc27-d2797cc400ca","epithelia"
"6989","7e0e6b67-48e3-4025-ba1d-655f8a1a352f","NKcells"
"6990","7e0ed0d8-025d-4d7f-bf5e-de028ad1b7c6","NKcells"
"6991","7e103da3-459d-4d25-9437-5e861e4ca06f","NKcells"
"6992","7e113a3d-d1a4-4ad2-a0fb-35a1765e0c60","NKcells"
"6993","7e145d2d-ca41-45b5-a7da-d4bb58237dcf","epithelia"
"6994","7e187b5a-49b2-49fe-aaee-6a8590f30a8e","epithelia"
"6995","7e1d3129-51cf-4907-b7cd-f13b576f4b39","epithelia"
"6996","7e2077c0-65b1-449d-8c6e-10b3f05dcc6c","NKcells"
"6997","7e220a6c-e37d-46f1-a342-a92bd1a0c0d6","NKcells"
"6998","7e2b4ad4-0377-4edd-8e7b-6b96340fd6aa","NKcells"
"6999","7e327b21-4d74-46fc-8b4e-574202e5ec1b","epithelia"
"7000","7e350fc9-5d51-4e4b-a134-8f4f564128e4","NKcells"
"7001","7e39287b-f34c-4d3d-a543-01d5bff61de5","NKcells"
"7002","7e39646d-ab6a-444b-8d4a-30635b26ee5f","epithelia"
"7003","7e3c3879-c689-48df-8fed-1645e13e4557","immune"
"7004","7e463a77-d656-4dcd-9aea-3dd62719fa43","epithelia"
"7005","7e492460-ac75-480c-92c7-c88714335838","epithelia"
"7006","7e4998be-2769-472d-bf85-700670556eff","epithelia"
"7007","7e50da10-ab22-4603-bf27-afdbf834d6d2","epithelia"
"7008","7e5645af-96d2-458c-97e0-8f641ad924f2","epithelia"
"7009","7e5c6f38-35ef-4625-9a44-f5eb4f19536b","epithelia"
"7010","7e5e7181-d968-4ab5-9664-7af494fe1ec9","NKcells"
"7011","7e60fd8a-a556-4d41-b589-64b1f4b30bac","epithelia"
"7012","7e656f1d-91bb-4633-b13e-d5fdbfcf42dc","epithelia"
"7013","7e6ea339-13a3-487e-b2d0-eae98d094774","NKcells"
"7014","7e753663-f730-4a2d-a819-ea9156a7b4f2","epithelia"
"7015","7e7538c6-66c5-418f-8e99-1347281f82d3","epithelia"
"7016","7e771c62-1fcf-4857-89d7-c04aeba25979","epithelia"
"7017","7e782bcb-0a39-475f-a0db-2fdf7945fd7e","epithelia"
"7018","7e7acd5f-3420-4c1b-ae5c-6f806bcc94b2","epithelia"
"7019","7e7d090d-6f1b-46ef-bfef-a4b8988ee3d4","epithelia"
"7020","7e7e7f09-6da4-4408-83c1-7d14c84ddeb1","NKcells"
"7021","7e82250d-abb3-4430-8718-ef158cd52236","myeloid"
"7022","7e89724a-794e-478b-9890-91b7af788422","epithelia"
"7023","7e8afc13-38db-4751-9e74-d98140007534","epithelia"
"7024","7e8b835c-6d46-4362-9eca-c417b5b33e65","epithelia"
"7025","7e8d24e0-1da3-41cb-a184-f6d9f4a539a6","epithelia"
"7026","7e9495db-a573-4275-8f41-84883c9996ae","epithelia"
"7027","7e9c5dd7-a43e-49c5-9421-d9e8654a1961","immune"
"7028","7e9cffc6-cac4-41c5-90dc-89758994abfc","epithelia"
"7029","7e9dbd76-2405-4828-b1e2-62252ab3393d","CD8_T"
"7030","7e9e8e50-804c-4e25-9841-b1a5e2e5d2c5","epithelia"
"7031","7ea0d849-6211-4b77-9e2f-1294407d2e09","epithelia"
"7032","7eab7918-514b-49b3-922f-b84cb5cf0e67","NKcells"
"7033","7eadbc27-96bf-4b1a-a46f-35b95b3c5c80","epithelia"
"7034","7eb26bb8-7699-46d1-8f3e-27aec756b862","CD8_T"
"7035","7ebb12cf-b1cb-413f-9662-f0badd1e9a94","epithelia"
"7036","7ec26dad-2edc-4f9d-aa15-1dccf32a32d6","epithelia"
"7037","7ece5728-90fc-4a80-8889-e8860a75f96c","epithelia"
"7038","7ecfc242-f604-46ea-b48b-faf6477196e3","immune"
"7039","7ed4c675-3448-4230-bfe1-5cef207782d9","Unknown"
"7040","7ee0d42e-5a8d-4fcb-b137-a9d2481d793e","endothelia"
"7041","7ef068d5-90cf-467e-aa69-96d5594e936f","Treg"
"7042","7ef774b8-bf34-4f44-a00f-384240085e73","NKcells"
"7043","7f06d572-6c12-4102-9eda-02aad100cd02","epithelia"
"7044","7f071ba4-529f-4519-917e-5c3676b1ca94","epithelia"
"7045","7f07336f-e2de-4697-9f5c-487ac0c68c6b","epithelia"
"7046","7f09969b-684e-4756-882a-a4d54f9ff4f2","myeloid"
"7047","7f0a1306-6c4a-4b05-afbc-dbb7d33f6d18","Unknown"
"7048","7f0b25f3-d65a-4881-ba6c-d1636bd7a360","NKcells"
"7049","7f13768e-200f-47d7-986e-351da83b2532","NKcells"
"7050","7f1b1229-86ae-4546-aa61-67ebd5a72959","epithelia"
"7051","7f1d6985-08c8-40de-b825-06c1d55ab769","epithelia"
"7052","7f1f1dd9-1e1e-4e54-b4b8-f7e9952a672a","epithelia"
"7053","7f205c77-bc4e-4498-9582-0f3cfbd9c3e2","epithelia"
"7054","7f214d7b-3ec7-4eb4-baca-78fb3de94978","epithelia"
"7055","7f218ebf-abb8-4019-9ad5-a2a014e3e8db","epithelia"
"7056","7f28bca1-2b94-4741-a8c8-d4ba0ecb7816","epithelia"
"7057","7f2cf33e-ea38-4e23-b362-7d73bcc296e6","Treg"
"7058","7f2dacd7-9fc8-418f-bff9-3f00572a0e06","epithelia"
"7059","7f3d3434-24c6-420d-9eb9-29b05f0e3e8e","epithelia"
"7060","7f40441a-c1a0-467f-8e08-0de5bed6db2f","epithelia"
"7061","7f42a7ac-9397-4ce7-856a-80bfa12e3552","Unknown"
"7062","7f440583-c28d-409c-bd72-8e31910e48a7","epithelia"
"7063","7f4afb13-3cee-497e-9ed2-b851aa8a3a9c","epithelia"
"7064","7f4e8b4e-9f7c-4d81-9845-695663ff70a9","NKcells"
"7065","7f5489db-4ffd-433f-931f-779e9516cc41","epithelia"
"7066","7f5a138e-e016-4e59-b9e0-ffcd90239764","epithelia"
"7067","7f5b2c74-4ddf-498d-a3cc-a88849d3439d","NKcells"
"7068","7f5b3168-2dea-42f6-975e-8da17c286161","NKcells"
"7069","7f5bd895-f585-4c2d-b37c-cb2c3d6f20c2","Unknown"
"7070","7f6700f9-26ea-4d32-ae84-fa33b5083ff1","Treg"
"7071","7f6acb7b-2b90-4ea4-ad8d-1553ea281e5e","epithelia"
"7072","7f6c3c81-73ef-4112-b38f-603f4c0dbf1d","epithelia"
"7073","7f71ce9d-da58-4dab-bf2d-393030da820f","epithelia"
"7074","7f7409b0-1d7c-4984-937a-e31ac47109c5","NKcells"
"7075","7f837060-c083-4fbb-9715-d4eb53abc885","epithelia"
"7076","7f89fef1-8868-4129-aee8-0577bf1c6893","myeloid"
"7077","7f8ca0bd-a927-4c87-bf51-c7d1346c2116","epithelia"
"7078","7f96caef-766a-4852-98f9-78b28af1fae2","CD8_T"
"7079","7f96e6ae-a232-4c25-9afb-29f474b0071b","epithelia"
"7080","7fa00d4b-d12c-400a-afeb-802fd1f77259","epithelia"
"7081","7fa590d1-fae0-42ca-a6a6-4b6ccfcc6e43","epithelia"
"7082","7fa652bc-4cbe-4389-84ca-7f7011e24c17","Treg"
"7083","7fa8a7fb-24c0-4f04-9cd6-bf97f04c751d","epithelia"
"7084","7fad07eb-1699-4b4e-acaa-8a952c1dd4e1","Treg"
"7085","7fb12625-3584-4268-9198-2a079055c743","epithelia"
"7086","7fbb1e8d-3b2c-45f0-8edb-0243cefdd95c","epithelia"
"7087","7fbb4e4a-04b7-46d7-a57c-6abe3d7c642e","epithelia"
"7088","7fbbdfb5-2c77-45cc-aac2-96e0fcd84e12","epithelia"
"7089","7fbd6fd3-669c-40ae-8375-068d28620bbe","epithelia"
"7090","7fbeed2a-36b4-4e0c-ac5a-5084ad32cf71","Unknown"
"7091","7fbf4277-b567-4d65-9d00-7fc66e711bbb","myeloid"
"7092","7fc15021-f2bf-417e-9547-e4d5d89c6b03","myeloid"
"7093","7fc3f705-1dca-4e3a-b16a-a03d19dcb2e8","immune"
"7094","7fc79986-4c09-4518-bc5a-931253cbddf8","immune"
"7095","7fcece4d-b689-4d5b-b085-328ac4660df1","epithelia"
"7096","7fd0fb4e-e523-41b7-b93d-3e122881a32e","epithelia"
"7097","7fd81624-2378-47f9-b730-f83a46e8519a","epithelia"
"7098","7fde8728-a89f-4df8-aaf3-2d49c3625653","epithelia"
"7099","7fe0134a-79f2-480a-b3c8-f4d288eea52d","myeloid"
"7100","7fe4c705-a728-4056-9081-e90896de7f0f","epithelia"
"7101","7fee366e-a789-4dc2-aee9-6ef5456ad63e","Unknown"
"7102","7ff1a355-b342-451a-8896-6aa6b411a9ca","epithelia"
"7103","7ff47b8a-0b5b-44ba-9547-39fb7a8e7d3e","epithelia"
"7104","7ffd551b-3579-4ce3-bd61-0c50cf9ba0a1","NKcells"
"7105","8009de19-5159-4e7d-8963-89e5ea2910c6","NKcells"
"7106","8014a358-4df6-457a-bd0b-36a35edf62e9","epithelia"
"7107","8017063b-c4cd-40d4-b7a2-503cd4e860d9","immune"
"7108","801e1949-3066-40fa-ab5a-6d65178ac829","epithelia"
"7109","801e72ab-ed0c-467f-8e31-5efb5fa8afb3","NKcells"
"7110","8027a64a-59c5-4afe-b753-aa96c3f01432","epithelia"
"7111","8033be2d-34b7-4f78-85f0-89e4d5fe3986","epithelia"
"7112","8036ae69-2a54-4ce5-9f38-3c80928d26f4","epithelia"
"7113","8036ddeb-58cb-4785-bb42-9db4d1ef21aa","epithelia"
"7114","803829e9-bca6-4682-8311-a10169f69aa6","epithelia"
"7115","804137ef-271a-4e65-8a22-07ef672a4279","epithelia"
"7116","80444563-6b7e-4954-b4bb-02e0f8099d8d","epithelia"
"7117","804b3dc7-4e4e-4ad5-b34f-f86fa70d3b38","Treg"
"7118","804b6c04-5167-49fe-be41-e95659544da4","NKcells"
"7119","804da757-2640-40c0-9e85-41157dad1f77","epithelia"
"7120","8053170e-129f-4649-957f-251d35b8959d","epithelia"
"7121","8056ced8-c002-490c-bf60-b258d55232f0","epithelia"
"7122","8056f9d9-b040-4bb2-b617-aa21fc6d3ce3","epithelia"
"7123","805a36ea-95d2-468e-99c7-e8a7c67dd0ce","epithelia"
"7124","805dfed1-481b-4d59-a335-3c56bdd49e78","epithelia"
"7125","805f5add-3a4c-44f6-9ea9-755f35a71081","epithelia"
"7126","80624362-2ec7-4f3f-8485-b548fefe958b","CD4_T"
"7127","8069052d-4e74-4ebd-b215-5a703b7b9567","stroma"
"7128","807303b1-4697-4e67-b0e6-af9ba6443030","Treg"
"7129","80746628-6d46-490a-9507-26285aff849b","epithelia"
"7130","8074e86b-48f9-4b65-bd74-d939c3aff517","immune"
"7131","80784535-c09d-463e-9e84-bd628cbf640a","epithelia"
"7132","807dc9d0-f793-4567-9bfb-c8557562a556","stroma"
"7133","808608c4-edda-4090-b49a-ba7a09361087","CD8_T"
"7134","808ae672-fa15-44e6-bcec-a8401c869898","epithelia"
"7135","80925dca-b8b1-49c6-9a67-223fb6344f5c","epithelia"
"7136","80967972-33e3-46ec-828a-64299553c0a3","endothelia"
"7137","8097f898-432a-4292-bb3c-243fac04c25f","epithelia"
"7138","8099079e-c86b-46b9-be48-89605eacff8e","Unknown"
"7139","80995226-1dbe-47e7-8a4f-a355f8b25c29","myeloid"
"7140","809f427b-510d-45a0-8bd7-892ba75ce879","epithelia"
"7141","80a38171-8e60-4629-9fac-273b065979c8","epithelia"
"7142","80a71808-06f5-4b8c-be91-2d304ad58c8a","epithelia"
"7143","80b487cf-f139-439f-a4d8-71e8dfe69546","epithelia"
"7144","80b4a181-d993-41b9-a4cd-ae57401d8305","NKcells"
"7145","80b52d80-1b33-4b1a-b64c-10e03a6341fc","epithelia"
"7146","80b5d02b-516d-4454-8caf-f8ae51ef776b","epithelia"
"7147","80b63345-259b-493c-9d8f-a93c2aa0132d","epithelia"
"7148","80b6faf2-9b39-43c8-b433-41b598b6676f","epithelia"
"7149","80b7ced7-d8b8-47cc-abd8-531b222a4a65","endothelia"
"7150","80c1bba3-101c-4bd2-9dc7-11812ace8815","epithelia"
"7151","80c5ac8d-042c-4bc5-b17f-132996f286cc","epithelia"
"7152","80c83fc4-9674-466d-8e21-436ed8d0ef1a","NKcells"
"7153","80c89e98-b6c3-470b-be2d-a668a4369790","epithelia"
"7154","80d75b70-6380-42f8-87e3-4142385127f9","Unknown"
"7155","80df2b06-159f-40ed-9b1b-aaa963b40397","epithelia"
"7156","80e0d0e8-b139-4c95-b821-933bd3d3d957","Unknown"
"7157","80e364c2-88a5-44da-9a7c-ebdf302ad727","epithelia"
"7158","80e55b21-306a-41bf-acc7-575191063326","epithelia"
"7159","80e6f443-358d-443d-afce-143659153a47","epithelia"
"7160","80e77a03-a6e5-48e4-8c9f-54db12291bef","epithelia"
"7161","80e9f419-b8c2-4635-b64d-60b087abdb35","epithelia"
"7162","80f79e08-49a6-4c0e-af0e-9a19ef3260a4","epithelia"
"7163","80f8d07f-7836-4e46-ac0d-ff5cff246481","myeloid"
"7164","8101bdbd-763b-42be-8528-1ec2d3a73555","epithelia"
"7165","81055fc5-675f-456d-aec9-33df4c223725","epithelia"
"7166","810f1ffe-972b-4fe8-8889-7bd8155255b2","CD8_T"
"7167","81121b49-ebba-4789-a0db-6acc61002b74","epithelia"
"7168","8113f602-44c0-4feb-92f1-c1fbfeac6b9f","epithelia"
"7169","81222284-2bd2-4b30-b607-4789df573356","Unknown"
"7170","81322612-7660-415a-a3c1-b5b0f858b1ae","immune"
"7171","8137ba74-4df3-46c6-bff0-9ea01425af6f","Unknown"
"7172","813c3954-331b-4ef5-8bef-1ce276a70a60","Unknown"
"7173","814b66ce-db53-422b-83b8-648c371c8af7","epithelia"
"7174","814fa0c3-934d-4c74-8614-e35a54ff076b","epithelia"
"7175","81523b2b-6b63-4217-a2e2-cf04ec5050e7","epithelia"
"7176","81531390-3744-4a2c-8d34-75979ec3e487","NKcells"
"7177","81589054-ea00-4f5a-a643-72119b704ea9","epithelia"
"7178","815d0121-d775-44da-9f67-83a4486edd61","epithelia"
"7179","815e057d-6844-4c8e-83cf-ed8500ebcdcb","epithelia"
"7180","815fce74-dbe5-4e0a-87fd-ef276615d9d3","NKcells"
"7181","81615717-2cb7-4a4d-815d-3c8df8a9ecfb","epithelia"
"7182","8164c997-3ca3-44a4-8de4-fe57497c8cfb","Unknown"
"7183","81734255-0b74-4261-832d-170855a21aa7","NKcells"
"7184","817694f1-4e78-4992-b487-ec1217c19b93","NKcells"
"7185","817f3ffa-b134-4046-af38-4b30d996c5b8","epithelia"
"7186","818026b2-55b2-417f-9a8a-8f4269e16fab","Unknown"
"7187","81878503-1298-43ae-b2f1-d1287c06b1d2","Treg"
"7188","819031a4-8722-4b2e-8169-07b0d9cb40ee","Unknown"
"7189","8191faad-c10c-46fe-9e07-7cf0b3fd75c0","NKcells"
"7190","819281c7-1119-4b77-b171-6604e7416d87","epithelia"
"7191","81945399-ce83-4ccb-a6cb-7887c7bc5ea4","epithelia"
"7192","81af540b-229b-4157-ad67-9adc752d43aa","epithelia"
"7193","81b302bf-5411-4977-bfc6-e2a9accf0f51","immune"
"7194","81b3c34f-ea3e-42e6-82a3-478ef74374f3","epithelia"
"7195","81bf930e-bfee-4b6b-b6eb-8450ed3da099","myeloid"
"7196","81c37886-db78-4936-adea-cc2788edcfb6","epithelia"
"7197","81c37abd-ec42-4b61-a74c-f9a324d291a9","NKcells"
"7198","81c646dd-2665-4fcc-a6f1-9098876b5707","epithelia"
"7199","81c8e31c-38ae-45cb-8f76-9024c0108fa1","epithelia"
"7200","81c8fb49-d8bc-4ab3-b03a-3cae9218e789","epithelia"
"7201","81cd3481-ea8f-462e-94ce-4761f2233d7c","Treg"
"7202","81ce520b-7c18-44a5-8a6f-fb464bcd9b63","epithelia"
"7203","81da331c-c587-498f-b7e2-5b392372a7b7","epithelia"
"7204","81dd23c5-2ce5-4024-9ccf-d0f64bb15ea8","CD8_T"
"7205","81e15a61-dd8e-43bf-9a64-36dfa64d1fad","epithelia"
"7206","81e29a5e-ecc5-4c72-96e5-b22748e19b7e","epithelia"
"7207","81e2f52d-3cdd-4898-98c8-4c29f54c0817","epithelia"
"7208","81f24cf7-d629-4cee-b4c8-3fd0c9df741b","NKcells"
"7209","81f60364-f5d4-42a9-979a-67f3cffef5a3","NKcells"
"7210","81fab3ff-47ee-48a0-9e48-8ce386b9bd64","epithelia"
"7211","82055ee1-9d85-41ed-a660-4f1228849621","epithelia"
"7212","8207d0e9-7aa6-43a8-bc92-18621596eead","NKcells"
"7213","8208b34d-6a06-409c-8313-d0ede913860c","epithelia"
"7214","820fc287-2e9c-43d4-94a5-ff34a741acc1","myeloid"
"7215","82133101-1961-4b58-8e0c-530c69447386","epithelia"
"7216","8216167b-dc2c-4f7c-9a0d-9477eac93aec","epithelia"
"7217","8217500c-e285-402f-9d0a-b66cb4a36a37","CD4_T"
"7218","8222ec65-36f1-4f68-be23-63c3243aba69","epithelia"
"7219","8229263f-ee66-4679-a220-6a5983db39b5","CD4_T"
"7220","822d7f72-247d-4086-9cca-fe7955d4eb4c","epithelia"
"7221","822eb58e-212b-4383-b420-c7ceb2228c00","CD8_T"
"7222","8238b04a-a579-4352-8e42-b671f16cbce2","epithelia"
"7223","823b6963-2b24-4446-a536-94d487fe86e8","Treg"
"7224","823bdca9-d2dd-423e-9889-219f02926282","epithelia"
"7225","8260698d-7d65-4da6-8601-2468e86a1b25","Unknown"
"7226","82634efe-815c-4882-9bea-aacca453eea7","CD8_T"
"7227","8268593d-6c65-4db1-a138-f590b6ba5912","epithelia"
"7228","826d6734-3507-46c6-9fa1-0c37c2ce1544","myeloid"
"7229","826ef996-0ad7-4663-bc6c-cb70171469a9","Unknown"
"7230","826fe2b6-bf52-4a9e-a8c7-a54150d2731c","epithelia"
"7231","82705f6b-fc9a-4cb9-9a6e-986b71f618b4","epithelia"
"7232","82776656-9281-4d29-9ccc-2ca36984c3ad","epithelia"
"7233","82783fb0-9a11-4a36-a1d3-c9d794cdc286","NKcells"
"7234","827f2688-8414-49ed-aa6e-3115238db7c8","Unknown"
"7235","82807a6c-9ea8-4067-ab54-a164daa51bb0","NKcells"
"7236","828fec12-aa01-4dfd-ae68-4bb0af8f6668","Unknown"
"7237","82a178ca-be3a-4dce-a0cd-1ea779e37802","epithelia"
"7238","82a18a04-d735-4beb-a3e5-85603be6ae7e","epithelia"
"7239","82a96052-0c41-47d4-95c3-38889160392b","epithelia"
"7240","82a9df64-2d94-4d8c-a098-999a34b2881c","epithelia"
"7241","82ab7fd0-07d6-46a9-b3a1-b9d0443dad45","epithelia"
"7242","82adde58-8beb-4b06-8369-6411b3f124a9","NKcells"
"7243","82ae1c88-6cde-4247-bfb9-d49f1b970bd4","NKcells"
"7244","82aef0c5-9af9-436b-b5c2-c791082538fe","epithelia"
"7245","82bd14bb-cce1-42e9-82d0-5a2f40fb4f76","epithelia"
"7246","82bf8e63-f098-405b-9d1c-ceb5055e8c4c","NKcells"
"7247","82c8ab76-06d3-4cb5-826a-f049cd2e2e0e","NKcells"
"7248","82c9eec6-4182-43d1-9f45-ffcca577f3cf","Unknown"
"7249","82ca8e11-2db0-4bb9-af5b-52adb15aef53","epithelia"
"7250","82cae43d-a2ca-4b3a-8cfb-a7f9e9de1ed0","epithelia"
"7251","82cefe32-eee2-463b-9847-cbc40924ca55","CD8_T"
"7252","82d21e6c-14f6-45ab-871a-f53cf5587916","epithelia"
"7253","82d79086-bc69-438f-977e-db2e0d6c4b61","CD8_T"
"7254","82db0524-a400-42dc-bec6-f62529e0a9d1","epithelia"
"7255","82e32497-df17-467c-8da0-e67bf04a17b1","Unknown"
"7256","82e345e5-25a0-45ca-8191-b3a216d4a2fb","epithelia"
"7257","82ecf822-00f4-4dd3-a466-6d171616b932","NKcells"
"7258","82fe7d36-e5d4-4b71-96fc-c0246bb16260","epithelia"
"7259","8305ea33-a380-482b-86b7-c5a745c2ac51","epithelia"
"7260","8306aaeb-6d15-486c-9b63-851ae1c04f06","epithelia"
"7261","830ceefc-05a8-4610-a157-9a09ae0060f1","myeloid"
"7262","83103058-e624-4979-9a91-7a5d183ee512","NKcells"
"7263","83122eb4-259b-453f-b742-ea0e2b377605","CD8_T"
"7264","83152bdf-a682-4be7-bf25-46d535bb668c","Unknown"
"7265","83178a21-2148-41ed-91d8-2b8b39417952","epithelia"
"7266","831a1b99-421c-4b86-aa4e-c7724d62e4ae","epithelia"
"7267","831bc14b-2c10-4360-95e4-1549ba604b01","epithelia"
"7268","83242ab9-c6c8-441e-8b63-870108efb7ff","epithelia"
"7269","8327a146-255a-4add-b620-415ab3d9d01a","Unknown"
"7270","832a5427-d44e-400f-a17d-fc81f43bcbc9","epithelia"
"7271","832f8f50-d61d-4e9c-afb2-588acbed6258","NKcells"
"7272","8334d71b-f323-492b-804f-814e2a64374c","epithelia"
"7273","8334fe2e-62d9-4736-898f-70869b2baf74","epithelia"
"7274","833c9fc8-f988-4991-b84a-62ad008b3585","endothelia"
"7275","834504fc-435a-4eef-8a58-9cfdd8fa6749","epithelia"
"7276","8347ddb3-d068-42aa-a917-c0bb464f427c","epithelia"
"7277","83486b06-063d-4943-b78a-fe937f7cd61b","Unknown"
"7278","83527b3a-6184-4f0f-9050-961a841ca207","CD4_T"
"7279","835f5947-0587-46db-849a-356c3b994468","CD8_T"
"7280","8360d495-ecdb-4bb5-888d-9e4732c9de47","immune"
"7281","8364a3ce-d144-4df4-9b7b-51ee2cb3037d","NKcells"
"7282","83740c39-996d-469d-95af-2de18f7a98ff","CD8_T"
"7283","837a2976-759a-4799-8078-bc254aa4714d","epithelia"
"7284","837e69b5-251f-420b-bc4e-3a134b2d466a","epithelia"
"7285","83812c0a-a5e1-4cf3-9d8d-8921392a62e6","Unknown"
"7286","83834b9d-9dab-48be-8dfb-665f25c3609b","epithelia"
"7287","83856e7e-9ee6-454b-ab64-990d6d128c69","NKcells"
"7288","838616d2-bfbe-4b81-8818-c473a6e6060b","Unknown"
"7289","838a54b5-ab0f-4e5d-840c-ba26bdf34665","epithelia"
"7290","838ce0d2-3e58-4ae1-9cc1-d90bcc2fa9b2","epithelia"
"7291","8391abe2-4887-48cc-b9e2-59da8e8d8570","NKcells"
"7292","8391e565-4349-49cd-843b-edf302caabe2","epithelia"
"7293","8399efb7-bec1-4c37-9a5d-9c88dc73f7d2","epithelia"
"7294","839c0bab-4e87-4c48-bb28-7726c1273fc1","epithelia"
"7295","839dec76-bdd6-45c9-904e-6bdead164845","epithelia"
"7296","839e1928-82fb-4d9a-94d1-23ab0504df55","epithelia"
"7297","83a0ccce-f7c4-4713-a1bc-9f074d433f48","epithelia"
"7298","83a3ed76-38d5-4734-b393-566439ac2dd8","epithelia"
"7299","83a48d13-856b-44b8-a6e2-26c43a06166a","epithelia"
"7300","83b0247c-7407-48c7-af07-39f9a7e1307c","epithelia"
"7301","83b748d4-f7dc-4d4f-913c-73ed1a1d79df","epithelia"
"7302","83be6e30-7379-4dd2-aba3-03cfc3815270","epithelia"
"7303","83c4fc5d-b79f-4fcd-a11e-809232cfb72c","NKcells"
"7304","83ce1534-6a15-4abd-9ce5-b429d233f318","NKcells"
"7305","83d08790-f6d3-40ef-80a4-1a4014a9c18f","epithelia"
"7306","83d6ab23-ced6-4d74-88ec-6cdee9287c7e","immune"
"7307","83ddc13c-fd63-4344-a012-3d0416dee9bc","NKcells"
"7308","83e2a8f2-4341-427f-9530-65c62f680a61","epithelia"
"7309","83e31880-4670-4ddd-b517-34bc13ce50bc","epithelia"
"7310","83e3ab5c-a0a9-4967-90e6-0b632b23126e","myeloid"
"7311","83edf663-a32e-4707-b99b-ff5fbed4289e","epithelia"
"7312","83f416c0-f71a-4b21-b2df-1c75ac3d6f8b","epithelia"
"7313","83f65197-51cb-4469-89cb-03d76cc2d662","epithelia"
"7314","83f86b08-e6bb-4905-b69d-4c42e454f022","Unknown"
"7315","83fb2701-03a5-425e-93e2-e100fda3bc71","epithelia"
"7316","83fb8f3c-87a5-4692-b3d9-2b243788f8e2","epithelia"
"7317","8400ad06-331c-4200-a167-2217a701ec72","epithelia"
"7318","8402cfb0-a2ac-451a-aa26-61f745eb83a1","epithelia"
"7319","84096cff-a29f-4bf3-b5de-98d31c58128e","Unknown"
"7320","840d3226-58c0-44dc-9a1c-af3b690e0d12","NKcells"
"7321","840d7924-b0f3-4fef-bfbd-194e815a74ce","epithelia"
"7322","8411e917-e88a-4d46-a1d9-50138cea92a7","Unknown"
"7323","8413e3ae-6237-4e78-b6d6-12eb34c2424d","NKcells"
"7324","841e6514-42bb-475e-ae79-b0cc192e5be2","myeloid"
"7325","8424f74a-1e3f-439b-9730-405fdebe496e","CD8_T"
"7326","842b67a0-afa1-440a-b429-c3f33bc011c4","epithelia"
"7327","842ed292-c6e2-47c9-9e08-f62f50c8596e","epithelia"
"7328","8438491a-f93e-4550-ab51-65db486dc81a","epithelia"
"7329","8438a842-d941-4470-89ca-858e1c3ff6b2","CD8_T"
"7330","84393e8e-32f4-4843-9c4e-8d6244169161","myeloid"
"7331","84445c23-60bb-4297-b165-35e40f5ba634","Unknown"
"7332","845353de-177e-4f3b-a36d-415a30e0b2ce","NKcells"
"7333","84539cc4-49ab-46ab-8791-69d104b62997","epithelia"
"7334","8453cdb8-22c2-4b02-ac15-dce315f91c25","epithelia"
"7335","84541537-f5b2-415b-854e-65430a8cfc6b","NKcells"
"7336","84588a35-e016-49a0-ba00-23ca3b34e162","immune"
"7337","845f340c-dd13-46e9-b4dd-4ea66eb72037","epithelia"
"7338","84601d5b-efeb-4df7-968c-b9e02c29a510","epithelia"
"7339","84608ccd-7d08-44aa-8d79-a38efaef4c69","immune"
"7340","84702f4d-cac9-40f7-8d09-d0b5e07fc7ad","NKcells"
"7341","8473bf50-cbdb-4acf-b090-de9333ed71bc","epithelia"
"7342","8474d492-8ef9-4cb3-8b59-bc17e7e694fc","NKcells"
"7343","84758835-e680-4fab-948e-c98ed76949bc","epithelia"
"7344","8479b41c-70af-4752-a11e-d79ac1d8e85a","epithelia"
"7345","847deedc-f46f-4d76-99f5-4bb15cdf42cb","NKcells"
"7346","847e54ad-0008-4372-ac60-188c166c0c13","Unknown"
"7347","848574b0-2e99-449a-a1ff-9b235f208be1","epithelia"
"7348","8488e491-7da0-4c40-a625-7a8ad198e3f8","epithelia"
"7349","8489ec9d-5af1-453b-9c8e-9c1e31fa8573","epithelia"
"7350","848bf24e-5fff-490d-8356-48218dd4615d","endothelia"
"7351","8491db95-ed3a-4beb-b99e-05d6ad0d06ad","NKcells"
"7352","8499709a-9e7e-4bbb-83d6-a5a8833901c6","T_cells"
"7353","84a37147-ca6f-46f7-94c2-fb72ce881907","NKcells"
"7354","84a64588-53ec-4e7f-b9dd-59ee0e422187","epithelia"
"7355","84a716c4-bccc-4f42-ad6c-80b0ee3781c2","epithelia"
"7356","84aafc85-3758-4ca4-98a9-f1ef71c8cb33","epithelia"
"7357","84b1a9d6-8e3e-482e-a7cc-a336a0cbbe40","epithelia"
"7358","84b4b041-507b-4a2d-8b41-752989a30887","epithelia"
"7359","84b8202f-1a42-4cb0-b11c-cb36fa5bc057","epithelia"
"7360","84b94a0c-1074-4d38-879c-79b1407d6266","epithelia"
"7361","84c5355b-1cc8-43c9-b8be-b8dc98419e77","epithelia"
"7362","84c87943-b4f7-4a09-a952-9efb570c74d5","Unknown"
"7363","84ca44db-f59b-4de4-b935-d5ca0b388d89","epithelia"
"7364","84d292ae-8cbc-4660-9f3a-eda16652d6c5","NKcells"
"7365","84db22f6-e92a-4c2a-919a-68c2e71df07c","epithelia"
"7366","84dbb431-a617-4543-9f64-5e6e9cdae2b5","epithelia"
"7367","84de646f-7871-4953-8796-89ecd3866445","NKcells"
"7368","84e4362c-1c31-4605-b6eb-347ac0099483","epithelia"
"7369","84e7452e-d8a3-402b-9a7e-87e79dec1a0c","Unknown"
"7370","84e82618-cf26-4b0e-9ac5-17b98a36d9d9","epithelia"
"7371","84f0b844-0ad4-49ce-8fcd-761d23ea2a2a","epithelia"
"7372","84f70682-04c3-4cea-9815-6cacc954253a","epithelia"
"7373","84fb7408-a4e2-457b-9da0-fa80c1d84a9d","epithelia"
"7374","84fce03d-1875-4099-b092-6798f3552464","epithelia"
"7375","84fe6fd5-afa3-4d7b-b95a-3ee778c594b3","epithelia"
"7376","8501ac00-9a09-460a-9652-f143dd39e030","myeloid"
"7377","850c0df7-a518-47e0-9e3e-f7bd1f2b6090","epithelia"
"7378","850d633c-4ab9-457a-b94d-69e77e189f83","epithelia"
"7379","8513e66b-b7ec-45a1-8953-b32f495b4d83","immune"
"7380","851c1139-de61-4e1a-9cf4-9a079ed3e6d9","epithelia"
"7381","851d7d63-d5b0-4d1e-83a2-e68bd2bbf218","epithelia"
"7382","851dfaf6-8561-4c7f-80fa-fa3f351e5cd5","epithelia"
"7383","851f0ced-a41b-4261-94df-464b65eff82d","NKcells"
"7384","852272fb-1c29-40a9-ac1a-324f851fced4","NKcells"
"7385","8523869d-d8e9-4e6e-870e-dd1ae1c64e53","epithelia"
"7386","8523ba20-2314-404f-a8aa-86443ee6c536","epithelia"
"7387","8526dfc4-ca34-42d0-86a9-fd574a7b2de8","epithelia"
"7388","85294011-82de-46d5-8b3f-582e06d0f1a7","epithelia"
"7389","85296752-63af-430f-a8b2-1c499e1c6dd5","epithelia"
"7390","852adcd2-09a4-4da2-bff1-1730eea99af7","epithelia"
"7391","852eafc6-0d27-4d56-918b-a75a61f5f19e","epithelia"
"7392","852f945b-73e1-40a1-b589-bec6729a910e","Unknown"
"7393","853432e9-b0a6-4de5-bc8d-cf7797716e7a","epithelia"
"7394","8536e73d-957e-4afa-8074-c80784ad6d7a","epithelia"
"7395","853c801f-0f50-4c8a-9bda-ccb5e58d361d","NKcells"
"7396","853cbbc9-6bfc-40c9-87fc-292ba09b587d","epithelia"
"7397","853e934d-8eea-44b6-a9f3-878c0afafe4e","epithelia"
"7398","8551a98d-65a7-456c-bbac-de4980fb5c98","immune"
"7399","85533ac0-e00a-4d3c-91ae-76691d6f7088","epithelia"
"7400","85667edb-6bdb-46e2-9ed5-76f17e376e78","epithelia"
"7401","856bc446-b0b6-49dd-8c51-537ff0bf295f","NKcells"
"7402","8571786a-17f2-4ef2-ae34-2c25fc141f47","myeloid"
"7403","8572adee-9bce-4302-953e-2cde98a496e8","epithelia"
"7404","857c5499-56c2-4d7c-b779-4b5e03ada930","immune"
"7405","8588b4d5-68d5-460f-99cc-add1174b9d2d","Treg"
"7406","858ed949-fddc-4ff1-8ca5-f52c420fd1c0","epithelia"
"7407","85918974-d90b-463e-9b90-b54e7a24484e","myeloid"
"7408","85953024-d5e0-4fdc-a0fa-63ff158a1c96","epithelia"
"7409","85957e60-c6c3-46c3-9c2c-60f65042fd36","epithelia"
"7410","85b4a6a5-a5fa-4264-a1df-09a0938de04b","myeloid"
"7411","85bb86cd-8463-4cf1-b6c6-1e4d808511af","NKcells"
"7412","85c2818d-e028-440f-8c57-7329667ef068","NKcells"
"7413","85c53fe0-efd5-4ffb-bb99-50f6c1d5aa75","epithelia"
"7414","85d0eba4-5438-4755-8f98-882de3ad2c2e","epithelia"
"7415","85d24af7-12b4-4365-beb5-337d888f380c","epithelia"
"7416","85d3700a-2db9-4330-a29a-1777652f91f1","epithelia"
"7417","85d5d717-8815-43fe-8b5e-22b4ce550b66","epithelia"
"7418","85d7826b-5840-4b22-83b6-bedeb19fb979","epithelia"
"7419","85d99986-e9d2-4c89-8374-3db93f7358ce","epithelia"
"7420","85df0fe8-8ea1-432c-b294-ed071fe6b7aa","epithelia"
"7421","85e00e37-bb26-4aed-9076-ff55ed5ddcb1","epithelia"
"7422","85e45472-b6c7-4172-bb58-b0efa357cc52","epithelia"
"7423","85e5ccf5-0817-4c86-9843-1fe26a6367b0","epithelia"
"7424","85e67e1f-6053-4b58-9bd4-d353b59b9c61","myeloid"
"7425","85f28b1b-0604-4661-a482-f9409f5c49a7","epithelia"
"7426","8607189b-91fa-43bb-b97a-f61d332dbdd2","NKcells"
"7427","86089b94-b407-4934-b7de-d2e20c5aab96","epithelia"
"7428","860db052-0e2c-43ef-ac39-ea015db4f76a","CD8_T"
"7429","861847ae-9d55-4bed-a8fc-590af35b3dcc","epithelia"
"7430","8622f697-a0f3-42fd-b602-57817c3a5208","epithelia"
"7431","862318d1-cc66-4df2-aa72-0f153be71c9b","epithelia"
"7432","8623d2a6-3382-4bb0-8019-f72078f3a44d","epithelia"
"7433","86288992-9c38-408a-9886-9863e269bd3e","epithelia"
"7434","862d050b-a79f-4678-9cee-a994e9e64376","Unknown"
"7435","8638e958-3789-4c1f-b035-9771d921168c","epithelia"
"7436","863d6baf-46cd-4dad-9784-673cd5e48324","stroma"
"7437","8644c90b-d197-4375-9a3b-fe6da19af24f","epithelia"
"7438","8649690b-bd84-4bf4-a472-64f40737a578","epithelia"
"7439","86514693-116a-4618-bdbe-de11bea67cc3","epithelia"
"7440","8653db10-2089-4fb0-a5d3-6703c0754116","epithelia"
"7441","86575476-8d4f-4891-8048-0ae4a17da151","epithelia"
"7442","86584a7b-0271-4eca-b9e3-c00d0a3a70c8","epithelia"
"7443","8660a9f3-1405-4ffd-ab8c-e22fc4fe00f8","epithelia"
"7444","8666d26c-6bc9-4ae4-9e10-fc6bbbb6d9b0","epithelia"
"7445","866a9a07-eedf-43da-8f4f-685c4f254549","myeloid"
"7446","8673f8e7-8cf7-420a-afb7-acd40ecea054","epithelia"
"7447","86741471-92ff-49cb-a1ca-182ff11fe7f9","epithelia"
"7448","867e5acb-7b4d-4da7-a414-fe26f0de80cb","epithelia"
"7449","867ff9e5-5a3c-4964-bd1e-6c81a1031121","epithelia"
"7450","8688796f-88cb-4024-8839-12a59e0c6e07","epithelia"
"7451","8691fe7c-418b-4bd8-9648-d6fea594d561","epithelia"
"7452","8695c185-9e73-4c85-8144-220334cb2709","epithelia"
"7453","8698f2c1-2e23-4ed2-b039-ee1cf542e4f3","epithelia"
"7454","8698f40e-ccb8-408b-b954-cc5235986f1a","epithelia"
"7455","869902fc-ec75-42f0-ba95-74a5053da9dc","NKcells"
"7456","8699a369-1a94-4d06-a936-9b27f4407b56","CD4_T"
"7457","869b663a-f732-44d2-b7f5-e75b92a9b850","Unknown"
"7458","86a2cc1b-8f12-4d32-8eec-5b1284735bf6","epithelia"
"7459","86a31ad4-d6e6-4dde-bc75-1c18cac022ad","stroma"
"7460","86a6dc8d-2835-4687-a997-637a5a39fc46","myeloid"
"7461","86af0078-c409-43ba-bb02-20f2b471b2de","epithelia"
"7462","86b3c178-5b36-4150-a145-2652521ab260","epithelia"
"7463","86b690d9-63a5-4d60-8cef-54533c2ba25f","epithelia"
"7464","86c24a66-b2a5-4b5c-98f7-83b4bac44f2f","epithelia"
"7465","86c3926b-23f0-456c-bd9a-112f62eaf07b","epithelia"
"7466","86c753b9-cc13-415a-8035-6088037472c9","epithelia"
"7467","86ca1181-dc65-4d48-90c8-c48ceb13f152","stroma"
"7468","86cc6a54-33b4-4ccb-84eb-3f154a4caa19","epithelia"
"7469","86d27675-b547-4b84-a3dd-0eff3c84e38a","NKcells"
"7470","86d86948-9292-43d8-af70-6a4262b86c08","NKcells"
"7471","86d8e48d-39cd-49e1-9d27-ffc2c9c30b7c","epithelia"
"7472","86de8dfc-0637-4cb9-8b3e-ced35031b7c9","epithelia"
"7473","86e1d31f-5995-4f73-b240-6178d6ea46ae","epithelia"
"7474","86e76e8e-e330-4402-8f9c-8a2f1599944f","NKcells"
"7475","86e9ef77-6d41-47c5-acdb-a74cede09f2b","epithelia"
"7476","86ea621e-dc4d-4953-aaaf-5316fc36c481","myeloid"
"7477","86ed290a-fe3f-46b9-a05d-ace8407d05c0","myeloid"
"7478","86f358a7-8d2d-478a-ada4-f5c2c5537185","epithelia"
"7479","86fa7f55-dffa-4806-8b5b-1223f127f0c6","Unknown"
"7480","8708a593-6675-4a5b-9da4-072442a60579","epithelia"
"7481","870914f9-49a2-4e5a-b1f4-55a44e3f9adc","epithelia"
"7482","870e3d39-6df0-47a6-ac0c-fb1c0cb95ae4","epithelia"
"7483","870efc2f-6e9a-4b00-a8b6-ee4f44de256d","CD4_T"
"7484","871911f6-bf44-4df3-b8f9-db9a3f447e96","epithelia"
"7485","871b6e22-55e1-436b-a430-e3e9207bf098","epithelia"
"7486","871bdf29-d04a-4c25-bfb3-5bb391a14c1a","Unknown"
"7487","87219ce7-e3b1-439c-bc77-924e3a4740af","epithelia"
"7488","8725c6bc-723d-439b-8e13-81a415768876","epithelia"
"7489","8728cb28-b595-4887-98b3-c727961621c0","NKcells"
"7490","8730271b-3c45-4d5e-bc57-8b4a55bc3d39","NKcells"
"7491","8730469a-c76e-44d9-9542-8cb20aab1f4a","epithelia"
"7492","8733837c-ed95-47f1-adca-20e96292ea41","Unknown"
"7493","8735ad0b-0fdf-4a65-836d-178e09c5e121","myeloid"
"7494","87366ea7-77d6-445c-b42b-b8936840488b","epithelia"
"7495","873c6c3d-e56e-4aae-9606-5e9c6a81a03d","CD8_T"
"7496","873d5e4d-f695-4432-9823-45452d8fd931","Unknown"
"7497","87458a9a-7bfa-442a-a497-f143eb95f2ea","epithelia"
"7498","87490089-37cf-4d8e-b02a-6799cae23893","Unknown"
"7499","874fca84-8270-46d2-a164-dc9bfd1452fa","epithelia"
"7500","8750709a-a538-46f8-bc0c-bcbfd47ca5dd","epithelia"
"7501","87545d43-14a1-4da1-9b5b-624023e496d0","epithelia"
"7502","87577baa-463d-4eef-ad76-ae7aca23f729","epithelia"
"7503","875c4d89-3881-439d-bc5a-180442cc8baf","epithelia"
"7504","875ce3ef-7b8e-4f22-8baf-df0e93d3dfe3","epithelia"
"7505","875fe1ac-b8d0-45f1-b567-167feb878b32","epithelia"
"7506","8761215a-90c4-4268-81f9-bbd817de266f","Unknown"
"7507","8769a7ae-425e-482e-8229-155165f56e06","CD8_T"
"7508","876b592d-6810-4087-80e9-6939cbdbbe4f","Unknown"
"7509","876d47c0-bdb7-4d56-8017-a62048cecc00","epithelia"
"7510","8771b3a7-32f4-4e7e-bf51-56b8dd34ce5a","epithelia"
"7511","8773d6db-748b-4de9-b4f6-5cd9ef3118ea","stroma"
"7512","87766639-d29e-49e9-9e9b-34a6c64a8b83","epithelia"
"7513","8776e79e-f6a7-47cc-9c26-0f2662416942","epithelia"
"7514","8779835e-0c81-4fd9-80b9-f2eae2914e15","epithelia"
"7515","877a8b23-1b0c-4298-ba7c-4805e16230c1","Unknown"
"7516","877c34f4-d3cb-4e1f-8197-c64b250ae1c5","CD8_T"
"7517","87800bdf-b506-4867-8843-5e5ae519e314","epithelia"
"7518","878113d2-fcc2-4a19-b691-11a5900798a1","epithelia"
"7519","878318df-d103-4e75-a6dc-58168d5ff186","epithelia"
"7520","878b7f56-15b5-485d-94c4-94a1651e1a6a","NKcells"
"7521","878ebd41-2e3b-4435-b090-be417fe864da","epithelia"
"7522","87924f39-bb8c-4ba4-b31c-3269f00e20e8","epithelia"
"7523","879457a4-a9d0-4505-9e8c-84daa775679a","epithelia"
"7524","879bb55d-8af4-4f30-a7a7-087e4b4ebbd3","NKcells"
"7525","87a06055-991d-4bd2-8e02-79fb27fef609","stroma"
"7526","87a06ea6-38c2-4243-b3c2-795477bd2814","epithelia"
"7527","87b39602-ea8b-4a28-94a0-3a61f67d6c1f","epithelia"
"7528","87b5c35a-b423-4204-83b4-9182aa795e80","epithelia"
"7529","87b63954-0435-4df8-9934-5069b7dc2623","NKcells"
"7530","87bd99be-ef53-4d82-8d23-73c449af5023","epithelia"
"7531","87be7a36-7b36-4455-bc0d-886946562444","epithelia"
"7532","87bfe718-16b4-441f-b898-df074140aaf1","epithelia"
"7533","87c2dc83-0c5d-4e12-8e6e-4f6c7fbe0714","Unknown"
"7534","87c62b11-4e56-451d-a944-7722c43ee3c7","NKcells"
"7535","87c9ca11-fc28-4321-bb4c-e96df8178447","epithelia"
"7536","87cad2b1-47d6-496e-896c-8f404c70e90a","CD8_T"
"7537","87cec3d0-ad6d-4176-8af2-39e709fdd216","NKcells"
"7538","87d0810c-cb84-4bf6-b547-8381a80fa98f","epithelia"
"7539","87d11e94-ac89-40be-9024-99e9d542f2a6","CD8_T"
"7540","87d3f1fa-3883-4b8b-b563-df041c86afd6","NKcells"
"7541","87d7b3a0-cc62-4bab-86cc-169320b36255","epithelia"
"7542","87d8b992-fa7d-4736-b127-477dfd8c3998","epithelia"
"7543","87e2ca73-aaae-434e-82d8-5647b7d872da","epithelia"
"7544","87e3c415-2e01-46e2-a03b-95d4af31ac89","epithelia"
"7545","87e982e3-cb9d-49e9-8b75-f9715772c729","epithelia"
"7546","87f11650-bb46-4a8e-b6e6-86c7a656ccf0","epithelia"
"7547","87f17f0f-fdc6-49fc-a154-340c1e4387db","epithelia"
"7548","87fb04b9-e61e-4c06-9c10-a541a465c768","NKcells"
"7549","87ffcb77-f435-4ef6-b469-d512d82cb533","myeloid"
"7550","88058cc6-dc01-4d4a-ac0d-0654b1e6ebbb","CD4_T"
"7551","880727d7-f714-4aed-9a58-fd49909b80fe","NKcells"
"7552","880e266e-3083-4be2-82b2-d8a48082faee","Unknown"
"7553","8810829b-0c72-4636-96b0-eeb14db08ef3","epithelia"
"7554","88122d01-679e-4614-b95a-b5704eb1a6f9","epithelia"
"7555","881244ce-becb-4c72-a5e9-915dca7b1ff5","epithelia"
"7556","88136b85-0b84-4950-b40d-c4c058965e39","Unknown"
"7557","881e0d8c-c519-4820-9796-154f1f7f44f2","epithelia"
"7558","8826157c-0e01-4993-bc66-28a22eb4fc8a","Treg"
"7559","88286a77-f5dc-45db-a0f5-144ff42727b4","epithelia"
"7560","8828771a-8f42-49c5-976d-76dce30e0557","epithelia"
"7561","882b50dc-819d-4b7f-8ce7-0d23576b3c67","Bcells"
"7562","882cda62-77bd-4d25-aeba-1f8394d32069","NKcells"
"7563","882e24b7-35d6-45a8-8ce0-7c9aa8337346","Unknown"
"7564","8830aa8a-1ea8-4a56-909a-f314fec8ca6d","immune"
"7565","883d91dc-8a7f-4b8b-a6e2-08d281de4a80","epithelia"
"7566","883ec80c-43da-4c1c-b5bf-290b5442ba70","NKcells"
"7567","883f6941-bb1f-4282-abeb-28e9a28a87d5","NKcells"
"7568","8840a4ea-616e-4204-a851-f4d767b65555","epithelia"
"7569","88439256-4903-4b9b-b67b-656399c4454f","epithelia"
"7570","884740de-727a-41c3-aabc-19f19b04008a","epithelia"
"7571","8848592e-8ef7-47f3-adb9-16a265785493","immune"
"7572","884bd7c7-0874-4e96-8031-6b4bb91934a5","epithelia"
"7573","88581062-ce7e-42ca-b2c4-0901b38b58dd","NKcells"
"7574","885bc1f4-756e-4977-9be9-133d530fd379","epithelia"
"7575","88625801-1ec7-4a04-b6a2-47ad4d81ca46","myeloid"
"7576","8866361b-a843-4cbf-8fc3-b7dd2a2fbd57","epithelia"
"7577","886b7488-cdca-4912-ab18-9c4111953d7c","immune"
"7578","886d06c3-6dea-4eea-a46f-d1c12726b654","epithelia"
"7579","886fe6dd-e96e-44d3-a673-ce26ea1e72be","Unknown"
"7580","8871e349-4b19-4d0a-87c7-ccbab3e1634a","endothelia"
"7581","88797ccd-ec6b-453f-bc85-c19e8b31ac76","epithelia"
"7582","8879a32c-56ff-447e-bff0-3415e3c13f2b","epithelia"
"7583","888ade43-b35c-4001-ba1a-c49d638f2359","NKcells"
"7584","888bc9c2-e15e-4fa8-bb19-2286ccaf0fa8","Unknown"
"7585","8896d533-982a-466d-8849-0da95b9274b5","epithelia"
"7586","88989437-d9ac-4e35-bcdb-ddd0accedc43","epithelia"
"7587","8899c0bf-b4a0-4b1b-b496-a25cf97fb060","Unknown"
"7588","88a3084d-42a9-4ddc-9ff9-7d1870aa437b","myeloid"
"7589","88a42dd2-0717-4951-a92a-55e8aeedf43b","epithelia"
"7590","88b3b610-b68a-443e-adf4-b5da1e5a643b","immune"
"7591","88b8bb39-7052-4402-8d1d-513cc569abe2","epithelia"
"7592","88ba504c-eee1-4ff4-8ae5-ad6342dd3a3f","Unknown"
"7593","88bccb0c-af14-4264-ae5d-1638bceefe8c","epithelia"
"7594","88be5147-96f7-48c3-bd3e-f1f9e901e8ec","epithelia"
"7595","88c17a56-792b-414f-940a-157563f6396e","Unknown"
"7596","88c210fa-3814-4389-8128-500605adc177","epithelia"
"7597","88c2c00b-e543-4c6f-aae1-d4ec57bf4e2c","epithelia"
"7598","88c44008-8f6f-436d-acba-e65c98f82043","NKcells"
"7599","88c4a536-3c81-4261-81bc-23544c5b1903","epithelia"
"7600","88ce267a-cbfc-4b4e-adf5-cd0ce99ed90c","NKcells"
"7601","88cefdb5-f537-4b15-b620-3c7066d62094","NKcells"
"7602","88cf1220-d371-4b43-b5cd-3f3d2c42175a","immune"
"7603","88d0a096-0399-42d4-a008-664f99a9a2e1","myeloid"
"7604","88d3c548-a9ce-4acb-9fe3-b4806edc5b42","NKcells"
"7605","88d47470-767c-4a38-b458-73364815fb00","epithelia"
"7606","88d4cdae-c42b-454f-ba6c-0afcdc123e40","CD8_T"
"7607","88d5ddc4-0b07-42d7-ad86-40d5a77df0fd","epithelia"
"7608","88d97096-ae40-4da6-a0ea-9110fa30ee3b","epithelia"
"7609","88dc4a5f-0e3a-47b7-99d0-79abeb9767ac","epithelia"
"7610","88dc89c4-d9ed-4bcb-8d4e-52e5b63931ab","NKcells"
"7611","88df4a9e-36e8-4b1b-a6a4-8d93cc6a79ee","myeloid"
"7612","88e5ac2b-baba-41de-9009-fa842ee1c416","NKcells"
"7613","88e7f187-1451-49fd-90ec-e672fb8b345f","epithelia"
"7614","88f5e95d-3d81-4b91-b6bb-bd39267fb36e","endothelia"
"7615","88f99a5f-f7c1-44ba-aacc-8baa9a486551","immune"
"7616","890098e8-7836-4913-a856-0d281ea6edd7","epithelia"
"7617","8907e9bc-faf4-40f7-8f58-a26bb60c7f39","epithelia"
"7618","890a3548-cad4-4a12-9a47-ea8a43039ff8","Unknown"
"7619","890cf872-7dfc-4aa0-b128-c622f6cb93cf","NKcells"
"7620","891a0394-7e52-447d-b753-242c6e9927e6","epithelia"
"7621","891b17fe-baf2-4ac9-8c21-42384b03165a","epithelia"
"7622","8920dd9c-87c2-489f-96ef-f39758751c92","Unknown"
"7623","892e93ba-b2bf-4156-84b1-e65ad72d987c","epithelia"
"7624","8932e3c8-35ff-4f98-a8c8-6c2b66eb60f9","endothelia"
"7625","893e60e0-2501-4cbd-a69a-5366b086d16d","NKcells"
"7626","89412d97-a686-440f-b5ed-4c37ed0288c5","epithelia"
"7627","8944f0fb-9450-47e0-a1d7-b65abbf3d11e","epithelia"
"7628","894c9919-5318-4e28-abdd-cda44a76a187","epithelia"
"7629","895167f4-43d2-40e9-b178-215b888e1b0f","epithelia"
"7630","8951d8bd-2e64-4606-9c79-c5c59cb6c42c","epithelia"
"7631","8955a8c7-ad4a-4b59-9dab-f6abcba8b0df","epithelia"
"7632","895b208b-ad7e-41d7-9ae0-a4168eedc269","Unknown"
"7633","895d3b0f-5599-4f82-97b6-efc2cb0a2f83","endothelia"
"7634","895e22ae-866c-47c4-97c4-f357324aea10","epithelia"
"7635","8966e062-208a-4ee7-ab12-a49422c9efcb","epithelia"
"7636","8974443a-71f2-4ab9-8691-dc254c115c38","Unknown"
"7637","89791c0b-0730-40b4-8648-364c4d77a40a","epithelia"
"7638","89794fae-ea4c-49dc-9ec1-1462ed9e0d2b","epithelia"
"7639","897da448-b637-476d-be5d-89104035e894","epithelia"
"7640","89801372-1e96-4cc4-bcb2-6d6a5815175d","epithelia"
"7641","89832c87-5d2c-4d54-a990-097b9791b72a","myeloid"
"7642","8984fca6-20f2-4f2a-bc5b-93fe522429b1","NKcells"
"7643","8985ea3b-92be-411f-99ec-c086d4f28905","Unknown"
"7644","898695f3-c64c-4bd4-baa6-914d1df5a01b","epithelia"
"7645","8987131e-4846-4403-9ab5-f6fa4ecd7732","epithelia"
"7646","89887dc8-6863-4930-a150-1fcacb1171df","epithelia"
"7647","8988fdf4-0364-440e-b14b-ad93aeaee284","epithelia"
"7648","898abdae-80c9-41fb-9034-fb952f908f63","epithelia"
"7649","898bf137-267c-439e-bc61-4a3fd256287d","epithelia"
"7650","898ce144-38cd-4442-80c0-1e2cc88733b1","epithelia"
"7651","8997365f-282d-48c2-b8e5-63b570a2c037","epithelia"
"7652","89978cab-792b-4f3a-afb4-21d68fac6e8e","epithelia"
"7653","89a1c053-4f9a-47be-987a-5e568495d8e7","epithelia"
"7654","89a30115-973a-4f30-850f-afe21f4adc3c","epithelia"
"7655","89a353d6-d02b-49ae-b974-0372c3433d78","epithelia"
"7656","89a5cedf-34dc-48a9-b484-75d627981024","epithelia"
"7657","89b49627-23cd-4645-a71f-ad05bcfa29f1","epithelia"
"7658","89b86848-2dc9-4696-a478-08a2649f0093","epithelia"
"7659","89c9322e-e361-4987-9d66-3a4536372f48","epithelia"
"7660","89ca6bf2-466b-411c-acea-55833dfde18e","epithelia"
"7661","89d2fc18-0881-4b95-bfe6-f8b8199cc44d","epithelia"
"7662","89d849a9-0908-4fe8-ae1c-a4527982057e","epithelia"
"7663","89db0b08-ab8a-4e7f-a164-a86a09e41bce","epithelia"
"7664","89e2966e-2fdf-4435-b221-20c2713622a2","epithelia"
"7665","89e302f9-984e-4bfa-9e27-1bd735c43cd3","NKcells"
"7666","89eaccd7-f414-430e-927c-64c49af3d1ec","epithelia"
"7667","89eacea8-cb07-49f6-b5a2-c7a06dee48e4","epithelia"
"7668","89f02aed-fa9d-4175-af9f-d01dc38a2a16","epithelia"
"7669","89f23750-4ee8-4d15-9070-73c65a23ccf6","epithelia"
"7670","89f4d9a2-c7db-43ad-a478-99c9c8755828","immune"
"7671","89f6c54d-ea1f-41dd-97cb-13a1318d1ed7","CD4_T"
"7672","8a052c69-16bd-4b7e-b01c-f30cf7bd34e2","NKcells"
"7673","8a060a1e-192a-44f0-a364-dce0aa703bd5","CD8_T"
"7674","8a06a419-5734-49a9-b27c-f3b309314ac0","Treg"
"7675","8a0c80f6-ba15-489a-99d2-ac00be0dd632","Unknown"
"7676","8a11d2fd-685e-463b-8950-b5c8704814f3","epithelia"
"7677","8a12f143-cdaf-4e55-b44c-67feff2f561d","NKcells"
"7678","8a2079ce-7b8e-40c6-8b00-c47ef633244b","epithelia"
"7679","8a22dd0e-e172-4c37-be50-4b960c68691f","stroma"
"7680","8a26dd59-27e5-430b-8e38-9dfef572b3d5","epithelia"
"7681","8a31501c-f7d0-4bbd-9150-403a7e71aa4a","stroma"
"7682","8a377836-1896-45af-84ca-f9afe3679c1d","epithelia"
"7683","8a3c54f2-1f98-433a-abdc-747b3a1c8d74","epithelia"
"7684","8a3c8605-43f7-4cda-bbb5-ae8b4104e984","epithelia"
"7685","8a3df166-1422-451f-91be-ee132e482dc4","Unknown"
"7686","8a4223ce-7622-49fa-85c4-4efd3e3305b2","epithelia"
"7687","8a427084-60ca-4f6b-8166-7919c1f59a7b","CD8_T"
"7688","8a451513-c489-43c2-8eb6-8494d995db08","epithelia"
"7689","8a47ad1a-20e5-4bd9-8707-132f0d8e3002","epithelia"
"7690","8a483862-8214-4500-9bf3-1c20c977813e","epithelia"
"7691","8a4cd7e6-a6c2-4637-b791-5e2a9c1cdde7","epithelia"
"7692","8a558ba5-d96b-491b-80ba-c926fbff60ea","NKcells"
"7693","8a6317b0-a95b-4594-9efb-741c5f420d93","epithelia"
"7694","8a652397-e34a-47f7-85f5-174215d6e76f","epithelia"
"7695","8a6b14f0-5a90-4c94-a880-c28bd4ecd6de","epithelia"
"7696","8a6e4f3d-0794-495a-9a90-5e88f2880f1e","epithelia"
"7697","8a6f720b-a151-4482-981f-cedea953dbc6","CD8_T"
"7698","8a739b76-6912-43cf-b364-c2e741ad1e77","NKcells"
"7699","8a757e12-3251-40e5-8df0-b06cf97b0d6b","epithelia"
"7700","8a7d0b6a-4374-4a25-8380-1e382557727b","epithelia"
"7701","8a8e5a6c-434c-42b3-ac9d-056cb3373de3","epithelia"
"7702","8a8e95d9-b63b-4688-b5ae-97302b9aab76","Unknown"
"7703","8a8f00b4-dc16-4a6b-8a27-477fcec7e427","NKcells"
"7704","8a91bd4b-1213-4473-bafe-2bd3e4953fc5","epithelia"
"7705","8a9cc6d9-a600-4c1e-af13-9dda7769f5b6","epithelia"
"7706","8a9f41dd-ef5e-4043-a6f9-96cfd19d6c82","epithelia"
"7707","8aa20050-e70c-4c9e-82bc-74f0cfecd6cb","Unknown"
"7708","8aa97617-c626-4684-8889-0e9a3cd4ef07","epithelia"
"7709","8aac003e-fb50-4b88-abf8-936cac4f95a9","CD8_T"
"7710","8aad0b66-367e-41e7-b28b-bbbee65011f6","epithelia"
"7711","8ab09174-68c5-41eb-8748-af8fe58ee44a","Unknown"
"7712","8ab38d53-68b9-4352-933e-32762124538d","NKcells"
"7713","8ab882b3-a751-470a-a789-9ceb448acfe4","epithelia"
"7714","8abd558d-742b-410a-a98f-cc92ac9bf5f7","myeloid"
"7715","8abf4138-e21a-4dfd-9bee-c93fe7a7f36f","epithelia"
"7716","8ad7e038-1388-404d-afe9-aebc9f3ba8ad","epithelia"
"7717","8addcd1c-29c9-4415-8447-975ea56e4ed4","NKcells"
"7718","8adf6306-8a90-4f51-bc38-1db1397861fc","stroma"
"7719","8ae3a723-df9c-4e2d-bccd-f663670c9970","epithelia"
"7720","8ae5e92e-55d7-4524-8580-6d7ec81880c3","CD8_T"
"7721","8ae8b364-14da-450f-a587-8059624f4d67","NKcells"
"7722","8af13310-6d29-40cd-8da2-386b065a7453","CD8_T"
"7723","8af1cbda-936a-4642-a66b-73f50dd31374","NKcells"
"7724","8af30c72-7e71-4605-b172-1f8927d8a256","NKcells"
"7725","8af5d416-94a8-4fdb-90de-ea7414e4b6df","epithelia"
"7726","8afd91d8-4114-400f-84fc-c056c0cfee82","Treg"
"7727","8b003e5b-a0a7-4196-a93b-7440cc129670","Unknown"
"7728","8b07d272-4d92-4e45-b5a1-4d8a99b0fa7b","epithelia"
"7729","8b0802f0-f0fb-47f9-a95f-150be2a1bd15","epithelia"
"7730","8b0a7782-96c5-4168-8014-3549536dda67","stroma"
"7731","8b101ecb-5e0f-4eb6-a842-039813271fa4","epithelia"
"7732","8b11032b-721a-4a6e-a789-538c4356639c","Unknown"
"7733","8b1b3537-12d5-49fc-b5a1-36bba6dd7952","epithelia"
"7734","8b1f9791-4fba-4ca7-a344-5331a4bb6f29","CD8_T"
"7735","8b23e742-a4bf-4778-9a0e-f6c8e8f80206","Unknown"
"7736","8b26d63b-8b60-4ee9-8361-69a7237cf0c3","endothelia"
"7737","8b28bc8b-30e5-40c5-896b-c6bfc3ac4761","NKcells"
"7738","8b2954c4-8cd8-469b-8f2e-478eb84368fe","epithelia"
"7739","8b32b973-eed9-42f0-9bd6-b7db2c810a8b","epithelia"
"7740","8b33a56d-3b6c-4312-8d38-99bce237a4c2","NKcells"
"7741","8b34091d-0e31-47dc-8cdb-c0ff573e4d8b","Unknown"
"7742","8b4a463d-024b-4a46-8e0b-8f5eb068bd95","immune"
"7743","8b4ba166-7b8a-4366-ae5f-9770fa5a712b","endothelia"
"7744","8b4d842c-1a02-41ea-a305-79ad70ba3e4c","epithelia"
"7745","8b4e6269-e176-4389-ac76-661dc5a3a40b","epithelia"
"7746","8b4e87ae-3df9-464f-bbf9-c180040a9f6b","epithelia"
"7747","8b4ef4ab-e7a6-42de-9cc6-91abf89e135e","epithelia"
"7748","8b523373-ae14-4e64-ad54-b8fe4caaef18","epithelia"
"7749","8b53341d-7646-4732-be4d-0289b45fbcbe","myeloid"
"7750","8b552a28-7dd9-4ce1-9d2c-4e86e7122fd3","myeloid"
"7751","8b578c77-2250-4f6d-b79c-dce177ec8d16","immune"
"7752","8b59a01f-2b18-46a2-a997-9cf91e4fbc19","epithelia"
"7753","8b670592-f060-4d7e-a798-5bdebc77a69f","epithelia"
"7754","8b67da80-6c61-4e22-bee0-79703f1a5216","epithelia"
"7755","8b6afe4b-b608-4a34-b668-ae2ae2fb0530","epithelia"
"7756","8b6c4ebe-57a3-465c-a39f-72986a5fcc67","epithelia"
"7757","8b6dc07b-0815-455c-8025-5daec5305572","epithelia"
"7758","8b6dc754-7fda-46ea-ad77-c5a10d1155a8","epithelia"
"7759","8b746aac-446f-40e6-98d8-56bdeef6db6d","epithelia"
"7760","8b7905ab-a0f1-42aa-a162-0923f4c3ab90","epithelia"
"7761","8b7a1efb-4361-47b6-a834-b69725aae4ea","NKcells"
"7762","8b7d5fc8-27cf-49dc-8e39-9fa58c0b6c34","epithelia"
"7763","8b7e0bc4-5e79-4b13-843e-ca96cade03cd","epithelia"
"7764","8b805d53-8cba-44b0-9dca-c41d30bb06a5","stroma"
"7765","8b824a17-be92-4e67-964a-515bcaa7715b","NKcells"
"7766","8b83aef1-250e-4c3c-8cff-6570de511697","epithelia"
"7767","8b840527-2b84-4fe8-ab6f-590ffae29ce9","epithelia"
"7768","8b861fa1-8a8c-4a49-8add-03766706278d","CD8_T"
"7769","8b88eef2-af16-4511-a4c7-a507752519ee","epithelia"
"7770","8b907349-5faa-4c49-8edb-d2db6cb92678","stroma"
"7771","8b98dd13-e754-4948-93a1-ff2dcec47b0b","CD8_T"
"7772","8b9fb293-70b5-482a-8066-cf488d598a9c","NKcells"
"7773","8ba690fc-9103-4eaa-80ec-b0b7cae8c71a","CD8_T"
"7774","8bab04aa-8bfc-4b17-978b-cc2820633a85","epithelia"
"7775","8baeb92e-db1f-4738-86dc-14082688ec25","epithelia"
"7776","8baf43da-05bf-46fd-a207-c39748d505c4","CD8_T"
"7777","8bb6943c-f52b-4d7b-8e32-0cf28ccb8294","epithelia"
"7778","8bb7f780-e835-444b-a9d6-f695928a7248","CD4_T"
"7779","8bb81343-6fae-417d-a461-3a8d5d7caf26","epithelia"
"7780","8bc0d53e-2262-4fe3-9790-be461044b56e","epithelia"
"7781","8bc27e96-be0a-4586-9f94-910ffb135946","epithelia"
"7782","8bc7f34c-8fa2-4ba7-a55c-aec0e6750414","myeloid"
"7783","8bcee0d9-5401-4572-8138-39326407033e","epithelia"
"7784","8bd102e2-1a47-4085-8baa-3063e0d2e6d8","epithelia"
"7785","8bd3f5e0-2bc3-4428-93fc-dcea17df477e","epithelia"
"7786","8bda0f32-b130-41be-bb6f-d5e03bd5ff91","epithelia"
"7787","8bda22b8-a46e-4b44-a525-d96c78a1f1a3","myeloid"
"7788","8be29248-d145-4a6f-b840-9a12fc52a169","epithelia"
"7789","8be2c34d-b684-415a-a63b-582dc644bb94","immune"
"7790","8bee7bda-f4cc-4240-973a-d64b937fe86f","epithelia"
"7791","8bf30478-a602-436a-b153-88bfa60c0a00","Unknown"
"7792","8bf5cb24-5282-4e79-acdc-eee29140f833","epithelia"
"7793","8bf76a23-2375-4000-952c-1c7be936f236","epithelia"
"7794","8bfa739f-6a1c-450e-9e00-678e107b672e","epithelia"
"7795","8c019a4f-babf-4731-982d-ac39b386b770","immune"
"7796","8c055776-a2ad-436e-bec4-a10edc394477","epithelia"
"7797","8c0af5ce-268a-4bcd-916b-dff4381893ed","epithelia"
"7798","8c0d8832-68e6-4aac-a7cb-b41d0595cdbf","epithelia"
"7799","8c1ca412-c878-4110-8110-c19e798de171","epithelia"
"7800","8c221d91-00f7-4c6e-a06e-2baab0149fca","epithelia"
"7801","8c2a1cc4-e60e-4c91-af84-f10468e9951f","epithelia"
"7802","8c401c91-1f7b-44dc-8aa4-8cdc32ee7a25","Unknown"
"7803","8c4b8616-1145-4bd6-8eeb-6e01655139bb","epithelia"
"7804","8c4e622e-ecb8-411c-874d-b7021849dd28","epithelia"
"7805","8c4ff80e-6f8c-4c21-9671-468d96f5c9fd","epithelia"
"7806","8c5e2097-69c0-4a8c-bd64-280c49fb6d01","epithelia"
"7807","8c5f5933-61aa-4444-b8b4-f5e414235974","epithelia"
"7808","8c61fc72-4939-498d-97f0-25c8b55c5027","epithelia"
"7809","8c6afd7c-b1b9-4dfd-85f5-577da320a975","CD8_T"
"7810","8c6d1d72-4f6f-47e4-93c9-1b5751515b0f","NKcells"
"7811","8c738552-e663-44a4-8b0b-c784f54dc417","epithelia"
"7812","8c7448a0-90e4-415c-9c2c-92e7e2456ab7","NKcells"
"7813","8c79e108-6dcb-4e84-ac7e-9f98de80c993","epithelia"
"7814","8c7f9aeb-a932-4132-9b9d-acaaef5857a5","epithelia"
"7815","8c8236c5-80cd-4e50-80e6-cc4b8ed63d47","epithelia"
"7816","8c8639fa-dd96-4263-a7f9-fea202ef0433","epithelia"
"7817","8c8cd931-e642-452e-8b98-892281cf66cb","epithelia"
"7818","8c9e5e9c-6e9e-4b34-8809-feeee5418948","NKcells"
"7819","8ca2725b-a734-4bbd-baa6-811376040930","myeloid"
"7820","8ca764c4-066e-46c1-bfb2-d45f706e8aaa","epithelia"
"7821","8ca92bf6-79d0-4cb1-b42a-8c78ccb3126a","epithelia"
"7822","8cbade3f-de2e-460b-98fc-40ec5c90ef3e","myeloid"
"7823","8cc6adab-1e00-4d3d-8a16-e7077c6de1d0","epithelia"
"7824","8ccd5a63-ffc1-4eb5-bf9b-efaef0613c0c","epithelia"
"7825","8cd1019f-b88e-47e3-b0d8-61b1c9bdd541","immune"
"7826","8cd6a8e3-bc58-4c6f-818a-a15b31b8948d","epithelia"
"7827","8ce25898-0a55-4dff-af34-bd0f132cc9b7","CD8_T"
"7828","8ceaf1bc-4bb2-4843-930e-d85f7bafb4a5","immune"
"7829","8cf8a35c-521e-425a-ac9b-98895cd89ab4","NKcells"
"7830","8cfeeaa7-073d-4e01-b0ce-2371432b51bd","epithelia"
"7831","8d02e6f8-bbef-4898-9216-cbca96b15c4c","epithelia"
"7832","8d03dc3f-2973-4c88-9a17-c23cb38b1021","epithelia"
"7833","8d061e12-4e6f-4d26-ac3c-01d72bcbb2d7","Unknown"
"7834","8d07bb32-b5f5-459c-8af4-6381201fb2f0","NKcells"
"7835","8d10de55-d8ca-43a5-85f6-ae3500acb181","Unknown"
"7836","8d152163-02f6-4b51-beb7-b68205ec250c","epithelia"
"7837","8d154696-5d1e-47d8-94b7-2b526447e484","CD8_T"
"7838","8d1b7e0b-29c7-4513-85f2-37214cd308cb","Treg"
"7839","8d1ecfa3-0e41-4cdc-917b-9fdfcc8099e9","Bcells"
"7840","8d1f07d5-ab0d-4b71-8fa5-2db4d738059a","epithelia"
"7841","8d20d9f6-d6c3-4d45-a825-957c4b5c7bc7","CD8_T"
"7842","8d262154-5f10-46ba-b311-1240ae2c862b","epithelia"
"7843","8d26cad4-4062-4dd1-bc23-a34cc7fcfd8e","Unknown"
"7844","8d2765b8-cd07-4c5a-82f6-d80c7688087a","epithelia"
"7845","8d316c02-7baf-4950-9802-f23e2fdaeb68","NKcells"
"7846","8d325e38-fffb-4c00-a27a-a28c66a564b4","NKcells"
"7847","8d34f98b-a8e5-4c23-839b-861e47db5fba","NKcells"
"7848","8d396b05-ca2b-4fe5-a5b1-7d2103d0ba11","epithelia"
"7849","8d3b00eb-dcef-4f73-8b6d-cf2911096445","epithelia"
"7850","8d3c5e0a-394e-4d53-a21d-a88e1dfcadf2","epithelia"
"7851","8d3fa775-bffa-4bba-9ecc-3ae29278b29c","epithelia"
"7852","8d461fa1-c614-434c-8290-65c917590b6b","epithelia"
"7853","8d518867-a3e5-441a-b388-a169961eb057","epithelia"
"7854","8d52488d-2564-4354-b3c0-09ca43ea84fc","epithelia"
"7855","8d529067-6e1e-4eb8-b384-12a87ec9affd","epithelia"
"7856","8d57865c-b8ff-45de-aba7-ef034866603f","CD8_T"
"7857","8d589009-6802-49e6-8c2d-4332ab05d814","epithelia"
"7858","8d59ec83-f15f-4467-89c2-37e75f96cab0","Unknown"
"7859","8d5e33b0-4192-481b-9fc1-7da55018417b","epithelia"
"7860","8d695b0f-f656-457f-a7e8-2e38e0c690f2","NKcells"
"7861","8d6b003b-27b0-4247-8558-4b9da537bd75","epithelia"
"7862","8d6fed44-e3dc-41ee-a0d1-144232bd9b0d","epithelia"
"7863","8d778622-3615-4d19-85cc-c750d057db16","epithelia"
"7864","8d780da1-2eb3-49da-9bf5-6a3b5fe43028","Unknown"
"7865","8d7d5498-c1be-4f27-87ae-03e06e3e21fc","NKcells"
"7866","8d821696-0df5-47fa-9450-a1f97ca890f7","epithelia"
"7867","8d830d25-ef58-47bb-b21a-b40d2d28e109","epithelia"
"7868","8d86561e-b698-473b-9048-9b8819a562d8","epithelia"
"7869","8d89639d-876f-4435-9e24-2fad4659ce7c","Unknown"
"7870","8d8a2639-7fd6-4473-8da4-383d807c0527","epithelia"
"7871","8d8d63a4-d89c-4944-b789-0474e245c39a","epithelia"
"7872","8d8d72bc-be21-4f94-b415-5ffed4e01339","Unknown"
"7873","8d9ab035-8cd3-4f3e-a062-634fd6d3897d","Unknown"
"7874","8d9dee87-3875-4dab-bc78-a2f974e309e3","epithelia"
"7875","8da15958-8e11-4679-9833-6c3488da64aa","epithelia"
"7876","8da539ad-6bd7-45fa-a3fa-d1024a3696ca","epithelia"
"7877","8daafb9c-5625-4c57-baa5-8f4e888b9a51","epithelia"
"7878","8dae06c5-f21f-42df-a4ce-1bc26c14b489","Treg"
"7879","8db16e57-f49a-4b84-8da7-5ee01a39f756","stroma"
"7880","8db5a667-a985-4c30-841d-887846021428","epithelia"
"7881","8db70ee3-e36e-4cfb-8f00-df7d2f057ea3","epithelia"
"7882","8db7d1e0-d7d2-454b-a5d5-90689e5670bf","epithelia"
"7883","8db86c6e-bb8e-4161-9ee4-96eee231c106","myeloid"
"7884","8db94c55-45da-4d8d-b5a7-9db192cd1488","Treg"
"7885","8dba3fa8-e305-4e88-b84f-56591557e5fe","NKcells"
"7886","8dca2386-bfd1-4ecb-85ad-fac8704d8b1f","epithelia"
"7887","8dcb1914-6e07-48dc-904b-8f9c117ef9a5","epithelia"
"7888","8dd00ba6-d0d1-4010-b3c1-e430140feb73","epithelia"
"7889","8dd4eeca-6e1b-412c-9318-60d081a21c00","epithelia"
"7890","8dd64260-b755-4232-9fb2-f527cdc171a0","epithelia"
"7891","8ddace59-2287-4d55-bc77-131bc67b1d45","Unknown"
"7892","8dde6979-208d-4504-b94c-38d8daafdea9","CD8_T"
"7893","8de0e9d3-a453-40a6-979b-a3af20d39a61","epithelia"
"7894","8de17aca-9dce-4fef-9592-cd01f0302632","NKcells"
"7895","8dedd738-54f4-4994-8970-d0c1310da3ab","epithelia"
"7896","8dfbc936-e00e-41b5-ac99-58337628ebfc","epithelia"
"7897","8dff18d8-ebcd-4582-b767-10e2e2faa9c0","epithelia"
"7898","8e076a33-2d43-45ff-bdd4-86a60ba5615b","epithelia"
"7899","8e15433a-87f4-43fd-89bd-1e48d2bcc900","Unknown"
"7900","8e161288-56d7-4c0c-b782-0d93c0e4575a","NKcells"
"7901","8e1743dc-d4e8-4393-ae41-cd3fe2bfb6d7","epithelia"
"7902","8e199c0c-64d6-453b-8d04-6078c3b3af6e","epithelia"
"7903","8e1d4332-0bbd-4691-b8eb-a4d0c269fb60","epithelia"
"7904","8e2660a6-713f-4be4-a2c1-614994906410","epithelia"
"7905","8e2a0650-f1c4-4574-9ad1-4a197ea22793","epithelia"
"7906","8e2a6bd8-ea09-43ce-b0ed-91915d66412a","immune"
"7907","8e2e4f38-06c3-41c6-ae15-0e8e2c89be08","Treg"
"7908","8e31eaea-ee29-47e8-aad3-37bae6c51cde","myeloid"
"7909","8e32b73f-46c6-43ce-972f-6f7984f168ae","epithelia"
"7910","8e44d5bd-3c93-4a20-acf0-9fb6dc19fdc6","epithelia"
"7911","8e55e001-2b35-4eba-8690-fae3bc9f3d5f","epithelia"
"7912","8e5ad21b-ec58-4201-8175-386c7fa9c603","epithelia"
"7913","8e5b03ea-6a49-4b27-bc6d-77ce96a03482","epithelia"
"7914","8e5d49d0-7c70-496e-87e4-4bbbd790a325","epithelia"
"7915","8e61c7f5-b7a2-470a-b921-1c8ac1b759d6","myeloid"
"7916","8e6674d9-89e7-4cbb-b783-c812a2ee084f","epithelia"
"7917","8e678339-adc1-4eae-bead-931979b94319","epithelia"
"7918","8e6ab49b-1063-49df-aead-f8ca48ede0ff","epithelia"
"7919","8e8337b2-bbad-4314-94c8-49c781d387b2","NKcells"
"7920","8e841e24-1c40-485a-a2dd-7c0ce93cd789","NKcells"
"7921","8e8b2e23-a88e-4542-8aaf-f7b48a3baed3","Unknown"
"7922","8e8e0c3b-aaa7-453b-b4e5-810e995db022","epithelia"
"7923","8e9164a3-b17f-4124-9c99-8fc35e1f5b51","epithelia"
"7924","8e9303aa-19b0-47d7-8df0-41d9c142ea6e","NKcells"
"7925","8e940b00-1124-4f1f-bf46-281a06f23136","immune"
"7926","8e947ab5-61cb-4389-aa3b-38114caba9d1","epithelia"
"7927","8ea7ce46-2ec1-47bf-ba3d-884c426262f7","CD8_T"
"7928","8ea9d13f-7327-443a-88ae-b5c2405cf3f0","epithelia"
"7929","8eafbaf9-da5a-4df2-98c0-263f55fda00b","Unknown"
"7930","8eb358e4-598f-4ef2-ba43-61bcb16843d9","epithelia"
"7931","8eb4dcad-15ef-4966-8f51-8bf303253a11","epithelia"
"7932","8ebbd7c7-cb70-4018-9d61-4cde908dcf81","epithelia"
"7933","8ec97352-0fae-4d4d-9ec4-e88caf099da7","epithelia"
"7934","8ecee319-2b18-431f-8e71-674b3bf30611","epithelia"
"7935","8ed2b1ff-4c3f-445b-8d34-c23f47e8380c","epithelia"
"7936","8ed5419b-12cb-4a89-bfd2-80e9abcb7a22","epithelia"
"7937","8ed95b00-b00f-4026-ac6b-b1670a9401c2","epithelia"
"7938","8eda41a9-7cb5-4e66-a885-b099f6bb9c9e","NKcells"
"7939","8ee218c5-b4d6-43e4-a0d4-91d49073878d","CD8_T"
"7940","8ee9653b-37fc-484d-a7d4-1a7548ddbff0","epithelia"
"7941","8eee49d0-bd58-4fed-97bd-9bd1dc02195c","myeloid"
"7942","8ef215de-23e8-4291-9c8f-6157f32692c1","epithelia"
"7943","8ef63ec2-060b-4745-98af-ac1edca82333","NKcells"
"7944","8f020be2-4f71-40e0-87b3-221cbec45660","epithelia"
"7945","8f039084-9298-4d56-8dea-16ed4a90421a","epithelia"
"7946","8f08c071-3a27-41fa-9d37-666ead51a995","NKcells"
"7947","8f0a909f-4d0b-410d-8fbd-060d00bbdc27","Unknown"
"7948","8f118662-a23f-4e38-8a25-ac4c4527502e","immune"
"7949","8f154a45-780b-47e2-83d5-fa63a97c7d48","epithelia"
"7950","8f1c9923-cf36-44b0-96cc-d4c2fc5d3cf3","CD4_T"
"7951","8f1f416e-8371-41b8-a818-1a52940b52fe","immune"
"7952","8f2270ce-bc12-4b07-82b3-f19577a67328","epithelia"
"7953","8f26a7bc-8188-43c7-8478-31e9fc02cdb7","stroma"
"7954","8f2c25cd-f4ee-4081-994d-6d94df00f63b","myeloid"
"7955","8f2e9348-ff3a-4b85-b1d0-812d222ea1d8","epithelia"
"7956","8f3427b9-e00c-430b-b9cf-dfd3d4db9efd","Unknown"
"7957","8f49ea68-8ca6-496d-998f-19ce016baa47","epithelia"
"7958","8f4d1395-935c-4c56-804e-6cad040157fe","myeloid"
"7959","8f4e2e5f-2858-4c74-a7b1-e70a2b95ac8a","Bcells"
"7960","8f4f9fd0-d5ea-4eaf-b17a-154955ae8203","NKcells"
"7961","8f5de4c5-6753-4ba6-b3ac-e2eb71514021","CD8_T"
"7962","8f66f632-4112-4d2f-b02f-c7f17a2ba035","epithelia"
"7963","8f671f5c-680d-4261-be0b-9c03405a4005","CD4_T"
"7964","8f7098e5-715b-4c28-8cd2-0f543b11e767","epithelia"
"7965","8f7977c3-4653-4d46-ac76-21c2062343fc","epithelia"
"7966","8f83c894-82b5-40d6-bd33-b1a531041161","epithelia"
"7967","8f86edf1-b9d2-4948-ab7e-4128027aaa30","epithelia"
"7968","8f8cecab-1ec8-4b83-8600-162c7393a808","NKcells"
"7969","8f8cf223-66bf-4053-83bd-e62582b0c59e","NKcells"
"7970","8f8d951a-4544-4118-88a3-98614e0e42b7","NKcells"
"7971","8f8e6155-3779-4d11-8a01-b4eeea329694","epithelia"
"7972","8f90e8b2-4719-4743-bad3-3e610ba3585f","myeloid"
"7973","8f91f3ba-fab0-4551-9204-fe99f99ae0ba","epithelia"
"7974","8f928dbb-a8be-494d-8d46-9e07529acc4b","CD4_T"
"7975","8f93a911-3b46-4e44-8d7d-6e14a96b4a86","immune"
"7976","8f9499fe-12c9-4e48-b0f6-106583216c3f","NKcells"
"7977","8f9b3837-9510-4991-8d1a-ccbca920c788","epithelia"
"7978","8f9cebc2-4630-414a-b0a0-ba87c840699b","Unknown"
"7979","8f9d3666-e770-4497-afa8-747f6c7eeced","epithelia"
"7980","8fa69135-91b8-4df1-8140-994862a3b98c","Bcells"
"7981","8fadfcfd-155d-4855-a6fe-53a0bface3f4","myeloid"
"7982","8fb4ef1e-4f7c-4f1b-b976-1e58aa489166","epithelia"
"7983","8fb62914-4df7-466e-9cef-5f8b6a9ea5f6","myeloid"
"7984","8fbc79b8-682d-4821-863e-168ca121776e","NKcells"
"7985","8fbd80a7-0322-4ab3-bc85-5ee61f316221","CD8_T"
"7986","8fccf216-3d32-42bf-b307-fe619b34d32e","Treg"
"7987","8fd0039c-eb26-447a-b3b3-a8ca12e65c70","Bcells"
"7988","8fd4165d-cccf-4e0b-af1f-c04e69e245c7","myeloid"
"7989","8fe934b7-af69-45c2-a314-97777f13dfe4","NKcells"
"7990","8fea0503-704e-42ee-87ee-31158a62435a","Unknown"
"7991","8fef9f25-c063-4927-b01d-20f83ff2a844","stroma"
"7992","8ff01064-06fb-4e0f-ac65-49df59db94bd","epithelia"
"7993","8ff03cae-d881-4d4a-a071-c28e1b1f7380","epithelia"
"7994","8ff060b0-dc18-4cad-b845-1ec1a34cb9ae","CD8_T"
"7995","8ff07961-b556-47ae-9a71-b99129978a03","epithelia"
"7996","8ff22f6d-bc74-46ee-ba94-855c7ac3c299","epithelia"
"7997","8ffb0d8f-7af9-4aa3-9c89-6e2b69fc205b","epithelia"
"7998","9000583f-4990-4486-abad-b8709341660e","epithelia"
"7999","9001b578-197e-4dda-a4e0-1d4d0f4644ed","epithelia"
"8000","90027a33-5709-452f-9aa6-e8e8df3917cc","stroma"
"8001","9005331a-cf48-4398-93e3-e752f02c0627","epithelia"
"8002","90055c5b-20ed-49dd-973e-5b07be2ea197","epithelia"
"8003","900a62d0-ece9-4cab-ada5-08b110933ef6","NKcells"
"8004","900eaa20-5c5b-4053-942b-c2e6af159c15","epithelia"
"8005","900f5e47-6438-4071-89ee-9e6b6d31728a","epithelia"
"8006","90102a9f-472c-4819-af96-a16f2773bcc1","epithelia"
"8007","902431f4-ba4f-49fb-9e6c-27b35ac27d0f","epithelia"
"8008","90298ab7-af98-420f-9917-5f211bcf10a1","stroma"
"8009","902adb56-0bce-47e6-9675-6dcee005992b","epithelia"
"8010","9034829f-8b70-4ee5-8410-2379cb5e0e88","NKcells"
"8011","9037f970-9aae-4cf0-9360-dc563b1409bb","Unknown"
"8012","904ae9bf-198a-4782-822d-d9aaf9a929a3","epithelia"
"8013","90508f16-e53a-49d7-916d-5d673d7d9b88","epithelia"
"8014","9055ed55-917c-4016-830f-58546eb19951","Unknown"
"8015","9066dffd-bfc4-4a98-a37f-4af5ecca8a7f","endothelia"
"8016","90672d78-3a3b-463b-a436-de82afe88cb9","epithelia"
"8017","906d26d4-af90-4d5a-b27d-e6c96bcb1023","CD8_T"
"8018","90780f1d-900b-4fcd-9e7b-bf03534f559e","epithelia"
"8019","907a0ffd-144b-4b4f-82f4-4b0e2a4f49a2","myeloid"
"8020","907d6d00-4b49-4eae-ae93-495a5971a815","epithelia"
"8021","908bbd6c-1cf5-462b-9fb8-43fab2e7b293","epithelia"
"8022","909336f6-0b80-41bf-9b7a-6b5b336dff03","epithelia"
"8023","909530bf-74dc-43b8-8c9c-1b2a420679d7","epithelia"
"8024","90994188-b8fb-489b-af1f-8337b56abe78","epithelia"
"8025","90a3684e-cf38-48e9-b0e6-45b30a6ac8d5","epithelia"
"8026","90a482f6-ef3e-4dfa-98aa-3f5672b63841","Unknown"
"8027","90a71ef1-88c0-4fad-bec0-8fe0114e6cb7","CD4_T"
"8028","90a8eaf6-872f-44cd-9f37-717c4fc78823","epithelia"
"8029","90ac8e4e-e3cb-429c-b55b-54a54ad995c8","epithelia"
"8030","90ae9520-a52a-43ec-8312-6ad9cf8afc2a","immune"
"8031","90b4c7bb-b5ab-426c-91b8-19587313f541","CD8_T"
"8032","90be652f-d985-4648-9683-2b215994e80f","epithelia"
"8033","90c36b01-2298-4065-9e3b-f7169c57ccff","Unknown"
"8034","90c3ed1b-5dc1-434c-aba7-1f8c7783a22a","epithelia"
"8035","90c5e53c-8606-481b-ad88-537a2e7b04ed","epithelia"
"8036","90cec4d0-551e-4978-a2c7-d77942f854bf","NKcells"
"8037","90d571b5-cb6e-4853-8262-6c071ef44f14","epithelia"
"8038","90d8e563-f06d-4235-aa11-cf1bbf1c1f5a","Unknown"
"8039","90d94d34-e67b-4cbb-97c7-17ed72e4b2a5","NKcells"
"8040","90dde959-e709-4833-b067-57076b5bd541","epithelia"
"8041","90e97511-a105-4c1e-b25d-0e11b315e325","NKcells"
"8042","90eb8ae8-5636-4f00-974d-64dd8ce0e007","NKcells"
"8043","90ec0632-fe21-40a3-93c6-ea4060d9a309","epithelia"
"8044","90f6b6c7-ee30-4f0a-a4cb-cab9aaf5fed1","epithelia"
"8045","91055c48-92f4-42fd-98b1-3d2d5595d9a1","Unknown"
"8046","910b166f-72a1-42a6-b887-723b1f7247ca","epithelia"
"8047","911395ca-9f72-4a9c-acc4-54cd87367c1b","epithelia"
"8048","911756f9-2737-45e4-99ff-facffd8b9e32","epithelia"
"8049","9119c8f6-21b9-48a1-ac12-f835270a662d","NKcells"
"8050","911b65b3-a340-4a30-b5a5-fa026b129936","epithelia"
"8051","911f6e46-9462-4977-a94c-20aa09b3d790","epithelia"
"8052","9122cd0a-fed4-4abc-9659-7b473685697e","NKcells"
"8053","91352e10-a292-4c87-893a-905cadc78a46","epithelia"
"8054","9137611d-3a8c-4324-8fae-9a0434184f0a","epithelia"
"8055","913ce7af-e0cf-4069-aed3-a2be41185e25","myeloid"
"8056","913f9bdb-504e-4fbf-99af-c53d1e8f05ec","CD8_T"
"8057","91400057-511c-4bf1-a432-8801a20bb592","epithelia"
"8058","9140df95-63df-47f9-a8b9-d7bee921363d","epithelia"
"8059","9144b6c7-0ed3-4f3b-bba8-2bb8532bc27f","stroma"
"8060","914b4399-fd31-4954-8087-e62c9c1c91f5","Unknown"
"8061","914c0be2-e6aa-4d43-a9c0-f5142b576d61","epithelia"
"8062","9150a641-e99c-4136-b544-e4d607582bd2","NKcells"
"8063","9150d2ea-21ec-4104-a266-7b721e1586c5","epithelia"
"8064","9150d38b-2f61-4986-bcf8-dcc6ac7e7835","Unknown"
"8065","9151144e-6357-46a1-8193-5890dbd0263a","Unknown"
"8066","9156a50a-9d17-425f-82af-2007dae895a1","epithelia"
"8067","915b4f16-8f27-4515-9f27-74bf19271366","Treg"
"8068","915ecd41-2aad-433e-8174-585d3346d5bc","Unknown"
"8069","916a4e77-b003-483c-8e9f-db0f03e31771","CD4_T"
"8070","916e6b39-e90b-4be5-bdc6-647aa9edd858","NKcells"
"8071","91739941-900c-4593-9132-b34f7cc0cc8d","CD8_T"
"8072","91791943-7e46-4cc3-842d-877c763fc34c","NKcells"
"8073","917d07ac-c5fd-4c5e-b817-92e8a23b0e13","epithelia"
"8074","91849a3c-b340-48ae-8ff0-f5d6305d5937","Unknown"
"8075","9189308b-5eba-4342-9baa-2d75b3ad7ab7","epithelia"
"8076","9191a997-8818-4535-9c81-681b745e82ec","NKcells"
"8077","9195d608-c338-457b-b635-3694992493b1","epithelia"
"8078","9199e597-c891-4977-a9f2-b7339fb30148","NKcells"
"8079","919a5a23-ba9c-4a24-8cb3-eb54130624cc","epithelia"
"8080","91a210d1-b761-4a54-90bf-cd1526ac06d4","Unknown"
"8081","91a2404d-6373-4e0a-8832-a4c75cb55167","epithelia"
"8082","91a5a198-8a3a-478e-82d8-151659336107","NKcells"
"8083","91adf4f4-ff7f-4bc2-adc3-0650ac97a8fd","epithelia"
"8084","91af5553-de27-4781-9d77-0ac956a03a93","NKcells"
"8085","91bb9153-d5d5-48f0-b2cb-4e9fe6f1898f","myeloid"
"8086","91c7bc1c-8dd1-40e6-a3b6-624d01c513fb","epithelia"
"8087","91cd68da-d746-452d-bb04-9f8af3feddd4","stroma"
"8088","91ce4f4e-dba1-4615-b4e5-10e2b8ea4214","epithelia"
"8089","91cfdaa5-c16e-4c13-a894-a9c4671d4e2f","NKcells"
"8090","91d85f57-6869-426d-9d04-1debebc0ede7","Unknown"
"8091","91d95bbf-3033-458e-91f8-8ebeca4ad02b","epithelia"
"8092","91e1f941-84fb-4373-92f7-fef475098bf6","CD8_T"
"8093","91e38c1c-54ac-4946-845b-11a7361c511e","epithelia"
"8094","91e3f7ac-fb00-4bdd-9213-035ea92960c3","CD8_T"
"8095","91f0fea1-5fb8-45ba-8ce4-8afb4678c715","epithelia"
"8096","91fd3edc-c7c1-4522-bc5e-e40530f777ef","epithelia"
"8097","9203a56b-a7f8-4d4b-9c55-21090cc06b61","Unknown"
"8098","9205aa9f-a795-4531-9211-1da47be6f7dc","epithelia"
"8099","920a3505-5e72-4bd8-9c3a-90bd43d2b5ae","NKcells"
"8100","920b98ec-3f93-44db-bdc1-bf295f6069b1","epithelia"
"8101","9210f63d-0d0e-4997-9bb0-7fa40199a97e","epithelia"
"8102","92111c69-c317-4957-8e42-382acd5cdc82","CD4_T"
"8103","9213b149-38d6-498b-9f9a-6adc1f182385","epithelia"
"8104","921b5426-e3c5-4c55-b959-b5f4f2bf7f38","epithelia"
"8105","922218fe-8dd5-49dd-9541-db32d9ebe580","epithelia"
"8106","92222fa7-5c99-420d-93e1-82309db04e77","Unknown"
"8107","92237ccf-063e-4dd0-8b2a-28ef4393263e","NKcells"
"8108","9229cb3c-5ee2-4196-9042-a1497b26ef56","epithelia"
"8109","922a192a-7ef3-4c00-98d5-4224742f2762","epithelia"
"8110","922e2b4d-1115-4ddc-a6c7-5c62bd24ff73","NKcells"
"8111","922ff452-ee9e-41fa-b622-e3f2da4dc62f","T_cells"
"8112","92307b2b-5e9f-4067-bea4-c2e3acad8207","Unknown"
"8113","9232eaff-4267-4d57-8c22-cc403efdfd75","epithelia"
"8114","92396b4c-564c-405a-adc6-8723dfe1a3f7","epithelia"
"8115","923db1dd-cb18-42ea-ba3f-d7b27970696f","epithelia"
"8116","9243469f-6652-4be2-8cf1-331088175be4","epithelia"
"8117","924403da-fca3-4b4d-9f7f-dad1d488b97d","epithelia"
"8118","9245c138-cda3-4353-9f62-267e1417cb1f","epithelia"
"8119","9248c644-db7e-4a86-961c-b53c6262cc00","epithelia"
"8120","924e0e4e-09b7-4be5-947e-0998230a877e","T_cells"
"8121","92532593-1106-4fcb-b00e-6b9fb60d9bbb","epithelia"
"8122","925c4c28-acad-4b8e-a3c9-c99a7eab855e","NKcells"
"8123","925c9bb9-2995-427d-a586-ce2b30dbac38","T_cells"
"8124","925e29c7-1e89-45bd-977d-408ec99071bc","Bcells"
"8125","9264b46a-527b-4d86-bf94-792a71043235","epithelia"
"8126","926972f9-9cfb-4f42-9b31-4e3af092b96a","epithelia"
"8127","926b4314-ac46-412c-9a9f-dc1d3061336c","epithelia"
"8128","926dc198-8161-452e-826c-a8d7b2a45e15","epithelia"
"8129","926dfd14-f2f3-4f12-9dd7-b367844e976f","Unknown"
"8130","926e394d-a30a-4b1b-a1c7-749df99e40f8","epithelia"
"8131","927cdf57-2831-472f-b39d-78b524b6939c","epithelia"
"8132","927da37a-b489-4d53-b266-f61dab708ffa","epithelia"
"8133","92818940-f7fc-46c5-b50b-e9a2445b91c0","Unknown"
"8134","9285e7be-398e-4995-a3db-4d5aeca1e67e","NKcells"
"8135","929482f8-03f9-42d6-9b72-217ebe743900","epithelia"
"8136","92979341-eecc-4413-8e9e-80bdf82c0169","Unknown"
"8137","92998043-e663-4095-8047-c689c07da7bb","epithelia"
"8138","929f5ca9-4977-4c6d-a480-777b63abf109","epithelia"
"8139","92a78b83-c862-4a59-8a9c-161342344cf7","epithelia"
"8140","92aa9461-fb73-4c34-8f41-6e3824e03d06","myeloid"
"8141","92b2463c-d718-4b4e-b476-eacf2c29fab5","epithelia"
"8142","92bdd428-3cee-4227-8098-854f04e48ee8","epithelia"
"8143","92c16750-9e50-4fc3-83d3-26a9da0d8ea3","myeloid"
"8144","92c2542c-aab5-4e33-9d22-c0e8ad0f374b","myeloid"
"8145","92c3de65-b61b-462a-9617-07ac2e80a023","myeloid"
"8146","92c6b935-5fa8-4088-84f5-9e2ffdef6969","Unknown"
"8147","92c9ebe1-19ea-4860-84d7-46cb421fb390","NKcells"
"8148","92cd2fe1-be74-4a11-83c7-a18d1421f283","epithelia"
"8149","92d277d2-51a9-4a60-8f96-676a350aa8cc","epithelia"
"8150","92d2ea15-bce3-4b8a-87ad-42720f9c3bd4","epithelia"
"8151","92df01f2-dd2b-405c-9117-6efe8b6ee4f6","epithelia"
"8152","92efb21f-2239-4914-a5e5-2b9310e9da7f","epithelia"
"8153","92f377c7-deeb-4263-9011-c2febb42ca71","NKcells"
"8154","92f77985-e83b-43f5-b600-035ac4a16a71","epithelia"
"8155","92f8f481-1605-4d93-9789-cba491bc8cf8","Treg"
"8156","92ff3cf0-24c6-49e3-879e-b23190f63da4","Treg"
"8157","9302dcd9-6f1f-452c-9969-349c7f533b4c","epithelia"
"8158","930bd571-66d4-4931-9c04-5caa9533b042","stroma"
"8159","930f037b-5c00-4cc6-8058-fa812d04690b","epithelia"
"8160","931397c9-b3c8-46e3-800b-f1b4d89621a7","epithelia"
"8161","9313c23e-d316-4709-a920-9120cbc3ce63","epithelia"
"8162","9316bde7-6ae4-4ddd-8a1f-bbcc0ab94555","epithelia"
"8163","931db7ae-60b2-4b41-ab07-214cf765e5cc","myeloid"
"8164","93200e45-0de5-4a33-a20d-88b7b61c79a7","stroma"
"8165","932275a9-8d76-4d43-9ea3-6189ffac997f","epithelia"
"8166","9323aa01-c506-430c-a8a9-5880e67a5c47","epithelia"
"8167","932fe6ad-a80a-4be0-80a8-bb2cc079818f","epithelia"
"8168","93319e5f-8aa2-4efb-9826-707ca39c4eb5","epithelia"
"8169","9331dc11-e348-46d0-b942-12f6810d4fe2","epithelia"
"8170","93338ab4-f41a-481f-9f8c-032e63d915cc","epithelia"
"8171","9336dfd8-695d-4c32-83af-dd44848e1300","Unknown"
"8172","93396130-fe3a-4ab6-ae98-89b6304cd49d","epithelia"
"8173","9340bcb7-9f83-46af-99c2-834ac7ce89a3","epithelia"
"8174","93428f3b-8a25-4f28-8701-875cf96e684a","immune"
"8175","9343022c-e3ce-4bf6-ace6-78e6c6dcbfbc","epithelia"
"8176","9349a5ee-68c7-4106-8928-5aad4efd709c","NKcells"
"8177","934af8b8-2463-42ef-ba78-e251140a3bee","epithelia"
"8178","935a7a30-8df9-4e92-812c-28a2c1af2aa8","epithelia"
"8179","935c3c97-8948-449b-890b-bd4a6f190554","myeloid"
"8180","935f2e01-5b25-4ef2-a214-2d626923c917","epithelia"
"8181","936543c8-49d9-4970-93be-0de56baf32b2","Unknown"
"8182","936d35a4-33b5-40b3-ab22-ffbb4d87b895","epithelia"
"8183","936dea95-f6e4-44a5-853d-d70dc2fe159b","epithelia"
"8184","93706009-5400-4933-9694-bdb2e3a7b398","Unknown"
"8185","937a675b-6be0-452d-a0d5-5b2570d05bb3","epithelia"
"8186","937dc94b-1fcd-4255-b5ce-f5547870b072","CD8_T"
"8187","937e183b-a182-4982-b9be-0ca4c020b05b","Unknown"
"8188","937ef8db-30b7-40dd-b450-91b6941e8f6f","epithelia"
"8189","9381d3e1-81a4-44d7-aabc-221f809ba84c","NKcells"
"8190","93823763-4163-492f-a15c-b036a67273fc","epithelia"
"8191","93852834-9a31-47e5-97c5-a4257e61ed05","epithelia"
"8192","93867de1-997c-419e-b81d-16501a789dcc","epithelia"
"8193","938722d8-4a20-4b0f-82db-e30e2e1e7963","epithelia"
"8194","938837ed-deae-4589-9f55-33345e7ec67e","epithelia"
"8195","938dbc9c-6eb2-4d40-94d9-4a5a80cbb423","NKcells"
"8196","939301f1-02a7-4486-83cb-6096f2396632","epithelia"
"8197","9395d56c-d2f4-4ffa-8736-9a2f2e7004ba","CD8_T"
"8198","93992ef4-515a-4d4c-9430-67cddbd6bde5","CD8_T"
"8199","939bb247-7ee5-4979-a272-d23ee2296fae","epithelia"
"8200","939f8602-468e-4025-a5d4-8524be1076dc","NKcells"
"8201","93a5912b-d643-4c18-bdd7-4d2a5c1d7b04","Unknown"
"8202","93a987b6-cfb1-436e-b102-0af1aa430227","epithelia"
"8203","93ab7f6d-2672-4906-9ec2-2f7bd3fdfbf3","myeloid"
"8204","93af5c2d-8c49-4ea7-8cbe-e1aa5a512e04","epithelia"
"8205","93b2f91d-0f01-4c14-9817-247952fc3d04","epithelia"
"8206","93b3f927-94c1-4b51-99d1-dd4f9e49a4a7","Unknown"
"8207","93b551fb-871a-43fb-975e-d7e6266cba39","epithelia"
"8208","93c6c75c-eb42-48f0-a0d1-917d87d2cd72","epithelia"
"8209","93c83eb2-950f-484c-a28d-6c28d5960512","myeloid"
"8210","93d2509b-dfc2-47fb-83ed-2810e59565b9","epithelia"
"8211","93d631c8-4bde-47e3-88f7-c3180baad6b3","NKcells"
"8212","93d6b7fb-bf42-4713-8165-2d322119abba","epithelia"
"8213","93d8866c-1988-45e2-a73f-0224b22ad56c","epithelia"
"8214","93dc4029-00b0-4d84-9ab6-4c2f623bd7f0","NKcells"
"8215","93dc5c94-4b45-44c1-b13c-25e1087c2479","CD8_T"
"8216","93dc6308-d95f-44bd-b30c-1bc5ff108c7c","epithelia"
"8217","93dd6416-129d-488a-afe0-1c4f931e0245","NKcells"
"8218","93e2e437-831f-4dd1-b105-befa73000df8","epithelia"
"8219","93fbeb50-50fa-4d55-bfe5-8c8c8edf3e0b","epithelia"
"8220","9407cf8e-0ee4-4e2d-89bc-8cd341528bbc","NKcells"
"8221","940a3a4c-90ce-4dc7-9297-00ee8f48b461","epithelia"
"8222","940b87f1-93ea-4d29-b77f-ec469abb612b","Unknown"
"8223","940effdf-e5a1-4a75-a962-b6656d758a8f","NKcells"
"8224","940f34d0-8ae8-44b4-aa3b-810c345efd1b","epithelia"
"8225","941c7ae3-712a-4190-84dc-3acdd92aa10a","epithelia"
"8226","941f005b-8f69-446f-8e51-0929aa9f2572","immune"
"8227","94290864-ffc5-4d86-b183-b3621e30c534","NKcells"
"8228","942cfb5d-37f3-43be-b05e-ab71a094a2ee","Unknown"
"8229","942d5af2-a99a-414a-a729-7ded8f8afb22","epithelia"
"8230","9433265f-3bc3-4a3e-85bc-0875fb8535d7","Unknown"
"8231","9434cf8c-8ead-4725-a603-b6157032e1a3","epithelia"
"8232","9434e243-9acc-4f7f-a41d-cdab131e045d","NKcells"
"8233","9437bce9-f105-475d-aa07-d603245283ca","epithelia"
"8234","9442f26a-998c-495b-901d-ad539b64c180","myeloid"
"8235","9444dd84-c539-490e-ad07-eeff2bd498c2","NKcells"
"8236","944b705b-a298-45c1-8933-5c48613f9df9","epithelia"
"8237","944e8e0e-6447-476c-9408-ac25dbdc2772","epithelia"
"8238","944fbcc6-7c21-4bb5-bb22-41b2704abe78","immune"
"8239","944fcf7f-7158-4d79-b183-b71bdd89e136","epithelia"
"8240","94525c53-c6f6-4052-a7d7-f0f4abacc55f","epithelia"
"8241","945aa67e-b62d-40ae-a953-e95a866d207b","epithelia"
"8242","945af559-773e-4ec2-b8c8-cc5b011ee523","NKcells"
"8243","94618f7b-3b1c-4b88-8463-f8aab5806645","epithelia"
"8244","946426a5-5a07-40d4-b06f-576021d34b44","Unknown"
"8245","946895a0-5d57-45d0-8d99-943ac95e2027","epithelia"
"8246","946a2138-603c-4b2d-ae59-73e0c27f6683","epithelia"
"8247","94706697-7df2-4d0f-9a2e-6d331c9c2da4","CD8_T"
"8248","94760cd0-2c11-4d61-8e0b-d84259854310","epithelia"
"8249","947d4d83-cf09-4ed6-bccc-06b9b08a0e67","Unknown"
"8250","94826601-b708-4bb1-8aff-8ac386170de9","epithelia"
"8251","9484c09f-4172-4b23-8926-b36179256e0f","NKcells"
"8252","948b3bc9-40b9-4572-a965-849b7040bd5c","epithelia"
"8253","94900dc5-d951-41b7-9b88-8500091b2812","epithelia"
"8254","94911444-c736-478d-828f-d59200f0f140","epithelia"
"8255","949282ca-ab06-49f6-af93-661abc1d7d09","immune"
"8256","949538f4-8b5d-4150-b358-1826c159c011","epithelia"
"8257","94961cf6-9210-4831-ad4b-bab9ff91309d","NKcells"
"8258","949cf884-d194-4289-92e4-0148700ca67f","epithelia"
"8259","949dc220-3ed4-4825-84d4-aabd047bac25","NKcells"
"8260","949dd1ee-9152-4c65-b27e-f9849b175bee","epithelia"
"8261","94a3f5a2-127c-4eae-a5d4-b9fb7e8b50c1","NKcells"
"8262","94a437e7-0326-44f4-9bd1-423380c6c0ae","epithelia"
"8263","94a4958b-4371-43fd-af01-13c1b4c9a34f","epithelia"
"8264","94a668d5-5e93-42ab-a483-aea45c31e14a","epithelia"
"8265","94a8c8e6-60f4-4e99-8672-1b32e0741a72","epithelia"
"8266","94a9ed19-327e-4b6c-9d07-b4301ae229dc","epithelia"
"8267","94add6c4-9054-4717-a2eb-ed4ee9b45adb","epithelia"
"8268","94b4a204-12ce-40bc-a13a-13d7474e255d","Treg"
"8269","94b89e3e-5db1-4a7b-9b61-63302d824993","NKcells"
"8270","94cefe13-cee4-4eff-9798-29994b577d50","epithelia"
"8271","94d33499-9b13-4a99-9345-bc4710ae5e8e","epithelia"
"8272","94d6c9ba-7a34-4e05-8a7f-0b3bd86e4f80","NKcells"
"8273","94db8bf2-1175-41d4-83de-ff12f5a7f054","epithelia"
"8274","94dc9ad8-ca88-4114-a705-ed45496e87cb","myeloid"
"8275","94dcbc24-5d3e-4134-84b6-159105195d5d","epithelia"
"8276","94fafd0a-d344-4c2b-9007-9d83c0d004b1","epithelia"
"8277","95005694-7337-4710-9f14-e92db83368c3","myeloid"
"8278","95007377-6c0c-4727-af1d-242bf9e63702","epithelia"
"8279","9500b09e-c9f6-4232-8d2e-a6e4ec5cf7b9","epithelia"
"8280","95062104-840c-4d6c-873e-504e54d59110","epithelia"
"8281","951fc233-6948-494a-93f3-7a112791c98c","epithelia"
"8282","9520ed96-795a-4338-b7a6-e8b40b5372fd","epithelia"
"8283","952458e1-3ab6-4a1e-99cc-cb40d1cb4ade","epithelia"
"8284","952786fe-7daf-4675-86bf-811fd656bd63","CD8_T"
"8285","952af533-9e92-47e4-95e3-6fd4ca56e608","epithelia"
"8286","952cdff8-bd5d-45f1-a3d4-b19ad958bac0","epithelia"
"8287","95382e4a-9926-4c35-bfab-27627bae566b","stroma"
"8288","95399870-76a8-4592-a1c8-a1da2e63eaf8","myeloid"
"8289","953c9e41-7209-4872-b36c-1d4685e0cbdc","epithelia"
"8290","953ed8a0-b900-448b-874d-e82abe8780ad","epithelia"
"8291","95471338-0eb5-41d2-ae27-13284f8a15f1","epithelia"
"8292","9548cc78-662b-4613-9f54-aeadbb81d853","CD8_T"
"8293","954b26e7-589b-42ad-bdf3-847225cd8658","epithelia"
"8294","954d631c-89c8-4024-9288-ea0abe032a4c","epithelia"
"8295","954e671b-9905-4bb8-a906-0baab8be1bc1","stroma"
"8296","954eb4d4-4d3b-4702-a451-a82533f57c7f","epithelia"
"8297","95513153-4342-476a-8b98-f2bb6a058f7f","NKcells"
"8298","95535d59-3311-4c2f-9122-c58519706a0c","Treg"
"8299","95558fea-6d60-46dc-a41b-5b5548a3d3d3","NKcells"
"8300","955f91ad-7509-4ad8-ae8e-1385ac8a4b5c","epithelia"
"8301","956cbf15-e3e4-4e90-8696-33e3cca9ed8f","CD8_T"
"8302","956fae13-22d2-4082-bbfe-3149242edbe8","epithelia"
"8303","956fcf55-4015-4500-a7d0-2aa949d821ee","epithelia"
"8304","95724324-254e-4f0d-881b-47b8880b4bbe","Unknown"
"8305","9572b61a-dfa2-4bfe-a086-e74ac79276ca","epithelia"
"8306","95761759-b55f-4c81-bda1-47780a8b7ddd","epithelia"
"8307","957b6929-977f-446b-81f2-1b170eb1bfc5","epithelia"
"8308","95803484-5e39-4c5f-8c7e-5d52fd5b7eb3","epithelia"
"8309","9585b829-89b3-4946-a28c-67185a86d0db","Unknown"
"8310","9588764e-9de5-458f-8d9e-2f875cc27b30","epithelia"
"8311","958ad628-3b2e-4795-968e-2e6d679f5b0b","epithelia"
"8312","958b7d86-e4df-4901-9f79-9be0377472e7","epithelia"
"8313","9595bda1-1805-44a8-aad7-83cb45c710b3","epithelia"
"8314","95973909-ebf8-4e86-8940-8a465b649ac9","epithelia"
"8315","95a143f5-6f6d-40c5-89f9-6641ef4a6a84","NKcells"
"8316","95a2655b-626b-45e5-894d-efc172f9f2d2","epithelia"
"8317","95a47f40-8d50-4e8c-a3ca-41d8e6ce35cd","Unknown"
"8318","95a5a33a-1807-45a3-8483-474310e7a38c","NKcells"
"8319","95af1d6e-22e0-476a-8f8a-796e00f4cbda","epithelia"
"8320","95b880bb-dce4-43f3-868b-62c4437f80fd","epithelia"
"8321","95bb1c64-3247-464a-9af3-655e5f075c04","NKcells"
"8322","95bf8965-0d31-4583-a728-903de2e4e89b","NKcells"
"8323","95bfc192-b8e2-443c-9f9e-5b24959b45c9","epithelia"
"8324","95c325a5-d244-4109-9a50-9af11bd45119","epithelia"
"8325","95cce900-ff50-423f-803c-c7b3036b11a2","epithelia"
"8326","95d4810e-1e31-4096-a1fc-2822af7c2e83","epithelia"
"8327","95d94c2b-e746-475c-b4fa-7e736889564b","epithelia"
"8328","95db10d3-1733-4f82-8156-8a7df1778ae8","Unknown"
"8329","95e227ff-36c7-4bd9-b40b-06bff21df6c5","epithelia"
"8330","95eb14ae-61c5-46c9-9a2d-d77853801314","epithelia"
"8331","95ed0fc0-7c89-42e2-865d-d0f09144f68a","epithelia"
"8332","95f06f56-ab6f-47ee-80aa-b4deb3fbc439","myeloid"
"8333","95f9ae04-0434-456d-8b45-e591465b2851","epithelia"
"8334","95ff4fac-500c-4aba-a449-ed74210d8891","Unknown"
"8335","96032b5a-447d-4b6b-b482-b1c8c43c1eac","CD8_T"
"8336","960984cc-8ff8-40b8-a94c-c9c302642a98","NKcells"
"8337","960cb01c-6f2e-4c56-8621-432c413bba2b","NKcells"
"8338","960fe9db-7087-4d03-99bc-fdcdb11c8b0a","epithelia"
"8339","9612dc5d-8bc0-443f-8501-d5e889c9962c","CD8_T"
"8340","9618cca5-960b-4c09-9205-819ea347447e","Unknown"
"8341","9618e9ed-0721-4c0b-9ab6-10dd98a05622","NKcells"
"8342","961cb798-2c8a-4dd4-adf6-f857306b30d0","epithelia"
"8343","96246a6d-e434-46ad-b6df-15b367e346a0","epithelia"
"8344","9626ec92-79b8-46bc-9724-cd3804813760","Unknown"
"8345","962bbe3b-53e2-4c9e-baa9-02aea11fdfa4","myeloid"
"8346","962fa0eb-0ceb-45ef-a07f-ab591ced39a7","NKcells"
"8347","9637bc71-3dfe-4cac-a19d-6ffbb77af1bc","CD8_T"
"8348","964f1721-5c61-4148-a31b-50d7369b5d5d","epithelia"
"8349","965285a6-7162-4a2b-a3b2-f15753788193","epithelia"
"8350","96543771-11b9-4617-b338-a7e4608cc117","epithelia"
"8351","965b74d7-aec1-4464-a269-067591b385b2","epithelia"
"8352","9662a90a-2354-4d93-a905-14716ac279d2","epithelia"
"8353","9668d827-7be2-4634-9d97-37560f6ada16","epithelia"
"8354","966c305a-21d4-41d7-857a-9ed801cda112","CD8_T"
"8355","9670583f-c962-4d0f-b6a0-c38755f2d62c","epithelia"
"8356","967918cf-fe0f-4b1a-a649-963f5463a144","NKcells"
"8357","9683a120-a1b8-4912-aa7a-64e81b205ee7","immune"
"8358","9684f989-9bd9-46e2-a4f4-dfbe28988880","Treg"
"8359","9685394e-b3e4-4e43-be82-68b793eceee7","epithelia"
"8360","968e5c58-53d3-415e-8013-658a0660fafb","epithelia"
"8361","96900e40-f6e8-495e-b797-14ca6e136257","NKcells"
"8362","96932a29-3d83-4a70-be9b-e725546b6318","NKcells"
"8363","9694bb76-300e-40c3-936b-7e97b5caf839","epithelia"
"8364","9695621f-02c3-4b24-aeca-89cd745f6acd","NKcells"
"8365","96974480-35be-4f52-a815-b72ebdca094b","myeloid"
"8366","969cc262-1b2f-4b16-9264-550097706f76","epithelia"
"8367","96a124f4-ad48-4499-85c7-14f9b20f0c4e","epithelia"
"8368","96a1d038-cae6-4559-96d8-2d15a96938bd","epithelia"
"8369","96a5bbe6-e3b3-4040-982e-5f6b3951e91f","myeloid"
"8370","96b16ce5-dee3-4bfe-93e6-080b5c3100db","epithelia"
"8371","96b68289-e030-4fab-a486-91977bccda3c","endothelia"
"8372","96b79056-a741-4c6f-b760-0206dd723295","epithelia"
"8373","96c249e4-844b-4a30-acb2-ab0116a01571","epithelia"
"8374","96c2f032-56a4-4751-b18e-69ce9edd9382","epithelia"
"8375","96c704d6-0fef-47bd-9a60-110faf34bd62","CD8_T"
"8376","96c9ca25-6644-4023-b696-7e59cdd36c1d","epithelia"
"8377","96cf2234-ffe1-4e6c-b951-5a7a08487ebf","stroma"
"8378","96d14192-b798-45d3-aef3-6541edd40466","epithelia"
"8379","96d1e1c1-bd37-419c-82ba-d6ff086a6d97","epithelia"
"8380","96d5375e-a734-4a82-907f-46e73d141340","epithelia"
"8381","96d58fdb-274c-4826-bf95-3f39c559d324","myeloid"
"8382","96d66bf4-89ec-4ae5-a8a8-120f16c717b6","NKcells"
"8383","96d6c855-7347-418a-bbac-df8135503f3b","epithelia"
"8384","96daf292-6333-4d46-9038-5209d81f733e","epithelia"
"8385","96db6a1e-4f78-4436-a4cf-20cb5f02d028","epithelia"
"8386","96dc7fd7-a235-40f9-a9be-d3b1a6e8ac48","Unknown"
"8387","96ea458a-4b6b-470f-9dd6-9ade67b458bb","epithelia"
"8388","96eba724-9e2b-49bb-881a-5570a297074c","epithelia"
"8389","96ee48aa-5aa0-4f74-baf0-61031b099cc6","NKcells"
"8390","96f4e770-c40f-4275-bcc2-f1c8f9e1ee36","epithelia"
"8391","96f70193-9faf-4d8f-8d69-00fb4602075e","myeloid"
"8392","96f93c62-e125-4192-9d4b-f0cd6e55e51c","epithelia"
"8393","96fa1dbb-40b0-4e94-8490-844a3e869049","epithelia"
"8394","96fa5ffe-5872-4478-b5b7-368714bd8ecd","epithelia"
"8395","96fef53f-6a0a-479f-b143-fafe9e7b39a3","myeloid"
"8396","970180b5-e0c3-41ef-93d5-2e1b37740af2","epithelia"
"8397","9701ba17-a436-4b81-8133-f864da4bc586","myeloid"
"8398","9704ec36-da52-414b-a80b-e9126062b520","Unknown"
"8399","9708b4c2-a7ce-4d8f-8344-14f3b042fc09","immune"
"8400","970bf61f-88da-4e58-a820-d27affdc3fe3","epithelia"
"8401","970c20ef-6003-476c-8870-3a572869d639","T_cells"
"8402","970fbaf2-4ce2-4130-be82-c499c54100d4","NKcells"
"8403","971ff627-58b2-40bb-aa57-8f8b519a8c1d","Unknown"
"8404","97221f41-120e-487e-bb06-f9141ea51e47","epithelia"
"8405","97258279-b26b-476b-93e8-e56d478f3450","epithelia"
"8406","972733c1-66c3-4983-ab02-22d7f602b3ef","epithelia"
"8407","972b26c3-71dd-40b9-b519-4b779982d7d2","CD8_T"
"8408","972bd363-8f70-42a3-8127-d899b4ffc4a0","immune"
"8409","972dde43-7399-437b-888d-b0050bcc56ac","epithelia"
"8410","972df369-ec39-42a2-9bef-675d60a90595","NKcells"
"8411","972e5cd7-6671-47ae-b66d-efabd8c50c28","epithelia"
"8412","97372035-31c9-47f0-b2a1-02d29b53889c","epithelia"
"8413","973b63fd-185a-4f9b-a260-3a2146668aa4","immune"
"8414","9742a604-4633-4334-8c41-159112b5fab4","NKcells"
"8415","9744c884-133f-43ad-983e-a53b51d14026","epithelia"
"8416","97465767-842e-4de1-88c7-0316e9513ae8","Unknown"
"8417","97485ce5-9049-4396-82eb-d1c2724ddab6","epithelia"
"8418","974a5f17-14dd-474b-af61-1fe1876a047d","epithelia"
"8419","97524a6e-1100-40a8-8a34-f358d298ec63","epithelia"
"8420","97549c21-0824-477b-bd9d-a67cd8febfa2","epithelia"
"8421","9760162a-6966-4a6f-9f5d-2cf137c035c4","NKcells"
"8422","97607620-80d4-4178-9180-734cc9362bc8","Treg"
"8423","97612076-84f8-4223-bea8-08180fcdb1ce","NKcells"
"8424","976173ce-d11f-46d9-9e2a-d996f51b1fa9","NKcells"
"8425","97749a35-ca24-4752-89e3-79d5053be9e8","Unknown"
"8426","97787b9c-96b6-4e8e-a0aa-c210a1391263","epithelia"
"8427","9778f443-ba6f-4356-9c39-37385a42aceb","NKcells"
"8428","9778fc69-5178-46ad-bcfc-559d78bdc0a5","epithelia"
"8429","977d3ec1-563c-4b44-bd6c-4d660635d789","epithelia"
"8430","97823415-13fd-475c-801d-60b8dbaaa16a","CD8_T"
"8431","97865a15-7f43-4c60-8c3e-9000fb7c7268","epithelia"
"8432","9793af8c-7c4c-408d-a4c6-182123680b8e","epithelia"
"8433","97970fe9-fb0c-4947-9ac6-c7df55547c39","epithelia"
"8434","9797fe04-f3bb-4f64-b304-406d065962b6","epithelia"
"8435","979980b0-7456-4ad5-91d5-87ef8ad2b7d8","epithelia"
"8436","979ac21a-7550-4be6-b9c1-2790c3cbbafd","CD8_T"
"8437","97a1d355-fe54-4308-85a9-a39785608972","Unknown"
"8438","97a22ec1-7ece-4c47-9697-141207d239d5","epithelia"
"8439","97a5e5c3-b51f-4724-aecc-15fd5da1ec5c","immune"
"8440","97b96bd5-33b7-409b-9481-752786110db6","NKcells"
"8441","97bb1fa5-4a6c-4134-a897-997f19fcb9a3","epithelia"
"8442","97bdcb62-ac8c-41cc-9b99-5c84756847aa","NKcells"
"8443","97beb15c-0cc1-4af2-8ca0-797b627db89b","Treg"
"8444","97c1553a-72db-43f6-aaf1-e3051de41392","Unknown"
"8445","97c53b16-22cc-4592-8c62-7210f5f44c03","epithelia"
"8446","97c54b7d-11ec-469f-95e1-5a200f8c0332","epithelia"
"8447","97c7905d-a56b-4c0e-9805-fa22005dc4fb","epithelia"
"8448","97c86e02-b658-4361-95af-0699d10b9397","epithelia"
"8449","97d88a9f-6b20-4545-8dd8-ee68ee03c33c","epithelia"
"8450","97d9426e-2596-479b-bcc3-c71e189e67d5","epithelia"
"8451","97d975da-561a-4b57-9eec-af2ce8e314d0","epithelia"
"8452","97de3be2-f17c-43d2-a2bf-65ef5552299a","epithelia"
"8453","97e00a20-7387-4bf8-b1af-1d224ee862c8","epithelia"
"8454","97e7f1a1-286e-4b08-a0d8-d54c33071887","epithelia"
"8455","97ec426b-8932-4054-b80c-99d1d2efbe7d","epithelia"
"8456","97eef8e3-c759-4a65-afa4-6d21b2624bc6","NKcells"
"8457","97efcfb3-1b3c-4473-afb5-cdaaf6345289","Unknown"
"8458","97f1f2c1-2b4c-470a-be4e-fe150bb75aca","epithelia"
"8459","97f46584-7624-4e91-b37a-18df292d04df","epithelia"
"8460","97f713c8-0c9d-4a65-9a8f-992d165aa686","epithelia"
"8461","9802cce0-9546-4699-ac78-d5603e401aa8","epithelia"
"8462","980653a5-f0bc-4d4d-8eb8-d6afaf214d28","NKcells"
"8463","9813d3fa-b422-4890-9f09-453ea7f94894","immune"
"8464","9816e35c-fe11-4c5d-a22c-b5f68f63b546","epithelia"
"8465","981b6ce0-e9bc-4a18-98da-86c0e9e3cfcd","Treg"
"8466","981cfe27-31d6-4066-8d23-f9ea1764bb9e","epithelia"
"8467","9820a533-5c51-40c4-977f-d43bd9243d83","epithelia"
"8468","98278df9-258c-4fbf-9841-8e05c2d1bf5e","endothelia"
"8469","98311103-8a7c-4dc6-ac7e-c77a3e45a935","epithelia"
"8470","9839c56b-c373-4ca8-97a4-b44f22815349","epithelia"
"8471","9839f178-2b85-4b02-a5c9-06f919dfa8cc","CD8_T"
"8472","9849259b-d9cc-41c9-ae0f-1f1c92ba0dfc","epithelia"
"8473","984cf31f-5f62-4259-bbbe-a0daf0f44f55","CD8_T"
"8474","984d5ec5-a999-4dee-a11d-72215ac9f7a2","NKcells"
"8475","984fc570-9ade-42af-8225-9271a4d8e7c7","NKcells"
"8476","985242d5-68f2-47e6-8a98-7bc6c7fc4d38","Unknown"
"8477","985f3f87-77fa-4d81-8a1a-253c36d649af","CD4_T"
"8478","9862404a-d409-467f-911e-9923586ad44a","NKcells"
"8479","98776b5c-5979-4ecc-933b-1272214323d6","epithelia"
"8480","9878113f-fd76-4b60-8f18-04b7ff97c956","epithelia"
"8481","987ac6d4-1a23-4563-b076-c18ae362deb8","NKcells"
"8482","987fad3a-0e6f-4536-89d1-2d4a696c909f","epithelia"
"8483","98867253-0a49-4d46-82a2-76b583e04e44","epithelia"
"8484","988c3f59-bef5-49b1-82d9-bed8e0634684","epithelia"
"8485","98a0aae3-f8bc-446f-83e4-93dddee65534","myeloid"
"8486","98a27327-f4ed-4c3e-93ef-e99703824d7a","NKcells"
"8487","98a4a739-fccb-4ae3-ac86-def932147259","stroma"
"8488","98a66347-0970-434d-ad6b-67f5ec79c546","Unknown"
"8489","98af6655-cb0e-44f7-8267-a07f4bec479c","Unknown"
"8490","98c729c0-c26c-456c-85c5-0fbddbd119c1","NKcells"
"8491","98caff05-adf7-4658-9e2b-03a46229efe1","epithelia"
"8492","98d0ffca-c4a3-4d44-8763-5931dfef71b9","epithelia"
"8493","98d2a7cd-542c-4279-a0c9-28c4b2279fca","NKcells"
"8494","98d2e836-8efb-4ecc-b160-96c830846230","NKcells"
"8495","98d367c7-36cf-4cf3-a356-6eb4d315538f","endothelia"
"8496","98d41400-c9b2-4172-a313-330974c25f34","epithelia"
"8497","98dc7ea3-264c-4828-adfa-ee147e661a04","epithelia"
"8498","98e59dfa-c7a8-4c78-95f7-213d9e8bd97b","epithelia"
"8499","98e71a8a-78a6-45ec-93c7-b9c795eb21e6","CD4_T"
"8500","98e8671e-6707-43a8-8488-32fbb4093d3d","epithelia"
"8501","98f0c1b3-79ba-4725-9d90-1a45f92e4739","epithelia"
"8502","98f1f246-aacb-455d-933f-aa724900765e","epithelia"
"8503","98f27e8c-d223-4d68-823a-0b335b1f3a5b","epithelia"
"8504","98f352d2-edb9-46b6-8bf1-50b96e1f9165","epithelia"
"8505","990441b5-5909-481f-8cac-455c75ca8ab8","epithelia"
"8506","990464a6-ddd5-4cc8-9217-7878476c2e40","epithelia"
"8507","99066673-9735-4a0b-badd-ea47514ca00c","NKcells"
"8508","9908fc26-8ce1-4644-9aaf-6fc3b9e05e28","epithelia"
"8509","990a789a-c5a7-4ca1-a376-8f050627bb9f","epithelia"
"8510","990b09c7-1f56-4b67-b1fe-edbe354738b7","Unknown"
"8511","990e6ef9-a605-4afb-88fd-c9ba6e5fb4e2","epithelia"
"8512","99148bb6-7e4c-4cf5-a78c-c52ceacac835","CD4_T"
"8513","99161ea9-9ea5-4e89-a757-fe7a30ebcb28","Unknown"
"8514","991777a0-7be3-4191-a4b6-190ff4469e03","epithelia"
"8515","992087a5-5a59-48e1-87de-1e241504f565","NKcells"
"8516","992ad499-1a90-4364-9525-821287d061d3","NKcells"
"8517","993dde6b-d08a-4a41-bae6-22ac5a551ac5","epithelia"
"8518","993f30df-2d94-4bf7-8941-49d3e313d0a4","NKcells"
"8519","9942cf88-d3ff-4cc7-b3df-b64f5cf89257","epithelia"
"8520","9952bcb4-6acc-48c5-a662-283079196c72","epithelia"
"8521","9953ff41-4db1-4ee4-acb3-ec080d7c49b5","NKcells"
"8522","9955515a-2702-486e-92fc-93c14aa33622","Unknown"
"8523","9955a894-8928-4437-a2fd-ce0ed287a718","Unknown"
"8524","995ae42c-bf20-40f4-9104-de31e6c2d857","Unknown"
"8525","995c2e4f-ca07-414f-bf8b-ffb2e582cfb0","NKcells"
"8526","99667c65-724e-4013-bdf6-3492453c3645","immune"
"8527","996771b5-24da-40a2-b8e0-5589b4c54ffc","epithelia"
"8528","996ce109-5b6c-4c41-8b31-44702c83206d","stroma"
"8529","9972b6e1-b588-4049-b9c9-91b88a3da10f","immune"
"8530","9972fa3d-55f1-4b65-a278-4bc1963b0094","NKcells"
"8531","9973e5a7-15fb-429d-9b76-4ceb36b2eb82","CD8_T"
"8532","997766d7-c052-42b2-9183-fc2650a6c442","NKcells"
"8533","997c5749-6ad4-431d-8d23-bac9c70d4499","T_cells"
"8534","99817ca0-6509-47ae-a026-d213200037ef","epithelia"
"8535","9982c4b2-bf74-456e-bcbd-68361938e417","Unknown"
"8536","9988bffe-3113-46f6-8f14-bfa510198389","epithelia"
"8537","998ab502-ce62-45e7-8595-f5ac2b249e10","epithelia"
"8538","998b3206-4cd7-413a-9963-dc163ff69996","CD8_T"
"8539","99946155-eb11-42b9-be1e-fe1e91c92ec5","epithelia"
"8540","9996635f-64b7-4b35-8f24-71030b1c0c83","Unknown"
"8541","9996ce85-53f9-4f5e-a18c-056b76506cfc","epithelia"
"8542","9996e4c8-7e9e-47cf-a99d-acbe1a831e3f","epithelia"
"8543","99a5291b-9163-4a48-8af9-0d2b66cc9688","epithelia"
"8544","99ad3928-a1d0-4a29-be8e-60f6153c30c5","epithelia"
"8545","99b14a5c-96b7-4858-a22e-691a5e6e4f3e","epithelia"
"8546","99ba6c4e-8128-4ad6-85de-0e7dfd9f4e16","Unknown"
"8547","99bac42e-ad01-442f-a3ea-db13ba8008e7","Unknown"
"8548","99bce3e0-c24e-43e4-a28e-c8dd4069340b","NKcells"
"8549","99c460c3-932c-497a-ba3e-03616a1e560a","stroma"
"8550","99c88bf5-2a78-4c11-ae77-0563bdd4b702","NKcells"
"8551","99cebfe6-80e9-49e2-b6d0-6331fd80f307","epithelia"
"8552","99d4830a-8932-4fbf-9cd6-c5d228fe43d9","immune"
"8553","99dc178f-21b3-4154-800e-bb064dad28d8","epithelia"
"8554","99dedc40-b597-4509-8d41-c2f9bc9fb52f","epithelia"
"8555","99e054b7-137f-46d1-8fbb-b8b281ebb7de","immune"
"8556","99e4e8dc-de08-4215-af91-fe3d3b004b5f","myeloid"
"8557","99e76fd8-5f70-4952-acde-1d2bd29670ef","NKcells"
"8558","99e9a884-9233-4765-8ea7-163a13229809","NKcells"
"8559","99f3d26f-125c-4052-b7a3-b98795ce8f3b","epithelia"
"8560","99fab264-a505-4e7a-a332-021ead5a84ec","epithelia"
"8561","99fee7fa-9b3a-4e8c-abfd-dc3c3028cf01","epithelia"
"8562","9a0328f8-1092-4823-8eb1-fc78c750c89d","NKcells"
"8563","9a078e8a-c64b-4cd3-bab5-6fe1d4c7d6d9","epithelia"
"8564","9a0b91aa-bc90-4e9e-b4ba-597ec86e73d4","epithelia"
"8565","9a0dabf1-95d6-4d52-9c27-bef1876a6034","epithelia"
"8566","9a1744d8-39e9-4531-b3ec-322c15da7103","epithelia"
"8567","9a178302-244e-4c54-8199-768d539d945f","epithelia"
"8568","9a1e19af-fe76-429a-9f1d-3cb98639ae58","NKcells"
"8569","9a1e2eb5-b446-49d6-86c3-4a98b2ab2bbe","epithelia"
"8570","9a1e9306-98ee-4198-b969-2bbf9502893b","NKcells"
"8571","9a20f9d9-ef16-4755-bece-228e71b84625","CD8_T"
"8572","9a2af1b2-a648-49bc-b133-2b4802f2d717","epithelia"
"8573","9a34cfb1-2e39-4fc7-8fb1-ccd6546fab78","NKcells"
"8574","9a381501-8d6c-4427-9b5a-c0fb4308ecc1","epithelia"
"8575","9a38dcb5-e7c9-43bd-b7d7-3502bf40c60c","Unknown"
"8576","9a3ad9aa-1d68-4963-8c70-109bc92ed42a","epithelia"
"8577","9a3b28e2-c9ee-4945-8b2a-c3cdd3f6b459","epithelia"
"8578","9a3ff3c3-5007-4213-95de-e146895042a6","CD8_T"
"8579","9a499b3a-6c5b-474d-b1b9-948eaea246b5","Unknown"
"8580","9a524a2c-a46e-4b42-b159-c1568f86a6f2","epithelia"
"8581","9a56414a-2965-4fa5-ab13-cdcbc0b2959b","epithelia"
"8582","9a5e6889-fa28-4e8f-a021-82d1e173af0f","epithelia"
"8583","9a5f7a0f-51b6-4396-ad3a-edf8bd4b9d2e","epithelia"
"8584","9a6104af-7cef-4f02-a4d7-3421a18b65a3","T_cells"
"8585","9a69dbe9-34c1-4253-b31f-8f130f52d85c","stroma"
"8586","9a717c9d-2567-4f46-a316-7a2429887d44","epithelia"
"8587","9a72be17-614f-4341-bdf7-d8a91c8a6f2b","epithelia"
"8588","9a758cf7-255e-49e0-ae9f-1a3b38744de4","epithelia"
"8589","9a7ee409-a185-4dbc-9178-2f3b5b75db64","epithelia"
"8590","9a7fa72a-2841-45e6-af11-5732ad3d4920","Unknown"
"8591","9a80622a-700e-48e0-b419-ed27dbfaadab","immune"
"8592","9a80c601-3e2e-485e-86c7-0ed532155c20","myeloid"
"8593","9a83ad0e-72d7-483b-938b-0e2abf98dd14","epithelia"
"8594","9a88dd2e-6644-48de-bf66-8eb5b335048d","NKcells"
"8595","9a8d2ff3-da5b-4c12-a162-276492518543","NKcells"
"8596","9a930ee3-583f-4bd2-ba96-fa6034e8235f","epithelia"
"8597","9a967f5b-c9e9-40f3-b3a2-193c5d88a8eb","epithelia"
"8598","9a968d30-e759-4626-b526-b9c8cefeddc1","epithelia"
"8599","9a96cb14-c63b-407d-96e1-e3ba656826de","CD8_T"
"8600","9a9b693d-f49b-4bb5-8891-2644fb3e1004","Unknown"
"8601","9aa27dbf-f41c-400c-9ee0-6c396e589d68","epithelia"
"8602","9aa2ea83-3a46-4561-8755-aff57c42d53d","Unknown"
"8603","9aa3a0b8-06e3-4891-8ba1-fce1eaf3a3ea","stroma"
"8604","9aa4673d-a334-4d4a-a4e9-80007e2e74a8","Unknown"
"8605","9aa67504-ea12-4f1d-a765-d6dfb770a9a2","epithelia"
"8606","9aa68203-1e72-46cb-b2be-98b878222f2f","endothelia"
"8607","9aab2e64-72ac-4f69-b849-ef22406bc72b","stroma"
"8608","9aabd3ca-dff2-40f2-9c71-2a2bfc2ad240","epithelia"
"8609","9aae9f57-78f1-47a6-bdde-def3e223fcad","Unknown"
"8610","9abb1865-f228-4c63-90e1-a25fca0b0fc2","NKcells"
"8611","9abb23cf-f95f-4a1f-b87f-928f129dd076","Unknown"
"8612","9ac04b1d-b449-44fb-a8ed-db0eabd90a08","NKcells"
"8613","9ac115aa-2f76-4802-8cf2-1f13133a8ac4","NKcells"
"8614","9ac32325-a773-4e6c-8c0b-6f8335417446","epithelia"
"8615","9ac82562-17a6-4b4c-879d-034999bc584b","epithelia"
"8616","9ac8c9f2-bbec-42a6-a6bb-a055978d8c14","epithelia"
"8617","9acb50f9-7cc9-4866-9e10-a59c36ae3852","myeloid"
"8618","9ad0365a-9201-41e7-b26f-07e4194413d2","epithelia"
"8619","9adab03b-6d9b-49b0-b21a-5a23d3febe85","myeloid"
"8620","9ae8b1d2-435d-4e73-b829-5edd5afa56e6","myeloid"
"8621","9aeaea2c-b2eb-4ac6-9f59-22b515398b44","epithelia"
"8622","9aed2cbd-2213-4a4f-8bd3-2c2d4e7a3b5d","epithelia"
"8623","9af310ba-5920-43e5-8092-5d925fcef4ce","NKcells"
"8624","9af4e63a-ef4d-4268-9417-d2aab7ce4863","epithelia"
"8625","9b00cf0a-705e-452f-beb0-ed5122a3119a","epithelia"
"8626","9b06c813-7e15-44ce-ab7e-b48cc9271d9e","epithelia"
"8627","9b087f94-9ebf-472b-ae6d-9c68ae8be5f8","epithelia"
"8628","9b09cacc-fd95-43e7-b0c7-127c0ea8aeba","epithelia"
"8629","9b0a36c6-93d4-4236-b0cd-b52805234569","epithelia"
"8630","9b18ed47-34a7-4fe6-a4ab-870e1ed202cb","epithelia"
"8631","9b306a6c-f920-409c-a9ca-52c6ebeeeff3","NKcells"
"8632","9b3368a5-1e74-4b7a-86f7-5220a863ca6f","epithelia"
"8633","9b3b23bd-1113-428e-a657-5db4cc1bd9ed","Treg"
"8634","9b3b725d-72cd-4e7d-9fdd-13c535264e75","Unknown"
"8635","9b3d1bae-e6b8-4631-9b0d-643a879c1e8e","epithelia"
"8636","9b42a83f-9508-4133-b1b5-e3bc9b6d82b6","immune"
"8637","9b453464-3b11-4bf1-9b85-06c17f929f46","epithelia"
"8638","9b45a157-2819-401a-ae0a-3d6fe48df177","epithelia"
"8639","9b4883cf-6f0f-440d-a9d4-223cac7b20cd","NKcells"
"8640","9b4be5e5-89f7-4c71-9559-8894ca112085","epithelia"
"8641","9b65d634-dc1b-4a89-8241-9fbdb8c9bf1d","epithelia"
"8642","9b6cbaf6-e6f8-4689-a2ae-5db5fc8e6f14","epithelia"
"8643","9b70787b-8f6a-44b1-95d2-97f0990562b2","myeloid"
"8644","9b76534e-fc7b-4c29-9677-b6cdb999ade3","epithelia"
"8645","9b8c8a3a-60d1-40e2-b7cc-b141b5aa5235","NKcells"
"8646","9b8e432b-0ab9-49e0-95f0-72db8cf184f0","NKcells"
"8647","9b90537f-04d9-4728-8a54-4897c62da7f3","myeloid"
"8648","9b97b783-81ed-4aec-a298-07865d781090","immune"
"8649","9b97d748-f0b6-43db-a4b9-72324de5c637","epithelia"
"8650","9b9dca5e-e685-4751-a0e8-ab459457f54c","epithelia"
"8651","9ba1d310-3531-4b72-878c-8021ee84eeab","epithelia"
"8652","9ba9ebaf-d594-4737-8a37-7a45f1f41c82","epithelia"
"8653","9bac44a7-a0f6-410a-b6f6-c1d2ab6b775b","epithelia"
"8654","9bb61476-f035-429e-988a-2dee866ff8e7","epithelia"
"8655","9bb692df-5548-4a87-b7ff-2215e7108d11","epithelia"
"8656","9bb9b0ce-aa21-4aa0-a346-6bc4fc1187f4","myeloid"
"8657","9bc370d6-cd1c-4835-832f-74589fc17423","epithelia"
"8658","9bc6b4ee-4488-44d6-9b7c-26f8ef54087d","epithelia"
"8659","9bc76366-87db-4bd1-a1fe-d09fd010833b","epithelia"
"8660","9bc77edf-7f83-4a5c-9d2d-17bccbad9d38","Unknown"
"8661","9bc811d2-e7b0-4134-b2fd-d95ee9de6d7c","epithelia"
"8662","9bc81a8a-81a5-4fa9-964d-3450ebb31c1c","NKcells"
"8663","9bcd096c-b317-4268-b976-6db9459be993","epithelia"
"8664","9bd00f07-b8c4-41e5-9a91-b40213ba49ee","epithelia"
"8665","9bd428a6-6831-4dcd-8ce9-ad4e33f69676","epithelia"
"8666","9bd65d8c-bdcc-445b-8473-be409ab31b7b","CD8_T"
"8667","9bdab981-24f1-4a17-8348-e11ebf938be3","epithelia"
"8668","9bdcf32e-702d-45f0-a706-be4892ff05f2","epithelia"
"8669","9bdf3dfc-6577-4422-9ffa-b55a6ac80de5","NKcells"
"8670","9be484ab-2bdd-48e8-9f01-3cd6847453e4","epithelia"
"8671","9be82c26-3307-47df-a4a9-f2feb87f6f0f","epithelia"
"8672","9be92371-ce2b-45ad-8557-afee1e9235bc","Treg"
"8673","9bf06d11-94e3-4eca-bb51-43ca1bd21209","epithelia"
"8674","9bf1c13f-e724-4ce6-bd3b-2b4bd6d69b52","epithelia"
"8675","9bf78df5-8178-433a-a3c0-234f30d2c383","CD8_T"
"8676","9bf91a2b-2284-4272-b706-4029b8a1ae00","epithelia"
"8677","9bfdf80c-5616-44c9-94ae-7e466270d5fb","NKcells"
"8678","9c0707c7-f389-498b-abff-00a0d30d6a47","epithelia"
"8679","9c0e11fd-de86-4bb0-892e-f942b2c5fe9b","Unknown"
"8680","9c16e6ed-53c8-4065-b541-e37bdc32a55d","NKcells"
"8681","9c1aa1d5-e4f5-4656-94a2-7c1a6bfdeb10","epithelia"
"8682","9c1f7c06-21b7-4468-b7d0-b1b87914489c","epithelia"
"8683","9c2257b6-cb56-40f1-9316-4b2ab917b5a9","NKcells"
"8684","9c243851-a43b-4335-854e-e961ca8508c4","epithelia"
"8685","9c24ae80-09d0-42b7-af9c-fd7949cb19ca","epithelia"
"8686","9c251981-8230-4a9d-8fd3-7b99eda3a3ca","epithelia"
"8687","9c2f2c55-81cd-42d1-b378-511ad799532c","Unknown"
"8688","9c444290-61b3-4e8a-9977-c6e145e6c28a","epithelia"
"8689","9c4b1d6b-f92e-4afa-9b48-a3c5e72032f4","NKcells"
"8690","9c4b7a20-ca98-482f-9820-f70cd8448e9e","epithelia"
"8691","9c51f8ce-a543-4d6f-bd7a-36ba52e1747a","epithelia"
"8692","9c521925-b374-45db-bcb1-5c21f8e419a9","epithelia"
"8693","9c5377ed-f85d-4d49-8769-0c7e87951507","NKcells"
"8694","9c55fdc4-bfa7-4c68-a4fb-94cc5da272fb","epithelia"
"8695","9c56fbd4-d3f0-460d-b8f5-4c0569e3259e","epithelia"
"8696","9c57782e-5426-43de-9e87-8bd943a3321d","Unknown"
"8697","9c5ef250-bc0d-4d73-8a88-d4e8eb47ff57","epithelia"
"8698","9c616a66-cf50-426e-8303-6c1ed98a1842","epithelia"
"8699","9c630aa2-3730-489e-a06e-80c9a8c35941","NKcells"
"8700","9c77efe8-b86a-447b-9800-fb3a8fce1345","Unknown"
"8701","9c7c3f7d-d4e8-4555-aaa6-07ec44b3944c","stroma"
"8702","9c80fbfe-4bc5-4a46-b9cf-e44541a9d1da","NKcells"
"8703","9c8123c4-67ad-4f96-856e-20605112478e","epithelia"
"8704","9c879441-0cd5-4840-92db-35f5b409b0ac","NKcells"
"8705","9c89dbe9-556b-4f33-a038-4958df5c8db0","epithelia"
"8706","9c8cad90-c764-471f-84cf-9479f98c6b80","NKcells"
"8707","9c93c261-d613-496b-87d4-c9fabd3e5a12","epithelia"
"8708","9c9e69fb-f11c-408a-843a-b90f629d34f8","myeloid"
"8709","9ca58def-ea11-4057-9911-a4da63620325","Unknown"
"8710","9cac9113-1a7a-4016-b20e-769837ddff9f","NKcells"
"8711","9cac9aa4-f776-4347-90e1-9e6db1f7ff1d","epithelia"
"8712","9cb40321-8e7c-4a88-9ff3-a10fc1b0162d","epithelia"
"8713","9cd0ba5f-c5d2-48fa-b0e0-5e90d64adde4","myeloid"
"8714","9cd656dd-a7f0-4332-95d4-a0cf01b8602f","epithelia"
"8715","9cd895ee-874f-4c99-8f62-073358cc8bd8","stroma"
"8716","9cda90b0-72c0-4e43-90e9-7192b527fde7","myeloid"
"8717","9cdf1a44-7ec0-46bb-b7b3-943a89d5421c","Unknown"
"8718","9ce08273-da9f-4ed6-b3b5-e94a0bf9bb7d","epithelia"
"8719","9ce0c652-6fa7-4263-8362-1ed61d16afc1","Treg"
"8720","9ce1c883-b6e0-4acd-aac9-674b753964f1","epithelia"
"8721","9ce406e7-9166-4140-8b7e-f3baeb6fa174","myeloid"
"8722","9ce8a14a-d721-4042-81d0-19d28dadecc9","epithelia"
"8723","9cee29a2-52a6-4d78-b838-543a71584fb6","myeloid"
"8724","9ceea418-3e0e-4653-b157-af16d2090a83","epithelia"
"8725","9cef2768-6b5f-4ad7-8f2a-c395abbd6fbe","epithelia"
"8726","9cf16fa0-45b2-4bc8-a92f-8a849b5fd2e5","epithelia"
"8727","9cf6b521-0c5c-408f-a929-e3df14d48b28","epithelia"
"8728","9cf953a8-a0cc-4b1e-a71e-df0a802b77fa","epithelia"
"8729","9cfec11b-5598-4951-bc0b-54a8b7c4a34a","epithelia"
"8730","9d001ec0-59e2-402c-bdd4-c3b4a72180f3","epithelia"
"8731","9d029bd1-295b-444b-a579-ea5808ef2b6a","NKcells"
"8732","9d032935-9cc2-44c1-a330-cb374ff7d42a","epithelia"
"8733","9d0d303a-22ac-4bd9-acf8-5bce7fd16ab8","epithelia"
"8734","9d105fdf-65dc-46e6-8966-520010b736c2","CD8_T"
"8735","9d14f537-2280-4371-8d1e-3f3980f437b5","NKcells"
"8736","9d27cb21-0c6d-462f-a219-5e151ca92d71","CD8_T"
"8737","9d298de6-cad7-4e0d-8437-6be229278e0f","epithelia"
"8738","9d2b0f4e-e18e-42ae-b9b4-1e6c811da086","epithelia"
"8739","9d34c748-8aaa-4bbe-9f27-3b13ad7f03be","epithelia"
"8740","9d395d30-2eed-471a-bf44-1d329e8d558d","NKcells"
"8741","9d3b419b-5878-49c6-a412-d7640436e8da","epithelia"
"8742","9d3d69d4-74b7-4eb4-b4ea-5534d01ed04b","NKcells"
"8743","9d3e402d-4856-4415-9929-7c7e7559a409","epithelia"
"8744","9d4cb319-0dbb-4336-a860-e174a23853e5","epithelia"
"8745","9d4d53d0-cae5-45a5-90a8-99df89719ef7","epithelia"
"8746","9d4f2b39-af4b-4e2b-a5e7-7f3079af96ef","epithelia"
"8747","9d4f7650-f25f-43f3-900a-6a04de1efc6b","endothelia"
"8748","9d5ca9dd-0648-42ea-9109-73e6bfcb97e7","NKcells"
"8749","9d5d2c76-5d74-4220-8bd2-8017292a761b","epithelia"
"8750","9d5d6923-c706-4579-b9ad-505e0f86d7f5","epithelia"
"8751","9d601a43-9fef-42fb-b0f2-8a97bce0c9a8","stroma"
"8752","9d602154-0346-4c91-8b92-99d6473adb55","NKcells"
"8753","9d616435-9bb3-4611-9e20-5d4d94fc0791","immune"
"8754","9d6650ea-eef2-4356-948a-c38810aea2de","NKcells"
"8755","9d6ce02d-8dc1-43d6-b6d3-f38275432f13","Unknown"
"8756","9d6d4d00-17dc-4b9a-a38a-3dea54541033","epithelia"
"8757","9d6f4757-a414-4c7c-8df9-51e11bb0fbf6","epithelia"
"8758","9d7006d1-cc70-4baa-ac1f-c7ff95fe825e","epithelia"
"8759","9d777fb9-75ab-46c3-9377-2fb22223fbd3","CD8_T"
"8760","9d7a975f-65b3-4516-bd53-ea705d9b1411","epithelia"
"8761","9d86af40-b637-4872-9599-76068f61ea7f","epithelia"
"8762","9d8908c9-47a9-466c-8b85-1bb1dba1aa7e","epithelia"
"8763","9d8cb348-0eb0-4331-a4d5-1372b2a929bc","epithelia"
"8764","9d8e596b-ae5b-4aaf-8e8f-e9ea60e4807a","epithelia"
"8765","9d900f74-48a0-4fb6-a36b-e1539d2efc9c","epithelia"
"8766","9d90d20e-bb65-421e-bbfd-e45a418131e8","epithelia"
"8767","9d99e73f-7efb-46af-8d14-42b0ba1ac196","epithelia"
"8768","9da1fb55-bb1e-4256-a68a-a7b822298f76","epithelia"
"8769","9da5064c-4536-4a48-9dcf-79eb6dede9bb","myeloid"
"8770","9da7d58d-b444-4528-b90d-fea02bf04e70","NKcells"
"8771","9daeaaa0-369e-4a75-b317-9423cfc07151","Treg"
"8772","9db645f7-3e04-4f77-80a8-e81b84911c0d","endothelia"
"8773","9db98314-8886-42a6-830d-1caeba26f7e7","epithelia"
"8774","9dbd2a69-b731-4966-882c-bd04b1036079","myeloid"
"8775","9dc69c88-910d-49b1-90b6-5bced431acfb","epithelia"
"8776","9dca31e9-de9d-44c3-836c-4e312915bb63","CD8_T"
"8777","9dcff1cf-6848-43f8-84b1-e319f41e93c7","epithelia"
"8778","9dd37aab-94a1-46aa-901c-bd18908153b1","Unknown"
"8779","9ddb4e1d-b839-4f81-93e8-2697c713414d","epithelia"
"8780","9ddcaede-0e14-47b5-be7a-e7e2a671e98b","Unknown"
"8781","9dde4a00-2801-4bba-a0de-6342d4f3035c","epithelia"
"8782","9de69f73-2d66-4324-b5f8-da2b5169dddb","epithelia"
"8783","9dec8bf5-b4d3-490d-854b-45dd86a4a7e4","NKcells"
"8784","9dec9f89-8466-417e-a03e-1607511fc732","epithelia"
"8785","9ded8820-e8ae-4903-8b20-acdedfbc025d","Unknown"
"8786","9deee394-c57b-41ee-9cf1-c77b6bc551ec","epithelia"
"8787","9df033db-fb1c-4a31-9c74-66f7c3925f7b","Treg"
"8788","9df7aee9-f540-4df5-830f-5c40bfd8b33c","epithelia"
"8789","9df8598c-8fa4-4ced-a4eb-f5493aa06fa6","epithelia"
"8790","9df8fb75-9662-483d-aa7b-9fe68728fcc6","epithelia"
"8791","9dfaf544-2e51-43c6-9a75-fc7699727798","epithelia"
"8792","9e090506-65f2-44e1-a6e2-a7fb39cad82f","epithelia"
"8793","9e0bfb7d-82c2-4141-a083-03190d4e2f4c","epithelia"
"8794","9e10e183-7f31-4548-85b3-f284f2ed5b4c","epithelia"
"8795","9e11e8c3-a37e-4974-83df-49dde88e7406","Unknown"
"8796","9e12dd9a-0b6d-40b7-b74a-53d321ebd40e","NKcells"
"8797","9e13552c-320d-40b1-8043-eb8e3174087d","NKcells"
"8798","9e19acc1-4b12-49ca-8c99-0ecb990e729f","epithelia"
"8799","9e2182bf-c475-466d-9a5f-a7ec857beef7","epithelia"
"8800","9e21e14d-24c9-4b64-be87-f66431cadcb6","epithelia"
"8801","9e22dbd4-68a4-450a-89fd-a7ff0242be37","myeloid"
"8802","9e23d804-6261-4ded-be19-b305c5893a4d","Treg"
"8803","9e23df36-dd20-4b81-ad78-723714d2572a","epithelia"
"8804","9e2c7b4d-da40-4808-95f7-a4af393745bd","epithelia"
"8805","9e35ef1f-0c68-4fa6-a8bd-de71a5b18b4c","Unknown"
"8806","9e44a42b-6ff0-422c-bbf2-3af1ce196fe1","T_cells"
"8807","9e4619b3-ee13-47cc-9076-8f864a93bea7","NKcells"
"8808","9e5323e4-0158-4d74-afa4-eabbb4769641","epithelia"
"8809","9e5d2772-d8c2-4732-9812-fa3034b14a66","epithelia"
"8810","9e5e526c-bd47-45db-8924-39807f41af6a","epithelia"
"8811","9e60a3ff-0fa0-4961-ad72-627e75e2dd1e","Unknown"
"8812","9e65c2d5-90d0-49f0-8114-8ae57cf943ae","epithelia"
"8813","9e664744-7370-45c4-8b5c-3ba32d7a9651","NKcells"
"8814","9e6690b8-18ed-4e40-91d9-60a8f747ff07","stroma"
"8815","9e689114-8722-47bd-9d6d-759b6b5e32ed","T_cells"
"8816","9e6e0296-a04c-4d2a-a8a1-cce6ff45ab3e","epithelia"
"8817","9e6f3254-bcad-4f8d-bc67-831c3db9b069","epithelia"
"8818","9e701c13-f533-49ff-b1b7-6ae1c8ffd0df","epithelia"
"8819","9e74de39-5ff6-4ad0-94d7-2b4d9c8e6f86","epithelia"
"8820","9e76afea-fb24-45a8-b8cd-8fc69d571ad7","NKcells"
"8821","9e76bba9-5cc9-4bc3-8eab-c86707bea5d8","Treg"
"8822","9e7784ba-6648-440f-a7cc-31f4d3d4d621","Unknown"
"8823","9e7bc59b-e469-47c6-9ca3-6b6998890d58","NKcells"
"8824","9e7e0e4c-a7cd-4c9e-8582-c6e24c24f497","CD8_T"
"8825","9e80b390-ea6c-42c3-8ba3-fb9cb182f867","NKcells"
"8826","9e81b28a-25a9-4340-9b14-fba4cfb1da7a","immune"
"8827","9e83eca7-4a79-40bf-a6de-9b2b73d2b82d","Unknown"
"8828","9e895a69-042c-4da1-b4a2-5af3386e829a","epithelia"
"8829","9e8c3ded-c40a-42ce-9b90-3ffdd5379139","CD4_T"
"8830","9e90d373-a392-4500-bdc3-2a4321da4a00","Treg"
"8831","9e963c04-3af9-487f-bd32-ac2a138f1351","epithelia"
"8832","9e9d24a2-88b2-45e8-bd53-3ee3436d974e","T_cells"
"8833","9eab102a-36ba-44dd-b389-5e12689e13ae","Unknown"
"8834","9eb9cee3-1170-421f-8a82-1b88b831ef77","epithelia"
"8835","9eba8283-f5b7-40f1-b29e-1ce01fc7cf51","NKcells"
"8836","9ebb9753-1dcf-424a-ad70-baf491bdb454","epithelia"
"8837","9ebe2166-4b13-41a1-9002-2f1415749531","epithelia"
"8838","9ebed2aa-fefa-4dfb-9d36-8cf89d044aa1","Unknown"
"8839","9ec97ef2-60af-4330-a142-a32e46ee4d4f","CD8_T"
"8840","9ecafd45-47f3-444c-88ea-d1f38ade77a2","epithelia"
"8841","9ecd6cf5-ec20-4afc-a664-b03970f306f8","myeloid"
"8842","9ed8a8a1-368a-450b-a013-196a3443a489","epithelia"
"8843","9ee09f95-195c-48e0-9045-91f26ea9095a","CD8_T"
"8844","9ee880a7-83b9-4bb9-b94d-ad74070ec8e9","epithelia"
"8845","9eeb1a6b-89fd-424a-82e2-8605e2ed2eb8","epithelia"
"8846","9ef4ec31-5bd1-467b-9364-42f5c5c02cbd","NKcells"
"8847","9ef82e3e-4cdd-475c-b127-a94f701832fc","immune"
"8848","9efa1199-7200-47b9-bdc1-5d0d6d49496b","CD8_T"
"8849","9efa1ab2-cf1c-48a7-a0cd-003151cfec39","NKcells"
"8850","9efbe3a4-312f-4269-b8c7-b2307941926e","epithelia"
"8851","9efcd570-ffe8-4856-b6e9-53ce10e51cf1","epithelia"
"8852","9effa9bc-bff9-4b6b-bf7c-6032c079702b","epithelia"
"8853","9f020445-148c-4586-b5c4-63d3241b4929","epithelia"
"8854","9f033e30-6f02-44a9-a6d7-7603e9cb12ca","epithelia"
"8855","9f0410df-0e22-400d-bdda-9d0d22193457","epithelia"
"8856","9f0496d6-39e9-43fc-b540-60d23260438a","epithelia"
"8857","9f07de32-a2ef-496f-9503-2fc8997366f6","NKcells"
"8858","9f14a945-37ac-41ad-8991-552dad2c3f0b","epithelia"
"8859","9f154d4b-3e7a-4686-96da-33fe2dac5bf8","epithelia"
"8860","9f1682f5-e637-430c-8b8b-ace34a3896c0","myeloid"
"8861","9f170cbe-a6dd-4d43-bd34-1ead7eb87605","CD8_T"
"8862","9f1c845f-b381-4e88-8106-7af499b6c546","epithelia"
"8863","9f23e1b6-9783-492c-9672-0df9801d12b2","myeloid"
"8864","9f259aa8-bec3-4328-8816-710f60c7bc4e","epithelia"
"8865","9f2b854a-3063-4762-b110-eb70aa80fc64","epithelia"
"8866","9f2d7171-a7e4-4aee-9e95-36ba337ea74b","epithelia"
"8867","9f2f8f0d-43c3-415b-a5e2-e0cfe01de8c1","epithelia"
"8868","9f316fff-5401-4461-991f-78f715966dc3","NKcells"
"8869","9f339037-5f21-4b08-9e48-0a2c79400e93","NKcells"
"8870","9f38a0ba-4575-4d5d-ae56-7679b277b8ff","CD8_T"
"8871","9f3b5063-9b59-4beb-977b-a80524f831d5","epithelia"
"8872","9f457f51-7e72-4789-a200-d2deecaad0c4","epithelia"
"8873","9f477be0-51d8-4f02-832d-f8bcdd084cc1","NKcells"
"8874","9f47b871-76db-4b71-884a-b997b066294a","epithelia"
"8875","9f507bbb-40d4-4413-91a1-12d5326f8337","epithelia"
"8876","9f50b260-c557-421f-8bc2-b1c900f05aae","CD8_T"
"8877","9f513631-3407-41e4-810e-b1e807408ab9","epithelia"
"8878","9f52a8bd-0514-4bce-acd3-dc94df874142","epithelia"
"8879","9f5bb6b8-56d3-4755-aa04-e82d08e00c2e","myeloid"
"8880","9f5dc7ca-9716-498e-9e21-3857860cbb96","myeloid"
"8881","9f62cc43-023f-42f6-b5b3-fda5cab11876","epithelia"
"8882","9f72c722-c35e-40aa-93a8-fe1249008e1f","epithelia"
"8883","9f7319c3-e81a-47ee-977a-839fe6fb67da","epithelia"
"8884","9f75a00e-eb46-4008-810d-c4431aa5ef1e","epithelia"
"8885","9f795845-2d59-404d-9743-59d556dfba81","epithelia"
"8886","9f7bd25d-56e1-4489-8a56-779f84f23138","epithelia"
"8887","9f7e3fee-7d5c-4d96-a724-aac177c3d216","epithelia"
"8888","9f83f7e0-8251-4375-bd6a-e2aa33aa41a9","CD4_T"
"8889","9f87db17-c021-47d2-974c-3dcca3c58728","epithelia"
"8890","9f8d3462-ed27-4e3c-9879-9d5b04dd9d41","myeloid"
"8891","9fa13f76-ef87-4da1-a4e8-bc2a51852ec9","epithelia"
"8892","9fa16852-f22c-482e-862c-4631715baa34","myeloid"
"8893","9fa73942-2982-405a-86bd-13a617955134","Unknown"
"8894","9fa7413e-1920-4d69-be7b-6c4050f93e0d","NKcells"
"8895","9fab6fab-7987-4a45-82d9-aaada4a01e28","epithelia"
"8896","9fab9803-900c-4e6c-888d-bd83a62c8a49","epithelia"
"8897","9fb1a7e3-b01b-47d4-9642-49328d054ff3","epithelia"
"8898","9fb58c0a-e814-405f-8f41-f4508cc96005","epithelia"
"8899","9fbe3f31-6c2a-4226-9588-89b11ca4e310","Unknown"
"8900","9fc79827-043a-4498-806c-5f50e258d070","CD8_T"
"8901","9fc97996-ecbc-4619-ba6e-e98a951802d4","epithelia"
"8902","9fc9a88a-b7d7-42c8-a8fe-2d0543156ee5","NKcells"
"8903","9fcd0bf1-eda9-473e-8f70-6b947aa14006","epithelia"
"8904","9fd1065b-0e75-4e8a-94f5-6b6fa58222a6","epithelia"
"8905","9fd20bc0-1fde-40fe-a686-68dac53e24b2","immune"
"8906","9fd5d4b8-4008-4e9f-b65e-4a035c86d832","NKcells"
"8907","9fe44152-41bd-4daf-b37c-77005f861a84","CD8_T"
"8908","9fe81b73-4fa8-4b17-b70e-af541fd4e245","immune"
"8909","9fe840d8-0a2e-40e6-a043-407be2d22f1c","CD8_T"
"8910","9fecca49-7cef-4dc3-b1b4-17ed9f66996e","epithelia"
"8911","9fed2ebf-f9c9-412b-a7cc-2e3bff2674ec","Treg"
"8912","9fefe193-bc49-46ef-8291-2797d0486277","epithelia"
"8913","9ff0a8d2-cdcb-485e-81df-a620f6f30a19","NKcells"
"8914","9ff4ca5a-6ec6-433e-bf84-34532fb94bd5","epithelia"
"8915","9ffa14d7-14e6-4ff4-b16b-6a79e50ac97c","epithelia"
"8916","9ffc5195-5d99-45cd-bf1d-da4fba3d2ecd","NKcells"
"8917","a0008d09-5987-4b20-bab9-a4f20e971fa4","epithelia"
"8918","a001debd-4632-4ec2-8026-574b6a8087d4","NKcells"
"8919","a0085140-c712-4b9a-be0d-5445b35cc819","Treg"
"8920","a0099c11-e9ef-44c1-994c-aca4fbc3e92e","NKcells"
"8921","a00a3653-6245-4e23-abe0-3798ca40a875","epithelia"
"8922","a01030f4-a02e-46e5-a10c-7f549e1e5056","epithelia"
"8923","a011ceed-80f3-4c69-953a-0b7b8a68589b","stroma"
"8924","a0126255-ea3e-4391-8065-1c25f7ccf088","CD8_T"
"8925","a013a61c-6fb6-41be-b1dd-85bf2228fa81","Unknown"
"8926","a0147157-5d80-4ca2-9088-4ddbc4685dcf","NKcells"
"8927","a015f483-37d4-4cc0-816d-4bb0afbd0849","epithelia"
"8928","a01f3068-ade9-454e-9423-8d88b37397cd","epithelia"
"8929","a01feb51-41ad-4c25-b246-abd9f96bd0bd","Unknown"
"8930","a02519f4-9494-4fb5-bafc-a7e1475dbc83","NKcells"
"8931","a02a3a0e-41a0-4e03-a8b5-2f6c2205442a","Unknown"
"8932","a030aa64-4ec0-49ee-8973-3e5705a58179","epithelia"
"8933","a03311e2-c515-462f-8fac-96ec83821659","epithelia"
"8934","a0364d90-f441-4b18-98b8-3fe2074c3ea6","Unknown"
"8935","a03674c9-4a09-4bb0-b8cb-e75aaeac89f5","NKcells"
"8936","a036ad89-b0fa-4da0-a81e-8799f7e74505","epithelia"
"8937","a037cb0d-5735-4930-bfec-8c7596a182f1","endothelia"
"8938","a03a18ff-2e61-4b91-8a45-5bdc3a0581fd","Unknown"
"8939","a03b9ac4-502a-4b6d-860d-db234b430bbe","epithelia"
"8940","a03cc539-ce06-4773-bb62-ee911ad38439","immune"
"8941","a0401b6d-a0b1-4d5d-8eee-21f00dda9be7","myeloid"
"8942","a04043a8-c299-4ef8-a9f1-1032c9f0f35c","epithelia"
"8943","a0414979-a539-40f2-a691-6b75c133d728","Unknown"
"8944","a054c5a6-1041-4126-9bef-b587213fbb3f","NKcells"
"8945","a057deb2-26d3-4de2-9cea-0113f2fbcc9d","NKcells"
"8946","a05e61b3-fa17-4a92-9cc2-2de706a692b9","epithelia"
"8947","a063469d-1231-4df9-ba69-fbd8352e4379","epithelia"
"8948","a06809cb-3f03-4297-9527-08469f4ea31e","myeloid"
"8949","a0698ec8-c7b4-4ff2-8197-583167b3161f","epithelia"
"8950","a06ac7b9-9c5d-4c72-934d-b3c292d5d693","myeloid"
"8951","a06cec0b-3ae7-4f62-9892-bd9d83588e0b","NKcells"
"8952","a06f50ac-810f-4ffe-9276-cc0ea4c964c2","CD4_T"
"8953","a070dae1-3393-4e5f-afa3-6a68395b6e6a","epithelia"
"8954","a07685c1-c5d8-449e-b107-75d11fa4ad9b","NKcells"
"8955","a076b664-8039-4913-aa37-9e6c9e4a138d","epithelia"
"8956","a079fd95-b1fe-4295-8b76-ef8b4b071de9","Treg"
"8957","a07c5ab1-932c-487b-8e7b-e38c083cf7db","epithelia"
"8958","a07e233b-87ac-4439-92ee-780f9858b68f","myeloid"
"8959","a08110db-8e8a-4fce-b5b5-ff14f63130a9","epithelia"
"8960","a083b069-10a3-47ae-a768-0b184a49c57a","epithelia"
"8961","a086ac7d-b0f1-48ad-a4a4-6e4efc64d33d","stroma"
"8962","a087ebf8-d618-4dab-953a-62ec9b2794d2","epithelia"
"8963","a08ac1ba-b8af-49ba-bdc7-70b58cb667cb","epithelia"
"8964","a08d0b85-e918-43e7-ad93-bc878e1d96a2","Treg"
"8965","a0934af4-1739-4f90-81c8-e3f38bada562","epithelia"
"8966","a0995879-1e40-4be8-a773-432a7f22e41c","NKcells"
"8967","a09ab1b0-7af5-4d5f-be4d-c865b4c17580","epithelia"
"8968","a0a0682b-1ff4-4956-826f-2c9f2c4402e9","epithelia"
"8969","a0a396ef-6818-4e30-9383-42208e68a152","epithelia"
"8970","a0a52a6d-92d7-42e3-a699-4f88a6d8555c","epithelia"
"8971","a0a72b5a-329b-46d3-8f30-a9199ba263a9","myeloid"
"8972","a0acb86b-f50b-46e3-8fe5-a2e238e3240f","epithelia"
"8973","a0b4ffc4-b2c6-43df-a3b0-253a233bb928","epithelia"
"8974","a0ba679b-adca-4020-9193-2c743662c3a5","Unknown"
"8975","a0c12cf2-b153-4a15-a4ef-41d35d39f158","epithelia"
"8976","a0d4ee39-976b-4ba4-9c5f-484dc52ddfb0","NKcells"
"8977","a0d8fee1-b2f7-451c-abb5-b3cf3004278b","epithelia"
"8978","a0e4850d-fb43-438b-ab59-d5008aa87678","Unknown"
"8979","a0eebd51-98cc-43f2-b242-3ef6e098006c","NKcells"
"8980","a0f16837-d51e-48f9-b267-e77aadb27d22","NKcells"
"8981","a0f32962-52c7-4a5e-ab4c-5dadf31a8bec","epithelia"
"8982","a0f9bd29-cf40-435e-847f-88ee3ea3344f","NKcells"
"8983","a0fb2c86-87a4-408c-9f77-b5bb0868f790","NKcells"
"8984","a0fe3819-b9c8-4fb0-b855-638620b96c28","epithelia"
"8985","a10abb8c-097e-49d9-9ca0-e7084d7cb5d9","epithelia"
"8986","a10fc7cf-095c-4965-afe6-f3d03900e09c","epithelia"
"8987","a11038f0-f6f8-4b5d-a4d3-96562d193e61","epithelia"
"8988","a1116750-bdad-47aa-aa45-eb9525dedb58","NKcells"
"8989","a11631a5-8c49-4404-86ff-c06a1c68a6f4","NKcells"
"8990","a117c533-48bf-47b8-98fd-521b0c483d90","epithelia"
"8991","a11c8c4f-86bb-45b9-aa3d-70d20d2987d7","epithelia"
"8992","a121b153-753c-49e8-bd06-2574498db307","epithelia"
"8993","a121d981-ebac-4a50-86a6-c618da49403b","NKcells"
"8994","a123d024-bd0a-4df4-9ec9-298d47a06d24","Unknown"
"8995","a12afcba-6b33-46c2-9168-a364f765405f","myeloid"
"8996","a1303b38-b695-4474-a11f-46ea3f748aa3","epithelia"
"8997","a13570ec-6ef0-4ce8-bbb1-5e561ac068df","epithelia"
"8998","a1358147-364b-4e83-a1a9-f14209f128b9","epithelia"
"8999","a137f380-30c5-4ade-9158-73f4c17ad434","Unknown"
"9000","a13f435d-0b2e-42b4-abc4-58b9607b2d3e","NKcells"
"9001","a1473442-fdcf-436a-93ba-683ce1b7fd6d","epithelia"
"9002","a1509a2c-8a68-4f54-9a67-1b1e313319bd","NKcells"
"9003","a151488a-1541-4b8e-9e08-76a9738c3c92","epithelia"
"9004","a157180e-3169-4012-83a7-1ad7d66fbda6","epithelia"
"9005","a15a366a-bfd4-4660-a9fd-c985ef6cc980","epithelia"
"9006","a15cf780-a364-4d7e-8f0d-5a24118cea5c","NKcells"
"9007","a1679726-bcd8-4953-aea3-b7cadc4850e9","Unknown"
"9008","a1719b1a-a4f3-489f-8849-bd2346a34e5c","CD8_T"
"9009","a17ee734-c6cc-4ce6-addc-86d3bb8a013f","endothelia"
"9010","a18962e8-008a-45ba-b294-12fc98838ef9","epithelia"
"9011","a18cbcfc-5c9c-481b-9c98-90f41dae25a0","epithelia"
"9012","a18de7a5-f1f4-4703-b297-f93a9cf73a08","epithelia"
"9013","a1952985-0373-4aeb-90ef-372bd590ded6","epithelia"
"9014","a197615e-5617-4697-b243-3dcc4f68ed36","epithelia"
"9015","a198c682-f92f-47e9-ad0d-935c329bf6b8","epithelia"
"9016","a19f91eb-0ba5-430a-8a8f-0a5a2ace117c","epithelia"
"9017","a1a58aa8-faab-4e6c-86be-4ba7d6af4991","CD8_T"
"9018","a1a96785-c2ff-4775-9b2b-446f1e194ca1","epithelia"
"9019","a1a9a76f-1a93-4385-9b69-54dcdd32d0ab","epithelia"
"9020","a1ab841a-163f-455f-9ab8-8bdaec1c92b2","NKcells"
"9021","a1ad7439-6ace-4f90-a8f5-3a7faa1a928b","epithelia"
"9022","a1b1c5e2-f62d-4f77-bf96-d34c8a5938a1","NKcells"
"9023","a1b267fe-de22-4c93-99d9-6246703e991d","Treg"
"9024","a1bc4962-d0fa-4b68-86eb-2d132b58e970","NKcells"
"9025","a1bd3c28-76f0-4e70-9ea3-32a1609025a9","epithelia"
"9026","a1ca8e21-95f5-4425-8c88-f3682caff82b","epithelia"
"9027","a1cf5b20-1fa2-42b8-8418-6cdb7cbc8cdd","CD8_T"
"9028","a1d0f6d3-ec87-42d5-bd6e-a5b9da5e1c28","epithelia"
"9029","a1d1a26d-0363-413d-abc8-bacccd12adb3","epithelia"
"9030","a1d45a01-d16c-4dcb-bca3-9ab78ab43cf1","NKcells"
"9031","a1d68e43-ee54-46d7-a186-1240e34c2986","CD8_T"
"9032","a1dbe36c-501b-4abf-8a1d-859d5230aaa6","epithelia"
"9033","a1dd5914-befb-4aa2-88b3-56d4b96b67be","myeloid"
"9034","a1e20a91-d39f-4944-97bd-41e265a427b4","epithelia"
"9035","a1e5ed6c-37b1-4867-8d6d-1e1c6000abca","NKcells"
"9036","a1e5fe39-4847-4075-bc8b-17932b328d3e","epithelia"
"9037","a1e700ff-48bd-4082-8e14-e40e8870e5bf","immune"
"9038","a1e79b38-8b94-4e4f-a9a6-efe642d0549a","epithelia"
"9039","a1eb3b04-0758-4249-bef8-3bfc2e0a306e","epithelia"
"9040","a1f2f113-bf52-4336-95e7-e8efded69a0f","Unknown"
"9041","a1f78455-3a58-428e-a100-d633a0b00ad2","immune"
"9042","a1fe5e6d-4525-41d5-94ec-19662385cb64","epithelia"
"9043","a2040cbd-9764-44cf-b628-69d4ec2c6bd9","epithelia"
"9044","a2078c83-374b-41b9-b083-72a02506d2a7","myeloid"
"9045","a2087747-80c0-494e-9c8a-976720d8e264","epithelia"
"9046","a20a2030-2dd5-4dfa-8312-585ded259730","epithelia"
"9047","a20e9da9-193e-42a6-9961-8f62794f1f0e","immune"
"9048","a2139fab-c21b-43a6-99ad-3b1ed20c4b73","epithelia"
"9049","a215ad7f-68f1-4ebb-9277-c90ab34a7e17","CD8_T"
"9050","a215c812-d0f1-4ed5-88f8-226350a4e996","epithelia"
"9051","a21a1edc-b383-495d-8518-8718506f9c09","epithelia"
"9052","a21b9483-2759-4bdb-b89d-84fbfc7d4c4e","epithelia"
"9053","a21ddbca-2c3f-4587-80cb-39976923e461","epithelia"
"9054","a21df32d-ef7e-4836-932a-fb6bd981a0f7","epithelia"
"9055","a21eae49-1a30-485f-8868-4fde55b9de4e","myeloid"
"9056","a2276e4c-85c8-4ce9-a327-edefa4f4fbd0","epithelia"
"9057","a228f984-4db9-40fa-84a3-da3895d71f17","epithelia"
"9058","a22cf2c0-d347-403b-ae37-17facca089d4","epithelia"
"9059","a23d65cd-6180-4981-9fe6-b824d51e98aa","CD8_T"
"9060","a246c792-65ae-464f-bafb-007217ef7e04","immune"
"9061","a24dd174-4a97-4e15-ba5e-56580593abee","stroma"
"9062","a2501575-fa83-4c47-b6c9-e5ab5f04e213","epithelia"
"9063","a25420b4-19b1-4ede-bc01-e9c58463cdcb","epithelia"
"9064","a2566f0c-423b-42eb-be5f-9cc9aa9cffc7","NKcells"
"9065","a2581a9a-4b7e-464f-9426-df2d68ed711e","epithelia"
"9066","a25a730b-e8b5-4a71-83e6-5771a513f0a1","epithelia"
"9067","a25b73f2-8731-42b7-88c1-3baa16ef975c","epithelia"
"9068","a25d28a8-8892-446f-9e38-bf511d64bb16","epithelia"
"9069","a266d16b-0f24-48fd-a10a-d0a28282bb55","NKcells"
"9070","a2673056-bacb-42b5-8909-d655cf61b097","NKcells"
"9071","a26a9125-e16e-44b5-86a9-a0c0c32e9bf0","epithelia"
"9072","a26f995f-5de5-41af-9e06-76a66d39ac87","epithelia"
"9073","a272e833-6a94-45ee-a646-2399797080ac","NKcells"
"9074","a273ccce-31d1-4599-a253-ee891663a147","epithelia"
"9075","a27cb079-6630-4564-889a-1723d7324cb2","Bcells"
"9076","a27d3307-505e-4d1a-a3db-b6aee3e109ca","epithelia"
"9077","a2870af6-2216-4453-8774-2d1b902493d5","Unknown"
"9078","a28a8c50-1745-4222-9771-048080183325","epithelia"
"9079","a29604a3-16f1-4b21-9a98-9bed8acd547c","epithelia"
"9080","a2966c94-2240-4399-b8d9-381f1d98ddac","Treg"
"9081","a29c2d77-c4db-4e2a-8b0d-d5139ea8458c","NKcells"
"9082","a2a6fabc-a54d-4be3-abbe-015c0d0b1a1b","epithelia"
"9083","a2a70301-526d-4a2c-8c3f-130bcd293367","epithelia"
"9084","a2a8f8c7-03d3-4562-bdcb-71ac976ee69a","epithelia"
"9085","a2b732be-b79d-44f6-b134-f1b563ae495c","epithelia"
"9086","a2b91119-0e81-4e31-be42-d758383ce845","Treg"
"9087","a2c29513-0511-471b-9761-8d6bc69cf084","epithelia"
"9088","a2c923b1-0ee4-45c9-9b4d-393efa41a63d","myeloid"
"9089","a2ca919e-a78e-4e0a-8934-2ae8bf4c9602","epithelia"
"9090","a2d167b8-3ab1-43ce-8413-d3868ac1c6d4","immune"
"9091","a2d5e537-8077-4bc1-875f-5b0c61ea443e","epithelia"
"9092","a2d5eddd-eb1f-41ef-abfa-f05c15f7afb1","NKcells"
"9093","a2d89894-e1bf-4939-98fa-9e8412a35054","epithelia"
"9094","a2dc8240-dc8c-4ee0-8bbf-12d05aab72a5","NKcells"
"9095","a2dfe58a-6eb9-4926-9d59-637c03d53644","Unknown"
"9096","a2e1abdf-4ec1-4d79-9bca-fba25ec8a335","epithelia"
"9097","a2e40f30-e77f-4738-b7e8-85a4d5ebfd7a","epithelia"
"9098","a2e7cb3b-e23c-4dc8-a3f9-1b704ca12ec5","epithelia"
"9099","a2eb54ee-a9e4-4f74-a93e-7baba40b96af","epithelia"
"9100","a2ec0aea-8f6d-423c-a29f-593d4d174db3","epithelia"
"9101","a2f44396-963a-4092-b655-e2259ce73ca6","NKcells"
"9102","a2fe4065-33b1-458f-aa82-96c1cbec28fc","epithelia"
"9103","a2ff3351-5fd7-4d02-8f82-1b78ae59dc84","epithelia"
"9104","a3013593-ccc8-4911-b768-989a4b55f810","epithelia"
"9105","a303c31a-163b-4743-aed0-b6a9759c0e95","epithelia"
"9106","a3051c95-46e0-4654-b047-7723af12224a","NKcells"
"9107","a3079e10-ce99-48bc-8507-76c1a52979da","epithelia"
"9108","a30ad602-9ec1-4698-a9f0-f101ca8ca0a5","epithelia"
"9109","a3131dda-2b84-412e-8aa4-f801bf9358b1","epithelia"
"9110","a31afae5-96c1-448f-801b-e72d70e42884","CD4_T"
"9111","a31bc3bc-4c8f-4040-a56e-3b6d805c9e96","NKcells"
"9112","a31d305c-781d-4aa2-b62e-b2a9460b3d33","Unknown"
"9113","a31d41fd-83b9-4365-90c3-3cca4d3950f1","Unknown"
"9114","a31d6894-2f45-46c1-ba5a-4f6a3f544d78","epithelia"
"9115","a32456d0-5a58-4fe7-972e-c3a6e54d14e2","epithelia"
"9116","a33627d4-e78a-413e-a9dc-feb8dae881af","epithelia"
"9117","a33786ac-b994-4dfc-acdf-b7ac59369d9b","epithelia"
"9118","a33a7754-6e39-455e-9a67-09238c1ea935","immune"
"9119","a33e4644-e0ad-4ce8-a699-0c3465e5d272","epithelia"
"9120","a3461b2c-3fc6-4064-9430-623aee0dd77e","Unknown"
"9121","a346c4b6-55e0-4db7-8f57-674571552014","epithelia"
"9122","a346e947-5fb7-4b08-a9ac-a0bc31d6b6de","myeloid"
"9123","a34840f1-e54d-42eb-9db9-599b67d2afdd","immune"
"9124","a349f343-abfc-4725-ab2a-1a457ba14f46","endothelia"
"9125","a35196cf-0325-4f2a-a715-6143f38ef726","myeloid"
"9126","a35259f5-052a-49d0-8a94-bc69182a132d","epithelia"
"9127","a3531420-0033-42fc-9457-6c9aa2445ba2","Unknown"
"9128","a354f247-509a-44ee-bd65-2e1ba90eee14","CD8_T"
"9129","a35708f9-394f-453f-acfa-11957c06f711","epithelia"
"9130","a3643d79-056e-436e-adb1-63b70f7c2ff9","epithelia"
"9131","a368a4e3-438f-4cf1-a92f-a6e6019dd1c0","Unknown"
"9132","a37409d4-e0bc-4f3f-b3ea-6280c1bb825d","epithelia"
"9133","a3789d30-0eab-4b35-a68b-5037d4cdaf45","Unknown"
"9134","a3809e35-789c-4ea4-9b89-4d8bda31b198","NKcells"
"9135","a3828b30-9f16-426d-a962-6b3f9e166d7c","epithelia"
"9136","a3873609-414b-4162-860b-77cb6b8865db","epithelia"
"9137","a38e7657-b179-4341-ab60-60cc76d7b28b","epithelia"
"9138","a395ee83-4bcb-4f9a-afd3-48e7144ef7d9","epithelia"
"9139","a39eb77c-961a-4950-97eb-edb3490896e0","endothelia"
"9140","a39ecc2f-85f4-4d60-9640-aea5c1eb4927","epithelia"
"9141","a3b70c3a-0eda-4705-84f2-fec2a19ce7ae","NKcells"
"9142","a3b753d8-f6ad-47b2-815c-f7b0952b6d4c","epithelia"
"9143","a3baf424-f3c7-4c9e-a032-5cf06e85089d","epithelia"
"9144","a3c1f414-18e2-429f-9ef6-422ba7d08bad","epithelia"
"9145","a3cbb1e6-423d-4f22-906a-495819a2ffb6","epithelia"
"9146","a3ce267d-5f70-4580-8efa-60ed13e060ca","CD4_T"
"9147","a3cf7d87-14bd-4e43-b7ca-890c0df7e6e3","epithelia"
"9148","a3e66b68-8623-428b-943b-808226868b66","epithelia"
"9149","a3eb62ce-cf8c-48ae-999f-edef88984f2e","epithelia"
"9150","a3ec81e7-12d7-4bb0-a60d-1851b2f62e2c","epithelia"
"9151","a3fb91c2-3d75-4c6d-8c1a-05b8696d78fe","stroma"
"9152","a3fbacbe-d209-48e5-9a55-137f0c3a023f","epithelia"
"9153","a404e966-e836-4758-a4f9-0bf32bd31ff5","NKcells"
"9154","a410ec0d-11b6-4b3e-923d-20f516a27315","CD4_T"
"9155","a419c914-2b0f-4cc1-8de7-82c06762007a","NKcells"
"9156","a41cb586-ac3f-431e-b794-83359f7fc987","epithelia"
"9157","a423e29a-f462-400e-9c4c-c228912b669a","epithelia"
"9158","a4284eee-8708-4a5f-86bd-e65ec96221b5","epithelia"
"9159","a42c0558-8fd1-470e-9b3d-48d144fb3d2f","T_cells"
"9160","a432a67d-12e9-4dfd-aabe-557fb5bd2ead","epithelia"
"9161","a434a391-7c43-477c-93d7-841d696c8b38","epithelia"
"9162","a43a5952-7f3d-47ae-9bbc-e77c8a55fd31","Treg"
"9163","a43ffee2-76ea-4870-a99a-2d4e4f22e203","epithelia"
"9164","a4432d3b-a276-42d8-acd1-a63237914a79","epithelia"
"9165","a449dcec-e4c9-4127-9ee1-48e3944d11fa","epithelia"
"9166","a44e64ad-f50b-412b-8b39-625efc883654","epithelia"
"9167","a461a272-002b-4a1e-8fca-5a9b30f3980f","myeloid"
"9168","a464eac9-920f-4cb9-97e1-16ce6c1e6285","epithelia"
"9169","a46d42f7-7a8e-4694-87ad-a8538086e5f3","epithelia"
"9170","a46e8a25-4976-4b6c-8f2e-fe0078b3c45f","NKcells"
"9171","a47c730a-4e2c-4e10-8944-c39fc6fee1d8","NKcells"
"9172","a47f0752-ed29-4fa0-8dea-e7222bb9e7f4","Unknown"
"9173","a4803a6c-5251-4af0-a052-f09c5f85aa2b","Unknown"
"9174","a48291d3-3132-4b2c-b0e1-a530222bc384","immune"
"9175","a4830aae-aeb9-45c5-a3ee-01df1d43fda4","Unknown"
"9176","a492f430-e429-4213-94fb-611b0853280b","CD4_T"
"9177","a498739a-6820-4982-b825-2714f93605ce","epithelia"
"9178","a4a1c5b1-ab40-4611-995a-b07cec26d773","T_cells"
"9179","a4a39a7f-ef1d-49ca-97ab-8053cc6a77f4","epithelia"
"9180","a4b05100-40c2-4c76-a0ad-584622ca9ad7","epithelia"
"9181","a4b0faac-7f59-4695-b27c-6cbe69801e88","epithelia"
"9182","a4b10094-09f8-425c-bc95-afdaadb56d3f","epithelia"
"9183","a4b15536-8846-4ef3-9ddc-252ee72c0dc4","epithelia"
"9184","a4bb494d-0631-447b-a910-0990b550f6b9","Unknown"
"9185","a4c3e623-f7d8-48ec-8739-99e2d7a6b554","Unknown"
"9186","a4c7ad96-c527-4e8d-8555-f6469fe2983f","epithelia"
"9187","a4c882e0-3da1-422f-989b-16dad4c9a042","Unknown"
"9188","a4d05fa0-535b-4b95-b386-a90759c384d6","epithelia"
"9189","a4de7219-76e3-46e1-b1b5-2199828680ae","stroma"
"9190","a4e01ed5-b3fd-4cb1-819d-2198ed46ee36","epithelia"
"9191","a4e54f21-5920-417f-b2a4-84c69cfa970d","epithelia"
"9192","a4ef2957-f5cb-4d64-8145-96b2a4d1a5a4","epithelia"
"9193","a4f64625-5349-414c-abc3-20b24772a0a6","epithelia"
"9194","a508f66b-7a50-4c8d-80e1-5f37a3d64785","CD8_T"
"9195","a50ba52b-8ca6-47dd-9d99-52eeb585f4cc","immune"
"9196","a50e4ce2-a6b3-4451-9b27-f7c95a6f76b0","epithelia"
"9197","a511f2e3-1d22-42cc-a9e0-7637a5e3efad","epithelia"
"9198","a51251db-e52b-46dd-bda0-8f4dcaaec71f","epithelia"
"9199","a51379fa-5b9d-4c24-bed8-538af9d08a80","NKcells"
"9200","a513d3a0-075c-41af-b421-86fc82e121cb","Unknown"
"9201","a5194092-20bb-4ea3-8396-beeb6ae60dfb","NKcells"
"9202","a5203289-ad85-4b4f-baff-7430d9947386","myeloid"
"9203","a523b9ef-3dfb-4248-8a87-91a20977b0d5","epithelia"
"9204","a5283aa5-7d64-49d9-a8db-edfade328d30","epithelia"
"9205","a52b5ae2-2c46-4a66-8e1a-7bb48bb363f7","epithelia"
"9206","a5351b38-2ded-43c0-98bc-3090efde1353","epithelia"
"9207","a5379886-7df2-44c2-9f75-b6ae2bb362ee","epithelia"
"9208","a539a186-7260-4ce4-8dee-6212cbe96494","NKcells"
"9209","a53f08e8-1bc3-4331-abd2-8b45be644e36","NKcells"
"9210","a54362a1-f264-457d-b06a-3a0ce18f50ea","epithelia"
"9211","a545135a-e3d2-404e-b0c5-fcb924a905f8","epithelia"
"9212","a54544ec-32a2-4741-a648-d6f6bea54cb0","Unknown"
"9213","a54b3d7b-258e-4fca-a09e-1a8d58e41f31","epithelia"
"9214","a54fd0cc-a0b2-4a89-8ea1-cdad2c85586a","epithelia"
"9215","a551193b-341c-484e-84bc-ec109387a93d","Unknown"
"9216","a55a6e8e-baab-47ab-81db-cfbf5cd01b0a","Unknown"
"9217","a561e07f-5381-40f2-b601-adbb4ad52e0d","stroma"
"9218","a5673948-8bbb-42f4-889c-cd446f7ad17a","epithelia"
"9219","a5694bcf-4397-494f-a856-2af430153c93","stroma"
"9220","a56e481d-6cf5-4e9e-b20f-21702e01873b","epithelia"
"9221","a56f567b-a0aa-41ca-b9b7-c34b517d18e5","epithelia"
"9222","a56f9735-23a3-4c4d-8aa0-5e0caa9dbee6","NKcells"
"9223","a5792d2e-6e3e-4f56-a19e-5b69d71e28ba","epithelia"
"9224","a5840aac-5e5c-4d8c-949a-26940c8bc6c6","epithelia"
"9225","a5888cf6-afe3-4500-8890-e445fd08d38b","epithelia"
"9226","a58a9224-e6cf-47ab-b499-302d4e259a9f","Unknown"
"9227","a59fe004-8240-46cb-b5c9-e27456e21e79","epithelia"
"9228","a5a13ed8-121b-4772-9bc9-17f7f8526671","epithelia"
"9229","a5a231e3-3c62-4a9d-8243-030efff3f924","Unknown"
"9230","a5adb165-5449-4839-b616-1becf93f4ee9","epithelia"
"9231","a5b31374-0013-4bea-b07b-b105922b2d0b","myeloid"
"9232","a5b6775a-8aa2-464e-bd22-ec13438fcee9","epithelia"
"9233","a5b7c90a-4ceb-4018-94f8-9332c882dba7","epithelia"
"9234","a5c03fd5-4959-498b-bd1d-56a3f1778b98","epithelia"
"9235","a5c098d2-c7de-461a-abda-6e64398a1bc0","epithelia"
"9236","a5c8002d-8587-43de-8042-bb6926b94dfb","Unknown"
"9237","a5c93e3e-3526-40de-a164-13c82e109e3d","myeloid"
"9238","a5ca04e3-3579-4f57-adf4-d0c2e52f5fc9","Unknown"
"9239","a5cc7eef-f833-46dd-9ee4-8c2696f26ed0","NKcells"
"9240","a5d0e6b0-e517-4d3a-a601-f91a8e9fa7a4","epithelia"
"9241","a5d3f3c1-f690-49d0-a83a-73b0f87654b8","Unknown"
"9242","a5db0983-4386-48df-82cf-c6091a9ff214","NKcells"
"9243","a5dc2d87-78a2-4f40-b194-bbb3812ae30e","stroma"
"9244","a5de09e1-6ec9-44d7-95ed-08ef55bb9be9","epithelia"
"9245","a5e2e9f3-a6c7-4772-8e17-df0c8645dd91","epithelia"
"9246","a5e48358-f9b2-4cf6-8765-8640915aa7b8","epithelia"
"9247","a5e6f3f2-6c41-4353-9134-1af7e982ccfe","stroma"
"9248","a5ec280c-3127-49ae-94c7-c9d537cf991d","epithelia"
"9249","a5f748d6-0a8f-4b7d-a2a1-3b0cb212e3e1","epithelia"
"9250","a5f9bec9-f548-4e1a-8e74-d4ec3fdb3a87","epithelia"
"9251","a604c388-8c45-4068-bdb9-d27b0fc66291","epithelia"
"9252","a608de79-a84e-4eff-9224-7ed8c0c94861","epithelia"
"9253","a61581df-d6e8-4409-a05b-46c52d56302e","Unknown"
"9254","a61b8339-0a9c-46b5-9575-5bf8408b6d06","immune"
"9255","a61dd418-89df-4a96-a215-b1c3d35f3e87","NKcells"
"9256","a61f244b-c748-4618-b5b5-bff727a8c8f0","Unknown"
"9257","a6222e1c-fdc7-4e0a-bafc-22d15ce4c9f0","epithelia"
"9258","a62fd45d-1d22-4e1d-a2a1-bfd36323e238","stroma"
"9259","a62ff062-a0cd-4307-b0a3-dc3cebfc45e2","epithelia"
"9260","a63a0ae6-197d-4a18-a96d-48c1d9d0015f","Unknown"
"9261","a63d7846-9a4c-4dce-8096-4f4e63ff59f3","epithelia"
"9262","a6431de7-409b-46a4-b152-cf0990374b60","NKcells"
"9263","a6445d1d-eee2-4a09-9db7-d9a36a3748c3","Treg"
"9264","a64bfa43-acc9-4efa-9da3-7223a91827fb","Unknown"
"9265","a65875fc-3051-421e-b827-36ecbb0826a9","NKcells"
"9266","a65a57eb-881d-4041-8baf-2c48ca72d997","epithelia"
"9267","a660be0c-5041-4e81-a575-8271cd40bf16","epithelia"
"9268","a6653218-5202-4de1-afec-1f561b27bccc","immune"
"9269","a6659012-e8f5-47a6-bb16-2cda788ce361","epithelia"
"9270","a66b9e1a-2102-4388-8d55-22c70747039d","T_cells"
"9271","a673aa90-029f-4bec-86c5-217b1528956f","Unknown"
"9272","a6745c05-c24a-43c1-8ab1-305dcf65ec99","NKcells"
"9273","a6756d52-ceaa-4010-b26c-cf8a00e9e4d7","NKcells"
"9274","a676afef-6592-487f-baef-dd7b5fd7ca62","NKcells"
"9275","a67d0145-a75c-4d79-9526-81e595961374","epithelia"
"9276","a67f3fc7-f70d-4d9a-9a33-e1ea54fb81a6","NKcells"
"9277","a68e0c5b-ddf1-4d80-8ea8-a4d930d8cad4","epithelia"
"9278","a69104ae-a25f-4171-b912-f2c2d8c6e0ad","stroma"
"9279","a699724c-a766-404e-bd44-12b9c6001f2f","epithelia"
"9280","a6a755f5-33b7-4740-a492-03d1c47554ec","NKcells"
"9281","a6a85981-6873-4334-92a3-de5c20d8aaed","NKcells"
"9282","a6ab4eed-40fe-4ca4-b63a-0b077fff9bdb","epithelia"
"9283","a6adef51-e2b5-4f1b-b738-08e621da1ad2","NKcells"
"9284","a6b0b2df-93ce-4447-86d5-d65a6ed91eee","epithelia"
"9285","a6b24c54-1d5f-4c66-86c0-9e3cada92878","NKcells"
"9286","a6bcc172-582f-4627-80b0-3f9b5548e4b0","epithelia"
"9287","a6bf0190-862e-41d7-a8ca-7164d0b4cece","epithelia"
"9288","a6c381ad-5944-4a85-97c3-2c36a767b95f","epithelia"
"9289","a6c52bb8-e5b7-4b76-9afe-c6f97ef5f4a0","myeloid"
"9290","a6c7daf7-528f-43a1-989f-be1cab623395","epithelia"
"9291","a6d295a3-589b-4cde-a857-ef42cf696e40","epithelia"
"9292","a6d62073-3a1d-4b87-aca9-ed0d2fc9da38","epithelia"
"9293","a6db45c1-e151-4678-bd60-b4229445b929","epithelia"
"9294","a6dd5200-47e3-4c23-a30f-7a297b3820d0","endothelia"
"9295","a6de3f87-9e1e-42d8-9ade-94313991e819","NKcells"
"9296","a6df31d2-71c4-43b5-9df0-1248cec3bd33","epithelia"
"9297","a6e50dd7-ba33-41cd-94ed-f6e8efd026c7","epithelia"
"9298","a6f76f60-7d23-46cb-b3b2-b5e84e51b1f9","immune"
"9299","a708929a-ae98-4a50-a776-de067f59c199","epithelia"
"9300","a70d0293-6523-4b6f-ab3d-5a1cf29c3b27","NKcells"
"9301","a70f85a0-1ba5-4f7d-8995-71362b73e96c","epithelia"
"9302","a711690b-c62d-4127-98e2-b8a83edd0cfd","Unknown"
"9303","a71486b8-e5a0-4572-aaad-3e46a2a56d12","epithelia"
"9304","a714cd6c-019f-46d0-a1f5-e899d6100b83","epithelia"
"9305","a737f6fe-dd5b-4af8-bd4a-88b6e79bad89","epithelia"
"9306","a739390f-67b2-4ca0-84b3-abe9e82f83cf","myeloid"
"9307","a73b37a9-6d30-495c-9310-7d1792a93dfc","epithelia"
"9308","a7455d5f-25fa-431e-8e98-b53a89b0fc0f","immune"
"9309","a74a2b85-c1a3-4719-848b-b97c65e6e21d","epithelia"
"9310","a754c163-4513-482a-b3a1-08385f5d1833","Unknown"
"9311","a755a102-87e2-45aa-a798-b327996418ea","Unknown"
"9312","a757250c-d75f-4da3-85d9-e19746ff51ee","Bcells"
"9313","a757cc4a-c8d7-41cc-a8a3-826788fa85ae","epithelia"
"9314","a76541ee-8300-4e5d-bee9-0a951f971677","epithelia"
"9315","a7661166-9cea-4c28-a44b-7cec8982b007","epithelia"
"9316","a76e3abd-4d10-4613-abfe-06c4b717cd59","Treg"
"9317","a776daa1-f1a5-4a2d-9719-9a4ea0fecd6b","stroma"
"9318","a777cc19-164f-4477-8275-fb1cbc5685e9","epithelia"
"9319","a77af4f3-83e0-42d9-a99a-d2283df1397d","epithelia"
"9320","a77edeb1-8fd1-4a55-86eb-915fd0a87325","NKcells"
"9321","a7826c34-d5a2-4efa-9685-6b86fc46f210","epithelia"
"9322","a782bedf-fb8b-41b3-a36f-6359a8fe6c59","epithelia"
"9323","a7854df9-17ba-4e8a-82b1-578f94aaee4f","epithelia"
"9324","a7867791-6709-48e7-b5da-6dbd3ba90602","immune"
"9325","a79405c6-8239-428e-97a9-58885743c6c7","epithelia"
"9326","a7998058-de6b-46b6-ba72-29c216626110","NKcells"
"9327","a79a5e16-31a1-43f9-b5de-e66760e977fd","immune"
"9328","a79b49e6-3593-4812-a1ca-44716b5494d2","epithelia"
"9329","a79bf54c-de05-4517-be4a-653e399023b6","Unknown"
"9330","a79dac0c-24c7-4098-835b-d74ecfad2ab6","CD8_T"
"9331","a7b6b28d-0f1e-4777-9e06-bea9e4f6eaf3","epithelia"
"9332","a7c1c049-96e1-45d3-864c-f24d3bfdac24","NKcells"
"9333","a7c812ce-d7cf-41cc-b6e5-dae8ef6188ac","NKcells"
"9334","a7cbf92e-a16c-4f9c-8599-6f9164fa14f0","epithelia"
"9335","a7cf2311-87ab-4fe7-acee-fd6f347800de","NKcells"
"9336","a7cf2625-db27-4d7f-a004-d3981c7ff8b2","NKcells"
"9337","a7da1d74-c3e0-457d-a1a9-c2f8fafe88c7","epithelia"
"9338","a7dae5d1-3f80-4d1c-a442-5622dfe0a988","epithelia"
"9339","a7daea21-5baf-41be-9dee-98b0f80bcbb3","epithelia"
"9340","a7ddc3c3-65a6-4c04-91aa-2903670dc382","immune"
"9341","a7de210d-9098-4826-8e7d-f6e7aafeb7e2","epithelia"
"9342","a7e0baa8-18da-4b47-bf8b-1547fc262eb5","epithelia"
"9343","a7e0e8bd-545d-48b4-a85f-0e8831afeff9","Treg"
"9344","a7e252bb-13a2-4994-8847-720d2f584698","epithelia"
"9345","a7eb1877-e8a2-46eb-8e5b-c3912a5aac32","epithelia"
"9346","a7f7bad7-c92b-4c71-b782-e4e141508d3d","epithelia"
"9347","a7f9fef9-0da5-43d4-acc7-e1e8b3b6b8e2","epithelia"
"9348","a7fa7b63-9e65-458e-88f9-39f7a473cbbf","Unknown"
"9349","a7fb8e53-d6d8-4e78-8bbd-b067452f8c20","endothelia"
"9350","a7fc6d59-e848-498a-b9b8-ca4fa2ab5cde","epithelia"
"9351","a7fcf295-1882-4cfb-bd88-2f36b4ebfa8d","epithelia"
"9352","a803dcdd-f4fa-41dd-961a-8d5b78aff94b","NKcells"
"9353","a80837f3-4ab2-4b8b-9956-ae9ed874f90f","epithelia"
"9354","a80930b9-622c-4ef8-ad44-f3098f478ebd","NKcells"
"9355","a80b7b53-0958-4082-9113-c2c33efe1f23","Unknown"
"9356","a810ab4c-8e1d-48d8-98e6-b697058a26ad","NKcells"
"9357","a810e499-6b29-4d7d-ab69-7a50bf54fa10","epithelia"
"9358","a81171ee-d20d-4d9a-89a7-83cbcc58950e","CD8_T"
"9359","a8177234-81e8-433c-9d9f-ba1f4569d973","NKcells"
"9360","a8196145-03d2-412b-802f-e2526e24e907","epithelia"
"9361","a81b6d50-1f3e-426a-ae39-9286f5896df9","epithelia"
"9362","a8217fd7-1e5d-4fbf-88ad-cc821273ab18","NKcells"
"9363","a8226ed7-d9b3-4b76-b9f9-96699963bfbe","epithelia"
"9364","a826bb4d-0f2c-48ea-9285-6c83898f9e31","NKcells"
"9365","a83601ef-c79f-47f3-af09-78222ae7e383","myeloid"
"9366","a83ade21-e660-468a-b112-f31d794d1a8b","myeloid"
"9367","a844b17b-c08e-476d-b28c-075a76ed562b","epithelia"
"9368","a8473711-5e39-43fd-81ac-6d274913342a","epithelia"
"9369","a84899db-8000-43dc-ad22-2de5e83ab538","myeloid"
"9370","a849b39e-42ba-4bcd-be7d-73d54959ee45","epithelia"
"9371","a852d0d3-4229-4d61-9634-59cf9aad8f54","epithelia"
"9372","a852fa32-6d25-4021-a515-4ff65b218b42","epithelia"
"9373","a856790d-5dc5-44aa-9f9c-8f50d286dd2b","myeloid"
"9374","a8586e32-0c26-418b-afe8-ac380504af3d","immune"
"9375","a85a1faf-dba3-4cb2-88e2-5d45afe3f5c8","epithelia"
"9376","a85dfd0a-eb4c-49ed-833c-1e2390a229e7","epithelia"
"9377","a8602ce3-3c04-4e3d-8d5a-105bc3e15b8f","epithelia"
"9378","a87517ed-d790-4e9c-ae53-c2edb734dd14","Unknown"
"9379","a87ec1ed-2169-4b53-be79-1b5136800256","stroma"
"9380","a8860630-6536-456e-b541-d9d8c6728779","epithelia"
"9381","a888da43-898f-479e-bda9-8f537bc7bae8","epithelia"
"9382","a889a01b-7ca6-4c15-9edb-793f6adf8831","epithelia"
"9383","a8a051cc-8779-48ef-8e5a-651661dad036","Unknown"
"9384","a8a42328-c08c-46f1-ba9a-2b4a189ad2eb","epithelia"
"9385","a8a8962d-2925-4f74-8c0e-c5c491e182d0","CD8_T"
"9386","a8ab7218-7027-46e1-af08-03ced1f65b36","epithelia"
"9387","a8ae030d-f64c-4dce-9b33-b8f18edb4724","epithelia"
"9388","a8b180e6-b564-48b2-a3b9-7c48b47b4695","epithelia"
"9389","a8b22692-684b-4bce-b197-3db5661674ad","epithelia"
"9390","a8b412a1-032e-4985-b47e-b6df323fa941","epithelia"
"9391","a8b935a6-f1f1-42cc-b9cb-4048f77504c9","immune"
"9392","a8bc874d-9246-49b3-ba11-f7e6cb4e5429","epithelia"
"9393","a8c6a35f-32e8-4154-9292-f3bc679b8611","epithelia"
"9394","a8d21c9d-b292-4910-b294-9910262ea624","epithelia"
"9395","a8d6b37d-aa3a-48d0-8482-5f90b7461da8","epithelia"
"9396","a8d9dc82-a868-40ee-93b5-63d0185ae949","endothelia"
"9397","a8db8fb8-14f1-4ef3-87cf-c659d07b17d0","epithelia"
"9398","a8e1b4a4-7679-4c01-82ed-c48dc983ded8","epithelia"
"9399","a8e29388-ea58-4238-bf6e-4cce16b801c0","epithelia"
"9400","a8e7ee41-92da-40e3-96e9-70bb43c854a8","epithelia"
"9401","a8ecfb8e-79d2-4b05-868e-aa63d63025d5","epithelia"
"9402","a8f8f33c-02c6-43b6-8756-853e77a0ec1c","epithelia"
"9403","a8fe6da2-144a-4943-bc69-3b96021c3625","epithelia"
"9404","a9070599-3870-4a41-9c03-0fcee1fd9934","CD8_T"
"9405","a9087d21-b616-48f2-ad0e-4ca1e354944a","epithelia"
"9406","a90c33e1-3fc8-40fb-afd1-66ebae9dbdfa","NKcells"
"9407","a90e3607-2738-4097-afb6-db066f5ff058","epithelia"
"9408","a910b10b-f470-4e31-8189-b87556e2ed5b","epithelia"
"9409","a9160634-5ee4-490a-bd8d-7b47ce9ca627","epithelia"
"9410","a9172838-de2f-4395-be12-02768145a1c0","CD4_T"
"9411","a91a276f-a52d-4294-af85-22bfc0fa3adb","NKcells"
"9412","a91dea7f-2e9f-41df-8790-f43a5c2805d1","CD8_T"
"9413","a9208e2a-354d-4531-9022-c9c3bc5e6a5b","CD8_T"
"9414","a9236370-5c45-4fa4-ac3c-3a77976f1065","epithelia"
"9415","a934065c-0a19-406f-bd51-43e8fb3efed4","Unknown"
"9416","a935a4e6-cecb-4160-b6a8-c4b9b117403f","myeloid"
"9417","a938e528-0aa4-40e8-9d30-ac183b56794f","epithelia"
"9418","a939dd0d-cade-4175-88ef-25484bd3a088","epithelia"
"9419","a93cf54a-92f4-4fa3-a276-66eaf6e64cc0","epithelia"
"9420","a950065f-7377-453b-80fb-bcba28b18e9e","NKcells"
"9421","a953c2b8-4a5f-4c0f-8870-6ce2c6fea5f8","CD8_T"
"9422","a95cd92a-2202-4f1c-ac45-e0132bab79cf","epithelia"
"9423","a960dc3d-e77d-4c3f-ab5a-5ef3771db139","immune"
"9424","a9706e79-8fb9-4854-a5e6-eabda7ed71ba","NKcells"
"9425","a974d860-2ae1-4484-95c9-4b304d9f76d1","epithelia"
"9426","a97baa9e-213d-4937-aaae-de54c0a64054","epithelia"
"9427","a982dd00-9e59-4ed1-84b4-f6f46263c281","epithelia"
"9428","a989e92b-090b-4f27-86cb-f4cc476174b8","NKcells"
"9429","a997b2c8-2f3b-4a3a-a9af-a1aa2ba92f19","NKcells"
"9430","a9a6ae63-a45b-47e7-b70a-882d8e0cc6b8","NKcells"
"9431","a9a81c20-7923-4bcf-94f7-04f2048e7fdf","epithelia"
"9432","a9abad51-6aa0-4bd2-b813-244c0b250251","epithelia"
"9433","a9ac81fb-78d5-4476-a232-d89e6adeae6d","epithelia"
"9434","a9bc8c47-206d-4c0b-bbb8-e2111585e025","NKcells"
"9435","a9bd96dc-6eb9-44e3-a990-509fbbdd5707","epithelia"
"9436","a9be19ba-57b7-4676-9cbe-643d164c32ce","epithelia"
"9437","a9c140f5-9ade-406b-81d9-0432b860b1ac","Unknown"
"9438","a9c63c4f-8d64-44a3-be65-677f3f69cc1a","epithelia"
"9439","a9cea8ae-2a94-4675-91cc-cb6a1b24c65e","epithelia"
"9440","a9cef26a-4380-4126-ac63-b1f06859f143","epithelia"
"9441","a9d0551b-c3a4-4691-8972-498e779a10d8","endothelia"
"9442","a9d5faa1-7b40-4633-abbd-82aefd2612b4","epithelia"
"9443","a9d8d81b-d3b2-4422-8349-38ac08e6fd28","Unknown"
"9444","a9da7cbf-b642-4595-ac5f-ef535074487d","epithelia"
"9445","a9dfc9e3-9ceb-4577-9250-726981c6a53e","Unknown"
"9446","a9ed250f-562c-406f-9bdd-bbd459f5ae6d","epithelia"
"9447","a9efc484-84e6-419c-a532-0bad5b2d8197","NKcells"
"9448","a9f084cf-2494-497f-b861-f8a0f90340bf","epithelia"
"9449","a9f35db7-5f0f-401f-a8d1-7cb3986a263e","CD4_T"
"9450","a9f64f6f-900c-4dc7-a07a-ae7541cec3a5","epithelia"
"9451","a9f79a67-5f0c-4972-9137-66c6e27ea6f3","Unknown"
"9452","a9f98461-f5d6-4428-a640-77c4e27a0c86","NKcells"
"9453","a9facebd-aeaa-4e15-8fdb-2fb0c2e4daf7","epithelia"
"9454","a9fe2779-8670-4303-934b-592cfb4a61f2","epithelia"
"9455","aa095995-bcc4-4f90-8433-c04ce518bc97","NKcells"
"9456","aa0a022d-8fcf-492a-9329-dd0483aecd04","epithelia"
"9457","aa0f5f01-4a28-4d99-a35f-08396f9a9675","endothelia"
"9458","aa0fdf7c-2454-4cf6-bdec-389d801f04d5","NKcells"
"9459","aa11c02c-a7dd-460c-8365-eb909f2d9c8d","CD8_T"
"9460","aa17a202-2a38-4a2a-bf8a-4eaf044ca80e","NKcells"
"9461","aa1b5f20-f959-4b2f-a88c-39253bc03da2","CD8_T"
"9462","aa1e8fca-c6c9-484c-a08b-03806786c689","epithelia"
"9463","aa1f5f9e-cdd5-40e6-828b-caf5a88bcc08","CD8_T"
"9464","aa2a7b13-0dda-4f1e-b2a7-08e3a0b6b8c9","Unknown"
"9465","aa2b0ff5-03e8-4c66-a22d-bf4d10a82f3c","epithelia"
"9466","aa3237f6-1bc3-4cd0-8354-e819993cb9b8","epithelia"
"9467","aa336e35-aeac-4220-ad62-7411617e197b","epithelia"
"9468","aa37c364-93b3-4c2d-8835-e26f9354c861","epithelia"
"9469","aa42d8c6-79aa-4a98-89ef-3c4fe59e08ed","epithelia"
"9470","aa48d076-f882-4c85-90d5-d41210deb4e4","epithelia"
"9471","aa48ffe7-0b4f-413b-be93-1e9821d451e7","epithelia"
"9472","aa4e6cf7-b3be-4421-b11e-f2f608eb26db","epithelia"
"9473","aa5c9762-940b-44df-9512-e536b79bdff8","Unknown"
"9474","aa6024ad-0ff6-4aa7-9100-305759c3eb84","epithelia"
"9475","aa633b2b-3d00-4c85-8453-1011e5106d8c","epithelia"
"9476","aa649ead-0955-4cca-829f-515367e644d5","epithelia"
"9477","aa655d70-e4cd-4279-8ce2-fce6d159a0a8","epithelia"
"9478","aa694ed7-ff7f-4009-a6cd-58872f925b14","epithelia"
"9479","aa7dfe2a-8f5f-4719-b24d-fecc01b1765e","NKcells"
"9480","aa7feb68-0f6e-4d7a-ab09-04ebc59ea47c","epithelia"
"9481","aa8121ee-f4f1-439f-b30a-c1f5213ac0ba","Unknown"
"9482","aa81e9f6-da62-499d-b3fb-9aba4d08718b","epithelia"
"9483","aa8ee14f-2357-4c95-97e2-cca46f500860","epithelia"
"9484","aa9011a2-faf2-4f7d-a2a6-bbe4a81b70b5","epithelia"
"9485","aa92b111-f3d7-40b5-ad40-afbe13134924","epithelia"
"9486","aa92ea32-aaa8-40af-bbca-bde0729fab6c","epithelia"
"9487","aa992555-cb6b-4b79-b240-ede07ea85e38","NKcells"
"9488","aa9a902e-d1a1-49ba-a190-34be12d4b285","epithelia"
"9489","aaa6ab4a-588a-4058-a252-7ec2892275da","epithelia"
"9490","aaa72b98-46ea-4fbb-a8f0-1cd8da951d09","NKcells"
"9491","aaa97d01-bb15-459a-ae44-89366f9e703b","NKcells"
"9492","aaab28a7-38ae-4626-a9a9-e64422df2d39","epithelia"
"9493","aaadbb14-c32b-4c3f-b735-7435e0588891","myeloid"
"9494","aaaed088-ffc4-4012-9374-64ff83306498","Unknown"
"9495","aab09d14-84fc-4891-86c1-3e1a2f4ba847","Unknown"
"9496","aab156af-27b0-4784-b5dc-3210c967d773","NKcells"
"9497","aab541a0-2aff-4a26-b51a-4af3c761f91a","CD8_T"
"9498","aabf8bf2-3438-4e96-b0b1-bf3b82639563","Treg"
"9499","aac00e2a-4a90-4462-93d7-46d8263ef3a9","CD4_T"
"9500","aac1c396-030e-4abc-8dbb-d6d14ee6d7f3","NKcells"
"9501","aac589c2-e0a7-440c-9535-ba86d5343db9","NKcells"
"9502","aac5ffa7-1fdc-4bd9-ada8-f62e45b8dcb1","T_cells"
"9503","aac7ec99-e345-41cb-b12a-56e6eb492729","epithelia"
"9504","aac9b99a-4f84-4fc3-943d-a8d341028fd7","T_cells"
"9505","aad80134-37cc-4fe9-a530-1957dd70eb45","Treg"
"9506","aad909b8-a65f-4acc-9982-fba414775789","epithelia"
"9507","aadc3c0a-3259-4475-94aa-f07ca98ab772","stroma"
"9508","aae01b1f-1da3-4fe9-8992-9d2849403ece","epithelia"
"9509","aae4e32d-fd93-4c20-94d6-d52c96be0ffb","NKcells"
"9510","aae588ed-501c-42ca-b86e-a16be226e128","epithelia"
"9511","aaec44b0-bdf3-499f-a21c-6f9401456862","CD8_T"
"9512","aaeddd6f-260e-4d85-9220-c39eb7cc70a6","epithelia"
"9513","aaf18bd3-f33d-496e-9e14-9838ffbbe41d","epithelia"
"9514","aaf26609-1d46-4bb5-a94d-716b55421f7c","NKcells"
"9515","aaf85aed-de0f-4560-b89a-a778bcc21d60","endothelia"
"9516","aafbb610-3ce8-45b3-9845-987998d88626","NKcells"
"9517","ab017669-e7b4-4a6d-a0a6-39acccd2c268","epithelia"
"9518","ab02d49a-059e-4bd2-9f8b-fde2ec3e4291","epithelia"
"9519","ab039561-1960-48f6-9ea6-9f97395bff55","Unknown"
"9520","ab0606a0-d358-4a89-a818-00a1a40439e5","epithelia"
"9521","ab078e81-765f-41cf-8c34-8fb9f41e8038","epithelia"
"9522","ab0b9569-b9e0-4474-91af-c407258da4c8","epithelia"
"9523","ab0f66ee-87da-4504-b243-eec73b833582","epithelia"
"9524","ab10ab15-931d-4e52-8e27-1caf7234fad2","CD8_T"
"9525","ab10c508-19ea-4612-805a-c9e050b0af7b","epithelia"
"9526","ab13a1e1-8ab6-4e5b-a5d4-aa3e4fb93da0","epithelia"
"9527","ab1a8b87-b206-44f0-a1a7-76edb62e8c03","epithelia"
"9528","ab1ab72c-0366-48a7-a314-e41da1ab4bfa","myeloid"
"9529","ab1baad7-5bbe-433b-9cff-fa0f867541bb","CD8_T"
"9530","ab2da2a0-538e-4200-8d1a-7b3166edda32","epithelia"
"9531","ab2f922d-5b40-4076-9b32-a01481ec5170","NKcells"
"9532","ab350e7a-5e8e-4ee6-9fc5-7610a51b54be","NKcells"
"9533","ab363cb5-9797-4de5-b3c7-c5a927a4a848","epithelia"
"9534","ab3839e5-e643-4e68-bc42-b1f08cf54697","epithelia"
"9535","ab3d222e-2412-47e4-aa6c-afcd2b6e65c0","myeloid"
"9536","ab4274fd-670b-45de-b87c-a79f55130f14","myeloid"
"9537","ab46b574-8dfc-49c6-873c-9a74f109d4d1","epithelia"
"9538","ab4be774-f1cd-4167-9051-77fb7ce8dedc","epithelia"
"9539","ab52e142-093d-4aea-9267-f94008d572c5","epithelia"
"9540","ab53015f-c76a-4422-b984-9aa8f1928d82","Unknown"
"9541","ab540bbd-39c3-4159-8a63-1affabca2562","NKcells"
"9542","ab57142e-9bc0-4652-a471-44d5585631a0","Unknown"
"9543","ab5ce7ef-14bb-47a0-bdc8-f60bb19fc7b6","NKcells"
"9544","ab5efd16-1dcc-4450-af9b-1834ce9e9e8c","NKcells"
"9545","ab6017a1-2ca1-492a-a94e-be56b63795a5","CD4_T"
"9546","ab644755-71e1-4183-945f-058b00b6e9c1","epithelia"
"9547","ab646a71-980b-41c4-9134-ea64113b036c","epithelia"
"9548","ab6d62c5-f202-477d-933d-f4487ea8375a","epithelia"
"9549","ab8942b2-9a5a-4d3d-b169-36510c9ef997","immune"
"9550","ab9135b5-1fa9-44ce-a8eb-6ec44f4dc70b","epithelia"
"9551","ab99fd23-d8e8-4d34-8562-831a3772f515","CD8_T"
"9552","ab9bc4e5-b9d6-4dda-97d1-bc25ab049f18","Unknown"
"9553","aba3ab26-64eb-427c-b467-d9c3c9405fef","epithelia"
"9554","aba69650-78fe-4f9a-a074-65e4e68c8cb4","CD4_T"
"9555","aba8b520-a558-419d-a356-8ac404a5399e","epithelia"
"9556","aba90123-058d-459f-a32d-92b19253cefe","stroma"
"9557","abae8a19-ccf2-43ae-87d8-055202ad3774","epithelia"
"9558","abb07042-72ec-4a25-b578-e23793cdecf5","epithelia"
"9559","abb25ded-ce52-4221-9aaa-7e1d371539cc","NKcells"
"9560","abbb6643-4f85-4ba3-9838-1a49c6561705","epithelia"
"9561","abbd47da-d31c-4f03-8c18-aa0d3ebef388","epithelia"
"9562","abc25286-e358-4acd-b8aa-f0aa55b80b5f","epithelia"
"9563","abc690e0-018c-4acf-92c2-d783eb7182bf","CD8_T"
"9564","abc7e21a-6bad-4483-b238-146a83ac9997","stroma"
"9565","abcaf7d8-25d1-4ae2-be08-ed7ac07a1268","Unknown"
"9566","abcc19f8-a06c-4642-a1a7-66604f27b02a","epithelia"
"9567","abcebe21-29d3-4408-acad-d9b50854ba22","Unknown"
"9568","abe4ffd4-5acd-4e2e-a880-90afa475ab09","Unknown"
"9569","abec9546-4a21-4edc-90a4-188ade3d93ef","immune"
"9570","abef15f0-81aa-42d6-8666-a2532e5f99ac","stroma"
"9571","abf08df4-4cb1-45b2-8b52-3fce98d48d5c","epithelia"
"9572","abf2991a-86e7-43f1-b488-624afd787222","epithelia"
"9573","ac041f9c-6642-470b-bdba-d6a450d05cb9","Treg"
"9574","ac04c26d-998a-488b-8ab8-c1c38e52ae84","epithelia"
"9575","ac0e7b82-9d7a-4b72-befe-851533d90b86","NKcells"
"9576","ac131e03-088d-4199-90b3-74d352ec6345","epithelia"
"9577","ac199cb5-722e-415c-a6c8-9125e00b9949","CD8_T"
"9578","ac19d237-6e25-42e7-b19c-62cc38979590","epithelia"
"9579","ac1daf50-f4c9-4dea-8ae2-c5a582cdaacd","epithelia"
"9580","ac209b2e-dd50-4162-80aa-eba40b4bdf84","Unknown"
"9581","ac2177d6-15a8-442d-94ff-0f67d6f55271","CD8_T"
"9582","ac21cfba-52df-47eb-8f85-7f7328fd7124","CD8_T"
"9583","ac2a2d7c-2204-4e51-ba55-7e03a536cfa2","epithelia"
"9584","ac2c3bd2-2d69-4608-95fc-5d31ac9e5841","epithelia"
"9585","ac35e1e8-bf83-434a-92fc-b49a7687becd","epithelia"
"9586","ac383af6-91dd-4287-b9ee-5dc88adf53bf","myeloid"
"9587","ac3e696b-6ad5-4b4f-bc9a-51642c5b123b","epithelia"
"9588","ac42053e-8fba-4b20-80a7-e5728b7caccb","epithelia"
"9589","ac50b805-762b-4b53-9627-3aa40dc55475","NKcells"
"9590","ac57a32f-a9e3-4ad9-88c5-cbc935f5185b","epithelia"
"9591","ac5ae359-b0f5-467c-ba25-cae29623b8b0","NKcells"
"9592","ac678ce3-e8c4-45fb-b610-765bf3bef653","epithelia"
"9593","ac695fd4-6e84-4767-8353-7414b52e000a","epithelia"
"9594","ac6de8ae-cb43-4d09-89d1-6d8f11f429a9","NKcells"
"9595","ac6e809d-7b4b-4474-90b2-d325e1fad084","Unknown"
"9596","ac772181-c065-4557-a108-1b4a1baa166a","epithelia"
"9597","ac773de6-3e7a-426b-9bfa-800c3a1377e4","epithelia"
"9598","ac78ed93-3f81-4881-a171-b4d9b6e573e4","CD8_T"
"9599","ac7dfdd8-dce6-4811-b20a-91dfc61e3029","epithelia"
"9600","ac82c3c8-c746-427d-9d70-5b510e7a042b","epithelia"
"9601","ac90bbdc-b9d6-4b17-9ca8-f625a077d646","CD8_T"
"9602","ac91e33e-a10e-4c13-b5c7-1404867f7fa2","epithelia"
"9603","ac95c1eb-3460-4ec7-93bf-aa6b0ce12d73","epithelia"
"9604","ac96cd69-f9f0-4481-a13c-9c7ea461bbec","endothelia"
"9605","ac9914da-73ee-458e-a5c8-867f833e738c","myeloid"
"9606","aca24cfd-873e-48c2-bcc4-fd1c52715415","Treg"
"9607","aca9231a-7d1b-4031-844f-3ca426743688","Treg"
"9608","acad073e-9d88-4890-8062-cf22d4973fed","epithelia"
"9609","acb028d8-23cc-443f-a067-765c69be5c9c","epithelia"
"9610","acb110d0-c92d-4e57-b2a2-b99caaf23cc6","epithelia"
"9611","acb31d1c-85b6-4499-97cb-1c572ba5ea1e","epithelia"
"9612","acb92e63-2b5d-4000-8889-406b18a4895e","epithelia"
"9613","acbb58d1-f9e2-475d-aa81-3c1d1e28bff5","epithelia"
"9614","acc52bb2-b338-40fc-a28d-d294ceb4447f","epithelia"
"9615","acc9f065-23ea-40e8-a01d-7f24d77d9be0","epithelia"
"9616","accbbae7-63a8-441d-b5c6-6df62f587fbe","Unknown"
"9617","accc0e2b-8e64-4a9a-b4ce-75972e35d4db","epithelia"
"9618","accf93fb-e457-403e-beae-1791605c806d","epithelia"
"9619","acd08b1d-b660-4bea-b1f9-d803c3d59617","myeloid"
"9620","acd25bea-57fe-4fa9-b0ba-bdc61ed5052c","epithelia"
"9621","acd72d90-61c3-4c1b-8f33-ebf1d3c04eff","epithelia"
"9622","aceb21bd-b27f-4a5d-8a6d-0750f774dd18","Treg"
"9623","aced08da-043e-4a90-8c95-1488b4692f1e","epithelia"
"9624","acf1418c-49e1-42df-b36f-864665160f01","Unknown"
"9625","acfdf801-3299-4884-ba6e-e88fbf5c9a5b","Unknown"
"9626","ad04cddb-1c2f-44ad-aaef-3c8a930b03e9","Unknown"
"9627","ad08244a-c1e9-47da-97db-7985ffca6710","epithelia"
"9628","ad0ec6af-1f01-47cc-83f2-7ac0618094bb","NKcells"
"9629","ad157690-f256-464e-8069-2ea19eabf630","epithelia"
"9630","ad1706fb-f2bf-484c-9c12-f5ae14b750f1","epithelia"
"9631","ad203067-f47e-411f-871e-9e1de3fd3f2e","epithelia"
"9632","ad220989-b2dd-4bd0-9afa-02e553089da3","Unknown"
"9633","ad247b12-4eab-496a-b3a5-cb4b9626dc6a","epithelia"
"9634","ad2b8a36-a167-44c1-b6e4-984980ef80dc","NKcells"
"9635","ad2ceca6-e1ca-4579-9e8e-b64ca5de310b","epithelia"
"9636","ad39b5c6-e8d1-4517-9000-ff8c94ee598d","Unknown"
"9637","ad3b107a-ec20-4403-b4ee-09bfeddcb234","epithelia"
"9638","ad45327c-6f72-4791-8831-4b7c85fc4cca","epithelia"
"9639","ad481f27-faa1-4739-b316-12d2fcfde3d8","NKcells"
"9640","ad4d37e0-e453-4ecf-b719-f5701553abe5","epithelia"
"9641","ad50a268-e85c-4f58-894b-811f8857a317","myeloid"
"9642","ad52b1ae-1d48-4098-9071-edd3837c1faa","epithelia"
"9643","ad549fac-c5b1-4af6-838d-229cda870879","immune"
"9644","ad5573ec-7cb0-4bec-b974-f540642987af","NKcells"
"9645","ad56a272-cc92-4293-b58c-f6ddc366c625","stroma"
"9646","ad56a72f-3390-4463-ab60-6bd57ea1a094","Unknown"
"9647","ad5dadd8-4047-4023-b039-270822c58162","myeloid"
"9648","ad67bc54-1607-4374-8f38-2f16c5ee8dfc","epithelia"
"9649","ad6d8c4d-aab2-4626-97ad-91fab2a9566d","epithelia"
"9650","ad720448-f63a-4157-a41f-9ccfb3a9fd86","immune"
"9651","ad7349d5-d703-4754-8f26-0f509f6f8de4","NKcells"
"9652","ad75806b-6a13-443b-a2f0-19be04bd9df9","NKcells"
"9653","ad763ad2-e4fb-486b-b507-603695919a93","epithelia"
"9654","ad7c2a9c-eb9e-4671-8ecc-dc4d267ab556","Unknown"
"9655","ad7e12ba-2b61-4720-b8f3-98a5f4fdae1a","Treg"
"9656","ad87e16e-bdec-4235-9be5-b6ee092fc381","epithelia"
"9657","ad8b75a1-6832-4357-86f7-cfc25774b83c","Unknown"
"9658","ada116be-e7cc-45a5-be28-28ddade3a6eb","epithelia"
"9659","ada1fdeb-fb25-4255-a0c9-1e8006be9596","epithelia"
"9660","ada36ba0-d7a9-43bb-9802-ac6b972db90c","NKcells"
"9661","adb04ba2-fb72-494b-9fb7-8af5efbabbda","NKcells"
"9662","adb23ac0-081c-4e91-9343-b2f1663f62be","NKcells"
"9663","adb92eea-dc8c-4d27-9a8e-dfa85f95b5d6","Unknown"
"9664","adbacf25-8f78-4009-95d0-4131dc38106e","NKcells"
"9665","adbc7986-3f69-48b9-b672-8849383c1cf1","CD8_T"
"9666","add36d46-852c-4088-8588-fb5d68c9af42","epithelia"
"9667","add3efb9-a863-4125-938e-ac9e64f0e31c","myeloid"
"9668","add49ade-99ba-42b6-8dd3-202a16de64c8","epithelia"
"9669","addfcbc6-3fbb-416a-986b-ee4183cb56e0","epithelia"
"9670","ade4e621-d67d-4a57-ab8c-470c81f11b71","epithelia"
"9671","adeb6552-acb2-4694-b48e-6de235d0e3a7","epithelia"
"9672","adedcfbc-b2db-456b-bc28-708116294573","epithelia"
"9673","adf43988-9f16-4cee-93df-3ccd86ecb185","epithelia"
"9674","adfb376b-cc17-4825-b0f0-5945c823c487","epithelia"
"9675","ae026de2-e774-427c-a406-d2595f6a7144","NKcells"
"9676","ae08cc56-ad9c-4e2b-9514-f753cff96892","stroma"
"9677","ae13fc01-2d53-4c6d-bf68-6105f93cf189","Unknown"
"9678","ae1bae06-2d1e-4c07-ba9a-e8c5fa10b313","CD8_T"
"9679","ae1d32a4-8cbb-4e19-a3df-bcc4a0bb222c","Unknown"
"9680","ae1fca79-9e11-403b-b2f5-36234756be36","NKcells"
"9681","ae213b53-8475-42b3-a8c6-b23694a8bc4f","NKcells"
"9682","ae21d65d-09f4-49f3-9ceb-2150179415a9","CD8_T"
"9683","ae2998b7-3c4b-4f12-9b2d-6f053147f665","immune"
"9684","ae2cedbb-ccfa-48b5-8de6-9725690d1107","epithelia"
"9685","ae2e15c8-ca0b-45c1-8451-b119da99266c","epithelia"
"9686","ae2f795d-6203-479f-8489-22202096277f","epithelia"
"9687","ae38a9c4-7408-44c5-b75b-64608a8e4f1d","Unknown"
"9688","ae3ac28b-8c7d-4cb1-a494-949829390e7a","epithelia"
"9689","ae3b96fc-462c-4445-b2b3-3f79a15093aa","NKcells"
"9690","ae3f797a-c1b7-4fb8-94c6-dc48b1485334","epithelia"
"9691","ae42f766-aa67-4504-83cc-e2abb692e388","myeloid"
"9692","ae582d94-2448-4dc7-a64c-99484e456c41","myeloid"
"9693","ae5e309a-8920-4727-9f76-c7accaa99a08","epithelia"
"9694","ae5eb152-1f5a-4d0e-b3a1-06457f44ebf0","myeloid"
"9695","ae63fe28-b3a7-40e2-99c3-b3e5421ca74d","epithelia"
"9696","ae6da2bf-ad35-49f5-bc61-c253147d79ec","myeloid"
"9697","ae6e5aff-9f07-411c-8ba6-2decb91cdc8d","epithelia"
"9698","ae71c5da-d9cd-490f-b91a-2b8e8989eab3","stroma"
"9699","ae74723e-caad-47ba-ae22-08a54da5e2d7","NKcells"
"9700","ae757fd4-e744-47dd-ace3-2c979099687c","epithelia"
"9701","ae7d9dbc-8e48-4cd9-b20e-6575b7a46e5b","NKcells"
"9702","ae7e8137-5607-4543-ac1b-9774cfa690b0","epithelia"
"9703","ae8048ee-8429-4711-a59e-ca74e75509e2","Unknown"
"9704","ae84a6db-b091-46a4-8d28-efec6874588c","NKcells"
"9705","ae8dfd02-ed36-464a-a16b-c5688b8880d8","Unknown"
"9706","ae91c6ae-9d86-4b66-9dd4-5901d579c68e","epithelia"
"9707","ae92a59b-95b3-45dc-8be8-4423c05c8040","epithelia"
"9708","ae92ec00-8caf-4f22-82b7-4ad09f2dcd32","CD8_T"
"9709","ae9531b4-8276-4d46-b6e5-ed866d526d57","NKcells"
"9710","ae97c101-bba9-4228-94e6-11ffb3f08415","epithelia"
"9711","ae9cad8c-0c8b-4edb-b73e-4d60963cffea","epithelia"
"9712","aea592b9-37ec-4ee5-9404-73406b57e1b5","epithelia"
"9713","aeab3d6d-9ce1-4031-b8c6-2dfea322beb1","NKcells"
"9714","aeb6f90b-d31d-4ff9-998e-d5882a4d4c85","epithelia"
"9715","aec07e57-f6b1-4935-ba47-f396744e3003","epithelia"
"9716","aec195f0-04b0-49c6-93f4-ff1416938e96","NKcells"
"9717","aec5df19-d070-4edb-8482-bb204924bca4","epithelia"
"9718","aed7a19f-7b53-4cc4-9ed0-bd07d74b6243","Unknown"
"9719","aed9c3cb-caff-468f-8645-31315fa55fab","epithelia"
"9720","aedac5da-9483-43d9-8f42-9a2099969e60","epithelia"
"9721","aedbb9b2-ec0d-4570-afca-baeca4065184","Unknown"
"9722","aede55fa-6cb3-4364-9b5b-2a62c7191e1d","epithelia"
"9723","aee50e42-e108-4e2e-80a5-cab127d57402","epithelia"
"9724","aee68c78-0161-4ab3-ab56-70f79f328901","epithelia"
"9725","aee9e742-96b6-4dc4-8f5c-c6ebe0da0a47","epithelia"
"9726","af003dca-4542-437c-b3c4-3c39784e05fe","epithelia"
"9727","af0a66ce-a100-4f9a-b2d6-659c4f435a09","stroma"
"9728","af0c057e-3431-4c9e-ba72-54d5d9f2cb70","epithelia"
"9729","af1055b4-5364-4f54-93f1-c965d11ba5ee","epithelia"
"9730","af1f5334-5273-488e-9fca-343f2dfcbae7","NKcells"
"9731","af20919c-8d3e-4b9e-b824-98365b40f12c","NKcells"
"9732","af23a4a8-2147-41f7-87f0-99ea70e346d6","NKcells"
"9733","af24f63e-813f-4757-950a-2e686ff6ae13","T_cells"
"9734","af2a31f3-05ef-442d-b0ee-2f8e166cac7c","epithelia"
"9735","af2b3759-07e7-4e7a-842e-1cb9759af7d6","epithelia"
"9736","af337200-318c-4d70-8cf1-8391d9bcf42f","epithelia"
"9737","af3788b9-729e-411a-8318-5d007933442f","epithelia"
"9738","af387441-cad9-40f1-bf0e-8382fbe59994","epithelia"
"9739","af453ab5-2f5c-459f-b2e3-ad33c14e9065","epithelia"
"9740","af4acdd9-9472-4a61-b332-c97c73566f9f","Unknown"
"9741","af4b0c77-bcb1-4316-b306-28307d0a02a4","NKcells"
"9742","af4fc63f-bf98-432d-be04-dc40f6eeda8d","Treg"
"9743","af52f3f0-285e-43c7-b5f1-0fe5edcb279a","CD4_T"
"9744","af5d9dd6-7199-4b5b-960f-8589455cfdef","epithelia"
"9745","af6a8892-9ccd-4f12-bf8e-78d3936c256f","NKcells"
"9746","af6a9b58-aed2-4a1f-9a48-84da782cbf04","Unknown"
"9747","af6e74dd-8d60-4930-a005-18b825d4c639","epithelia"
"9748","af6ec3b3-dc8e-47b7-b571-13bf673e7325","epithelia"
"9749","af7955e4-8d61-46f4-92c4-6f31772a0603","epithelia"
"9750","af79baad-68d3-426f-914d-a0aa6542175c","epithelia"
"9751","af7b40db-e9d8-4111-a914-78bca0ac4048","NKcells"
"9752","af83cb0b-a10c-4a59-997d-4f10dc1c9024","epithelia"
"9753","af8e3892-6f14-411a-b2b7-c9bd1d240fc3","myeloid"
"9754","af90bcbf-cb0c-4df8-acfa-fdd2a20bac23","myeloid"
"9755","af914d0c-c6c3-44c1-be90-72d1c9bf37ec","immune"
"9756","af95eb24-1f49-440d-b3e0-7f2ea23b8656","epithelia"
"9757","af9769a1-9b24-447f-b838-e2c8e905e1a7","epithelia"
"9758","af97a452-eb38-425f-a3a1-e812717077a2","NKcells"
"9759","af991d2a-9bfe-497c-9c31-474d2474bf06","epithelia"
"9760","af9adf27-976a-4d05-b24b-55de486f11be","epithelia"
"9761","afa6e0b4-f534-4744-a20a-07ce1ee4f719","CD8_T"
"9762","afad9f3f-87e0-46e5-a03f-4d3f113b4c47","epithelia"
"9763","afb2bf2d-484a-4dcc-b00f-64d37e7a700f","myeloid"
"9764","afb6c266-34d7-459b-b08e-c33dbadd83bd","myeloid"
"9765","afbb4079-3fd0-4348-a7df-ee04948387d3","NKcells"
"9766","afbccf79-d0cd-4a21-b2f5-fcd9581e5f4b","epithelia"
"9767","afc16ec4-bb0e-4c37-b6e8-4fa2b2132096","T_cells"
"9768","afc95007-8660-48ed-a6a7-5a3f97a85ba8","epithelia"
"9769","afc9890f-51d9-4b21-a1db-137a549afd7d","myeloid"
"9770","afd2ad8a-7041-43aa-afa2-8930708add34","epithelia"
"9771","afd33c7a-f4d9-4f06-ab23-3d9e0c401013","epithelia"
"9772","afd373ad-26b2-46b5-8c25-03df5549a7eb","epithelia"
"9773","afd4af98-ea42-4a6c-af00-8c29afa505c2","epithelia"
"9774","afd85852-ebfb-489e-81c9-58915aa6a82f","epithelia"
"9775","afe0300e-712e-48dd-b7f5-fe9c2ef2c98d","epithelia"
"9776","afe554c5-901f-4f93-b54f-daba5f3d7547","Unknown"
"9777","afeccebd-0877-4453-8315-fe8e9e9c87e1","epithelia"
"9778","aff4a4b0-f4a5-48c0-bc2c-2f035ce2732b","NKcells"
"9779","aff5de83-aa98-42a0-b4c4-eb72a16033a4","Unknown"
"9780","affedc4c-13a7-4308-bef2-eb8d4a74c43e","epithelia"
"9781","b005d7b7-0b5c-4471-8707-ef5d8bd75b7e","Unknown"
"9782","b0068ffd-1ee9-46a5-bdf4-4888821a6ce5","NKcells"
"9783","b00b281c-2a2c-4a67-997e-a701a21d32b2","epithelia"
"9784","b00e22fe-04cf-4838-a0bf-ba79c70ff720","epithelia"
"9785","b018fdce-e960-48b4-80a2-1cbde1ccbf55","epithelia"
"9786","b01b0ad2-537e-479b-9e57-c8632f099d7b","epithelia"
"9787","b02370d6-0ec6-4de7-8466-db38daf9bd4c","NKcells"
"9788","b025e782-8951-4d26-8ae6-3539d7b93571","Treg"
"9789","b0327639-ab25-4f15-8d21-ab14836cf9c8","epithelia"
"9790","b03922ff-34c7-4f57-84d6-c612c3a0beb8","Unknown"
"9791","b03a92ba-a99c-4fb0-83dc-34a1ee228d91","epithelia"
"9792","b03afb27-6950-4a6a-8426-fb28d6819288","CD8_T"
"9793","b03e5b58-af62-4ea7-bddd-885a202d0a4e","epithelia"
"9794","b042b59c-e9db-4ee5-95b8-a981d1eb290a","NKcells"
"9795","b0435906-9c41-4de5-9b48-4ac6c72140a7","epithelia"
"9796","b047bbba-f91a-4ec6-b417-2de6eb2b2acd","epithelia"
"9797","b0498bd7-bc66-4ff9-9316-9ad5ee8a4c4f","NKcells"
"9798","b051f6f8-baa1-4489-b0c6-9448d55fcd7f","myeloid"
"9799","b0522a46-1f29-4e4a-857c-284cda09e4c7","immune"
"9800","b056475b-ee35-4224-9b17-17fa6c62668f","Unknown"
"9801","b057b20c-1249-453b-9bcb-ecd1c6862751","epithelia"
"9802","b0594d6b-fc25-421d-9613-1dbbdc1e3385","epithelia"
"9803","b05ccb66-7c9f-498e-9872-202400475a85","NKcells"
"9804","b05d4f55-cd3c-485b-9935-5e1b84515a04","CD8_T"
"9805","b062cf16-b1e1-4c62-83a3-253054bb7eb4","CD8_T"
"9806","b0686671-35bf-43a1-bc92-7d6c3f3d38aa","Unknown"
"9807","b06c5224-99c3-4b73-8a32-43195f2fb82c","NKcells"
"9808","b06ce2a6-ae5a-4642-8b30-e3b5ae3885f0","myeloid"
"9809","b0724deb-d6fd-4897-bb73-9e4329136639","immune"
"9810","b0745a84-b293-45d6-8fa0-ea0366ec6f03","epithelia"
"9811","b074b6af-7668-4b0e-98d5-0839757811b3","CD4_T"
"9812","b0824204-a1fb-4bbd-8fab-8cd84f7851a4","endothelia"
"9813","b088176c-4deb-42a0-a33b-f53eb646c505","epithelia"
"9814","b08b7e41-35c0-4a90-bd15-cf62026686b7","epithelia"
"9815","b09148dc-f7ba-412e-99ad-f5a499fbcaf3","epithelia"
"9816","b0974db2-3c79-4990-ba92-7876081a06a1","epithelia"
"9817","b098388e-50a2-4a3e-be32-c2f37b415a44","immune"
"9818","b09ac6f6-398a-431c-8335-eed9218d7ecc","epithelia"
"9819","b09f1045-403d-4391-8400-ef01b511d84e","epithelia"
"9820","b0a6601e-c976-4073-ac23-753617e01fdd","epithelia"
"9821","b0a8abd1-5acd-4254-92f7-4c8eaf4a705e","NKcells"
"9822","b0aa8ac0-c0d2-49fd-a4ed-4c935bc81dfb","epithelia"
"9823","b0adbb4a-a0b2-424b-946f-595edeacb7db","epithelia"
"9824","b0b887b4-1b8b-485f-ae18-e7adc191d065","epithelia"
"9825","b0b887eb-47a2-4667-aa59-fc84ab254dec","Unknown"
"9826","b0b8e7e6-f3f0-411f-91d3-55d86aa9601d","epithelia"
"9827","b0bcc448-e40b-4fe8-916a-f2783a60afbb","NKcells"
"9828","b0c92484-6774-408a-909d-98532a0e3eb7","epithelia"
"9829","b0cc307e-b9bd-4263-af9d-2c5a45e9eb67","myeloid"
"9830","b0cdfb41-6cca-4140-be09-9e10cb75f21a","epithelia"
"9831","b0d35a07-5f35-4bc6-a6aa-9b4795dfe13d","Treg"
"9832","b0d4001a-0473-4c4f-ab8f-851fd5a56256","NKcells"
"9833","b0d60244-e040-47ba-b3b1-3245b45d0e69","epithelia"
"9834","b0deca41-e15f-467f-89aa-c28d75d3a4a7","myeloid"
"9835","b0df1c00-aa3a-4935-a635-f3db77a31ef3","Unknown"
"9836","b0e2a7f2-e347-4002-9750-5c69d35caa9b","epithelia"
"9837","b0e5d19f-0564-4efb-b774-0754c40f6783","epithelia"
"9838","b0e820d5-f9e0-4234-a0b1-b6764c293e6a","immune"
"9839","b0e82cb6-f5a8-4f86-af06-c4c540cc3768","T_cells"
"9840","b0ef5590-da77-4345-ad9c-ec6699e1ebdd","CD8_T"
"9841","b0f1b5ff-2450-48a0-bc80-d98660d96a09","NKcells"
"9842","b0f1fd8e-397c-4d6e-94e4-6b931b996860","epithelia"
"9843","b0f5108f-b3ac-459a-afe1-283ad7bf8aec","epithelia"
"9844","b0f7c14d-c86f-4d1b-a6e0-64253531320a","epithelia"
"9845","b0fe90c6-25f2-4e7d-81a7-c1af10c1faa6","epithelia"
"9846","b101f957-f05d-41fc-9867-b30240be51c7","myeloid"
"9847","b105917a-1f43-4270-b9e4-d6b647635902","epithelia"
"9848","b106802f-4d88-41e0-9f63-97b60a3e872a","epithelia"
"9849","b10a5d56-06d4-4498-ad03-2eae90f4b0bb","Unknown"
"9850","b1103301-3627-459e-8ddd-ffdb60114295","Unknown"
"9851","b11cb0ca-7be7-455c-b8cf-2f17db342067","Treg"
"9852","b11d3597-b82a-471d-929a-f0ced51a5817","epithelia"
"9853","b11f5f8a-1ae1-436f-a994-00df522c55f3","Unknown"
"9854","b126fb95-fb07-4b82-aa2d-65892545f60d","epithelia"
"9855","b129e8ab-758a-4674-b862-64eff668936b","epithelia"
"9856","b12a788d-268c-41e7-bc1e-8e65dd5e0a79","epithelia"
"9857","b1400f6d-be51-417a-a0a9-fd322b7579df","epithelia"
"9858","b1473963-a74f-45ea-9319-b252fa78305b","epithelia"
"9859","b14aaa7f-025a-4af8-a85a-2166f5f3a4c4","epithelia"
"9860","b16b2441-ea7d-4aff-8b0f-3ab91ebaf1b5","epithelia"
"9861","b16dd093-37ba-4511-b50e-6a94c6312931","NKcells"
"9862","b17085c4-e50c-4507-afba-5e7edf89c6b7","epithelia"
"9863","b17248e7-a775-44ff-990f-2c90317346a6","epithelia"
"9864","b174426a-bf9d-4390-a19e-b23c741ef02d","epithelia"
"9865","b175b3ba-a9d2-4ef5-adde-d8b7b7a51ef9","epithelia"
"9866","b178c06c-ce18-4d34-be6b-5532f63a4dc3","myeloid"
"9867","b1792110-12a8-4a70-9235-2acd9a527796","CD4_T"
"9868","b17c4940-194e-4018-9ce0-1a7f30da0842","NKcells"
"9869","b183f173-2fd8-43c5-a251-0adf40ad14dd","Treg"
"9870","b1856071-ff68-4db8-9af8-ad15b51822ed","NKcells"
"9871","b18eeabd-a3bf-4d6e-9ab9-c7ec97102702","epithelia"
"9872","b18f26ec-5287-42b5-83a2-0633c83a9fdf","NKcells"
"9873","b19ff8cc-03a0-4b3d-abf8-4e2054390d59","myeloid"
"9874","b1a2765b-5a3a-4427-911f-82bfec0ae55f","epithelia"
"9875","b1aadb67-234d-49e4-be58-f4846db31ed6","epithelia"
"9876","b1ae7809-29d5-4298-91d8-47b8f474ca00","epithelia"
"9877","b1bb8eae-71d8-411a-a64d-e19e09ce8fc9","Unknown"
"9878","b1c023be-e982-4b90-9e67-8354acb59c63","epithelia"
"9879","b1c17fb9-0e17-4557-88e8-a5647216e2b7","epithelia"
"9880","b1c75bb5-eaa6-4564-9809-f58ac3522d0d","Unknown"
"9881","b1c81d90-35bb-4213-acd2-cf31077e22c9","epithelia"
"9882","b1c898f2-7b68-4d0d-adba-9058f0526d8e","Unknown"
"9883","b1cd9f87-ef9e-4f9b-b48b-3c30220f4162","epithelia"
"9884","b1ceaa90-6256-4833-8f25-94e720e100ce","NKcells"
"9885","b1d0cc6d-d62d-4f34-a1b6-1ac21be829b3","CD8_T"
"9886","b1d1b589-def4-4447-a5e8-a84d327a5617","epithelia"
"9887","b1d4f3d0-babd-498a-be88-9e707868a958","epithelia"
"9888","b1d54956-4620-40c0-93e9-5ff2cfc1b7d2","epithelia"
"9889","b1d5fd2a-7f6f-4a3e-9601-b9dbdb3d5f29","immune"
"9890","b1d7bc02-388e-448e-b577-590bdf3ef479","epithelia"
"9891","b1dbd5e0-1d1f-487e-82b3-aa8d6cc2610e","epithelia"
"9892","b1e007fc-9b1f-40e3-8bdb-a9ccbb43e4b8","Unknown"
"9893","b1ee31f3-517f-4812-b33f-f0768bd56932","NKcells"
"9894","b1f1f58a-454c-4b27-9dec-86a3c17309da","epithelia"
"9895","b1f29ddb-b1c3-4f54-a5cb-7e3e759c3fbe","epithelia"
"9896","b208073a-f859-4fa4-bdad-ea157298f6e0","immune"
"9897","b212a7a6-22c7-434d-b580-b353bd2c9892","epithelia"
"9898","b215654a-dd72-4d4e-9e76-d582c23b4095","epithelia"
"9899","b223f595-5c59-43e5-bc9a-2d3ff8ae9dd1","Unknown"
"9900","b225462a-b01f-444d-bbb1-d5877a8d8684","NKcells"
"9901","b226dc8d-232b-45c4-ba49-a9bf68663f1a","CD8_T"
"9902","b2281365-b689-4375-bde1-de61d4e616ff","CD8_T"
"9903","b2290fd0-dc3b-45ea-9f99-3ae25878c60b","epithelia"
"9904","b2371f30-93a6-498c-bd03-f201eefd05f3","epithelia"
"9905","b237a0d9-b774-4039-adea-c6bef0a9b615","stroma"
"9906","b23ea279-59f5-4e51-b3fb-a1cc36539194","epithelia"
"9907","b23f5e12-b0c4-4a4b-9a54-4a8678c274a9","epithelia"
"9908","b2430e71-b495-41fa-bae8-df1bdcf74f15","Unknown"
"9909","b24a8ca9-6ebc-495e-b890-5d5db2572d63","endothelia"
"9910","b24f2692-1130-4ef3-985f-c02a91404762","stroma"
"9911","b2516662-29bf-4652-ae99-801bc11e6015","epithelia"
"9912","b261f608-14df-4100-95f7-2e7c6412dd1a","epithelia"
"9913","b26487c2-573b-4108-a051-562cf7d200d9","Unknown"
"9914","b26b9ac1-bb34-4ff4-a13d-5a158c80bfd5","myeloid"
"9915","b27370a0-c6ca-4456-b4b7-4df2c23a7f06","Unknown"
"9916","b2740600-419a-49ee-b72d-183a188b510c","epithelia"
"9917","b27b39f1-9603-40b0-aff5-3403512fed82","CD8_T"
"9918","b27df527-a293-4104-8ec9-2816e1795c54","epithelia"
"9919","b282f6b1-9716-4d6b-9486-f915901db237","epithelia"
"9920","b286eea6-b535-4963-81a6-1efc5762337a","NKcells"
"9921","b28ac2e1-6a85-4868-ad8f-7f76622b8d00","epithelia"
"9922","b2917042-14c3-41d3-90df-0eadb2f6d94c","epithelia"
"9923","b2945286-867d-44c8-b5e3-a48fa92fb420","NKcells"
"9924","b29577eb-909f-49e6-b974-aea8dccbdae2","epithelia"
"9925","b29d6413-2ee1-4318-ab8c-24b92217ce62","NKcells"
"9926","b2a92ba5-985b-4659-9ec4-79e51a2aa318","epithelia"
"9927","b2ae7d2d-30c9-4dc7-9ab2-8a194bbc8580","epithelia"
"9928","b2b25ffa-93d2-47f1-bce0-e57a62e526f3","epithelia"
"9929","b2b7f761-51cf-4d2b-8f01-95dfc740cb47","epithelia"
"9930","b2bc7bfa-6393-481c-a7b3-8a07977b27c6","epithelia"
"9931","b2be2b0d-befa-48fd-b617-a54de50eb09d","CD4_T"
"9932","b2c2cc72-04b2-48d8-9943-e54e397bee4a","epithelia"
"9933","b2cc55d7-93d1-433b-9e9b-3ebdcff9ea30","NKcells"
"9934","b2cc6bbc-e628-4c77-9aa1-9272fa5132dc","epithelia"
"9935","b2ce62b0-1f91-4d3f-90e8-209b1ce8f2a2","epithelia"
"9936","b2db7971-0168-445b-817f-ee5489b31781","epithelia"
"9937","b2dd3215-1b72-4c49-b1d1-fb40d3e05ef3","epithelia"
"9938","b2dd6cf5-0a84-4bca-bab8-26d2388a6360","CD8_T"
"9939","b2f01c3c-8f4c-4c17-b474-2c60b065de27","NKcells"
"9940","b2f068f7-0e03-4415-9ab1-e124b329c55c","endothelia"
"9941","b2f63e72-a269-4c77-a6de-db88c365f0a8","NKcells"
"9942","b2fd0f56-be22-4567-a366-564a7df05a7a","epithelia"
"9943","b30387fc-2fe4-4bfb-b640-454a90d68bba","epithelia"
"9944","b308ce3f-e887-4c46-b6c8-c3016e58e785","CD8_T"
"9945","b30901c8-868a-4b72-8162-5e4b0a8768ec","epithelia"
"9946","b30f0483-9bfc-4ad6-992a-716898c1f322","myeloid"
"9947","b316351c-874d-45ec-8c82-09a0f6d6380e","epithelia"
"9948","b3192ce8-e898-440a-949f-a359d8fbe195","epithelia"
"9949","b3277bb3-5740-425a-b5f7-22487d556007","epithelia"
"9950","b32bec71-efdb-41d2-a411-67bdb7eae080","epithelia"
"9951","b33ae7a6-75b4-4285-a4ad-0a3ea7bd175c","epithelia"
"9952","b349fece-c9a7-40a8-967e-7891408d0ee1","epithelia"
"9953","b34a5be6-15a8-4aea-98cb-d946fb62ac48","epithelia"
"9954","b34d132a-0b26-4a0e-afee-be9d4003ea34","epithelia"
"9955","b34effd0-43ec-4aad-8e43-24e07781031c","epithelia"
"9956","b35b9a83-a6f3-44ee-aa9c-22ec52eea49f","Treg"
"9957","b35fad45-9ed0-4d37-a512-82c727711294","Unknown"
"9958","b361d391-084e-4e1c-99b1-86ca671424a2","Unknown"
"9959","b362c2b6-3cd6-43ba-af10-fcab25985317","epithelia"
"9960","b365cd4e-2f4e-410a-99fe-3abee89ea2f1","epithelia"
"9961","b368b6bb-3149-4d35-8575-bddd73594ccc","epithelia"
"9962","b3726f3f-1dc8-4f33-a3fb-1adef5a818cb","epithelia"
"9963","b37567f9-8499-418d-a6ed-0534c8ffa29f","Bcells"
"9964","b37704dc-538f-4814-8035-e46631cb26da","epithelia"
"9965","b3778a9c-6626-4324-a648-f529e5ee8f58","CD8_T"
"9966","b37af6d7-80d2-4a9a-870c-52e3bb15858c","epithelia"
"9967","b37c9076-2bf0-4ad0-8822-f7d0d49a14b7","stroma"
"9968","b37db362-77e0-4a21-b58e-48023ac157d0","Treg"
"9969","b37df4f1-b14d-4a17-9f4b-ee975be08738","myeloid"
"9970","b37f9067-bc8e-40a7-a243-305c40ad7900","epithelia"
"9971","b381ff47-5c79-47f9-b6c6-95ee5172baa0","epithelia"
"9972","b38217b4-6a83-4a20-ad8e-80d4c26aff15","epithelia"
"9973","b3845ea0-e068-43c5-90b3-eac0b141e3b8","NKcells"
"9974","b38caca8-9069-42a6-a6c3-809eacb15d31","epithelia"
"9975","b38cbe44-b69b-4d68-8ed4-adfa567dc61d","NKcells"
"9976","b38f263c-3774-4a57-bb7d-15ea11e26de0","epithelia"
"9977","b3960174-fc46-44fa-bd53-fe928630d5a7","CD8_T"
"9978","b39d087a-42cc-4d30-b60e-086f0ff017a4","CD4_T"
"9979","b3a26971-0c42-413c-8380-f27ecabb2d6a","CD8_T"
"9980","b3a5641e-36ca-44f5-af05-78d9c0cfe79f","myeloid"
"9981","b3a64c49-49e0-4bbe-8839-46b4d52ee71c","epithelia"
"9982","b3a87abf-544c-40d2-8e88-6edee3a1c08e","immune"
"9983","b3a980be-d134-46b5-8ede-3cf91632cc78","epithelia"
"9984","b3aa3a40-d1c0-4fde-8762-7a9dcc55ac3b","epithelia"
"9985","b3acb4d6-bd68-4cfb-8c95-b60e311c6ab0","epithelia"
"9986","b3b3872f-d5ff-49af-929f-3b7f310b6def","epithelia"
"9987","b3bb00d1-31d0-434f-9fd7-158c7ca5dc82","epithelia"
"9988","b3be5791-c28f-40a9-9aec-5b74006e6679","epithelia"
"9989","b3bf2ac0-d58f-49b7-be9a-83ee637b764d","epithelia"
"9990","b3c08b8b-15a2-4cff-8259-c9decb4e9e25","epithelia"
"9991","b3c09461-635a-4267-8e16-559df1355d79","NKcells"
"9992","b3c3e536-0ebe-42fd-83aa-360a2f58b010","CD8_T"
"9993","b3c4dad5-a277-427b-aefc-b6d0eed68f88","epithelia"
"9994","b3c70562-ef53-4cee-8f21-b9096f0fff05","CD8_T"
"9995","b3dc1000-151e-46bb-8d75-f4b38c999c5a","epithelia"
"9996","b3e024b4-d4a8-47b1-a4b7-8674fcb431d4","epithelia"
"9997","b3e3fa34-95ac-4cc8-889c-92a797b03bfc","epithelia"
"9998","b3e7ce88-05b8-4de2-a005-547c108df9c9","immune"
"9999","b3e9c4a3-f10a-4e1b-9459-1ab03472a163","epithelia"
"10000","b3ee486d-9bb5-4cb2-accd-5381a8fa1dcd","immune"
"10001","b3f3224b-8048-49e8-8bda-8ee28c8f8bbb","epithelia"
"10002","b3f46805-fc6e-43c2-aa03-ababfa934f66","NKcells"
"10003","b3f9b561-f9c9-4b62-9ad1-4b90c0e018a8","epithelia"
"10004","b40441a9-aa6e-4e12-84da-4eb658888566","stroma"
"10005","b4095b4b-29a7-430a-9671-85ac19d73df4","immune"
"10006","b40a5717-dc35-487c-9c72-06174143a628","epithelia"
"10007","b40f4a4f-bb3d-4835-aaf8-e17ee0191a23","CD8_T"
"10008","b40ff897-c47b-47eb-8dd7-55f58cd09de6","epithelia"
"10009","b41103c3-fa49-48b6-b181-cba47f7a2136","epithelia"
"10010","b4111a46-4388-4d19-819d-0057ac8317c1","epithelia"
"10011","b414fdb5-5b71-4e8c-a800-2472785a3528","T_cells"
"10012","b41d6a62-7dea-4b1f-bfb7-70d03009f016","Bcells"
"10013","b4212216-5f7e-49e3-9753-57f5d7c457fa","epithelia"
"10014","b4263e0f-f115-4e6b-9d47-a76f0bc2fb05","Unknown"
"10015","b42e2c9f-5350-4e50-821d-7366b733584e","epithelia"
"10016","b42f43dc-71e4-443f-930c-afe395033e59","NKcells"
"10017","b4311958-b15b-4dde-8aac-3c53af74169f","NKcells"
"10018","b434cf02-6345-4ac7-852a-ce5bc2f4f82d","epithelia"
"10019","b4386e74-c3ea-44f9-b087-afaa3a6a6535","T_cells"
"10020","b4396571-bf53-4430-821a-290cd16a5da1","Unknown"
"10021","b43e903c-406d-49bd-a5ae-2f56b4eb6098","epithelia"
"10022","b4405cce-2680-4be5-a19f-56981e5c7fab","epithelia"
"10023","b443048b-ff59-4284-b3ed-67594ac8f04d","epithelia"
"10024","b44da9c4-c14c-4c9d-a4ab-0d05a9ad375c","epithelia"
"10025","b44dd2c6-8ad8-4c10-b021-bde383db3581","epithelia"
"10026","b44ed010-88f7-46af-8055-e0e1b1c3d1e6","CD8_T"
"10027","b4553ce2-359c-4843-bb0d-6d0e0a81ff43","NKcells"
"10028","b455ee9b-a253-42fc-aa2c-d9f2caaa6100","NKcells"
"10029","b45d4980-615b-47fb-bbac-8a60a883994d","epithelia"
"10030","b45e3383-1bf6-46d6-bcf8-79d6773d066c","myeloid"
"10031","b460958c-b976-445d-9a62-c2cffb25b992","epithelia"
"10032","b46de515-164a-4a9f-962a-4aab4b2f4512","epithelia"
"10033","b46de7b4-b340-4e02-97b4-2e7c1138fed6","CD4_T"
"10034","b471ac4f-8988-4620-81e0-7427a379d7ae","NKcells"
"10035","b4735668-7a81-4802-a4cb-ae4ac8c95b53","epithelia"
"10036","b4777ff3-1c47-4e0d-a0c6-b856413c759b","Unknown"
"10037","b4790f13-734b-442c-9fcf-7896044779ca","NKcells"
"10038","b47ab448-ff26-43f3-a293-0b45ff0cd88e","NKcells"
"10039","b47e3e37-5d87-4d58-9619-db08adf4c4eb","NKcells"
"10040","b47f884a-e194-490b-be95-46c0989db658","epithelia"
"10041","b481f7a7-5318-41cc-b3b6-2bff9ca57126","epithelia"
"10042","b48b4124-77bf-40fc-9125-cbb7743f9550","epithelia"
"10043","b4950df6-075d-48b0-adab-53df23564071","epithelia"
"10044","b49ae1b3-de1d-4502-88e2-beca9a2a0ef2","epithelia"
"10045","b49cde8d-bf69-4929-880f-8acc0dfc0017","NKcells"
"10046","b4a72549-7a37-4b32-9b2a-5f9ba431ff3d","epithelia"
"10047","b4a98bce-aa39-4a55-a7ca-aff6c9aa06bf","epithelia"
"10048","b4ad8b4d-dd14-49af-86de-de9b8b4c9957","epithelia"
"10049","b4b50795-cf32-40a1-bf56-3320cabb12fc","epithelia"
"10050","b4bc919c-8be2-49e8-8535-a16bd7e13bd0","endothelia"
"10051","b4bcee23-6a00-4f96-82be-d8525e5683e8","epithelia"
"10052","b4bdab0b-91fe-408f-b689-1174463e27d9","NKcells"
"10053","b4c4438f-47c4-4402-8818-abc7d88bf4f0","epithelia"
"10054","b4ca448c-163d-4064-921d-2b26d4e4d094","epithelia"
"10055","b4d0480c-cb1b-4f42-b59e-83f43252906f","epithelia"
"10056","b4ed467c-3f74-480f-85af-0ac8f7b56c80","epithelia"
"10057","b4f2b555-820a-4a51-91ec-45d1bde4465e","CD8_T"
"10058","b4f7a410-5209-4026-a559-f44e46783bcc","stroma"
"10059","b4ff74fd-e300-4aad-9675-9d1ef26bfd9e","epithelia"
"10060","b507d80a-f2a5-4f04-8f8c-33c47cfbeb22","NKcells"
"10061","b514cd17-3d53-4456-8415-e61061d2261b","CD8_T"
"10062","b5153901-207f-4a16-a8a4-8f8d9f385393","Unknown"
"10063","b516ee8f-9106-4576-b7f7-c1c042142c81","NKcells"
"10064","b51f6c1b-affb-4b49-8c4c-983bfd8160af","NKcells"
"10065","b5286d4b-dc79-4ea6-bdfb-ff58d9a764ea","Unknown"
"10066","b52abc83-7945-407b-8bc4-384c6fc79112","epithelia"
"10067","b5305979-3066-4b46-bd7d-b6278543c0ce","myeloid"
"10068","b53751f9-a3b8-421c-a4ba-a7d127160edc","stroma"
"10069","b543fe7e-5744-45d7-a90c-dfc00332f5dd","epithelia"
"10070","b548c73b-851c-458f-8873-cc86fc707ba0","epithelia"
"10071","b554328e-da89-4af2-bffc-050f46d388b7","NKcells"
"10072","b5547939-41c3-4bae-bdbc-939ca9279f05","epithelia"
"10073","b5571af6-652f-42f6-ba98-59af21f37072","epithelia"
"10074","b55a27ca-b4f3-40dc-a7cd-916cf3ac57a5","epithelia"
"10075","b55f6086-6462-4a7c-8cb1-ec6716e9a4c5","epithelia"
"10076","b574e211-a032-4faa-a643-61ecffc2b5be","immune"
"10077","b57daf55-7510-4e74-9e49-0f2afe15426f","epithelia"
"10078","b58410fa-e6b2-4748-8f9e-7e4fac39b6d8","epithelia"
"10079","b58846e4-bae9-4f15-804e-248784374798","epithelia"
"10080","b58ab68a-0fed-402e-a046-f1c0f7425ad6","epithelia"
"10081","b58c15d3-8f9a-4f44-b408-4433cf3e6edb","epithelia"
"10082","b58c2c72-1a7f-4f51-bd85-8ecf292b9adb","epithelia"
"10083","b58fd13b-c3c2-464d-a4e3-19b5296a8d5d","CD8_T"
"10084","b590820d-5efc-432c-b5bd-ff076a2ffb59","immune"
"10085","b590eb26-a642-4059-9b28-8aac0bfb650f","epithelia"
"10086","b59238a4-7265-4858-8c05-cb51143850ce","epithelia"
"10087","b59402ff-1240-45bd-8548-69856edc9889","epithelia"
"10088","b5950252-982a-404b-abb7-c9d0170dd9df","NKcells"
"10089","b5975f6e-4cb1-4c9d-8cc0-2fb515ae15f8","epithelia"
"10090","b5a9ada7-2b3e-4d0c-bf20-35fc59e8bc28","NKcells"
"10091","b5baae15-15e5-4d20-b6a1-3603c9910a1b","CD8_T"
"10092","b5c0b1f1-c7b3-4179-9810-ecddc0f4c70f","immune"
"10093","b5c2fe5d-fd3c-4370-af6c-72f1e2706cd8","Unknown"
"10094","b5c64b3d-5803-47d9-9f66-e1986af8d6e1","epithelia"
"10095","b5cb7a05-de54-4f28-838b-585004d20074","Unknown"
"10096","b5d29e3f-d432-46fb-93e4-44683d2b0961","NKcells"
"10097","b5d4584d-a3b0-4521-b193-0375c1f0f028","Unknown"
"10098","b5d47a88-6c72-4e2b-85e0-d5cd81d4398b","epithelia"
"10099","b5dc5414-39a1-4733-a90e-de530cef3f35","epithelia"
"10100","b5ddbf75-8f00-4bcd-91eb-4c43a50e84cf","epithelia"
"10101","b5e06979-c664-4ed0-99b1-bf382a47fa35","epithelia"
"10102","b5e0fabf-3071-4c47-919a-618ae0e1d764","endothelia"
"10103","b5e2ab90-c42e-40e7-b2cb-a3f87f4384cb","Unknown"
"10104","b5e512e3-63e0-4d6f-ab12-e69e87caff8c","epithelia"
"10105","b5e54221-6fc4-4fee-b0b0-ac154746b194","epithelia"
"10106","b5e5967e-ac98-4590-82cf-b3760f7486c5","immune"
"10107","b5ec123f-43d7-49d8-bb9e-8265e2b5f8aa","epithelia"
"10108","b5ec4a36-9886-4472-b752-827485209aee","NKcells"
"10109","b5ec90d7-4f3a-43ad-84c0-b9264a2824d1","CD4_T"
"10110","b5f44ba4-e92c-4cb4-8ac2-f64e9292f8af","epithelia"
"10111","b5f50c1f-2758-4edc-9b0a-89d05ad19f3c","NKcells"
"10112","b5f8f1b6-e9db-4bf1-b062-6c7edf05fe2d","epithelia"
"10113","b5fbdcee-e6a1-4a7b-a2b0-a4862ebe69dd","NKcells"
"10114","b602185e-4004-468b-b632-1ae0b9fb9599","Treg"
"10115","b607e7b5-7351-4d70-960d-14734b18f859","myeloid"
"10116","b6084c35-8901-40c2-9951-bd020e17ce53","epithelia"
"10117","b60a1064-8262-45cf-8b61-bd50a4c4d467","Unknown"
"10118","b60c7a19-4509-4042-b826-1b75f637ae46","Unknown"
"10119","b60e7ebb-8ef4-40cd-86c6-b8b68d3e50b2","epithelia"
"10120","b616b124-596a-42f4-aba0-176d5aea2fc0","epithelia"
"10121","b6205614-e0fa-4503-b8ff-e27a306b7a8c","epithelia"
"10122","b62145f6-78ef-4872-9c41-03b78dd64b11","Unknown"
"10123","b625d7da-d987-402c-b9b0-867eb7a27440","CD8_T"
"10124","b626572a-a088-4beb-a767-4d122cebeb00","Unknown"
"10125","b62a0e25-b080-4e7d-84cc-c96435068398","NKcells"
"10126","b62cac8e-5be8-46aa-b784-f8d35b53dfd9","epithelia"
"10127","b630fda6-165e-42ff-b13f-7f17bdbd5a33","epithelia"
"10128","b6363b47-0614-4f0b-96af-4e47396ef5fc","CD8_T"
"10129","b63bdf97-58c1-42fc-b0bc-176297d61e86","stroma"
"10130","b63d6153-452b-41ae-9772-0c778505bf41","epithelia"
"10131","b64684dd-956b-4cb3-8ade-156888abb9ea","epithelia"
"10132","b64737bb-9c82-4f45-a5e3-7bcaa8f0e7da","epithelia"
"10133","b650f33c-a1a7-4e29-953f-6d9f6c11d59d","epithelia"
"10134","b6530e2e-d889-4fe3-b6b6-ec662e0e62e2","epithelia"
"10135","b65f66ef-0449-4e5f-99b9-7d623976bb7c","epithelia"
"10136","b6621dbb-6c48-4ac8-88c5-116db792efd4","immune"
"10137","b6655f23-ac85-4fb3-a187-a0b54aae14d3","epithelia"
"10138","b669fbb2-57e0-45ff-9ab5-8fa7443c5cf1","NKcells"
"10139","b6744726-dbbf-4848-9f36-628b797eed94","Treg"
"10140","b677f016-c1c2-45dd-8525-501f01ae248c","CD8_T"
"10141","b6805fc5-e7a0-498d-b6dc-dcb8ead3f8ae","stroma"
"10142","b6806bc6-961a-4d96-8aea-cb90a8b37213","epithelia"
"10143","b6827620-e260-4e00-96f4-6fafbd7c5f2d","epithelia"
"10144","b68d03e0-f606-47f5-a5df-5978ac885482","epithelia"
"10145","b68f033d-7568-4172-a89c-2e9a1f577217","Unknown"
"10146","b69099be-8baf-4728-9cfe-c130b263b4f8","epithelia"
"10147","b69224e8-d5ca-468c-9a6c-df39e1fc6520","epithelia"
"10148","b6953c76-127a-4579-81ee-59350cdb8bef","stroma"
"10149","b6956754-e5db-4fe3-bc40-064a5086ca56","epithelia"
"10150","b697bdf5-13e6-446a-87a6-f5d9c355e864","immune"
"10151","b6a94f4a-d27f-4445-be64-e7156ddcab00","CD8_T"
"10152","b6acabad-1da1-44af-849e-4e6b41c366d5","epithelia"
"10153","b6acfec0-b3f8-4b98-b3b9-3f6df4ce54d7","endothelia"
"10154","b6be134f-c4c5-4841-be40-66dd088f2ae1","epithelia"
"10155","b6beb0f5-ddf4-4b36-a2b6-bab4baea6299","epithelia"
"10156","b6bef0e1-3980-4c8e-a585-30ee90a22157","CD4_T"
"10157","b6c6205e-7061-4fcb-9f9b-9c5c34de7035","epithelia"
"10158","b6ce1899-3c94-400c-af0a-25d181e803c0","epithelia"
"10159","b6d1f30c-1f76-4128-9abf-7d8b01838bcb","Unknown"
"10160","b6d2cc61-ea4a-4ef0-8206-297f71eeb6ff","epithelia"
"10161","b6d7a00e-fd2f-4f6b-93aa-3fa224d3b529","Unknown"
"10162","b6d7d410-07cd-4832-a303-0a76631b2240","NKcells"
"10163","b6d81046-19f6-4a16-b067-f9b19f69c237","stroma"
"10164","b6d96397-23b3-43e5-bfc6-4276e1a90fbe","epithelia"
"10165","b6dd0732-4d80-45e4-8440-7012b8f45435","epithelia"
"10166","b6dff4b9-8a82-4159-a760-3346619a943e","epithelia"
"10167","b6e118e3-2ca2-4e27-9287-8b7cbac4ff0c","epithelia"
"10168","b6e56283-ad53-4ef4-afd9-a38515b5c38e","Unknown"
"10169","b6e8bb76-773d-46ce-8f69-73f6653c2b9d","epithelia"
"10170","b6ee3805-6144-47b9-8fbe-cfe30aadf9fb","NKcells"
"10171","b6f11e49-1a1e-44a8-933b-7f2a200b4b77","epithelia"
"10172","b6f21564-d093-4589-aac0-e5ef89ca80cf","NKcells"
"10173","b6f3b097-aa09-47c6-9734-bbca36a49688","epithelia"
"10174","b6f518b8-e9e0-4183-b71f-ee9ebc232e10","Unknown"
"10175","b6f705f1-71fd-42e8-814c-dd5f2f96fa6a","epithelia"
"10176","b6ff8931-d63f-4d8e-9620-1a893d45a525","epithelia"
"10177","b70536d0-e2bb-4d88-b55e-93bd7ae1d300","epithelia"
"10178","b70c49c4-65ad-447e-9c17-0bf7934f2540","Unknown"
"10179","b70cfbe5-dc5d-4d16-b0ba-52b3a0dcea7a","immune"
"10180","b712b9eb-aaf8-43cb-a2c6-6d121fd3ac4b","epithelia"
"10181","b715aef4-7e90-4f91-b5f1-e79ee0cfd99a","epithelia"
"10182","b7177485-1f41-4f49-a9b6-2d9f2d5a06cf","epithelia"
"10183","b7180055-0d88-44e8-b46a-814609ce8e92","CD8_T"
"10184","b718a668-d80a-40e6-bf35-04e184808fc4","epithelia"
"10185","b7273b6c-a129-4fcf-b9c0-a50572e8184c","Unknown"
"10186","b7304e01-d67b-4af0-bfe1-ec33bda17ce7","epithelia"
"10187","b7385e00-a1b5-48ad-b003-8dbeccbfe4db","NKcells"
"10188","b738ccb7-6caf-45d9-bcc1-30064ab8f239","epithelia"
"10189","b73ce79d-7c54-4afb-b1f7-8078c9e55de8","epithelia"
"10190","b7400211-a46c-43b3-bea6-ab92611cd117","epithelia"
"10191","b74bc0e2-10f5-4e8d-a5db-c4a56c18a45e","NKcells"
"10192","b74d1e0b-ba56-406e-a5d5-81bfe899c405","CD8_T"
"10193","b74e8fc2-db9e-4661-b57d-03c5ee2af448","Unknown"
"10194","b754d75b-5b8b-4141-9ddb-7a64ac9ca44e","epithelia"
"10195","b75c45fd-38ee-465b-ba4e-d268943941a2","stroma"
"10196","b765fc8e-6dc9-48a4-b0fe-42d0ce932fb7","epithelia"
"10197","b7768a15-b2ee-4e5b-9d96-e964c8caf05d","epithelia"
"10198","b776a9e1-506c-4752-a746-e8436066dbe4","epithelia"
"10199","b777bad2-c90e-4055-afbb-daf18df9eacf","NKcells"
"10200","b77c4c02-b6b2-489e-8109-76d35f67314b","Unknown"
"10201","b788439c-ecc7-4263-990a-0a78bdad5da3","epithelia"
"10202","b78c2a84-b5c9-44b7-a309-96de87220ae0","NKcells"
"10203","b78d434e-655a-4f1e-b503-513260e840ff","epithelia"
"10204","b79058d5-7c49-4547-a276-843b17623686","epithelia"
"10205","b793de4f-7f47-4661-8d1e-b3ccfe835d9b","epithelia"
"10206","b796b21f-41f9-473b-8e33-cbc04a892ae5","epithelia"
"10207","b7a37d29-1f75-4148-934b-8b6a8dfe9faf","epithelia"
"10208","b7a9fdf2-e105-4b3f-a79f-6d64b59d1dcd","epithelia"
"10209","b7aaf5d1-9297-4299-8701-6db3cbd5a148","epithelia"
"10210","b7b8cf2c-9a8a-4cec-9019-6ce1589e16e3","epithelia"
"10211","b7c37749-f16f-4029-8b6d-df9874c4660e","T_cells"
"10212","b7c3bd6b-fa84-4333-8332-8c791b117141","epithelia"
"10213","b7c914ef-c078-4a5c-98f4-c219f8a95e41","Unknown"
"10214","b7d3d3bc-1110-4406-9171-06e5af41b45e","Unknown"
"10215","b7d660d6-0bc9-4e14-aadc-cb4d5baeb12b","NKcells"
"10216","b7d8a07d-7bed-4dd1-9b8b-23a7a7688fe0","epithelia"
"10217","b7dc2a5a-887e-4a2f-be35-8fcfd22abf34","epithelia"
"10218","b7dd1b3a-04b2-45b4-8af9-7ed19091380d","epithelia"
"10219","b7e4296a-18d6-4f67-9960-9608f18fb2f6","stroma"
"10220","b7ee37d5-ea92-44a0-9419-e0583e2af016","epithelia"
"10221","b7f2e174-84b5-4305-a465-6d6140aa6ad5","epithelia"
"10222","b7f9fe00-192b-4c7b-bf50-139acb61c250","epithelia"
"10223","b807b09b-9fd5-43ca-85f4-dc206723a67c","epithelia"
"10224","b80be06d-1451-49ea-8c83-c982afdb0d34","Unknown"
"10225","b80c22d1-6f5f-45c4-9596-d7a86a0cd6be","immune"
"10226","b80e1777-437f-4237-98c0-d2eb1b1e6b37","epithelia"
"10227","b80f1f45-8354-4fe5-931f-d2db66eaa1d7","CD8_T"
"10228","b81591c6-5648-45ac-b9be-b0e3e7d5aedf","NKcells"
"10229","b8179042-c9aa-4c10-9f99-c2c2f0a15e8c","epithelia"
"10230","b81927f9-e2f1-4778-9ef6-18178821a686","myeloid"
"10231","b819fd77-c20d-4aed-ae39-d1b66afa7151","epithelia"
"10232","b81e86e8-56a5-4df7-8288-9527c44c7803","epithelia"
"10233","b8262d2f-3f05-4ebc-9ea0-9a294956e3c9","epithelia"
"10234","b82c8e94-cb03-4115-9cde-fa10e1d32fdd","CD8_T"
"10235","b82e426d-6e88-4077-b0db-31ff5a80b6d4","Bcells"
"10236","b835aa76-c684-447d-a3ea-2208edd9388e","epithelia"
"10237","b836e7bc-ba27-47ea-876e-b7cccd29e6a6","epithelia"
"10238","b8490957-b3f5-4920-96ef-950a35f0dd9f","Unknown"
"10239","b856897f-ddc1-4d63-8e5a-e8708c211a1f","epithelia"
"10240","b85799b8-dbc1-493b-b651-9de2135a39f1","epithelia"
"10241","b85fa6ab-ac7d-4a06-a1b5-b40dacb725d3","epithelia"
"10242","b862ed25-1f88-4fab-988c-befc22b5ab60","epithelia"
"10243","b86671ef-d991-47a6-a211-a226fa89afa3","epithelia"
"10244","b8697465-f87a-4235-b521-6caa4da9df63","epithelia"
"10245","b86fa527-4910-42f0-8119-fad42ad1b488","NKcells"
"10246","b87e8ebe-8154-4370-9f9f-f835a39d77fc","immune"
"10247","b8811d88-98fb-4c15-ae25-c1643637bd76","NKcells"
"10248","b888ac46-8f5e-4292-a36e-6687103daf96","epithelia"
"10249","b88da2f5-0c66-46fd-923e-c8bbd818d438","NKcells"
"10250","b88e181c-8b94-44bd-859e-47512397fafa","epithelia"
"10251","b8935799-b516-43c0-9875-d9e66ae2c030","immune"
"10252","b89c33a1-467d-461f-89df-503f55817d4e","epithelia"
"10253","b89dabcf-edc4-4953-8f9a-e676c3bdf4cc","CD4_T"
"10254","b8a59e61-2cb2-4478-a401-8fc8b95bc61e","Unknown"
"10255","b8a78843-1ab8-4d7c-be75-454833685c08","epithelia"
"10256","b8a855c1-1172-4fef-ae8a-917e2f89122f","epithelia"
"10257","b8a8705e-b894-440c-9a5a-0fe237023af3","NKcells"
"10258","b8a9e0f9-935c-448e-9a21-b691939ea2f1","NKcells"
"10259","b8acec16-a401-4226-be4a-48baf648d325","NKcells"
"10260","b8afabb8-2e22-48f1-ba87-dcb380a4c21d","epithelia"
"10261","b8b10252-9f6a-4f82-b8b4-f2209e841673","epithelia"
"10262","b8b9f663-3054-4e28-b3ce-14c84b69cedc","epithelia"
"10263","b8bcc20e-2f4b-4072-a9f7-a54b97398416","Unknown"
"10264","b8caaa36-38d8-48ea-9f52-d97c84b3c9ca","immune"
"10265","b8d4e88c-b946-4818-893d-abdae70c3b01","epithelia"
"10266","b8d9fe29-3ac5-415c-a07c-e6a39241ca27","epithelia"
"10267","b8e39dcc-a28b-4dc8-9dc3-0482bb9bf6a1","Unknown"
"10268","b8e561dc-05c5-44cf-9af6-9d54498155a5","epithelia"
"10269","b8e5e001-770b-4b12-8087-8024dbb3b311","epithelia"
"10270","b8e7f9ab-1fd3-4ba2-afe1-69281376f8b8","CD8_T"
"10271","b8ea4fcd-f56c-4531-8943-54012efc8ca1","epithelia"
"10272","b8eed34b-0590-4ee8-b794-e8c8a501bcd8","myeloid"
"10273","b8ef4e44-25b4-4593-bc5c-4fce11905091","endothelia"
"10274","b8fa94f4-5369-4b20-91f9-83e85d4dcd26","immune"
"10275","b90a0a1f-ef5e-4478-8ebf-7aba5b04e668","epithelia"
"10276","b917cd97-2368-4bb0-aef1-91b44de2a0bf","epithelia"
"10277","b9182f66-321d-4ecb-92cd-41bb89a00df6","epithelia"
"10278","b921bfc2-3f42-43dd-80de-8ffe5cd03af9","epithelia"
"10279","b922b6d8-eb5b-4891-83d9-369abc854dac","epithelia"
"10280","b927bbe9-1c97-4c11-90fb-b41831568873","Unknown"
"10281","b9295f66-2dc6-453b-82d5-346fc171df00","CD4_T"
"10282","b929a8a2-597b-43a1-95e2-c08e8e67ff10","CD4_T"
"10283","b929ff65-f04f-4dc9-89ab-78eddd26b611","NKcells"
"10284","b92a4fd2-c2f3-49a4-bc74-8f54665345bb","epithelia"
"10285","b92bcbe0-f88b-4111-8d1f-5f44bd684578","Unknown"
"10286","b93ea96e-1a51-4963-ad2f-444d68db1a92","epithelia"
"10287","b940fa64-7bd8-4a99-972d-3c41e81184bf","CD8_T"
"10288","b9438a8f-41f6-451c-9774-a25e7a7cca61","epithelia"
"10289","b9451c88-656f-44cc-b5cc-9cc0f54052d0","epithelia"
"10290","b9469a76-fe5f-4a8b-be3d-d83e33bc52d0","NKcells"
"10291","b94e255c-74ba-4236-947a-14cda1803252","CD8_T"
"10292","b9665544-fd26-442f-863d-f553ad1be3c3","epithelia"
"10293","b96bbf2f-7ebf-41cc-b8b1-a990cc2bffb3","NKcells"
"10294","b978aaea-b833-4784-95b2-dca095874f1b","epithelia"
"10295","b97d1c1c-a5a7-4433-aad0-c11791b64a08","Unknown"
"10296","b980828c-0d03-4029-85be-2c256d37e27e","epithelia"
"10297","b9829da8-177d-4a15-89f0-fc56e92bc3ad","epithelia"
"10298","b9857117-50b4-4b6b-955e-7d243933c51d","epithelia"
"10299","b98cfe0f-9379-415f-a55f-4ece6e6a971c","epithelia"
"10300","b995a0e2-1f5d-4067-a3f3-96c64721c46d","epithelia"
"10301","b9a742be-0ee8-4caa-b8fe-235ae49d4433","myeloid"
"10302","b9a777e1-9f81-4dd8-9008-1cafb0d97e33","epithelia"
"10303","b9a9e66c-5b90-468e-bea2-9bb13e2c5f93","epithelia"
"10304","b9ac01ff-4914-4976-a573-d5a74734dd58","NKcells"
"10305","b9ac6c9d-b56f-482b-a103-fbc7d59b32e1","immune"
"10306","b9ba9b7e-920c-4f04-a239-c873795f9527","epithelia"
"10307","b9c88ba4-3dd6-41ef-81bf-2821c89cfc21","epithelia"
"10308","b9cc00c2-a503-4c51-a236-6df7c1f3b9fb","immune"
"10309","b9d00bd7-8145-44f5-8375-085734f55ae3","epithelia"
"10310","b9d35f9a-77f8-4e92-9247-ea6d0eac3c2b","CD8_T"
"10311","b9d4523b-2f19-4139-a0cc-51b10019fb08","epithelia"
"10312","b9d4688a-bc9c-4f62-a5de-5785ace0d212","epithelia"
"10313","b9d56bf9-45f0-4dbf-ac2e-bf5996ab1f66","epithelia"
"10314","b9d6d58e-528c-48be-bd65-bc40378e7b08","epithelia"
"10315","b9d87b81-45cc-427d-bc21-536e5ed317f8","epithelia"
"10316","b9de9ab5-214e-4a6d-9acf-2c35e517b18c","immune"
"10317","b9e3b1af-8c51-45ae-9655-47a754406a39","myeloid"
"10318","b9e471f8-24ed-4fa6-90d4-77512b0f8f15","NKcells"
"10319","b9ed04a9-4c86-4c02-9b7b-bad9bc346ecf","myeloid"
"10320","b9ee9104-0823-4796-8984-cbde7b99a6ff","epithelia"
"10321","b9f21fef-9baa-4ada-a92d-f6ddcd2556c2","immune"
"10322","b9f46056-023f-411b-9240-27eff0c035dd","epithelia"
"10323","ba03913a-08b3-45f4-a449-2c687ce6f9e0","NKcells"
"10324","ba067f98-44ef-467a-8141-9c317a270406","CD8_T"
"10325","ba0c3ac7-4ff7-423d-b6e2-75f1ea934880","Unknown"
"10326","ba0e48b9-bb1c-4fbb-b0bf-a5b0f5cb6df4","epithelia"
"10327","ba1a0326-1654-45e8-abed-3e68babf43c4","epithelia"
"10328","ba1a087c-db74-4373-a20d-44e9651b9b58","NKcells"
"10329","ba25875b-340a-4197-91b1-977f7359b4f6","NKcells"
"10330","ba2a37b2-60e9-498e-9718-d0c846efecb3","NKcells"
"10331","ba2f4f86-b415-4108-8a76-622607832380","NKcells"
"10332","ba3520ca-e8bc-4752-98d3-cf580d6ce994","epithelia"
"10333","ba408899-71f2-4932-b413-04502ef23b16","stroma"
"10334","ba44351f-7cc2-4c7e-9001-2150dd00f5a5","epithelia"
"10335","ba4442c2-52d5-4484-b4f6-21ae41eba32a","NKcells"
"10336","ba4a43c0-7f8b-42b9-94e2-be5c4eae9aa6","epithelia"
"10337","ba4b7551-42ad-4a0e-8512-9fb384e0bbbf","epithelia"
"10338","ba4ce237-5c54-42f1-aae1-6b8632107d19","epithelia"
"10339","ba4fdef2-899f-4694-b9b2-7007f18c8af6","immune"
"10340","ba51a0c0-32de-4447-b636-caf507380480","epithelia"
"10341","ba521e4c-788f-4c36-89f4-eaf43c2443bc","epithelia"
"10342","ba535840-5fc1-4b28-9e6f-da6b3a925d94","epithelia"
"10343","ba572ad4-e327-419a-a8ef-7b728d489a31","immune"
"10344","ba5891a4-c74c-4280-8bfa-87cd454528d5","epithelia"
"10345","ba5e2367-c4bb-44cd-a218-67ef2bfd4c1f","epithelia"
"10346","ba6cd683-1c63-41fd-9e0a-e12ea4630734","Unknown"
"10347","ba6fbc34-f10e-41e6-941a-f4bc1a548ba7","T_cells"
"10348","ba70a3d2-eb33-442b-90f1-620e27b6e9df","NKcells"
"10349","ba720aa0-ce2b-40cf-aad9-3706d203260d","epithelia"
"10350","ba747a09-c056-4cde-bd85-5a3acf756451","immune"
"10351","ba7da6b2-64ac-4495-9389-e2224a4f8c00","epithelia"
"10352","ba885fad-e291-4564-8e2f-545b716aa719","NKcells"
"10353","ba8aeb84-e818-43cd-a901-de63e789f6bb","epithelia"
"10354","ba8f4ba0-dd84-4423-bbbe-e3e31874923d","myeloid"
"10355","ba99a922-33f3-4ea6-8754-3f16d7969ccf","immune"
"10356","ba9a20b2-6fe5-44a9-8a92-25de76666ed3","Treg"
"10357","baa3db93-c0eb-4bc2-a1a6-31834497b892","NKcells"
"10358","baa83284-4fd0-40cb-84c6-77791b18c072","epithelia"
"10359","baabd5f1-ea20-470e-8c89-dd3783986e62","NKcells"
"10360","bab0b136-25cd-4ba5-98ac-02c6a6ba9f90","epithelia"
"10361","babbae33-d544-498c-9bb9-e5d76fb08035","CD8_T"
"10362","babe3a0e-09b2-4a8f-b361-0f528e9fa836","epithelia"
"10363","bac9ccb5-fa44-4fa8-bec2-a5df3056c3fd","immune"
"10364","bace97bd-5ddb-4aef-9a23-d94c32b3f5e0","Treg"
"10365","bad8d5b5-3912-414e-8b3c-0cfe3883b027","epithelia"
"10366","bad9dde3-0798-4814-b2cc-eebd6835acf7","NKcells"
"10367","bade72bc-92fa-43da-819b-5f62f9aef8d3","epithelia"
"10368","bae05d9c-fb10-4941-a63a-cb95f60e1200","NKcells"
"10369","bae39ec2-a524-4cfb-9489-d2de69ed0658","Treg"
"10370","bae5fd00-ae5d-4546-90c3-cf31950b4d69","epithelia"
"10371","baf12dcc-6717-435e-a792-018a9e1f2873","epithelia"
"10372","baf1693e-efdc-4dbf-808f-c5a4269722ea","NKcells"
"10373","bafb0e0c-87de-4f94-8ab3-281220445875","NKcells"
"10374","bb03c82d-f6ed-41c6-a782-e22475acc7ed","epithelia"
"10375","bb07500c-4b22-46fa-ba7b-99b9e7d824f0","epithelia"
"10376","bb121c46-0350-4baf-a5b2-1dab7da863ab","epithelia"
"10377","bb13e194-0ad1-4e1d-869a-eaaca733b6c5","epithelia"
"10378","bb14b387-eaeb-48e6-891e-7b2d041e5c13","epithelia"
"10379","bb1e2cb2-ccf7-4fab-90cc-7e2379a0f845","endothelia"
"10380","bb26a4e5-7990-4fc3-842f-5b5f465399cf","NKcells"
"10381","bb31108f-1397-468f-8ac4-d00893b9d272","epithelia"
"10382","bb42ce0c-43eb-423b-a0d3-ecc75682cda3","myeloid"
"10383","bb4a2da2-7c9d-4040-b433-072f2bfc2a41","CD8_T"
"10384","bb5fd444-1b68-4584-89e8-b828e0ae4c14","epithelia"
"10385","bb5fe9fe-af4c-48a8-bd07-1610c46785f7","Unknown"
"10386","bb635a17-0cb7-465b-86c1-4f1ab6b11aed","CD8_T"
"10387","bb63fa09-d09f-49d9-a80b-6d153a028121","myeloid"
"10388","bb68a35c-2db4-45fe-9a44-c50770949163","epithelia"
"10389","bb68c228-243e-44c4-b68c-98ba4b57bcb4","epithelia"
"10390","bb6fcbb6-e673-4728-996e-84fac42c125a","epithelia"
"10391","bb783062-70f9-44a6-aff1-aed084241cfe","epithelia"
"10392","bb785559-265d-4ea8-a957-89c709b30f4e","epithelia"
"10393","bb7a2d7f-ad21-4f6c-a6e9-78fb0e7206f5","immune"
"10394","bb7e35a8-f758-43d2-ab4a-495671b08933","epithelia"
"10395","bb84b9f7-4ae1-4280-8d14-6a8b30137f75","epithelia"
"10396","bb8dd6ae-f278-48a3-9e07-a5b86e5d8fcf","epithelia"
"10397","bb8ff405-794a-40b7-add4-ce8d76c27e7f","epithelia"
"10398","bb90098e-23ef-4b9d-a5e3-f6f46a3e7f44","CD8_T"
"10399","bb95eb0c-12ef-4df5-b0c6-ac00311f8733","Bcells"
"10400","bb99bbce-aa88-47d8-96e6-8e877a9cb208","NKcells"
"10401","bba1d758-8438-4afd-b338-c5ea915e6a41","epithelia"
"10402","bba3c6d5-1ee6-49b0-871e-e826a1e69f8b","epithelia"
"10403","bba438e1-6a91-4285-bf98-f1a519c9b9db","epithelia"
"10404","bba4e6bc-0f72-48d6-8b15-c93a6707a36a","epithelia"
"10405","bbad590a-aa11-4e9c-b93a-fb89b40063f0","epithelia"
"10406","bbbb2fc7-645a-489a-a36d-a12b547dbd61","epithelia"
"10407","bbbc23b2-faac-45b2-9d42-01dcea876a52","NKcells"
"10408","bbbd6217-e0de-4b8f-b83a-277fb0b04988","epithelia"
"10409","bbbf746d-0de6-4481-8f44-67d20afcbf56","immune"
"10410","bbc231b1-5e4a-467a-9615-64b22ad13c8f","epithelia"
"10411","bbc38f19-bdbb-4ad6-ba42-da0106b3c91c","epithelia"
"10412","bbcd4326-88b2-4f65-91d5-f0df22cd246e","CD8_T"
"10413","bbcf03da-073c-4c39-81d6-ce83cc0c33b1","CD8_T"
"10414","bbd6ce0c-8207-4f0f-b71a-c669a7fd867a","Unknown"
"10415","bbd89bc1-6b08-427e-85c7-f4441012bcbb","epithelia"
"10416","bbe57ff2-14b4-4596-a7ee-e3544977da64","stroma"
"10417","bbe65078-576c-4cea-9b39-823ae0cc8b75","Unknown"
"10418","bbe8141f-690b-4e3d-9c99-7d46ca673f6e","epithelia"
"10419","bbe837fc-7ebf-4741-908d-fe121fddce87","Unknown"
"10420","bbea5840-c8ac-433e-87b6-c0fcfbd3ab49","CD8_T"
"10421","bbf4eb2f-080e-4832-bf31-163ee9e98669","epithelia"
"10422","bbf6c96b-0e9e-4091-a9a0-019fd379d4ba","NKcells"
"10423","bbf993f6-fa6f-462f-83b5-2bf5e69c6119","Unknown"
"10424","bc01602e-1b86-426a-bd4f-2cc46910681f","myeloid"
"10425","bc0561b5-e4de-4050-898f-153a68399ad4","CD8_T"
"10426","bc077a18-4d32-44db-a01c-76895c7ead85","epithelia"
"10427","bc0cf29b-c963-4f86-bf7f-6d45db959a0f","epithelia"
"10428","bc0d1498-845c-4218-80eb-ed1bbaf8bf40","CD8_T"
"10429","bc11551a-9bc7-4835-a5b6-1b3d04e72fd0","NKcells"
"10430","bc20e10d-24db-49e0-b399-67e3e7e010a3","Unknown"
"10431","bc21aa57-3b89-4b65-aca4-a191db35db62","NKcells"
"10432","bc347aae-98b8-4da8-b0b2-0063c9951829","epithelia"
"10433","bc3e9799-979f-4f17-9d0d-53c32a14b703","epithelia"
"10434","bc4503e7-38a5-4701-bfb6-ad092efba03d","NKcells"
"10435","bc46b3d3-09db-4a93-a306-2426a10f49a8","epithelia"
"10436","bc492f26-9574-4dc8-b51d-b4eafc408c47","epithelia"
"10437","bc4b1097-6ef0-4a85-b255-758210b8f34c","epithelia"
"10438","bc4cea85-3add-45ce-88e4-1069a5849f3b","stroma"
"10439","bc5063ed-8296-4164-8436-7da134cd3149","Unknown"
"10440","bc536e0d-8cd6-4f44-9f69-1b9af65acfd7","NKcells"
"10441","bc58c02d-7af8-4233-b29f-d566a5278476","epithelia"
"10442","bc5a1e3d-e4e9-4a0e-9e5a-457a7cb8dd98","myeloid"
"10443","bc5deaa2-ec89-4dd5-936f-9644bb9ff552","myeloid"
"10444","bc665cc9-5d34-4634-ab97-7d71ec53f471","Treg"
"10445","bc67faf2-c2be-4291-941a-f7d8248a509b","CD8_T"
"10446","bc6e9d0a-1bdd-48fa-bcea-910a663334ee","epithelia"
"10447","bc725d95-8b55-4ebd-a538-36d6e425dd85","epithelia"
"10448","bc75d920-b84f-4dd5-8f72-ed0819caf90c","epithelia"
"10449","bc788ce4-7bda-4ca5-9c38-f433f6653ad2","NKcells"
"10450","bc7ae415-5a06-4609-8c77-3785cca09ffe","epithelia"
"10451","bc7f9fa2-ca63-47fe-b3d1-9630594506b2","Unknown"
"10452","bc849679-b3c0-4d95-b235-ae2aaedd6de0","epithelia"
"10453","bc8d7f7e-161a-45b8-bdbb-1c7f8432c084","epithelia"
"10454","bc932804-2c27-42d5-b553-f74614a8392a","epithelia"
"10455","bc93f0a1-65a7-4177-9c55-3d915d5f8f52","NKcells"
"10456","bc98e560-92ae-4dbb-97d9-19db0114b6b9","epithelia"
"10457","bca40f3e-131c-4c87-8a06-d8638ff62717","NKcells"
"10458","bca509ec-3599-4742-bdd4-49f87f898136","epithelia"
"10459","bcacee33-954b-4b88-b35f-e1e4ca7db6f7","Unknown"
"10460","bcadb996-337e-4b05-97c8-34d1c4373b0d","Unknown"
"10461","bcae1b34-2d16-4a66-87a8-44a1c94bb5bd","NKcells"
"10462","bcae2019-dd2f-46e8-b4e8-2827b6e860c7","Unknown"
"10463","bcaf1317-cc3b-41f3-ac48-a9d3975c5707","epithelia"
"10464","bcb6a840-293a-4c7c-b4b7-6865b9bceb8f","epithelia"
"10465","bcbaec9a-e3ae-4a1f-996a-8b5d0796f438","epithelia"
"10466","bcbbff95-6ce3-458d-b121-b1a2452af662","epithelia"
"10467","bcc36b76-b51a-458e-b1d0-b4bbd70b6da0","epithelia"
"10468","bcc41fd2-7af5-49e6-96db-c892eeee51d2","epithelia"
"10469","bccced58-253f-4835-9527-d5b3de1dafd3","epithelia"
"10470","bccd7fa8-0ee6-45cc-ae53-de598727f4ab","epithelia"
"10471","bcce7f71-a0ea-419e-b59e-8f5b88a765a8","NKcells"
"10472","bcce8044-fa3d-4d0d-8082-3a52f78adcff","epithelia"
"10473","bcd27db8-3329-4565-a0ea-f5bd8dafd85b","CD8_T"
"10474","bcd987a0-81b0-4f62-b671-5a96991b6771","epithelia"
"10475","bce4dfa3-2d20-4520-a7bb-f3b08057f600","epithelia"
"10476","bceaf527-d2a7-4f1f-a5db-ae66db96f64f","NKcells"
"10477","bced49b0-979a-4a55-b1f5-15d87718f512","epithelia"
"10478","bcf906c3-0f9f-4a80-b988-346294bc1c5b","epithelia"
"10479","bcf979db-c468-44e9-999e-9403c3715a8d","epithelia"
"10480","bd00cd08-b66d-42b9-8b67-56fff923293f","NKcells"
"10481","bd030435-eec8-409b-a412-d27e34591b27","NKcells"
"10482","bd04c393-a8cc-4957-8941-4943b815385d","epithelia"
"10483","bd0cfe3c-f21f-4bc3-9485-694ce7485442","Unknown"
"10484","bd124c14-8159-483a-9b5a-7f4f16b4aca4","CD8_T"
"10485","bd146265-040c-4939-8598-4f1aa0716605","myeloid"
"10486","bd14c953-92f4-4822-8182-aacdbf19656b","epithelia"
"10487","bd172cb7-0d7b-44c7-aa6b-b256d0154905","stroma"
"10488","bd17bd6e-2698-4906-9ba8-4cdf22a8c918","epithelia"
"10489","bd183fd9-2c7b-479d-b261-5508ed56ab17","Unknown"
"10490","bd190730-9a52-4e7c-b2e4-cb3ceb545bb3","epithelia"
"10491","bd1c1c87-12f4-4327-8ed5-d80ab808495a","NKcells"
"10492","bd24da8b-8478-470b-8694-920ba53a3a91","epithelia"
"10493","bd2a8589-df24-4aad-ae44-45262e73a920","epithelia"
"10494","bd2ae34d-3841-4e5e-a2b4-9b4f8357b58f","epithelia"
"10495","bd2b38b4-d197-454f-b11b-e2d1060840ad","epithelia"
"10496","bd2b9cff-0255-4e6f-b2d2-915bd76ac72c","CD8_T"
"10497","bd30ba37-a36a-4c18-a19d-7905d136eb07","NKcells"
"10498","bd30ccf3-1019-44c7-b650-6988f2c8b20c","CD8_T"
"10499","bd3c41bd-b236-4a78-84af-6e2c3f42d4cd","epithelia"
"10500","bd40558c-5fce-460f-bec4-85d51b9453c1","epithelia"
"10501","bd462879-d0e5-4feb-9550-a1f0fd1c885c","NKcells"
"10502","bd4cff6b-e18b-4c2a-b940-255b77e0ef68","epithelia"
"10503","bd514a08-cbb9-446d-b8a4-d2b90a94862d","CD4_T"
"10504","bd627d64-0604-4610-8892-38bd975f69c2","epithelia"
"10505","bd661a38-ef0a-4029-a939-2c2e3b7038b2","CD8_T"
"10506","bd6eeb0e-21a6-4e38-8961-291f51f97862","Unknown"
"10507","bd7b3200-50a7-4337-83b9-59edf46e0c60","epithelia"
"10508","bd9e5e8c-56da-4b7b-a679-a891f59c1da2","epithelia"
"10509","bda15cae-e19c-489f-87b4-9a72191e4726","epithelia"
"10510","bda7ffd3-43c7-466a-b019-b2817833797b","epithelia"
"10511","bdae7f34-e8ca-4100-8e8c-f309eb7e0b0d","epithelia"
"10512","bdb0fff8-6843-40a6-9f97-47fc64cc7030","epithelia"
"10513","bdb65032-b709-4873-b8a4-9ee5161ae091","T_cells"
"10514","bdb8889a-04b0-4776-b64e-d6c7255a31c8","epithelia"
"10515","bdbc5c63-89f1-476d-82e6-55d7936768d9","epithelia"
"10516","bdc6f013-b42c-4af3-a737-0c3fa2beb8f1","epithelia"
"10517","bdc82fb5-c76c-4bbf-b779-f8a5b0db9417","immune"
"10518","bdcb3d75-1b65-4f2b-9dfc-430e5705ed15","epithelia"
"10519","bdcb5626-89cb-46f7-a5ac-1995d1942873","Unknown"
"10520","bdce49b6-7e85-4f21-8c78-9c7a5d37b14b","epithelia"
"10521","bdd03575-b19a-402f-9512-7236398a69b8","epithelia"
"10522","bdd0d31c-1818-4a83-9929-44871475b065","Unknown"
"10523","bdd5d2ae-1c7b-4290-a1c7-9b9670f5b5f8","epithelia"
"10524","bdd654f4-bffd-406c-8c86-85edc86b70c6","Unknown"
"10525","bdd9e009-2863-440b-807a-f24eb847f12f","epithelia"
"10526","bde4f579-f5ba-40a5-a209-c2022aaa4ef1","epithelia"
"10527","bde74544-ddf5-43eb-9636-20b501b74152","immune"
"10528","bde9319b-f907-47bd-a9ba-f29672a4f290","Unknown"
"10529","bdeba683-794f-435c-852c-28a6972ab37c","epithelia"
"10530","bded9e76-b45e-4d39-ade8-0c277b4e8dae","epithelia"
"10531","bdf514c7-3bd0-44b0-9904-f78b97b684b2","epithelia"
"10532","bdfc201a-a237-4d38-acfb-e1d14cdd67ae","CD8_T"
"10533","bdfc6257-4548-4955-8a5a-ff1418fddb92","epithelia"
"10534","be019347-eada-41b3-bd8e-6c3821fddf30","Unknown"
"10535","be074568-f0e1-4767-820e-1d07eeed81da","Unknown"
"10536","be09ca8c-f72e-4cdb-9619-9bc5cc7deb4a","epithelia"
"10537","be0c1852-a8bf-451c-8413-aacd53edd7c0","Unknown"
"10538","be13a26f-43d2-4e97-add0-81b2f00343b2","epithelia"
"10539","be1476be-99be-4e64-8ae1-6ed8c9c57842","NKcells"
"10540","be1c24cb-5ae1-4195-9feb-b3f657c8e46c","epithelia"
"10541","be21694e-2fc1-4e40-9c16-911f806fcc6b","Unknown"
"10542","be2e9c54-2112-4a00-9442-5f5fe52b8029","Unknown"
"10543","be2f3ca8-d364-4185-b9af-a26f51928f50","epithelia"
"10544","be355964-34f5-4ca4-bdb5-efff5ed3afef","epithelia"
"10545","be35e789-ec2d-4189-ad5c-49a64a3c43ff","epithelia"
"10546","be374051-0bc5-447b-8652-1ab86b34f228","Treg"
"10547","be4933d6-1024-40a9-8d4e-3c890eebad47","epithelia"
"10548","be4eadeb-0d46-496c-b84a-c1ed007b4213","epithelia"
"10549","be50d340-a9bc-47b3-8da7-632f66b8ea7e","epithelia"
"10550","be589f66-c27c-4231-957a-b6e9c7896405","epithelia"
"10551","be58b059-ea16-49e4-ad4e-fb165290ec65","Unknown"
"10552","be596a5d-9b7a-488c-8151-81255c5a1095","Unknown"
"10553","be5e7e69-f221-4142-9575-91c96ddec40a","epithelia"
"10554","be664a14-d129-433f-b192-13dd34f2ab36","epithelia"
"10555","be66f06f-c74f-4fd3-adf0-ef2795d38e5f","immune"
"10556","be683271-89af-4aa0-ab57-c0862f7f1d34","NKcells"
"10557","be70bd4a-33f1-4e9b-9525-df827e02af4d","Unknown"
"10558","be72b14b-ae78-4a65-acf1-2c004de8a930","epithelia"
"10559","be74910e-465d-40f1-9ef7-697a7608621d","epithelia"
"10560","be778cbf-60d1-4348-a8af-2c7f4b61c5d5","epithelia"
"10561","be79430d-57a2-43be-b1fe-78d711924594","epithelia"
"10562","be79908c-7ad0-43d7-812e-5030452255cb","Treg"
"10563","be799e2f-07a3-4050-b2a2-1b74a7a6ae68","immune"
"10564","be7a7c04-e356-4c03-8c0e-29e8b2c97a3b","stroma"
"10565","be8d6983-b202-4d2d-aa65-21e80c05479d","Unknown"
"10566","be934968-0f93-4b31-a71d-c0a87029f056","epithelia"
"10567","be96dc99-174e-4757-8492-3d95f605d57f","myeloid"
"10568","be9a491c-b9ae-4141-be2a-c1a45f68301c","epithelia"
"10569","be9ee362-91eb-4cd6-a056-b9abae69a591","epithelia"
"10570","bea06ab8-30dc-4384-bde0-d87d3a6ec512","Unknown"
"10571","bea14cab-9b1a-46e4-84f9-15804d8aa20f","epithelia"
"10572","bea20b09-3b48-4543-813b-5c1503e55fb2","Unknown"
"10573","bead631f-d994-4d4b-aaf1-05091fd1ef1e","NKcells"
"10574","beb26f6c-8735-44fd-ad11-5505d9f05096","endothelia"
"10575","beb7ddc4-b06d-4ebb-b007-f0c37b59f584","stroma"
"10576","beba766e-ab31-4cb6-886f-6987d831e16a","Unknown"
"10577","bebbba8a-2bc2-4d4f-b212-c290f2ec466b","epithelia"
"10578","bebcd666-de2c-46a4-92d3-a879a668433e","Unknown"
"10579","becc5754-efa7-40b3-b7e6-624683de6704","Unknown"
"10580","bed5d998-36f5-4d8c-932b-40d3fbf73a8a","Unknown"
"10581","bedc4843-e1e8-4629-9553-c0aa020a8524","NKcells"
"10582","bedf13cb-5f62-461d-a617-aae0fc33cc73","epithelia"
"10583","bef1e486-b0b7-4c12-977a-342273c58c21","epithelia"
"10584","befd1891-19aa-4451-91cf-38ebb503c527","epithelia"
"10585","bf00c58f-535e-4d1f-a479-d97154a92070","epithelia"
"10586","bf0290a9-a847-4ae6-b858-e4cbbc40a53f","epithelia"
"10587","bf0953f8-87a4-4aac-8a5e-6581dfba6423","Unknown"
"10588","bf0ff741-cc81-4934-8d51-fd0d1b42805e","NKcells"
"10589","bf10679f-b5b8-4979-beae-0cc8656c406e","epithelia"
"10590","bf1243f3-20fb-4c12-a721-35a3a57bb3db","NKcells"
"10591","bf18dc1c-4234-4963-acac-cb769785874b","epithelia"
"10592","bf1dcf17-062b-412f-97f8-7b57c781e26e","epithelia"
"10593","bf1e879d-abd9-4a06-8131-1aa6359c7e0a","NKcells"
"10594","bf1f6e92-9903-4539-8a79-3f6a2df59b97","epithelia"
"10595","bf23fb34-b548-4469-a078-2723c4c2c8b7","epithelia"
"10596","bf2ecacf-5eb7-40bb-b480-5de80dab8aa5","epithelia"
"10597","bf2f34fe-8ea8-4975-9288-07d10d728cd1","epithelia"
"10598","bf33fc31-849e-46d2-965c-647a59047052","epithelia"
"10599","bf348eb8-5590-468c-9915-2f03d8ee98b3","epithelia"
"10600","bf3c67ce-353c-4801-892f-0aaa859b103c","CD8_T"
"10601","bf40a20e-ef7f-4c76-8c30-a597a2a74fdf","immune"
"10602","bf4a8bbf-d417-4624-9cfb-f51aa10a0396","epithelia"
"10603","bf548a4a-6a2f-4df2-9d82-b08e5042ccb0","CD4_T"
"10604","bf5a53a2-0c55-4662-83c0-b1f366841220","NKcells"
"10605","bf5fcd4e-b81c-4fe5-b9b6-beff8bfd12b9","epithelia"
"10606","bf6203e7-4af6-484e-8d73-5caefb4a1c27","NKcells"
"10607","bf687eb7-d528-42d3-93c8-c7160709d4d2","NKcells"
"10608","bf741be1-43d6-4130-802c-c874a90cd37a","epithelia"
"10609","bf749794-c60b-40d4-93e0-bb1af61976dc","epithelia"
"10610","bf74fff2-195b-4fa9-aa48-07f2cde06de3","NKcells"
"10611","bf77942f-e54d-463b-8dfa-0935426c414d","epithelia"
"10612","bf7e6abd-f400-4bbe-b7f6-60eac7cdebec","epithelia"
"10613","bf893551-93ad-4474-bf2b-275577fc0669","Unknown"
"10614","bf89c991-de79-4bd7-a0d3-8d4d050dbce3","Unknown"
"10615","bf8d3d76-4e7f-42a9-a846-cc53cca6dbb2","CD8_T"
"10616","bf8f94a5-e319-41f5-bb95-8a6760644bf0","epithelia"
"10617","bf90dd03-a923-4dc0-9b07-e1cb946549c2","Unknown"
"10618","bf977c9d-1e53-42f3-9793-ae2c1e2dfbfd","epithelia"
"10619","bf9cc1c9-0fca-47a6-b283-54ec01efe31f","NKcells"
"10620","bfa83dc3-f079-43f1-be30-21f9f8129062","epithelia"
"10621","bfafe071-6213-402b-9031-60e87b158ba4","Unknown"
"10622","bfb98333-8b0a-46d0-b895-9faced03a88c","epithelia"
"10623","bfb9e315-669c-4e8c-b37f-a7608b530f6a","CD8_T"
"10624","bfba79c9-afa0-478f-b41a-5b336daa39f3","NKcells"
"10625","bfbcc529-887d-4c35-9639-78610b38ac0e","Unknown"
"10626","bfbd05fa-dc56-4a02-86a1-bc47d75e9481","CD8_T"
"10627","bfbf7ecd-9081-4f46-9bf7-bdbf5b49e5bb","NKcells"
"10628","bfc235ac-eb27-4ad7-8ee3-b851aae319fd","CD8_T"
"10629","bfccf758-ee2c-47e8-b0a1-a373ffcff27c","stroma"
"10630","bfceee16-7383-4722-ad77-a4622727d8a9","epithelia"
"10631","bfda7755-9735-4bda-a669-6d019e17d341","Unknown"
"10632","bfde2683-b85e-4863-ac34-c9ef987951b3","epithelia"
"10633","bff9b5e5-9058-4e66-a757-4099e01620fe","epithelia"
"10634","c000b919-cb80-4a26-90c3-16857426daba","epithelia"
"10635","c0032a0b-770a-4a98-81b1-7b3fd06769b8","epithelia"
"10636","c016ee33-9288-4798-9c10-831668485433","epithelia"
"10637","c01c9a68-0a6e-449e-a89f-bb708daf348f","Bcells"
"10638","c024a89b-1525-49eb-b1bb-0318268c72cd","epithelia"
"10639","c0263a77-76b4-4892-aa18-c3de20cb74ea","Unknown"
"10640","c02bd7d4-273c-45b9-8117-004c0a5911bc","epithelia"
"10641","c02d7ae9-e21a-4b7e-9c26-e6fa35c1b493","epithelia"
"10642","c02eb483-6bb4-40c2-a51d-b1947f65c260","epithelia"
"10643","c0334da7-ad53-4672-8439-e2e0f8d04ee9","epithelia"
"10644","c03e3975-3a25-41ff-823a-5331af20e7a6","epithelia"
"10645","c040da8c-627b-434c-bfb0-c351a7e5de9d","epithelia"
"10646","c043e134-69e5-41a6-8db8-9cff1fe6cf80","myeloid"
"10647","c0510cf5-697c-48b5-8531-0aae14938f8e","epithelia"
"10648","c0561f08-4db7-4d2a-8551-1cb4f8d16d5c","epithelia"
"10649","c05e566c-00e7-493b-be7a-827c2546c4c7","epithelia"
"10650","c0680c0b-da31-4d57-8294-a3ca2e8f72b0","epithelia"
"10651","c068a96a-e0e6-4133-99a5-f61bf500c246","NKcells"
"10652","c0693c1b-01db-42c9-9d8b-36d78eadd0a0","NKcells"
"10653","c06af915-3f1d-4b33-a4bb-4cfe7c0b6703","myeloid"
"10654","c0730f76-3e3f-46ee-8d87-ee5bcbefdb24","myeloid"
"10655","c0739703-f11e-4247-ae75-b81981803c68","endothelia"
"10656","c074b50e-05d7-45b9-b9df-006ada890e87","epithelia"
"10657","c075c256-875a-4a70-9677-b94bc0937512","CD8_T"
"10658","c0765dd3-5932-4671-9293-191a109dc719","epithelia"
"10659","c07b96f3-d86e-4ece-8a82-0e3e82da01b6","epithelia"
"10660","c07e4594-1f8b-48ef-b711-42c577e8c69a","epithelia"
"10661","c07e7e46-d92c-4867-8919-1391060317b7","epithelia"
"10662","c0897fbd-60a8-4d1b-adef-4481b5f06378","immune"
"10663","c08cef03-b945-4426-851d-7275ac506d44","CD8_T"
"10664","c0a07393-e0d5-444d-baff-e1f0c3d41088","stroma"
"10665","c0a30427-624f-40b6-ab51-afa318e9f811","immune"
"10666","c0a42e97-2fce-4da2-a267-fe664b5fb2d4","epithelia"
"10667","c0a632ee-25fb-453e-890e-37bbd337697d","epithelia"
"10668","c0ad731c-d1a1-45d0-b593-257c27e4a0e8","epithelia"
"10669","c0b0630d-db3b-4659-9a4a-fba07750d8af","epithelia"
"10670","c0b078c7-7027-4181-ba77-2d34cf9d1a6b","Unknown"
"10671","c0b3a2d7-965c-4658-9ab5-6b062fdd3935","CD8_T"
"10672","c0b76bae-b19d-4e65-9d9f-d36ea04cbf7d","NKcells"
"10673","c0b795e3-1f56-4cb1-a6b4-d209a2f98407","epithelia"
"10674","c0bacc28-f096-4e51-bd20-8f4f3f1fcd04","epithelia"
"10675","c0bb615a-6761-4f29-8dbe-3e0164051b77","Unknown"
"10676","c0d1b1af-d6f6-46a2-b3a5-2782458f28f2","NKcells"
"10677","c0d6585b-d733-48f4-8e77-6f1e810377e1","NKcells"
"10678","c0d927d9-dea5-4651-96c9-6ce28403327b","CD8_T"
"10679","c0e4df79-d512-49c6-aaad-a24746ce5204","epithelia"
"10680","c0e9456d-d309-4242-b854-9a6ec8532674","NKcells"
"10681","c0ecb55c-8a92-4931-9486-137fb893c39a","epithelia"
"10682","c0ef9bd1-e4a9-4c73-8710-404fd763f6a9","epithelia"
"10683","c0f1dcf4-f4c4-428c-886a-63b253f9129d","CD8_T"
"10684","c0f397af-f6c7-41c3-ad22-ae82b975a6c7","Unknown"
"10685","c0f788df-32c7-44a8-bef2-fa9f6984ec41","epithelia"
"10686","c0f944c6-164d-4fcc-bfd9-61c6ad4c4844","epithelia"
"10687","c0fe8fc8-891f-4305-8bd0-69badc4760bb","epithelia"
"10688","c1000cb1-91cc-454c-8056-748d270135e3","Treg"
"10689","c1033777-71aa-475c-9e49-949a92d3fde5","myeloid"
"10690","c104675c-6e3f-4924-ade3-1c6f37f753e0","epithelia"
"10691","c104c1fa-10ce-4b29-a016-7d422f628c00","NKcells"
"10692","c119feab-f9cb-4879-b67d-07faf1f4a81b","epithelia"
"10693","c11a9ec4-a4dd-4d32-a1e8-f4692cea6d05","epithelia"
"10694","c11e3813-f46c-4496-98f2-e909a16ee57f","epithelia"
"10695","c1200d87-3524-41dd-a53c-5d9a774d7a87","Unknown"
"10696","c1220d61-585b-4a0b-9c1f-29919f9d4cd7","epithelia"
"10697","c12428a9-8323-47d0-b5d9-8961b4e26e93","NKcells"
"10698","c127b9ac-9e42-43e7-b317-e3693f9eb76b","epithelia"
"10699","c135d92f-43d0-4b2b-a47e-03b789153cac","epithelia"
"10700","c13b88dc-69c7-48e9-b503-222b7163b55c","Treg"
"10701","c152f1c8-447e-41eb-bd3f-bbacc0053b77","NKcells"
"10702","c15302c1-4b5d-42db-a99f-6ead347effd7","Unknown"
"10703","c15a7fbb-bd61-41f4-b8f7-cbad8adc9664","epithelia"
"10704","c15c323d-f377-4506-91c2-3e74146d68c1","epithelia"
"10705","c1615f0e-63a1-4071-9463-52cfbd607231","Unknown"
"10706","c1615f64-23a3-45e5-b867-6ef119cfa751","Unknown"
"10707","c161db58-a67f-46fc-b365-08d1400d12cd","epithelia"
"10708","c1660430-7465-464b-b4d8-d59b2bf8d390","NKcells"
"10709","c166095b-c183-4c7d-975d-b94ff7ac09bd","endothelia"
"10710","c16671c5-7ee6-4c82-a6f4-b005af37b34f","Unknown"
"10711","c167ae73-80d3-4127-9481-3fb2acad73de","stroma"
"10712","c16ab6b1-3be7-4733-9693-4cb35bb6becf","epithelia"
"10713","c17227ba-bc8f-4a53-81cd-7d2d72d80b72","Unknown"
"10714","c1735b6b-fa01-4894-8ba8-3768e1b605e2","Unknown"
"10715","c173d923-23cd-4ab1-84a0-82ff9f8e28e0","Unknown"
"10716","c1742ec3-9272-4bd2-8a74-cc8e4e18c92f","CD8_T"
"10717","c174e8e7-0026-43e2-b713-cd4c765b314d","Unknown"
"10718","c1779b46-f44e-4049-8a19-6330f6dfdf0b","Unknown"
"10719","c17a358a-28a2-41bb-a29f-7406b4e83ce9","epithelia"
"10720","c17f091b-3c22-4c72-be26-6b23c78b38ba","epithelia"
"10721","c1821764-5d54-4dde-a49f-fa48e2913756","NKcells"
"10722","c18a96e8-3753-45f2-b332-db4e084e00fe","epithelia"
"10723","c191b426-404f-40a3-a777-068d6f24b6c1","Unknown"
"10724","c19208e2-4a84-49ef-890f-3c2fafd55c7c","CD8_T"
"10725","c196bf88-1d89-4e33-aa1e-7443b43960f6","Unknown"
"10726","c19c9877-250c-421b-8577-39b5de026b83","epithelia"
"10727","c19ecffe-4a82-4997-a423-e2c84a8ff673","epithelia"
"10728","c1a0df5a-2762-4c6b-af04-a1c0a0dcaab8","Unknown"
"10729","c1a19d2c-b65c-417c-9acf-77aa5e69d519","epithelia"
"10730","c1a26feb-f106-4e2d-b0a7-f5eccfbb8b40","epithelia"
"10731","c1a3d80f-9965-46b7-8f5e-a91f2c6ed7d1","endothelia"
"10732","c1adb88a-91aa-44a1-877e-265902d14754","epithelia"
"10733","c1b27718-8ccf-470f-98c9-d07605f0bb21","epithelia"
"10734","c1b8511f-d1e0-46fd-b33d-f97b59610a33","epithelia"
"10735","c1bc4688-85d5-4a0d-b5a6-9d5e754881a1","epithelia"
"10736","c1bc8b9a-48ed-497b-b38c-8b08ba1e764e","NKcells"
"10737","c1bf080a-71f8-4142-85fb-b04c16bd62a1","CD8_T"
"10738","c1d0ab40-20f4-4689-83b7-fb28f5df6959","epithelia"
"10739","c1d94b8a-a0cb-4934-b3bd-361d8e88fce2","epithelia"
"10740","c1de6ae1-a194-4c69-b413-1e59833c4118","epithelia"
"10741","c1e11ffb-8f08-4e87-ab5d-f53e15dde48d","CD8_T"
"10742","c1e15546-035e-46c5-814f-ddab2d813398","Bcells"
"10743","c1e2e395-c309-44e9-8f4e-778276d4f0bf","epithelia"
"10744","c1e40022-1f12-4cfe-92ca-5c1c623383b5","epithelia"
"10745","c1e45b8e-9002-4037-a334-46717dd056b1","epithelia"
"10746","c1f0ec0e-dbba-461a-82e4-4ab321085804","epithelia"
"10747","c1f4610a-c49a-41ed-9bd8-6b2de0e6309f","epithelia"
"10748","c1f56486-093e-4f0d-878b-db26c11c84df","epithelia"
"10749","c1fa191a-ddf1-41ca-94f8-5a445f103305","NKcells"
"10750","c1fb265a-2941-43a0-8f07-8bd742b97404","epithelia"
"10751","c200d333-023d-423d-9905-bd114cbfa2aa","CD8_T"
"10752","c207cc9c-f159-4bf7-98e7-17fc385a74d0","epithelia"
"10753","c20a0ea5-f05c-419c-a820-2dee66ee472a","NKcells"
"10754","c2161dfe-b21d-4482-ad00-79c17cf4ed07","epithelia"
"10755","c2218387-0341-4329-8928-f1f73eb4d4d9","epithelia"
"10756","c222c01f-97ad-4003-9b35-05bf721a5ef8","epithelia"
"10757","c22c5264-e8c7-4cb8-9e54-e79c391695b7","epithelia"
"10758","c2301305-a1c9-4be6-bb37-1d662c767de4","epithelia"
"10759","c23d488d-e8bd-4293-b653-626f3c6b6f94","CD8_T"
"10760","c245150d-f0fa-4e89-8a69-db76bff88e47","epithelia"
"10761","c24c058e-284f-468e-8762-6fbe52e4064f","epithelia"
"10762","c2528796-b6bb-4485-9705-d1016edfaf69","epithelia"
"10763","c2537b0e-dbd3-4381-95ff-1c74d30a2e4a","epithelia"
"10764","c25814ca-5681-4cd1-8dd9-afc1b7af9735","epithelia"
"10765","c2609e0e-e829-4abe-b291-f4e38a5abd87","Unknown"
"10766","c2627f47-80dd-4f40-9f8b-ba2e7ca0bd77","CD8_T"
"10767","c2645894-ad2a-4c7f-ad9e-15f949fdd379","epithelia"
"10768","c2674177-b7ad-4614-b498-6b62b76ce848","epithelia"
"10769","c26a55dc-36eb-42e3-954d-46d908f9dd77","epithelia"
"10770","c26c583a-0f2a-4c99-b8c0-62782348f74f","myeloid"
"10771","c26c95dd-5105-4ba8-83de-7a4aae97cd28","CD4_T"
"10772","c26f6bed-e219-47b1-a5f7-d21efc38355e","epithelia"
"10773","c2770e4d-1019-4693-994b-17662edb8e67","epithelia"
"10774","c27a973a-8d7e-4cd0-9ed2-453a8af2a2c1","epithelia"
"10775","c282fa21-5958-45e6-a1c3-193da333ea12","epithelia"
"10776","c28488e2-c07a-4b76-ae47-ad5b3b81abad","CD8_T"
"10777","c290947e-9003-4c95-b509-2f721df459bb","epithelia"
"10778","c2953c98-5249-44c8-a533-8588bba36247","epithelia"
"10779","c2a086a0-2763-4e14-a84b-907a53b17f26","epithelia"
"10780","c2a0b521-512e-4dfd-97bf-8c7bae5d8e10","myeloid"
"10781","c2a78d97-b7d9-4f76-8c99-54c598b66ab7","epithelia"
"10782","c2a7dea1-8431-4b70-a8ab-eb71286b0e0b","Unknown"
"10783","c2af696b-59f9-4d96-a485-07bd667e47a6","epithelia"
"10784","c2b34a56-f400-4955-bd8f-93aa232e02c7","epithelia"
"10785","c2b583a6-d46d-424c-9d3b-3716d040bbdc","epithelia"
"10786","c2b80162-c814-4ebc-bf3b-3985e4e915c8","NKcells"
"10787","c2b8c6fa-e0bf-4152-88ba-78772224ca27","epithelia"
"10788","c2b8cb0b-6f79-4ad8-8094-52797ef62be1","epithelia"
"10789","c2c2eb10-7369-467f-89f1-02a25ff213ba","NKcells"
"10790","c2c3b6d2-601b-42ce-a4d4-61ed5092e849","CD8_T"
"10791","c2c6eed2-fd0e-405a-b5e1-229bce7f4d68","Unknown"
"10792","c2c83827-5735-4578-a013-270b2c2091dd","NKcells"
"10793","c2cbf238-0b0f-4406-a715-2f5273a985eb","epithelia"
"10794","c2ce7d4f-efc4-4f38-b872-57dc51a2a134","epithelia"
"10795","c2d4a915-011e-476b-8fdf-9f2b9dca19d9","CD8_T"
"10796","c2d9f7d8-0e77-4f02-83ef-02eb3ebafcd2","NKcells"
"10797","c2deae81-f685-4317-8a42-05c0fa606bf5","Unknown"
"10798","c2e1046f-98db-4834-a7fe-2417f333d317","CD8_T"
"10799","c2e1d43c-e84a-49a8-adfe-f6b510b6bdde","CD8_T"
"10800","c2e20ca4-a143-4c35-9018-8d5efa29a56b","epithelia"
"10801","c2e22943-afd1-4748-826d-6d4b7d328e6b","epithelia"
"10802","c2f1a696-7f5f-4948-92d1-9a6ba3f238c0","immune"
"10803","c2f4e086-dcff-4fa1-9417-46992a7844e2","myeloid"
"10804","c2fbe6b1-c0e8-4439-8876-95538b65d97b","NKcells"
"10805","c2fc02c3-d7b3-47ad-ac37-464dfe942f63","epithelia"
"10806","c2fddd54-35d3-429c-beb6-7a1d1035843d","epithelia"
"10807","c2ff1989-9393-4295-948b-88d9961dd73a","epithelia"
"10808","c302be30-bfa7-45c0-810d-eda8980d9104","epithelia"
"10809","c3070f06-7590-4e07-8e61-b00fd3a7d4b6","epithelia"
"10810","c318eb36-cda6-435c-8056-97706567c079","Treg"
"10811","c31aa87a-5612-445b-823f-a85e3296abe3","CD8_T"
"10812","c31b5717-cb37-4efa-a507-38549d4d3fdc","T_cells"
"10813","c31c1c69-e234-45ef-b637-ba59b9f9c6b5","stroma"
"10814","c3205c02-2155-4907-8135-247e37623271","epithelia"
"10815","c328ec2d-5e78-460d-8f73-67c15962af76","epithelia"
"10816","c3309f5d-5f70-4f69-b4ba-e426371d6293","NKcells"
"10817","c33a677d-79fd-4ba4-8387-746e3e710c58","Unknown"
"10818","c33b6aca-f657-4a97-b0e8-4f493a828100","epithelia"
"10819","c33e9caa-ef31-4994-b55e-d7e92138f8c9","epithelia"
"10820","c340dc7a-8a73-47b9-9646-1e0c472fd8e0","CD4_T"
"10821","c3425a44-4f4e-4f7e-ade5-9c35f9fd82d3","myeloid"
"10822","c343cd86-ef77-4479-96bd-b22f7b109d7e","CD8_T"
"10823","c343ee79-d3d6-43ef-81c6-e4d574bda706","epithelia"
"10824","c344de5c-b6ee-4e2a-b099-6490e4a1fbce","NKcells"
"10825","c346d9b7-9b8e-4498-8f6b-ffdd02af5ac1","CD4_T"
"10826","c34c1092-ebd2-48a3-a5c4-d440500e04dc","CD8_T"
"10827","c34d32c1-3c7c-4524-9d10-2d07467c06f0","epithelia"
"10828","c3555b52-7a34-43e0-b7e8-cfcea48285d7","Unknown"
"10829","c3605886-2bfd-4b78-b9c6-f1f3b51b74c0","NKcells"
"10830","c363e3fb-acb5-49d9-bc3e-f26f8477e695","epithelia"
"10831","c3708289-a493-460b-9abd-3b760a7e60b7","epithelia"
"10832","c374beb5-457a-464f-960e-c8e784f0a9ca","myeloid"
"10833","c374cbad-13c0-4474-b241-cc5b0104d56f","CD8_T"
"10834","c377369d-6153-426f-959a-8f9ceb2520f6","Treg"
"10835","c37aa70c-eaa9-4e0d-8dca-01f7d2208c0a","Unknown"
"10836","c387e777-1a22-4868-8738-7653ca752cf6","Unknown"
"10837","c388316e-bbbc-40f6-95df-48324d5ce541","myeloid"
"10838","c3900782-3e22-427d-a421-e5d5baa8b15c","epithelia"
"10839","c3a73d52-8146-4384-872c-f790b4aa4941","epithelia"
"10840","c3a790d9-1a2d-4626-93d8-8bc505631d7b","epithelia"
"10841","c3aa5730-8712-4a9e-9ed0-774e9749e8d8","epithelia"
"10842","c3b32715-b911-41e4-8bbd-4955017ce812","CD8_T"
"10843","c3b56ed4-6739-40bf-8bba-ca4c2da662a0","epithelia"
"10844","c3bad610-f76c-424e-978e-f339f171d64e","CD8_T"
"10845","c3bde9ee-118f-49d5-be50-ce7d50945cb1","epithelia"
"10846","c3bf8a5e-2a6f-4c30-af5b-0b51aadac6d7","CD8_T"
"10847","c3c56558-ade4-4d30-a75e-6fc7eb4bb52d","NKcells"
"10848","c3ca6251-7ec7-419e-8ed4-64591985ec01","epithelia"
"10849","c3d2b9f5-e336-4633-ad03-279799893fbb","stroma"
"10850","c3d3c722-3b7e-4788-9a76-1cfd1622e013","CD8_T"
"10851","c3dacf6c-3753-48ac-b983-1eddb31c06a2","epithelia"
"10852","c3db4c61-d1d3-4daa-98ea-e7b614d6e0f2","CD8_T"
"10853","c3dbb030-8d63-4b72-bb3d-46687c6eadf6","CD4_T"
"10854","c3dbdbfc-88bd-4e1a-b484-e40c002d5c94","epithelia"
"10855","c3df112a-8397-4ba6-9bdd-07cf384b539b","epithelia"
"10856","c3e0336a-ae36-473f-8014-ac3b88553cc7","epithelia"
"10857","c3e27885-80a2-46c3-b17d-74e0094a7481","NKcells"
"10858","c3e8606f-a853-4bd5-81ef-8c2ff0d1c080","epithelia"
"10859","c3eb955e-75b9-4441-b302-735957c934c6","epithelia"
"10860","c3f17598-816a-4b45-8fd0-b14cc5333593","myeloid"
"10861","c3f54408-abd0-4e93-a3c0-45ce38bb3f12","NKcells"
"10862","c40601ef-4951-4f7f-a7f7-e2528d2c3579","epithelia"
"10863","c4103f92-0f99-458f-991e-de70648d8d19","NKcells"
"10864","c4103ff9-a1b8-49df-bb6b-6eab167c5084","epithelia"
"10865","c412aaed-fa3e-4013-a376-1e8ecf3d6a14","epithelia"
"10866","c41607ec-d25b-4e10-9614-25c1f67bd74c","epithelia"
"10867","c421d965-5871-4baa-a399-3b186084353c","epithelia"
"10868","c429a2e2-7c1d-49d8-8fd9-f7e99b9c30d6","epithelia"
"10869","c42fb9de-9d38-4aa6-a8f9-316609a6b8d0","epithelia"
"10870","c4312144-c0f1-4357-b979-f617d34adc48","immune"
"10871","c4324805-e756-46d6-b436-a06de547e9b8","epithelia"
"10872","c4328b18-7195-46d6-9778-b9fb518c04e0","CD8_T"
"10873","c4359bd5-9ede-4ae7-9517-cec7e53678c0","NKcells"
"10874","c43e27df-f071-476d-aea2-3836e2d7984d","immune"
"10875","c4426e66-b111-4f13-a582-be93959eb0d9","epithelia"
"10876","c4444a8b-9f6c-4f81-9052-477f87b1bd86","epithelia"
"10877","c445612d-07e6-4c0f-960b-fd67e86fef2c","immune"
"10878","c448d53b-aa2c-472f-b78a-240c5c61ad9e","NKcells"
"10879","c44a25a5-7519-428a-a0d0-afbe49be916e","endothelia"
"10880","c44c28e8-2f15-4400-9594-431236452867","CD8_T"
"10881","c44ca812-d0b5-4d82-9698-d12429b0f403","epithelia"
"10882","c457918b-df11-48bc-9326-7dfb48b022d4","epithelia"
"10883","c45aed3e-0ae2-43a4-ba63-3eed7227a768","epithelia"
"10884","c45d7544-3b29-486d-8840-8ddcb3022488","NKcells"
"10885","c4633dc9-d95b-42ea-8938-b8975ec9bfdc","NKcells"
"10886","c46359a7-df19-4f4c-b06f-1a1aa36c4a47","NKcells"
"10887","c4734d3a-cba3-4278-bcef-69f4bdea7726","epithelia"
"10888","c4734d56-b120-4ae0-bfc6-9abe4bdf5e31","epithelia"
"10889","c481c4ec-108d-4569-aa27-61c2d47b9b2e","epithelia"
"10890","c4828a49-22c1-4c2b-b68c-0868d34ceb00","myeloid"
"10891","c483e94a-d3ae-47c2-a541-16673d56d704","epithelia"
"10892","c486b355-26c0-4d38-9af9-9aae224a7164","epithelia"
"10893","c4881bd2-45d5-49b5-837a-8f930c38633c","epithelia"
"10894","c4928e64-b545-437d-b091-97eef9acd51f","Unknown"
"10895","c4a4049b-9ae9-449b-8070-89c96c4bc9eb","epithelia"
"10896","c4a95eb1-87fe-45f8-b943-99bc43f07402","epithelia"
"10897","c4ac0ec7-3a4e-407d-8f4d-54a4312d68fe","CD4_T"
"10898","c4be735d-85b3-462c-aaaa-eff2bbe690bf","CD8_T"
"10899","c4c44aa5-91fd-4b2d-ac93-052da6402028","epithelia"
"10900","c4cb4ee8-6303-45b0-a965-81e8fd2df9bd","CD8_T"
"10901","c4cf2547-8733-431d-89a7-985aacaae486","epithelia"
"10902","c4e3a2a2-a0d3-4272-a85a-c46fe0dec7b6","epithelia"
"10903","c4e3b875-62aa-41eb-8f2a-dd365c9f4647","immune"
"10904","c4ed606b-089f-4c3c-b273-8e9c6ee14fd8","epithelia"
"10905","c4edf65d-b73a-46cc-9ce6-04b2fc1981e7","epithelia"
"10906","c4f3e3c7-4ce6-459d-8c18-67ab4bff7bc9","Unknown"
"10907","c4f588aa-c3d5-4865-b43c-70ec0778e5cc","NKcells"
"10908","c4f80886-e0c9-435c-a4ba-0385ad32a0cf","epithelia"
"10909","c4fa983d-3b3b-41f0-b94b-c94927d22c47","epithelia"
"10910","c4ff150f-d499-4650-b4eb-172cc6f93547","epithelia"
"10911","c50138d9-0789-43c2-861e-af7921e9430c","epithelia"
"10912","c5076aca-a096-4187-8d3e-e2d9e569a6b8","epithelia"
"10913","c5078db8-186a-476d-b714-576664684313","epithelia"
"10914","c50b5168-b694-4498-994f-181ebd0fc802","epithelia"
"10915","c50c0f2d-8c79-4990-9eba-540d63d9bdfb","epithelia"
"10916","c50c5287-7141-49a7-be84-c3130e23608c","Unknown"
"10917","c50f4ad7-85a2-4331-8e0c-2260c10d7ced","NKcells"
"10918","c51a93c8-6884-4ed1-b66a-9f47924a32e2","NKcells"
"10919","c525149c-b7b3-4ddf-b32c-cef64d3d173d","NKcells"
"10920","c531a9c2-ff84-4f90-b8c7-aa4e7114d3a1","immune"
"10921","c533e8cc-66be-49dc-989a-c3011834aabe","CD8_T"
"10922","c538709c-0c8c-47c9-8e08-6bbbfb5d5999","epithelia"
"10923","c53e502f-02f3-4f50-801c-2956895bce99","CD8_T"
"10924","c53e7801-c17a-4e11-814a-63d2654814c3","epithelia"
"10925","c54e2ba6-f4a9-4606-8c1e-a976b7e5a3cd","epithelia"
"10926","c54fe0f4-89f2-43a1-aea0-f9a6537cf65d","Unknown"
"10927","c5567e11-2f88-486e-aa76-890d8b5a1633","CD8_T"
"10928","c5587817-aea8-4ecd-8bcb-2371262dbd05","epithelia"
"10929","c558a01c-3a74-44e5-ba71-4eb311c4c5b1","epithelia"
"10930","c55933ff-6e1d-403a-8847-236b7b35fe5b","epithelia"
"10931","c563b46b-94f6-4682-b560-3324ced301a2","epithelia"
"10932","c5669131-1f9f-4588-81e3-e54230a698f6","epithelia"
"10933","c568a015-2003-4668-903e-ceefa691bff6","CD8_T"
"10934","c56cf81e-81d1-4013-b00a-f44fc11bc067","epithelia"
"10935","c5729038-bda5-4454-8033-0a9e4dd29269","epithelia"
"10936","c5767c69-143b-4826-b409-cb100034bc36","epithelia"
"10937","c57c61b5-479b-406e-9f95-7543798aea5e","Unknown"
"10938","c57cd4d0-b3d6-4c89-ba70-4062bc782b33","Unknown"
"10939","c580015b-eb47-4c2e-8140-932efb3031a5","epithelia"
"10940","c5806035-9c2f-49d9-9597-a2c75fdda097","myeloid"
"10941","c5828a72-f042-4396-a169-e8b0ac482d5b","NKcells"
"10942","c584fc3e-dd0c-4d63-8b63-cbc809695a22","Bcells"
"10943","c588c646-d3d0-44dc-9a05-3bf1697f0ab2","Treg"
"10944","c58e8e19-5840-4ced-a5ea-675285f49a34","epithelia"
"10945","c5a03ad6-ec06-4d12-9026-037a99fce9c8","epithelia"
"10946","c5a18a8c-c436-4e9b-810b-31f1f0f8c3d2","epithelia"
"10947","c5a25fea-1f8f-44cd-9b0d-5c81105d901a","myeloid"
"10948","c5a3f9ee-e35f-4079-812a-d4ac6c5ee935","epithelia"
"10949","c5a59b72-8391-4f47-a674-238764277264","epithelia"
"10950","c5a7a2d3-1509-4170-b699-e4928ff52784","NKcells"
"10951","c5aa1764-00c8-4e74-91ab-dff60abd7772","epithelia"
"10952","c5bb2708-9920-4850-80c2-aad4f6ae0d97","epithelia"
"10953","c5bc862d-ee0b-45e4-8b94-7d00e923f63f","Unknown"
"10954","c5cf55eb-33ae-4665-910c-1eb65d7289e7","immune"
"10955","c5d0367f-219b-4157-85f3-e27fd363b87f","epithelia"
"10956","c5d20259-1c86-48cc-baf5-623d2c74a837","CD8_T"
"10957","c5d7cf99-cb39-490c-8fb8-246fd9ceffe2","Unknown"
"10958","c5d7e5ed-6f0b-4b2b-8565-b2c700f72671","myeloid"
"10959","c5ddd241-d62d-461e-9af5-5816bd8189c2","epithelia"
"10960","c5e43721-6ff1-4694-92e9-07388f758665","epithelia"
"10961","c5e8ea06-d287-4614-8b03-a2c29b5b3951","Unknown"
"10962","c5ec4551-c5fd-4aeb-9f9c-b3440a29f5d2","epithelia"
"10963","c5f10191-d92e-4a2a-bdf4-364dc88f5e89","endothelia"
"10964","c5f99aef-bea5-427e-8af7-af5d08e1b602","epithelia"
"10965","c5facbee-fdbf-4396-be30-946cfc83a585","epithelia"
"10966","c5fc1e33-6f3f-4855-a6ca-68da2e375bb7","epithelia"
"10967","c6044277-f6c9-4d24-a8cc-60b02e316fda","CD8_T"
"10968","c60496dc-c6bc-415a-bade-4eb130eeba19","epithelia"
"10969","c60a21e3-d73b-47eb-b168-428951c1f072","epithelia"
"10970","c60b41fb-2a61-4f1b-8533-e00d44413632","NKcells"
"10971","c6115db5-8064-4de4-af4a-bc6e1411abd7","epithelia"
"10972","c613c803-9651-4eb1-865e-f1d858aae8d3","CD8_T"
"10973","c61be963-bd43-4b2c-a011-8e41927f3c47","NKcells"
"10974","c61f094d-1301-4aef-a744-c85c45626d8a","epithelia"
"10975","c6233593-f341-47cc-8736-c45f7a2b071b","NKcells"
"10976","c62b3f8e-cc58-4ca7-92a6-60b3b205694b","epithelia"
"10977","c62b6559-d33d-484e-90dc-683c706d9bac","epithelia"
"10978","c62e206a-c2e6-4ab4-a463-99d9d575f0bb","epithelia"
"10979","c6306fc1-d8a1-4371-a51e-89bcf1a63670","epithelia"
"10980","c6309479-03fa-41ec-a867-69daac748c59","NKcells"
"10981","c6316440-6784-41e1-8160-7c8b317dd6e6","epithelia"
"10982","c641443a-e1ab-45f2-832e-94b14673bca5","NKcells"
"10983","c6433921-4e66-4448-84de-1c5066478e28","NKcells"
"10984","c6455692-42f2-4547-ad5f-08dd212ed71f","NKcells"
"10985","c64637ff-9a4d-4617-bc50-ff75f639c4e5","epithelia"
"10986","c654c9ac-f7c2-42bf-b979-b147469e9709","epithelia"
"10987","c65ef2b1-e7e4-45d5-9b50-8d7231e171a2","NKcells"
"10988","c6702a50-3849-450a-9883-5dbf43ba181f","endothelia"
"10989","c6729ab1-14ce-44c3-b1b8-5538ed8e3a94","epithelia"
"10990","c6736023-176d-4da1-a082-24b5d91e8215","Treg"
"10991","c67a032f-2b9d-4943-8d84-ed885273c0ab","epithelia"
"10992","c67ad6c7-9902-4d13-8e31-630ea7b8da2a","epithelia"
"10993","c6801cf6-c380-4908-8722-c9bf03891060","NKcells"
"10994","c6830b2c-95d5-4b0a-85fe-e30086d143f6","NKcells"
"10995","c684d657-f7d1-4409-bad3-ea204d9cca3a","myeloid"
"10996","c6872a03-03a4-4a32-b10d-3cad7badb308","epithelia"
"10997","c691bfbc-3cc1-4673-a989-b0f6e9442da6","epithelia"
"10998","c699ec69-645e-42bf-99a4-b218165835f1","epithelia"
"10999","c6a2939a-cc92-453d-b135-56dfb569a71a","epithelia"
"11000","c6b1e3af-c78b-43bc-9895-c002a23dddda","epithelia"
"11001","c6b50917-59d9-42ee-9282-e20091ed42ff","epithelia"
"11002","c6b5b78d-e632-426e-96f0-b3060b575841","Unknown"
"11003","c6b787e4-de9c-4e55-ae74-12019ca8ca05","epithelia"
"11004","c6c005f6-2183-47cf-9295-ec6e208c4961","epithelia"
"11005","c6c3d7b3-ba0c-4a07-b829-61e98c180b4d","NKcells"
"11006","c6c48a15-edef-426d-ba59-cdd4fd579b76","T_cells"
"11007","c6c6b5c6-a6f2-43ca-b926-563ae79c09bb","epithelia"
"11008","c6d9dc60-27df-4b2f-b214-24dcf38ad6d1","NKcells"
"11009","c6db08f6-c4e5-4382-9a6a-958a83ede2ff","epithelia"
"11010","c6e7a8d7-ea75-4343-85a1-790da8c8c4c7","epithelia"
"11011","c6e93c5b-698b-483e-a0f0-9f5655c6b2b6","Unknown"
"11012","c6ea4cc3-f7f7-46ea-a2a9-1b056c7958dc","epithelia"
"11013","c6eb8284-f82b-473a-bd9d-d70bda096cfc","epithelia"
"11014","c6ec1409-46cb-420f-a014-5d71cc4d77e1","epithelia"
"11015","c6efbc5c-ce10-447f-bb2b-64ce5d4a2359","Treg"
"11016","c6fa8ea0-0b64-472c-9c37-0f7d4eccd60b","myeloid"
"11017","c6fb155f-bd7c-4f5c-ad4a-b4112d925763","CD4_T"
"11018","c6fefb7d-06d7-4284-a082-5f31506c6012","myeloid"
"11019","c6ff4b0b-19d0-4fa9-b590-2cc9ad28a725","epithelia"
"11020","c6ffae4c-d2ce-4f4f-8478-b02ab7632880","CD4_T"
"11021","c7002470-43f8-4ed6-a570-c688ddf9e7fa","Treg"
"11022","c703c6a4-e071-49b8-a7d6-cf5ec8630d3c","epithelia"
"11023","c70430cf-2b56-4099-8515-587dfff3e31b","epithelia"
"11024","c7127e4d-3500-4cc1-b93e-c136d7aebd7b","epithelia"
"11025","c7142fb7-4e56-4a23-a1ec-ccd149c0b8ee","NKcells"
"11026","c7168fd5-77a8-4bf3-9689-75053596c003","Unknown"
"11027","c7219c42-b770-45e9-bc38-a24582211053","NKcells"
"11028","c7220b4f-a74f-4b54-8968-f3dd96caaf0f","epithelia"
"11029","c722bdac-4908-4065-b51a-d398f185474d","myeloid"
"11030","c72b104e-1b15-4e89-a7fe-efdf4cf6fcbc","Unknown"
"11031","c72cd840-593c-4372-8b87-f6eb64341610","epithelia"
"11032","c733c5d5-19a6-43a9-b375-48a92c9b16bb","CD4_T"
"11033","c7385985-d64e-461a-a012-8a676ea06163","CD8_T"
"11034","c73f70a9-a3a5-436e-b2d7-17817d774582","NKcells"
"11035","c744cefe-3e52-443a-94cb-3c02bf7b04ae","epithelia"
"11036","c74abfc9-d712-400d-8c33-efb18ebfa455","epithelia"
"11037","c74d3d7f-658c-424d-b2cd-7a9df4a67de1","NKcells"
"11038","c7519dfa-1d58-4e38-b372-b2877f16b6b7","epithelia"
"11039","c7534b4a-3f96-4956-9aa6-8deedfa269bf","epithelia"
"11040","c7623f0e-6f59-49da-98b6-8628cf618ff1","epithelia"
"11041","c76537ff-1895-4e21-9ee6-d5fb28165b1a","epithelia"
"11042","c765cfbd-1fed-4925-9104-f9f469b19956","epithelia"
"11043","c7689823-abb5-4c48-9997-cc02c15abcf5","epithelia"
"11044","c77899af-0f5f-497f-aea1-dbb8021b0217","epithelia"
"11045","c782c3cd-dd66-4628-bda6-e210ea424327","NKcells"
"11046","c7842102-5f45-485c-9b6e-f1e55f121119","epithelia"
"11047","c7853ea4-9acb-41aa-b244-c5879c2feab5","epithelia"
"11048","c785c03f-73aa-49ed-bbc8-2a7c0b13e97b","epithelia"
"11049","c79831b4-3a97-4995-a33e-348d6bb498cd","epithelia"
"11050","c798f3d7-2fbf-4184-8b8f-ac83922b6f7e","epithelia"
"11051","c79eaa24-6f1f-49f3-9d44-64fdcce0c92b","NKcells"
"11052","c7a085f6-c2da-4be2-b223-defaf78cf2fb","epithelia"
"11053","c7ad11f2-57dc-40a7-a010-1d6b6bcebfa0","CD4_T"
"11054","c7b7813e-daac-445e-9f98-7e09b9b88d20","myeloid"
"11055","c7c78e77-c4b1-46a2-96e0-aa4b2688d8d6","epithelia"
"11056","c7c912cb-8c6a-4184-af3b-68f7645be838","epithelia"
"11057","c7ca0e31-cc49-408f-899a-969c380beda3","epithelia"
"11058","c7cc5ede-6bc0-4d54-9a22-b5d8549590d1","epithelia"
"11059","c7d2eb20-4156-4ed6-91f7-724e871da66a","epithelia"
"11060","c7d675fc-75ef-4f42-b3f6-933307446182","epithelia"
"11061","c7d68731-4798-4c08-a61d-113ffd7949f3","immune"
"11062","c7db055a-c4b0-40d9-86ec-f03b874cd7c0","epithelia"
"11063","c7eb7e19-698b-4b5d-8ebb-8957c5548cec","NKcells"
"11064","c7efda09-a754-4220-b78f-b79452821ba2","epithelia"
"11065","c7f2fc91-08a0-4644-af3d-405e5d4cc1ef","myeloid"
"11066","c7fb5c9a-c508-4cad-87fb-7443c3cd73e4","NKcells"
"11067","c7fbaf23-3e3e-4a14-a07d-f21662768011","myeloid"
"11068","c7fd4d02-fd44-4f06-b64a-67a5567a576a","epithelia"
"11069","c80425ef-744c-456b-908f-47ae338ed15c","epithelia"
"11070","c806f0c5-a49c-47e8-bdcf-ce58a86cbdaa","NKcells"
"11071","c8094f21-24d6-486c-b578-d631e174ef5b","epithelia"
"11072","c809a7d3-e8fc-4c0f-8897-f505b32846ea","endothelia"
"11073","c80c9e29-c7cc-46c9-a52d-d35efe8af51a","Unknown"
"11074","c819468a-ff2f-439f-a234-d2330788d68b","Treg"
"11075","c81a6c5f-c392-4ce5-8f81-ff5b641cbe9f","epithelia"
"11076","c81e1b8f-a678-4028-8df9-bb6b9bdabc11","epithelia"
"11077","c821b258-86c1-4772-9328-dd91996e13de","epithelia"
"11078","c821debc-b80e-4407-8d23-c1c57f6f2d58","epithelia"
"11079","c822285d-dafc-4ebd-8385-bb5dc07fe6fa","immune"
"11080","c823da84-7713-42dd-a2d2-3a5e0ad8a776","NKcells"
"11081","c82950c9-4ee1-4ccc-8379-72737cb64c0c","NKcells"
"11082","c82a24d9-a819-4428-b3cc-92ae8543376d","CD8_T"
"11083","c82f8bf6-66cd-4205-ac79-0585b28cbdc5","T_cells"
"11084","c844f64b-bef4-4c25-b7d3-bc7457be21f6","epithelia"
"11085","c8458314-96e5-4683-b8ec-13b0bc2ee4ce","epithelia"
"11086","c849cc51-9470-49cc-9d5d-7948aab1816b","epithelia"
"11087","c84ac264-c7a2-48f9-a10c-8dc7ca17411f","NKcells"
"11088","c8512bfa-8141-4dcd-8f1a-f4d4ee915ea6","Unknown"
"11089","c856e182-0735-4bc4-b9e5-7dc4b43f4837","epithelia"
"11090","c86055d4-357a-4f98-9a0e-d983ad4f95f2","endothelia"
"11091","c860f2ce-4075-4f1c-bebd-61761092da57","epithelia"
"11092","c861a21d-2ecb-4999-83ef-3f0d9d2d9199","epithelia"
"11093","c861d7bd-729a-4a0e-9cb4-29437a42632e","epithelia"
"11094","c8695a04-7843-409e-a082-04b4148d508b","epithelia"
"11095","c86c3d98-a37f-47c8-8857-9df50a41b542","endothelia"
"11096","c86cc09b-fb21-4304-9d41-3faa355d01a8","epithelia"
"11097","c87229bf-c1c5-4f26-a03b-a01cd588a4b8","Unknown"
"11098","c875afe3-8b32-4c73-aba3-720ef6b7bd99","Unknown"
"11099","c87b2f65-62a7-4929-8bb7-4ff54ce45bb4","epithelia"
"11100","c87c16d4-ffb5-4c07-a814-ed169cad2fab","epithelia"
"11101","c87d1306-807e-4dde-9c7e-db2f12505276","CD4_T"
"11102","c884f128-63d9-4176-9ff8-f22fd803f984","epithelia"
"11103","c8898128-1ea4-469e-b775-a63c55c7020d","Unknown"
"11104","c889bb1a-1200-4488-a43c-7357e58cf4b0","NKcells"
"11105","c895640e-f90e-4914-ba44-eb10732682f5","NKcells"
"11106","c896fa1c-b7fe-4d3c-925b-1c5a4f507927","Treg"
"11107","c89b57af-1a59-43c3-8673-59889ebb3f08","epithelia"
"11108","c8a2bf78-1fce-4d87-b6d3-04bfd83b6cb0","NKcells"
"11109","c8a6d289-47c3-4de7-b3bd-e5a2e5f7aa0e","CD8_T"
"11110","c8ad6234-ff68-4c92-a64e-aa450471bd2b","Unknown"
"11111","c8b1794c-3200-4687-8770-cdd8db8f0b88","CD8_T"
"11112","c8b4f85c-f6d1-4bcd-aec5-dd38bd3cce5f","epithelia"
"11113","c8b6be42-1197-4d78-9c7d-6b5781eaf198","epithelia"
"11114","c8b83083-88d8-40f7-acac-52d408f6efca","epithelia"
"11115","c8bb4f32-0bfe-4c29-b8a2-45c3bc255908","NKcells"
"11116","c8ca6d26-cd33-4c9f-9b0e-181ef9c14d6a","epithelia"
"11117","c8d0c491-ffa2-4f91-8ebf-dd1563450a70","Unknown"
"11118","c8d21c5f-2d4f-45b7-a8a9-a07ff7931412","Bcells"
"11119","c8d27a4b-9ff5-4c3f-9248-d66b8d666926","CD8_T"
"11120","c8d960e7-b4bb-4307-8794-41971f1153da","CD4_T"
"11121","c8df443a-3382-444f-bb0b-36bc4eaaf847","epithelia"
"11122","c8e30f9a-b832-4305-abff-d4454851db69","epithelia"
"11123","c8e63f90-9a7d-4440-a0f1-791048531515","myeloid"
"11124","c8ebf422-8e94-47d8-8e7f-074604bfcf60","epithelia"
"11125","c8ec9b5a-4eaf-4e67-8074-b29ebb9486b1","epithelia"
"11126","c8f11411-19d6-4e57-982e-6c1f50989a1c","NKcells"
"11127","c8f302e7-c8f2-48b0-b44a-223e1c17c2c5","epithelia"
"11128","c8f46a75-7c25-4438-9a3a-2a5e8df57696","epithelia"
"11129","c8f4c33b-0a31-4548-8abd-2ad1b88f3f83","epithelia"
"11130","c8fc3425-5d5f-4810-b8fe-7c6f307aea5c","Unknown"
"11131","c8ff491a-cdcf-4ebb-a382-88a351fc3830","Unknown"
"11132","c902455c-f07f-4a26-8883-9358482e9f6c","epithelia"
"11133","c9069e44-a30f-4869-8b36-eeb31060a076","epithelia"
"11134","c908ac52-3e0c-4e44-b39d-fc2c9509f104","epithelia"
"11135","c90d7d00-c56a-4d24-bdf6-bcc72846a38b","Unknown"
"11136","c914f1d4-1260-4dc8-9648-98843ef933f4","epithelia"
"11137","c9201a6f-b262-44b4-8d62-f83e6e7090d8","epithelia"
"11138","c9221186-4fb8-49e8-adbf-a8f6ca869cc4","endothelia"
"11139","c92b7e72-b092-4b54-9916-9e8fd41434a9","Unknown"
"11140","c92bbd7d-d42c-4f86-b36f-56c9d3f53532","epithelia"
"11141","c92feb1b-d292-4c75-84b9-e23e32d5cf04","epithelia"
"11142","c933ea3f-6395-45cf-9df9-30906db0498e","epithelia"
"11143","c934058f-47df-4faa-a37d-a52668978e36","epithelia"
"11144","c9340fb4-a928-4fd6-b68c-f0e24b7aad57","epithelia"
"11145","c938adc2-a8cf-411c-81eb-c88fa4e93608","epithelia"
"11146","c93b9caa-8d3e-4211-a06f-b6dd144f90bb","immune"
"11147","c9413452-3d20-4eb3-84c5-abbf8f8671b0","endothelia"
"11148","c9428a6f-e1ee-41eb-91cf-71d1d918cd8e","epithelia"
"11149","c942b81e-8b80-4e57-8742-12de132982b9","Unknown"
"11150","c9434e09-501d-430d-8a58-91c0dae89862","epithelia"
"11151","c94356b1-ad18-4910-85c6-3524a885b786","epithelia"
"11152","c9443242-6ec0-42ce-b2e4-872c1b678263","epithelia"
"11153","c9443889-a0cb-4d27-809f-197b62361c1b","NKcells"
"11154","c9456778-fd27-4b2b-983e-4d033808a182","epithelia"
"11155","c94568ee-b342-408c-ba46-ec9fa19e167b","CD8_T"
"11156","c94b12c9-1765-4b02-8a79-47299374497e","epithelia"
"11157","c94c97f1-f8d4-4d88-be8b-95440cf22fb5","NKcells"
"11158","c94d29ca-d300-4f82-89ac-df39b45574cb","Unknown"
"11159","c950d3d4-c24a-4178-b234-0b09c6c531f2","epithelia"
"11160","c9526dfa-7485-4d93-9efc-ff133babb7bc","epithelia"
"11161","c958f236-f899-4e39-bb06-1278a272e6ac","immune"
"11162","c95b1ea8-60e6-429d-8a42-00a292e2a920","epithelia"
"11163","c95c812e-e841-4f31-b42b-ac15c05a9488","epithelia"
"11164","c963c9ab-182f-4a17-83fa-d536e93cdc20","CD8_T"
"11165","c9659b34-4928-4875-b61c-90e46cce1232","NKcells"
"11166","c96e80c6-c30d-4001-beda-ec45ccdaaef3","epithelia"
"11167","c971f3a2-de98-47e7-88c1-33c51107d8e6","epithelia"
"11168","c973e8b5-bce4-4d72-b4ff-08d698b05856","epithelia"
"11169","c977bd6f-39fe-48b7-8da7-edb006e4d174","epithelia"
"11170","c9782e0b-3fb0-4d10-908b-8a8971f74d95","epithelia"
"11171","c97bce99-2df8-49c6-a5cb-d3478c936055","epithelia"
"11172","c9829b3f-d4a1-4931-8d1b-1529e7baae16","epithelia"
"11173","c98600eb-10d6-4066-a4f5-4aac0c6ae047","endothelia"
"11174","c989190a-6d95-4cf6-a983-a185fa3ab044","epithelia"
"11175","c98d562d-dfa0-4774-b1f2-dea12c188cbf","NKcells"
"11176","c98eccca-c00e-4d06-8298-8afbe1598ec1","NKcells"
"11177","c9975f03-7d77-4071-95f7-e5fa720fee0c","stroma"
"11178","c9a08f5f-b3d7-4976-9de8-e05f4b0abef4","epithelia"
"11179","c9a1320a-5eb5-48ea-a51c-2acbb93ac386","epithelia"
"11180","c9a3bc65-ac4a-4f33-ae2f-273e789e3103","epithelia"
"11181","c9a5c6fb-6478-4e91-b219-edef1684e937","CD8_T"
"11182","c9aea143-8bbd-4494-b1e0-7e94cd78708f","NKcells"
"11183","c9bcbc98-f51c-4816-a7dd-693809d049d1","immune"
"11184","c9be39d2-554e-4cec-af6a-76b43ede8609","epithelia"
"11185","c9d637f9-c1ef-49ba-b594-a5e740ba8c91","T_cells"
"11186","c9de999c-f31b-463b-bcd5-59d3dc250d09","epithelia"
"11187","c9defa50-fac6-4c3b-8277-637d5db34a65","epithelia"
"11188","c9e02535-4910-47a5-876f-1edc7d3091ed","epithelia"
"11189","c9e2cca1-2c39-4b93-ad01-cd04e468f574","immune"
"11190","c9e9eac8-0f6f-484c-baea-c1b78264e0b4","epithelia"
"11191","c9ea6cb9-bb88-4504-9c8a-0f9974cec991","epithelia"
"11192","c9ec93a1-4459-4c0e-8736-e11fdd47bbf3","immune"
"11193","c9f54d85-833f-4c75-91f4-8635b7aaee50","NKcells"
"11194","c9f790d1-f3a2-4cbf-b876-7066716b50ac","epithelia"
"11195","c9f8da25-8a05-45ce-ba1b-6d3446ab1464","epithelia"
"11196","c9fbe5ec-0672-4e65-a024-aaa4bcf15d35","epithelia"
"11197","ca05e39b-9de1-43e5-9c28-1769c669f73d","endothelia"
"11198","ca083ce0-eea0-4bb8-8042-29595b3b38bb","epithelia"
"11199","ca0c43b4-bdc0-4a36-bb81-d2e5b5eb9a03","myeloid"
"11200","ca0fc617-53cb-4720-9048-2c10fe9076bf","immune"
"11201","ca14c642-0c4d-479b-babe-7fdaa19e05bf","epithelia"
"11202","ca15f268-5dac-4f3d-8872-80724b01e812","epithelia"
"11203","ca183410-63f0-4ab1-98af-27e400f4cffb","myeloid"
"11204","ca1e54c6-c704-43cd-b346-e1438b9eff99","epithelia"
"11205","ca2793f4-1fb9-4efe-9225-8d2d5919f880","epithelia"
"11206","ca2ca9a0-5563-4803-ae58-ca19d2ef6f21","NKcells"
"11207","ca2cd405-ec2e-43f3-a8a4-60a764604dd8","epithelia"
"11208","ca2fc218-fcee-409f-8b5c-4109e301f49c","epithelia"
"11209","ca3178a1-8097-4904-b496-4bcebdedf3a3","epithelia"
"11210","ca375f68-8cf4-4b52-a42d-3e5f81b999e3","epithelia"
"11211","ca38d4ab-998b-49ed-9d9f-c052b134eb09","NKcells"
"11212","ca4bc47d-1771-4257-acbc-9e400e194823","Unknown"
"11213","ca5202e0-16bf-4ca9-b1c6-b5a477dcd4a2","NKcells"
"11214","ca5bf7a6-1396-47fd-b85f-51f1a384a5ac","NKcells"
"11215","ca5e8468-bd23-469b-8378-993b53a7de55","epithelia"
"11216","ca62935c-51bb-41e3-b3a8-eda3cc165951","epithelia"
"11217","ca677c56-f3ab-4699-ac21-2fcbbb27e356","epithelia"
"11218","ca67a6c6-edf0-4a35-ae7b-457bc1d30ef6","epithelia"
"11219","ca68cea9-a335-4ce5-9410-201b85ead201","epithelia"
"11220","ca6e124d-6625-4e2f-b9ef-165ea656ff66","epithelia"
"11221","ca6e5d55-5822-4ab1-8c2f-fb03864a1406","epithelia"
"11222","ca71089e-d892-4e69-98ad-1f74294def3f","epithelia"
"11223","ca732d26-3dc3-4662-be79-328179392556","Unknown"
"11224","ca7a9d7e-aefc-461c-90ee-7696319e597e","epithelia"
"11225","ca7adc0c-639b-4eef-9923-1ed5d32b8f01","epithelia"
"11226","ca7b3e7f-5ab7-4cbf-89e4-8acda7bc8807","NKcells"
"11227","ca844d72-6a74-40a6-b13e-ec5fa510f4c0","epithelia"
"11228","ca8e6427-ff53-48be-a57c-5838c3583fb8","epithelia"
"11229","ca91ac5b-6997-449c-b8d4-3481d958267f","epithelia"
"11230","ca9ce5bb-f2cf-4387-a9ed-56d39961b2d8","epithelia"
"11231","ca9e66a5-e6f2-4e6f-98fc-92eebdb27768","Unknown"
"11232","caa1ee27-c42f-4390-be7c-da9e33ed1989","epithelia"
"11233","caa72808-451c-4d0f-bdd0-adfd112100cf","epithelia"
"11234","caaa66db-57de-46cd-810e-25c545b076e4","Bcells"
"11235","caaa7f39-a5af-44cd-b01b-e15bd8773557","Unknown"
"11236","caad8d24-27b4-4227-b327-a4868ee27b40","myeloid"
"11237","cab3189d-0235-4b7c-b791-fd897f18fe1a","CD8_T"
"11238","cab5f38c-557e-4c90-90ed-4b29e80f0291","epithelia"
"11239","cabd74dc-981b-4576-b1a3-863541a12168","epithelia"
"11240","cabe8c95-c3b2-46ee-aab8-0c4b872fef51","epithelia"
"11241","cabed318-f630-43c1-93ee-29a2af82d986","epithelia"
"11242","cabf6f33-b2a1-44a2-a2b7-db3c889f253d","epithelia"
"11243","cabf7370-97b3-431f-ad6a-178506f9081c","epithelia"
"11244","cac5e037-4d8c-4cd8-b3a4-397937401d45","epithelia"
"11245","caccb181-5d0d-4856-9f94-ed1201fde494","epithelia"
"11246","cad38932-22a3-486b-91b9-9d85157a7b8d","NKcells"
"11247","cadd0d2b-c0a1-4828-80d0-955123c2db79","epithelia"
"11248","cae343f1-ff36-44f7-85b4-373da5cf38a6","Treg"
"11249","cae73e6b-d517-4ab2-b389-7956a69a6f0e","epithelia"
"11250","caf9a43c-b4e2-4c3d-8c98-dccafc314bb0","epithelia"
"11251","caff59b9-2cf8-4399-9cd7-7404770962ea","CD8_T"
"11252","cb024f73-7872-4882-8a4c-d2c04ed9920a","Unknown"
"11253","cb058a7f-29f1-4a0f-8e40-4686d0d389bd","epithelia"
"11254","cb0ba51c-cc59-44cf-81a8-9348176a041f","NKcells"
"11255","cb0f217a-a112-464b-8324-9a24523851a6","epithelia"
"11256","cb17ca70-affb-4a70-97dd-3122193962a0","epithelia"
"11257","cb1a18b3-6266-4bb9-8be2-2896f0ea806e","epithelia"
"11258","cb1b1701-3795-408f-9507-73a9aae54aa5","epithelia"
"11259","cb1d248d-6856-4ec6-81cb-7eebc681a816","epithelia"
"11260","cb200c55-b5ec-4783-8f37-347f1c0ff0f6","NKcells"
"11261","cb20e443-8bc6-47a8-b3a1-21d3e5921c51","NKcells"
"11262","cb35218a-1d7a-4b2d-ae16-b5ac086b5c5e","epithelia"
"11263","cb3f5cb9-835e-4910-a170-bfb54b88ac05","epithelia"
"11264","cb469df8-33cc-4b26-a2e0-c3f3158aebed","epithelia"
"11265","cb491ce2-9f25-4e44-8fd9-118d49350c77","epithelia"
"11266","cb4c7d84-9dd0-4310-ab9f-d5a9d96966b0","epithelia"
"11267","cb4f0208-49c2-4c2e-9854-2db3e15e7177","endothelia"
"11268","cb5086cd-2fab-4be0-9109-4ec7bf089a04","epithelia"
"11269","cb545cbd-bbbc-48b5-867c-596adaf94840","epithelia"
"11270","cb58ba43-61a1-4fb1-9a0a-82d0b264927f","epithelia"
"11271","cb5a3e4e-65e8-48bb-be78-6c92593d3418","epithelia"
"11272","cb6ca184-dbe6-4e60-9b17-69fb2b07f36e","Unknown"
"11273","cb7140b4-eb97-41a3-a842-202bf76f37e8","epithelia"
"11274","cb74ec7b-6866-4699-9de1-05bb4d969bc7","epithelia"
"11275","cb78109c-de4f-4725-881a-65a41f31ea96","CD8_T"
"11276","cb793cfc-6786-4e4b-a7cb-38f38e5cf838","epithelia"
"11277","cb793dab-106b-449f-8edf-dac058bcfdbc","epithelia"
"11278","cb7b9e6f-3579-4873-9f6d-9bd597a41ec0","epithelia"
"11279","cb8d08e2-dabc-4a00-8271-56bef5e0f124","CD8_T"
"11280","cb8f592c-4f59-412f-b4c3-6270da5c7fdc","epithelia"
"11281","cb935a6b-32b6-469b-820c-ee1c9e411bc3","epithelia"
"11282","cb9752d6-8b19-44f0-ad63-6c61a6caa488","immune"
"11283","cbaab748-6383-46c3-a46b-d8856d2aadf8","Unknown"
"11284","cbad16db-0452-4547-9b36-ac78ffe7d431","NKcells"
"11285","cbad592e-1451-43b4-bb13-82f77a281b78","Treg"
"11286","cbb3484f-215c-4418-b196-c9c5342efa23","epithelia"
"11287","cbbd8adc-ba83-42ad-b4f7-a16ae185467b","Unknown"
"11288","cbc4a157-bed0-4337-9676-64b2bd62f0df","NKcells"
"11289","cbc78e69-a65b-436c-bfa1-bc63688ab4f6","epithelia"
"11290","cbca3fa4-b8be-4e64-b569-f41a9a16749b","stroma"
"11291","cbce46d0-da47-4292-9904-fb74d8aa6016","NKcells"
"11292","cbd96001-84c5-4838-bb14-b5854bf51cdb","epithelia"
"11293","cbde4abd-303b-48ce-8db2-346614991937","Unknown"
"11294","cbe3e4e5-2a74-4282-bf51-fd42cec52c1f","epithelia"
"11295","cbe3fb0a-7e96-435a-9df8-7efb023f1aec","epithelia"
"11296","cbee6b36-b3aa-4577-adf6-58c9038cfd1e","epithelia"
"11297","cbf5c960-4b74-4d70-84c2-62481d03c46f","Unknown"
"11298","cbfc9e33-e5b1-4bf7-8d32-492fdaae3552","NKcells"
"11299","cbfce618-9d68-47fa-b62a-2830d10ee782","epithelia"
"11300","cbfd6d18-7e23-4bd2-89da-16c965c73e66","epithelia"
"11301","cc00999d-1e84-4166-bffe-fae218ea2fcb","CD8_T"
"11302","cc05a4d5-43e7-4eac-8910-90871ad433d2","epithelia"
"11303","cc061b1a-b0fd-4d79-acad-d09c4f167620","epithelia"
"11304","cc09b3b2-0d6a-4cd5-947c-1281209a0525","Treg"
"11305","cc0a82df-a1b8-4f5f-89fd-6dc262782b42","epithelia"
"11306","cc0e398f-8ca3-4852-a46a-f7b54f233fa3","epithelia"
"11307","cc0e3d60-a897-4b80-bbae-5cf54b8afaa0","epithelia"
"11308","cc1ca5f4-04c4-447a-bcdd-b7999e81db35","stroma"
"11309","cc1e4d1e-75da-42a6-a9e3-d66f43ac274b","epithelia"
"11310","cc20840e-f340-4a14-a5b3-407943264492","CD8_T"
"11311","cc29475b-fed0-44f0-9219-44908b0bd7c9","CD8_T"
"11312","cc307027-8ccd-402e-a773-49f72c1f98fc","endothelia"
"11313","cc38b91c-712c-44a1-a748-34de6ce4f921","CD8_T"
"11314","cc38cfab-4136-494f-af0f-c0d231aa33aa","epithelia"
"11315","cc3998cf-b9bc-4d5c-9838-778cf888b55b","stroma"
"11316","cc3a8cf6-8792-4d37-96cb-a899fdf34f4e","NKcells"
"11317","cc3dda40-5fdd-471b-84fa-b70b065bdc41","CD8_T"
"11318","cc44139e-fc94-4ec3-b3df-a127835a8a98","epithelia"
"11319","cc499a97-9fd1-4b6e-9730-369430bc830f","CD8_T"
"11320","cc4f4f38-0c4a-4fa6-846b-b40cf05c8bd2","immune"
"11321","cc510da9-d262-4113-afaa-e5edfe0fa90e","Unknown"
"11322","cc574e14-92a9-4802-81b5-52dec6cb1f22","epithelia"
"11323","cc5d0ce9-b3d5-498f-ab05-4ccd20a52854","immune"
"11324","cc6453fc-37d4-4114-8da6-1bf4f21f40d3","CD8_T"
"11325","cc675410-b107-417a-936f-4a34b44ac18d","NKcells"
"11326","cc690ecc-7d36-4b3b-9670-207e39c8222d","epithelia"
"11327","cc6de4ed-9fb3-4471-95c2-22f84066669c","CD8_T"
"11328","cc6fc8a6-6a96-4ef9-9dcc-09eee4eedea7","epithelia"
"11329","cc8372e3-79e0-4b82-9293-6cbf0c097f06","epithelia"
"11330","cc84ee68-f9b3-4a49-866d-e64496624460","NKcells"
"11331","cc87a70e-e2c9-4253-9a51-b284b817a4ca","NKcells"
"11332","cc87adeb-21f6-4b6f-be55-ec5732d3a81c","NKcells"
"11333","cc90b843-9268-477b-ae14-cb054330edcd","epithelia"
"11334","cc950b0d-f48f-4d73-bc33-67bfc828a6c7","stroma"
"11335","cc95c28c-d5a8-4714-95a2-8efc273d74cb","epithelia"
"11336","cc97925f-0449-4dca-91e3-70e441294682","NKcells"
"11337","cca8dd29-a594-4ac8-9953-dafa7ad6e189","T_cells"
"11338","cca8f497-e7c2-41cc-a292-be84ddf795fd","NKcells"
"11339","ccb7ea47-33c6-47a2-8b17-29fb721b5a9d","NKcells"
"11340","ccb8706a-3ba5-40de-8e7e-b062cc105923","epithelia"
"11341","ccc34a1f-2012-40ba-aeee-e2b34634f51f","NKcells"
"11342","ccc35b68-74a0-429d-b36d-76fa2cbf76d3","epithelia"
"11343","ccc47a8c-0ef1-42ec-9586-63cb001defa8","epithelia"
"11344","ccc98cdf-ca5c-43d2-a04d-afc3c7d8aa88","immune"
"11345","cccfbcfa-2ac1-4af7-a752-8ada69d5ec05","epithelia"
"11346","ccd04670-3e53-4960-ae61-17416042d69c","epithelia"
"11347","ccd0c4f9-24e9-4d1c-9295-00810be9e0d9","epithelia"
"11348","cce458f8-4532-45a6-b79b-61c9b729dba0","epithelia"
"11349","cce899cf-de01-40ab-8ce7-a4b9aacd000d","NKcells"
"11350","ccea3ffd-2301-4e8e-a4bf-80a1749e281b","Bcells"
"11351","ccf0a450-9c4f-445b-9b5e-6f4fbb3d45df","epithelia"
"11352","ccf852f5-e59c-4737-891d-df67f59c74c4","epithelia"
"11353","ccfad2a6-dba9-45af-a7ff-9cf7de40e348","epithelia"
"11354","ccff1f12-c418-4653-a12f-08ae95b335a3","epithelia"
"11355","cd0a4146-56a3-478a-bfc5-c61fa28c3e92","Unknown"
"11356","cd118d8a-64ae-4066-9397-0ca03f9af80c","epithelia"
"11357","cd13b63e-8b26-42d7-aeb8-7d20f25d7c05","stroma"
"11358","cd16455c-7233-425e-9cee-f58457ed9f13","epithelia"
"11359","cd1bfc53-1d45-4932-9a4e-8ffa85503c9b","epithelia"
"11360","cd1caa12-a1b2-40fb-bfbc-b0428df4f433","Unknown"
"11361","cd1d2ce0-a482-4091-b69d-c1f94210b6c6","NKcells"
"11362","cd249996-517c-43d2-bdf5-38bbdaa5ec82","immune"
"11363","cd2b2158-bcf7-4760-b0d0-43a6dcacf327","Unknown"
"11364","cd2e0e4c-3e18-464a-891e-1a89acec4eaf","epithelia"
"11365","cd2fd6bd-a30c-4771-9b3e-a21fa683ace0","NKcells"
"11366","cd2febdf-e578-4bef-9b98-8550e5a70ec7","epithelia"
"11367","cd32f1d9-e7c7-4f74-8465-6ece61dee186","Unknown"
"11368","cd34c85c-4be0-4c56-9cfb-17db0aa6499b","epithelia"
"11369","cd3aa424-463c-44bc-b0cd-f00eadad77d9","NKcells"
"11370","cd3dd5f4-fd02-4115-8ea4-fc4085d6e5d9","epithelia"
"11371","cd3f5ba9-1727-450f-9fc2-7660def45519","epithelia"
"11372","cd41567f-708d-421a-b28f-e8dd93b90324","CD8_T"
"11373","cd415dca-2aba-41c1-b813-36eab8085525","NKcells"
"11374","cd485ba0-ba37-4505-b981-4b6c2709319c","epithelia"
"11375","cd5a0c17-40b4-4d98-ba5f-894d7ec3c7ba","epithelia"
"11376","cd5ac7f7-fdf7-4db7-87fb-d7931e8c6e45","immune"
"11377","cd5e9606-ceee-4453-8c48-af39d01d19cb","epithelia"
"11378","cd60631c-7fe4-43f0-a0f3-b9a23d130ab2","epithelia"
"11379","cd63e716-0370-467a-b805-31950a1d506f","CD8_T"
"11380","cd6d3382-1153-4f14-8f36-ab8b5abe1f3f","myeloid"
"11381","cd709101-bfb3-4873-8487-ec7cde325431","epithelia"
"11382","cd73a264-efcc-42f8-a5e2-d12aab1dae1b","Unknown"
"11383","cd76b797-fa8b-4e5b-a3e4-d7622e89c3e8","NKcells"
"11384","cd7bce9f-5922-4553-b509-9c2efca00d02","NKcells"
"11385","cd7d978c-cae1-407b-8021-fb23d2c78225","myeloid"
"11386","cd8208a7-6333-445c-ad47-a271bc2c2fe1","epithelia"
"11387","cd8bf4a5-dcfa-4a0c-81e1-786405eeb4ef","epithelia"
"11388","cd8fc0c0-50d2-4b9d-bfd7-8a6730832113","stroma"
"11389","cd94eb07-2332-4fee-9021-61b8d5fe5486","NKcells"
"11390","cd980295-1ec7-4675-9653-fca5de4dfc80","epithelia"
"11391","cd9b1a94-30c2-4e6f-a8b1-9fe6d2cc349b","Treg"
"11392","cd9c8715-fb5f-4472-ae83-45aad6e92e87","epithelia"
"11393","cda234bb-1f3f-45ba-8a1b-bcd4b2c8a863","NKcells"
"11394","cda3d3be-14a0-4296-bc84-c977f9f2babf","NKcells"
"11395","cdacd0e1-8f44-435b-b71a-f15e79d05ef9","Unknown"
"11396","cdadbab4-4d17-49b6-a696-880d097e7ce4","NKcells"
"11397","cdae458f-a13f-466e-82bb-085fc35ea110","epithelia"
"11398","cdaf24ff-9f05-425b-820e-ed92e09e48a7","epithelia"
"11399","cdb044c7-d28a-437c-8ce8-7be9f9268942","immune"
"11400","cdb142ba-ab32-416a-af9b-c822d07a6705","epithelia"
"11401","cdb3a2e5-89d9-48fb-84d3-382d4f02db59","epithelia"
"11402","cdbb9326-c974-4948-8562-683c31bfbc83","NKcells"
"11403","cdbf8686-23c8-4b4e-826d-68f4842f9a44","epithelia"
"11404","cdbfc01d-0819-4c55-850b-8bc9c52f9b15","CD8_T"
"11405","cdc1e658-c9ea-44d3-a376-5573f7ffe9f5","epithelia"
"11406","cdc3388f-1a0f-418e-a8fc-5df6f32fadc9","epithelia"
"11407","cdc538b7-3002-44d7-8767-49e5f1a073ee","epithelia"
"11408","cdc97287-e383-4f8d-9784-0e09e65d017c","epithelia"
"11409","cdca82eb-31ea-44de-981f-cdd3f8068d69","endothelia"
"11410","cdcc6a52-a810-4919-80da-e7a0e9e5ca47","Unknown"
"11411","cdcee88c-ab30-467f-b995-ef18ee02fa34","immune"
"11412","cdd24b1f-e6e1-4355-8b6c-12d6597d7f0e","epithelia"
"11413","cddad6dd-e405-4a51-bcaa-16887ff549d9","epithelia"
"11414","cddf821d-54fc-4456-9dfe-7368b5545331","NKcells"
"11415","cde7b999-c198-4b8b-935d-823ea6713233","epithelia"
"11416","cdefa213-7b50-469b-99ac-d615906cde04","epithelia"
"11417","cdf2bbe2-521e-4ac5-9cff-90d0922c176e","NKcells"
"11418","cdf558c9-dbcf-43f8-bfc6-2b7d7cd00bf4","epithelia"
"11419","cdf772ca-05c4-4e4d-84ee-56a50caf74d9","epithelia"
"11420","ce07b1a5-5f6b-42e6-bb2b-592baef37f38","epithelia"
"11421","ce07e203-5840-4d23-a095-ab153f217b87","epithelia"
"11422","ce0a7168-13c6-4380-997b-119524509d4c","epithelia"
"11423","ce0e2d5a-6e4b-4ed3-aaf1-f22a55eeff9c","epithelia"
"11424","ce111c97-e28d-466e-abed-79eb5a96f2c4","epithelia"
"11425","ce127f44-ba75-4fc5-a3c6-8498cf7df935","epithelia"
"11426","ce133dda-257d-4ada-861e-8f5bcf377757","epithelia"
"11427","ce17c2ea-471f-4257-b602-8c145659b046","epithelia"
"11428","ce19706a-640b-4501-b6da-f733cf2040a8","epithelia"
"11429","ce22cdef-7ba8-46a7-a2cd-06c439431dba","epithelia"
"11430","ce247009-f11a-4726-892b-d31e4edcb7a3","stroma"
"11431","ce38fca6-2ab2-4e1c-9854-11072400a122","epithelia"
"11432","ce3a9c0f-ff42-46a3-9bf6-58049df205f7","Unknown"
"11433","ce411a73-0916-4e3c-9555-2f5432ecb2f7","endothelia"
"11434","ce41386e-dde8-44a3-9632-2fced4601ebc","myeloid"
"11435","ce4f9f54-3d25-4066-87cd-0b9bf45e162b","epithelia"
"11436","ce54c064-0e07-4d8a-b8ab-62d7ede78d6f","epithelia"
"11437","ce550d2a-a5bf-41ab-9f94-6d7a2bbe4947","epithelia"
"11438","ce561725-6216-431e-8d8e-621212c9b104","CD8_T"
"11439","ce5cc3fc-3eef-41ea-a0a8-7a4e4c121396","epithelia"
"11440","ce691781-e9ba-4ef9-8342-35646224bb64","immune"
"11441","ce6f3c32-1a22-47fb-b2ec-ad6e7698cc06","NKcells"
"11442","ce72fdb7-8d52-4022-9911-840adf8c3357","epithelia"
"11443","ce8a9c3a-239e-4c50-bfa3-1aae3b9e7859","Unknown"
"11444","ce8c8f28-0b3b-4f60-b729-af846e7d61c8","CD4_T"
"11445","ce92fae5-a861-4588-8c6c-7a42a92c9a6c","NKcells"
"11446","ce98703f-3b9b-48eb-b03c-5101dfd1c86f","NKcells"
"11447","ce99cd2b-d3fe-4932-8521-02108d8bb76b","myeloid"
"11448","cea46d35-3be6-4441-ac7a-c8767522758b","Bcells"
"11449","ceaaac64-8a09-445a-b02a-56a425eb5e71","epithelia"
"11450","ceab49ad-2f98-4696-9d7a-acef49873b52","epithelia"
"11451","ceac9fdc-d489-48a1-a82b-e7a6f090fdeb","Unknown"
"11452","ceb1e60f-bac6-49bc-9eab-d94ae835b3ae","epithelia"
"11453","cec1f95d-c705-45c4-b584-df4ac397633a","epithelia"
"11454","cec2c256-50fa-4886-93ab-a719565191e1","myeloid"
"11455","cec4004d-9ebe-4917-a8ea-c18fe8524d3b","epithelia"
"11456","ceccbff1-e9e1-4782-876d-b5db0abfae08","myeloid"
"11457","ced16d10-0ba8-4124-8569-fbfec14fc74f","epithelia"
"11458","ced36cd6-1cb2-43ae-ac68-d77eb9fcdf31","epithelia"
"11459","ced44237-5060-49a6-80cd-35986c1d1c66","epithelia"
"11460","ced4faa5-be9e-4dba-9a4e-9d23a976ce4a","epithelia"
"11461","ced66802-a64a-4db8-89e2-9a42fd1b119f","CD8_T"
"11462","cedd60a6-b37c-4ad8-a556-2a3c8b74bb63","Unknown"
"11463","cedd7891-9fc1-4436-b2a8-bacce3195b10","epithelia"
"11464","ceddf009-415f-404f-b260-2ec7dd49444d","Unknown"
"11465","cee55ad8-d2ac-472c-948b-b442185b371e","myeloid"
"11466","cee985dd-c483-4de9-a687-9e7ff3f32765","NKcells"
"11467","ceee8309-4f79-40cd-8765-91628d5ff0d6","epithelia"
"11468","ceeff90d-71a8-4612-93a9-12aee17f60b7","epithelia"
"11469","cef5414f-d362-433b-b856-932e929960b2","epithelia"
"11470","cefcd4bb-c2e9-4850-aa74-4e7196eedcfc","Unknown"
"11471","cf05bcdc-3e4f-407a-ab08-ee882414e7c4","Unknown"
"11472","cf0c1512-9fb0-4700-bc5c-3710c1f0bf2e","epithelia"
"11473","cf0d50df-e4c4-4e96-9e06-7b2f93783d71","Treg"
"11474","cf15d5f7-90ff-4d17-bbde-c4cbc4e816c7","epithelia"
"11475","cf173dd8-0136-417b-9fe8-b6002b125636","Treg"
"11476","cf1a33ce-a2ed-4d60-9f04-8652b709b7b7","epithelia"
"11477","cf1aea41-b7c3-4c7c-b409-8e7588ab2049","epithelia"
"11478","cf1b604a-1996-4969-9be8-183b4ef17c5f","epithelia"
"11479","cf1c4ad1-1428-45f2-8e4f-f1aa97ba6915","epithelia"
"11480","cf25ea81-3dbb-4ba7-a1ff-73f30a7583c3","Unknown"
"11481","cf279926-ade0-4212-be81-1aa4173d8cd4","epithelia"
"11482","cf2f2111-b59d-4fdf-8736-9362953e48c7","immune"
"11483","cf3d0e65-1cc2-4153-9d58-b1e2d06286be","epithelia"
"11484","cf413d0d-6bef-4c72-903c-277277cdd8f5","epithelia"
"11485","cf453e43-cf92-4a92-94d8-a00ec5835ce3","Unknown"
"11486","cf4efc2f-c1e3-425c-849d-3c0abf5ca99e","NKcells"
"11487","cf56cffd-b847-4dae-b71e-36d3d158a933","epithelia"
"11488","cf5cc1af-05e7-47c5-8554-5e2f2da4a198","epithelia"
"11489","cf6bbcba-1e12-4503-a273-97c190f2fec7","epithelia"
"11490","cf6d11e5-d1c9-4bb1-9d50-06e00407ee2a","epithelia"
"11491","cf71382c-c17c-4675-ac2e-a6b11d2554d9","immune"
"11492","cf72bb1e-8c6a-4c95-a016-2a240e107d9c","epithelia"
"11493","cf77fc3e-e262-4c67-a1ea-50eb13ae13f2","epithelia"
"11494","cf7ba108-0050-4524-853b-600b9c9a02fc","epithelia"
"11495","cf83f923-299e-4b69-8896-0a040b4076b9","myeloid"
"11496","cf846d48-502a-411d-85f3-aafaa7ddc877","epithelia"
"11497","cf883955-0862-429a-b44a-d9e21fbf9572","epithelia"
"11498","cf8ef13e-3a11-445d-8c19-83f5d8b8ee8c","NKcells"
"11499","cf9068a2-9355-4288-8229-806b73ebe131","epithelia"
"11500","cf943e85-f2b7-4b7f-b0b3-7ff3b4a99444","immune"
"11501","cf98a034-047a-42f4-bff2-81f825111e0a","epithelia"
"11502","cfb75dd8-44db-4318-8d89-e1e586f41541","epithelia"
"11503","cfb9775f-ef15-4eaa-b999-478589901dcf","epithelia"
"11504","cfc30ce4-5031-4bfd-a393-ca55ece904a7","NKcells"
"11505","cfc3b80d-9356-4619-a7ce-1f34a4baa54f","epithelia"
"11506","cfc55282-5048-44b6-9ba1-c4ecd22a27d7","epithelia"
"11507","cfca904c-b4ad-4d52-81eb-8e6ed2a14558","NKcells"
"11508","cfcff1db-3f5a-4e58-9099-4e21784454e4","Unknown"
"11509","cfe3e085-f833-4964-9237-09a93d5168d7","epithelia"
"11510","cfe4da86-171b-4e02-8e77-4abe2decb1c9","stroma"
"11511","cfe53699-b68a-4d6c-bbf7-a7b75e51b5a5","Unknown"
"11512","cfea29db-652c-4f82-860a-07121623b878","NKcells"
"11513","cfea9543-70a2-4aaa-9ec9-b92e532518d0","NKcells"
"11514","cfee0f55-56f9-4c5c-bbc0-31a5bf92e1ee","epithelia"
"11515","cff8748c-0405-470f-8e34-b55936c6190f","NKcells"
"11516","cff8d54c-0fff-4742-ac6e-53f2e1f5701d","epithelia"
"11517","cff8ed02-c64b-457d-aa02-220c2173a29f","epithelia"
"11518","cff9467e-5db4-4933-9224-288ce387f04e","epithelia"
"11519","cff96e72-0331-4c56-b935-85c0d6559449","epithelia"
"11520","cffa34c6-cb42-4446-94fa-b34f3629ac2a","NKcells"
"11521","d002e090-315d-4c8c-8f4d-e3afdd4ed377","endothelia"
"11522","d009f772-dd16-411e-84b4-e4b996e86064","epithelia"
"11523","d00bef30-a03b-46a7-8d48-79573c427061","NKcells"
"11524","d00e56bc-b878-451e-b667-4868e2842484","Unknown"
"11525","d00e67ab-4df1-4458-800b-b11d11f616c6","epithelia"
"11526","d00fc025-5357-42fd-9950-5ad2875f84d1","Unknown"
"11527","d010ada5-662f-4dbb-beaf-d19a8f727a0e","epithelia"
"11528","d0119933-7c8c-4e57-85eb-bb33dfa44acf","epithelia"
"11529","d0210783-d063-4dd2-940a-9230e16a2686","epithelia"
"11530","d027f968-5b23-4966-bb70-de2adb495090","NKcells"
"11531","d029c722-715a-411e-bcaf-fafbed1d04f1","NKcells"
"11532","d029d07f-591a-460a-b12f-62ddbb973dcd","epithelia"
"11533","d03157b0-1c3c-4c5c-aef3-89495643ad42","epithelia"
"11534","d03e6d96-661f-44d5-9167-6383da342d9f","Unknown"
"11535","d03e8f7b-e61c-41f5-98aa-1acfa06235d6","NKcells"
"11536","d04073e8-4bda-43c7-8133-d43728e7e5a3","epithelia"
"11537","d04533b4-9879-4c1e-abc6-c81c7ef33fb4","epithelia"
"11538","d04a9eab-c7e9-4c7e-9892-1e19ea5f9515","endothelia"
"11539","d052a707-60ea-49b9-93fa-705905d0ab69","T_cells"
"11540","d0553d42-80ef-4149-9a6d-d941a2c1319b","Treg"
"11541","d0554a05-d4f0-4381-847e-0fadba5fc1f2","Unknown"
"11542","d05a0704-c08f-4b55-a91f-85d08e45eb7d","NKcells"
"11543","d0629a61-9edd-4e7f-b74c-6133467c5140","epithelia"
"11544","d0719927-6f40-4149-8160-c7d3d76cbe7e","epithelia"
"11545","d0778d33-efac-4499-a9e5-3b4cdb65fb1b","epithelia"
"11546","d078dfa8-9daf-489d-8813-98bb8d0addd1","NKcells"
"11547","d07afdbf-00a9-486f-81f8-d9e530cd5623","epithelia"
"11548","d07fe2b2-ccc2-43b4-b256-f5566be653fc","epithelia"
"11549","d0816267-89f5-48c8-a209-1ad9dd6f3c9c","epithelia"
"11550","d0839db1-19e6-47bb-aaf5-5ed26b6945c1","epithelia"
"11551","d0843d3b-0a66-4a37-a917-65d59092ddf9","epithelia"
"11552","d08f6f7e-0fbf-4ac5-8ee2-f673a00f611a","epithelia"
"11553","d094a7b4-3360-490e-8cfb-0201cf96e9e4","Unknown"
"11554","d095e7a0-dc97-4151-a62f-09f342da008e","epithelia"
"11555","d09cf69b-3ca8-40a1-9ae9-e6942ccaf648","epithelia"
"11556","d0a091e0-b829-410f-930d-569c5579427b","epithelia"
"11557","d0a1de66-408e-4a68-892b-9f1d69fe4771","NKcells"
"11558","d0a697bc-1100-4072-9d73-897db631ec65","epithelia"
"11559","d0b1af43-3b15-406c-ba71-a7537da2f180","epithelia"
"11560","d0c0efda-fd5a-42ff-a1bc-4f8f5c62ea0c","epithelia"
"11561","d0c37cf2-3ea0-4325-9c3b-2cbfebb079d5","immune"
"11562","d0cdde51-ca32-4b46-bb9d-1915d7d394b8","epithelia"
"11563","d0d773d4-2c78-4c9d-a765-409cef51e21a","epithelia"
"11564","d0ef949b-9a69-4102-8757-92e2c0fda11b","NKcells"
"11565","d0f0b1fd-fffa-4297-8664-d8e349d3a1a0","epithelia"
"11566","d0f1663b-70e6-4db4-8150-a4bb08b9fe75","epithelia"
"11567","d0f65bac-a1e4-4911-abed-0b6f72f07a28","stroma"
"11568","d0f90522-9193-40a5-a955-e1db3ac2f0f8","epithelia"
"11569","d0fd1931-a490-4262-bcc6-1b3249a8502b","Unknown"
"11570","d0fe200d-6686-41c6-ac18-c2c96c54f80e","epithelia"
"11571","d0ff05ba-f513-43d3-bf26-0ecc54cf5ade","epithelia"
"11572","d1042da2-115b-48fe-b881-5992b4cc5d39","CD8_T"
"11573","d104403a-6302-46f4-b268-784477e4b48c","NKcells"
"11574","d105b68d-91ed-4a6b-9dae-772411d61b29","myeloid"
"11575","d106cd92-b02b-4e77-b87c-f491672ef0b5","epithelia"
"11576","d1079d0a-64c7-4126-8ab3-47a6a63f2679","epithelia"
"11577","d10833d1-33b9-4f14-8a8a-1507d4304dfe","epithelia"
"11578","d1089b6e-5f46-4ab6-b8b9-06e76ef8892a","epithelia"
"11579","d10fb713-37ba-4c22-b0b3-cbb719085b49","epithelia"
"11580","d112e58b-9a98-4def-9486-f416c190cc54","epithelia"
"11581","d118cdd8-32c3-47d8-bf09-8f2cf9bf1558","epithelia"
"11582","d11fa62b-fefb-4012-bb5e-95813dfd86f8","epithelia"
"11583","d12124a9-86e4-45bc-9a00-524387eca782","epithelia"
"11584","d122b43d-8b01-472d-8782-3e8975ca45fa","epithelia"
"11585","d122fbdc-e4d0-40ec-b231-d718d4201e75","Unknown"
"11586","d12c8641-18cf-4d64-b216-fbc372e7d533","NKcells"
"11587","d137cac1-facf-43dd-9ac9-d9b528606b8e","Unknown"
"11588","d13b7661-e416-4e65-b802-552f0c9ea08e","epithelia"
"11589","d13b8959-4519-434c-8feb-64802b83bb1f","epithelia"
"11590","d141d647-aa78-4edf-b150-22f279eac475","Unknown"
"11591","d143cf1f-96a3-4d35-828f-08f6170e78c6","epithelia"
"11592","d145df1b-104c-4e23-92f1-f808a4d8e8be","epithelia"
"11593","d145e552-1744-4f18-a2dd-ab874682479c","epithelia"
"11594","d149bb4d-f93f-4b52-b749-e45a4f46b09d","CD8_T"
"11595","d14ddbca-a420-48fd-bfec-95e1f8822f92","epithelia"
"11596","d14f7b36-5ace-438c-b395-a643696b20fe","NKcells"
"11597","d15a3039-ddd7-47dd-82ce-df58e4be29c3","NKcells"
"11598","d15aa191-7fb4-4bc0-ab1c-c61d2bfc8680","epithelia"
"11599","d15e9df7-120d-49f7-a353-609746e41ce9","epithelia"
"11600","d160d4ae-cb50-4cce-ba2c-2e2382d9007a","Unknown"
"11601","d161cadc-5cf8-4537-9c15-b13e49188704","NKcells"
"11602","d162de8c-12a9-43fb-96c0-7555cb9f6b3b","epithelia"
"11603","d1643b75-b904-4f4b-b23a-f4452652abbb","epithelia"
"11604","d168f904-d054-4364-8af4-c3e3161dcd86","NKcells"
"11605","d16e9199-8c84-4123-a7b6-44f66bd5eb71","epithelia"
"11606","d17069a8-39c2-4c76-9a94-ae374f160d57","NKcells"
"11607","d1737569-2412-446f-b4ee-3f7a75270e74","NKcells"
"11608","d175756d-d736-4c3c-87f9-f4467b66a749","myeloid"
"11609","d1788565-af03-4d09-8dfb-fec96893243a","epithelia"
"11610","d1796005-8e35-46eb-828f-1e44ea111423","epithelia"
"11611","d1867861-52f9-4535-bb9e-efc722536f5e","epithelia"
"11612","d1873652-aa16-4a84-858e-504ba8abf5a3","Unknown"
"11613","d187a8f3-7ef9-46fa-a6f9-5b199d1bc56c","epithelia"
"11614","d1896476-1ae4-44b0-ac35-2b8d7383e986","epithelia"
"11615","d18c19c3-d073-40a1-838a-c514a1fedf5a","epithelia"
"11616","d1964223-e3ae-4992-a1da-163620922591","epithelia"
"11617","d197977e-5d16-4243-bff7-be73b209e51b","CD8_T"
"11618","d19877a8-0501-4888-b066-9598e9f0dd30","epithelia"
"11619","d1a8a684-70d2-4dab-b402-6aeaa0850058","epithelia"
"11620","d1a8b306-5502-4aaf-b4f7-c9bad244651b","endothelia"
"11621","d1ab938c-24de-4762-a9c9-f25a0a19838f","NKcells"
"11622","d1adc4b4-35ac-4404-9d23-8f9f030e515a","NKcells"
"11623","d1b61b1d-2130-426f-9d94-4e2f9c876402","epithelia"
"11624","d1b94d6d-2db6-4195-bd45-5d1ecafac6b9","NKcells"
"11625","d1bf6014-6ad7-4018-8a2d-06ec1ac2b5e9","myeloid"
"11626","d1c2a2a9-2f71-4ec2-b00f-0d15b70ef4f6","immune"
"11627","d1c2cd72-f7a5-4de8-9a89-abbcc971bd22","NKcells"
"11628","d1c556e4-c692-4c63-9f41-df2c13775a57","NKcells"
"11629","d1c63995-5b9d-442c-ab83-86e0904bcfb1","epithelia"
"11630","d1c7871d-80f8-492a-925c-5460589c97a3","epithelia"
"11631","d1caf1f2-5062-4cd8-b299-b33ec2becf4d","epithelia"
"11632","d1cd036f-3024-436f-a9d0-b582013e23c3","epithelia"
"11633","d1ceedbd-10b3-47a5-91b5-41a8463cfb90","CD4_T"
"11634","d1d122bb-5ab6-4c5a-8ca9-5f1b225c05cd","epithelia"
"11635","d1dd5618-d746-41b3-81af-4ed00ce44758","epithelia"
"11636","d1dd929e-2e58-4d82-a669-e86075db324f","Unknown"
"11637","d1e30448-66c5-4d7d-afc3-ac45320052ca","epithelia"
"11638","d1ed86a3-26a7-4f1f-a244-26621b00ed85","epithelia"
"11639","d1f2133f-66de-428e-8333-0212b0cdea0d","immune"
"11640","d1f78e78-f4ca-4df2-a0b9-e36e94abc6de","epithelia"
"11641","d1f9d358-6c9b-4b20-817b-b68dd636463f","epithelia"
"11642","d1fd609b-b32b-4fc8-b4a6-97b3dd4bb8f9","myeloid"
"11643","d2010cd4-b832-47cb-8268-edd1fff30816","epithelia"
"11644","d20539a6-9255-477d-a472-219e1ce8e41b","immune"
"11645","d20b0502-ae2d-4268-9771-942b2aa7c36a","Unknown"
"11646","d20e0cb2-b692-4fa4-9ec0-c9c2181efb42","NKcells"
"11647","d20eac07-084a-4a41-9b84-6f8d958081ba","myeloid"
"11648","d2188e1f-bbab-4686-ba09-6b28358b924c","immune"
"11649","d21de7ee-5ae3-4780-b79e-af6ba1f7021f","Unknown"
"11650","d228e1a9-1dfb-4a1b-96f1-287681f0d88b","epithelia"
"11651","d22bda84-d27e-4799-954f-49f0bc36c44e","epithelia"
"11652","d233f1c5-f1c5-4966-aa30-0fb112c582b2","Unknown"
"11653","d238b243-f312-464a-9dab-7405e92e90ae","Treg"
"11654","d23ad99a-0c18-478a-bae5-d9daa8da7e10","epithelia"
"11655","d247a432-c181-4e53-bd6a-d7da8ebf21b8","epithelia"
"11656","d24c9e16-c95b-4d8c-be37-12e3a08d6061","epithelia"
"11657","d25b02dd-4b63-44c7-b63f-d760170c96ac","myeloid"
"11658","d25c56d6-3366-457d-b859-6f61475e4cdf","myeloid"
"11659","d25d6832-9c16-4efe-9d03-eee2f59ab1b3","Unknown"
"11660","d26897b2-1b75-439a-8c5a-0534fa257b84","Unknown"
"11661","d2723087-6e43-43d0-abfa-56c223d2acb0","NKcells"
"11662","d27301e1-f9dc-48be-9e00-1e76eae40795","epithelia"
"11663","d2731a04-4f84-4a49-9890-0737f8a8b0ab","epithelia"
"11664","d27d7599-cb86-4cf2-a274-cc7b2ef54157","NKcells"
"11665","d27da512-b6fb-4ad1-b4f4-42a1138f3007","epithelia"
"11666","d281ff84-66d9-46bb-a603-3c4cca154b4c","CD8_T"
"11667","d283de24-f4c9-4654-82eb-3d9a38c9f900","NKcells"
"11668","d2865597-5cfd-4891-9557-7b684bf44e92","myeloid"
"11669","d28806ca-44a7-4b90-8a6e-9a79f9cb42c5","epithelia"
"11670","d28e2ab5-be0a-48f0-9abc-d52c43d6e28f","epithelia"
"11671","d29267db-8ea5-47f6-927a-d3cbde133dcd","epithelia"
"11672","d292df97-913c-4265-a61b-7a38e7335baf","NKcells"
"11673","d2949cd0-c9f2-4ee0-8fc3-6859aeb9db2f","immune"
"11674","d29b0948-53fe-46f6-94d6-37cf8de3da84","epithelia"
"11675","d2a0c146-9a30-435e-9e46-46d1e76bdb71","NKcells"
"11676","d2a337d4-052f-49d2-9b07-4d75b936c254","epithelia"
"11677","d2b0a535-64c7-44d4-b6fd-3bb361eddcea","epithelia"
"11678","d2b55d69-b9af-4446-9298-30a3401902e3","stroma"
"11679","d2b6959c-06fb-4338-afe1-aaead40afebf","NKcells"
"11680","d2bca85d-114d-42f2-b57c-73a0daed3f0e","epithelia"
"11681","d2c7ab86-8335-4434-837a-fc8165298d24","Unknown"
"11682","d2ced8f6-4fb1-4ffe-b836-02f0646b5908","NKcells"
"11683","d2ddd339-5ad9-44d3-9148-e09266030eb9","Unknown"
"11684","d2e29455-7ba6-41a4-ab8e-61fb94377fa6","Unknown"
"11685","d2e2ef72-1f39-4989-aff8-debcd6a00686","epithelia"
"11686","d2e435ed-936a-4137-8711-14457490767c","epithelia"
"11687","d2e73b99-409f-4003-bd5f-a110e3acd4fa","epithelia"
"11688","d2e82da4-411b-44fa-a337-ccaaed9dfe6a","epithelia"
"11689","d2ec0c74-7324-4d53-b142-7363b36aaffe","epithelia"
"11690","d2efeebe-86ef-46c3-bc44-615068f48c14","Treg"
"11691","d2f42caa-6fd0-4b9f-bc38-5b252bd5cc1d","epithelia"
"11692","d2f56207-e0f8-4cbe-8cd8-269cf26c197a","epithelia"
"11693","d2f7b880-5dd1-4fa8-8621-7d35cf312140","Unknown"
"11694","d2f7f749-d541-4dc7-a07f-d805b2f00d02","myeloid"
"11695","d2fea952-19e8-47dd-b901-5b863417c2ca","epithelia"
"11696","d3068420-5495-4954-92d4-3d239e70f267","epithelia"
"11697","d3073045-dbc9-4382-bdd8-bb57ccbec28a","immune"
"11698","d30916fe-1a6e-44b1-90cd-76bd2fa497f4","epithelia"
"11699","d30d8ba3-4194-4490-81e3-c6fad69f78da","CD8_T"
"11700","d314f98f-0ed1-4780-be55-bbe68dc90472","epithelia"
"11701","d3270436-decd-4ecd-82a4-1d5ed9af6ca8","epithelia"
"11702","d32a3bc7-aed7-41f9-bb67-5752eca4e4ab","epithelia"
"11703","d32c95f6-31e6-4767-b32e-b81e4914f741","Treg"
"11704","d332d63a-4c85-4c80-87ad-eadc2086a10c","epithelia"
"11705","d3355209-3c24-4a46-81a2-aff7cc6fbea9","immune"
"11706","d335e4e0-7254-499b-8980-5c2057d60f15","NKcells"
"11707","d33bb3d2-e298-44fb-b6a8-00d9a4caec43","epithelia"
"11708","d34752d1-61cf-426f-bab2-3b656cb8b187","epithelia"
"11709","d34c0a88-f6ef-4b1a-aad9-fb95c8d34692","epithelia"
"11710","d355dfcf-5627-41fa-a71a-57cb13e1ce2d","CD8_T"
"11711","d359128c-88ef-4aaf-aedc-c4ac3c0ca5ca","epithelia"
"11712","d35cb908-5b06-4193-ad1b-b3dad6d83a40","epithelia"
"11713","d3612196-b3c9-41db-a5fd-70353e46364b","epithelia"
"11714","d363521d-fb14-4288-9883-c0d3a16f4d38","epithelia"
"11715","d364bbe0-f002-4702-9d4d-5e9cffc3fb19","epithelia"
"11716","d36b5f2c-1e76-4208-9124-bb348bf43ea3","stroma"
"11717","d36cc8e1-66b1-4620-b185-109b98414c8f","NKcells"
"11718","d370bcfe-7dd0-4daa-8134-20c3754a1d73","T_cells"
"11719","d3773e29-13a3-409b-a5d7-8772f7b379ef","epithelia"
"11720","d37f2f6a-7e2c-46d8-a238-c7b0b7c1018c","stroma"
"11721","d386a885-eeec-4178-823c-aa47683df11e","epithelia"
"11722","d38bbeca-53d1-428d-90a4-3a2d67e73679","epithelia"
"11723","d3907181-ab11-4b05-b1b5-f0244b999300","immune"
"11724","d394f8f3-2996-4b35-8c3c-b8c5291c9a34","NKcells"
"11725","d39d9446-3a58-463c-8f69-c1e48dadc51d","immune"
"11726","d3a4c251-24f4-4344-b859-5b5b328dedaa","stroma"
"11727","d3b094b3-5f12-4991-ba36-cf4175c17933","NKcells"
"11728","d3b22c3f-3e78-4abc-93aa-38fa03859cf7","epithelia"
"11729","d3b23713-e9e7-4132-bfae-14bf42f3e8e4","epithelia"
"11730","d3b603dc-2af5-490c-b0e7-d743da12a254","epithelia"
"11731","d3b615eb-631d-4fea-b559-81a17154797c","Unknown"
"11732","d3b781e6-e3b5-4a20-b7ea-69aad24dcad9","CD8_T"
"11733","d3b81bfa-ff6b-4dce-bddf-c067547f7679","epithelia"
"11734","d3ba4894-0ee6-4f33-be86-4032b1f4eaf3","epithelia"
"11735","d3c54993-6773-4bb3-b9c8-e15f44a4fd7a","epithelia"
"11736","d3c71559-dfb7-432c-b125-901237a919db","epithelia"
"11737","d3c97762-c42b-46ce-a75f-375f5abaa48b","epithelia"
"11738","d3d7a310-5a0c-404e-819d-f970edab660d","epithelia"
"11739","d3db08e7-5341-4ced-b772-275ead044a02","epithelia"
"11740","d3dfc3c1-6012-4e7d-b022-e6758ba7efa9","epithelia"
"11741","d3e10654-946a-435b-881a-2dfc0f4415da","NKcells"
"11742","d3ecda02-e9dd-4eaf-939d-4c52927eac35","Unknown"
"11743","d3f2ca4e-35f5-4367-b079-bae8ee43e172","epithelia"
"11744","d3f9138e-7211-48d4-aeba-a6753d280018","epithelia"
"11745","d3fad604-0a71-4776-bd99-89e21c1aa4c7","NKcells"
"11746","d4072d12-0619-4361-80f7-92072d1ee3eb","epithelia"
"11747","d40d75eb-2b1a-4d1a-8518-9f1fdb3dd7ea","epithelia"
"11748","d4127f4f-3217-4cb4-8007-e7babd63740a","myeloid"
"11749","d42580aa-f3c2-466d-920d-d529b680b294","Unknown"
"11750","d42617eb-e248-4d72-9717-959b4a377836","NKcells"
"11751","d428b7e0-9901-49a1-a1ca-6546df3b41b7","epithelia"
"11752","d42b3547-e2f6-4e1d-bc8f-325f3babdcc9","Unknown"
"11753","d42b61f3-859c-40ca-a773-5c06d2b59b38","epithelia"
"11754","d4396fdd-86b0-459b-ba59-91432ddf351f","Treg"
"11755","d43a593c-52e5-4d34-9dac-e23bd77e2ab9","Unknown"
"11756","d43ba50f-222b-4a38-b925-c8b205c66fc7","epithelia"
"11757","d43e3f8c-ec9b-4b35-920b-2c72a25b1553","CD4_T"
"11758","d43eb025-02bc-4fbc-ba3b-291f2ef56d62","epithelia"
"11759","d441ceeb-2ae9-43a5-a94e-4696e78dc157","epithelia"
"11760","d4488ba6-8fe3-4c8d-8d5f-ac09bd9c8905","epithelia"
"11761","d44ab737-8ba8-4c39-927f-646483c4ff79","epithelia"
"11762","d455ae3a-bcb4-4352-8400-2e02edf43910","epithelia"
"11763","d4569e69-73e7-478d-9936-2a7e82c2b10f","epithelia"
"11764","d458ee6f-5505-4cef-baaa-2dc9caff1163","epithelia"
"11765","d4598842-b093-411b-ba44-02e5630f0b64","endothelia"
"11766","d45bc4ba-59bc-4e00-84e8-e6ea51b1d048","epithelia"
"11767","d46235fb-2887-42c1-a1af-f99c90a99393","epithelia"
"11768","d464b0b8-2f2a-4ae8-bcac-db3008f652ba","NKcells"
"11769","d4681ce0-853a-4890-9a7a-33da2a3ff6c0","stroma"
"11770","d4692337-c24b-45eb-b6a2-58f34c3b6d6d","immune"
"11771","d46b7614-7863-40af-bf9e-abd90e574ec8","epithelia"
"11772","d4717e9b-b646-477f-8838-15c236774a9c","epithelia"
"11773","d4793950-676a-4cbd-ae90-a64e6546425f","epithelia"
"11774","d47989ca-0630-4a2c-9370-d4cffb5381e8","NKcells"
"11775","d47b02b2-c187-4032-841c-243d29531709","CD8_T"
"11776","d47baea4-1e0f-4304-818a-df5800197ceb","epithelia"
"11777","d48c4c73-d00f-45b6-9acc-53d0e51f4396","NKcells"
"11778","d48f9dfc-c610-4adf-8b09-e7369ceb9189","epithelia"
"11779","d492717d-9f39-4b72-988e-e533a70e1e6f","epithelia"
"11780","d49364cb-594b-46f5-9230-37a7151b7589","Unknown"
"11781","d494bfa8-612a-4461-afbf-ecc0f21255f1","CD8_T"
"11782","d496f895-02af-450d-9d6d-e6e595f83ca4","Unknown"
"11783","d49bea68-6d57-462a-a1dc-8724465d67ff","immune"
"11784","d4a0b5ef-c62e-47ad-ba55-8f6c2aa791cc","CD8_T"
"11785","d4a63a47-258e-4be4-be74-16b0d1b94a6a","epithelia"
"11786","d4b83cac-3fc8-4e23-9f55-308d7c8c4b10","CD8_T"
"11787","d4ba9fd5-294c-4bb3-ab34-797cf416cc71","epithelia"
"11788","d4bbbf83-d86a-494b-95b3-13b58dbd638c","NKcells"
"11789","d4c8a808-491a-4b21-9847-7861fd64ba1c","epithelia"
"11790","d4c9eed4-5ad2-4522-a386-a3e243b10f41","epithelia"
"11791","d4cba84c-8f8a-4458-b0a6-48c21a244d80","epithelia"
"11792","d4cf28ed-0c8a-41ea-ac40-bdb3ddc892a4","CD8_T"
"11793","d4d421c0-a070-41d1-adfb-45e8c1fea25d","myeloid"
"11794","d4dc623a-9bbf-46cf-8eeb-c5bab8accc2d","epithelia"
"11795","d4dda829-7e39-472d-b445-3beb3bd91a40","Unknown"
"11796","d4df309a-6d55-4a4e-8a02-fcf978d74508","epithelia"
"11797","d4dfd3b3-f62a-4c2d-94bc-3cc38bd01d0c","epithelia"
"11798","d4e1892b-50e4-4c0f-8a9a-98da1e963d84","myeloid"
"11799","d4ee3262-e82e-4bdb-a0d1-197e93426a6b","epithelia"
"11800","d4f1ee4f-256f-4bbd-ad10-73b49d63987a","epithelia"
"11801","d4f29427-fe08-441c-8690-81cd736e5342","epithelia"
"11802","d4f73147-8ac4-4e94-9955-079790d2f61d","NKcells"
"11803","d4fba645-d56d-4200-8adb-92cd12ce2054","epithelia"
"11804","d4fd4f6c-9a45-422e-b5c3-15ce1b3d9145","epithelia"
"11805","d4fd6d8d-4e76-4a36-b535-c7ec117d3bdd","Treg"
"11806","d4fd9b9e-9b4f-4bcf-94db-38e8d07c99ea","epithelia"
"11807","d50c03bf-0a92-47df-ae5a-1d4c08293df8","epithelia"
"11808","d50f8e79-0b2b-43d9-bf48-af96a7000472","epithelia"
"11809","d5194341-d6c2-4ef5-90d2-99a0956b616f","epithelia"
"11810","d51ba1c9-2ac6-4453-a669-b3b587b5d47a","epithelia"
"11811","d5263d70-0dcb-496f-ad14-3dc6a1bf8a8c","epithelia"
"11812","d527532b-efd2-4b6a-88ee-6a34f28e637e","epithelia"
"11813","d52ae4a4-e188-4e3e-96c0-7ec5aeb35aaf","CD8_T"
"11814","d52f273a-4296-48d9-827e-e4053bfb0f7a","epithelia"
"11815","d53a979b-1f65-43c8-b1f6-6501fb1bcf76","Treg"
"11816","d53e2bd6-683f-49d8-b6a5-ab2c3fa9f04d","NKcells"
"11817","d53f4d33-c4a3-4231-844b-3c0d83b34512","epithelia"
"11818","d542bc1b-204e-4e40-a2a1-83424ec9ed95","epithelia"
"11819","d5463aa0-c9b2-4080-84ec-1ea79746bdef","Unknown"
"11820","d5514119-1523-4d8f-b357-172e39eff293","Unknown"
"11821","d5536ad2-c40f-4130-be8e-d6d1b52b498e","epithelia"
"11822","d553b53f-f20b-465e-8fdb-43dca4bc38ea","epithelia"
"11823","d5579a7c-c4b3-481f-8ea2-c58a9ddd490c","epithelia"
"11824","d557f49f-f3d5-4180-ac77-e73a05f200d0","epithelia"
"11825","d567b5b4-445e-47da-bc0c-0b2f37675582","CD4_T"
"11826","d5682332-ec26-49bf-b775-b8bb74f263cc","epithelia"
"11827","d577019d-53fc-4bea-9ec1-c6583e5c1619","immune"
"11828","d5796cec-96b2-4972-b770-7451b573d95f","Unknown"
"11829","d57a0ff5-85b4-4a99-bed7-91eefc120e90","NKcells"
"11830","d57a4e35-441a-4c4d-96f7-5dbf2f35c68d","epithelia"
"11831","d57c3811-a0f3-4005-bb71-f3b79b913c5d","CD4_T"
"11832","d57cf1d4-42a8-4430-9784-077f9f6fd91b","epithelia"
"11833","d58bf0a3-36d0-44d9-8902-b9ee30bece33","epithelia"
"11834","d58e09b7-830e-4459-8886-91d6469be268","epithelia"
"11835","d58f5f1b-e818-41c2-acc1-357f1ee4acdd","Unknown"
"11836","d59bf4f7-9be5-453e-a681-a2fe3083414e","epithelia"
"11837","d59fcd5a-b26b-4719-a8c2-cddb1c12d68c","NKcells"
"11838","d5a6a585-42e2-4719-8fd5-759be609f5c5","epithelia"
"11839","d5acb7d7-ac17-419a-924c-107396c8e973","Unknown"
"11840","d5b0bae6-7784-464b-92e4-9eb68146bdef","NKcells"
"11841","d5b60d69-9ca4-43a4-83ca-37608a639cd8","epithelia"
"11842","d5b8d644-a252-47cf-a7da-40a44da49933","Unknown"
"11843","d5bafed8-3913-40f0-89ea-62eb10797e63","epithelia"
"11844","d5be1ebd-1ebc-4531-b55a-e58110994350","Unknown"
"11845","d5bec454-5345-49b0-96c3-2ffd7509a979","epithelia"
"11846","d5c51a39-5d24-4052-bac0-3c6f42c1d714","Unknown"
"11847","d5c66be5-4630-4ba0-84b9-72cf3e19578c","epithelia"
"11848","d5c75755-d3fd-40d6-843a-01f74f64fd8f","epithelia"
"11849","d5cad3c9-756f-4272-bb36-cb0671a368f0","epithelia"
"11850","d5d0fab4-927f-452d-a0bf-21ef182509bd","Unknown"
"11851","d5d2a923-7235-4f8a-9540-23fc72b747ef","NKcells"
"11852","d5db6ba9-ab3e-4402-9409-3fd3e74a857f","epithelia"
"11853","d5de1787-818c-478c-8994-42e552a901c6","epithelia"
"11854","d5e44c6e-d25c-4d00-b13e-6872dc4be032","epithelia"
"11855","d5e4c3b3-943d-44c9-a269-0bb3b754cc73","immune"
"11856","d5e78f61-60fb-49fa-81d4-9253e6ceed75","epithelia"
"11857","d5eec765-6c5d-4f2a-a8c0-6bbc2135157c","epithelia"
"11858","d5f28395-6c00-4d2b-afe9-c39519c188f5","epithelia"
"11859","d5febebd-443b-44e0-a074-3baa84837f1a","epithelia"
"11860","d5ff8ab3-5acb-44db-8264-9e2e30820a67","immune"
"11861","d6048ba1-472c-430c-bace-d2aeb31487ad","epithelia"
"11862","d604a0f8-4b54-4e7f-a6cb-6ddda6b61dd8","epithelia"
"11863","d6078159-c788-4b3a-b734-c768ad2232c0","epithelia"
"11864","d60ae4f9-f695-4b56-9b3d-121decd77a80","Unknown"
"11865","d610b4dc-7df0-4eb2-bf18-d188ce5b4ea7","NKcells"
"11866","d6170ab4-2b45-453f-afa1-7504defb6b3e","epithelia"
"11867","d61b1257-2a2d-4a7a-9454-48814757e808","Unknown"
"11868","d61ffb77-91c6-4e04-a8bf-b1c46b65d3d6","epithelia"
"11869","d620aacf-804e-4acf-85c2-7c0b41db61f8","NKcells"
"11870","d6277104-d8f8-4a6e-8787-a9452492ecc4","epithelia"
"11871","d62b6280-6d91-426f-b4eb-73c207e11b2f","epithelia"
"11872","d62ddbfb-5b53-45da-84f6-11e5b0ad86e1","epithelia"
"11873","d6323377-d69b-43f0-bb3b-77b3c386286d","epithelia"
"11874","d6366b1d-a285-4284-ac79-760d901d0c39","epithelia"
"11875","d6393eb9-7947-48dc-9cf2-227586cb852c","epithelia"
"11876","d63a417c-edce-4882-a3be-db94a23fdb26","Unknown"
"11877","d63de465-46de-451c-9513-164d4e75a1ba","CD8_T"
"11878","d64ac6ca-038d-400a-836e-c71f4e6dec20","T_cells"
"11879","d64b7509-d8b0-4842-a593-9157adb89a44","epithelia"
"11880","d656403b-a589-43c9-8d9f-0fd223835f4f","NKcells"
"11881","d659def5-7809-4be3-9d46-e73d311e7e58","myeloid"
"11882","d6670a13-bd21-4641-9601-31c075ebc713","epithelia"
"11883","d668863f-c3fe-4de6-ade6-84f3fa27e1f6","epithelia"
"11884","d668a296-1184-4bb8-a50c-6fed6a8b814d","epithelia"
"11885","d66a8e32-b21d-4718-94d0-48c0d63b2358","stroma"
"11886","d66ab727-bec0-4057-b9d1-34d169d7c9a5","NKcells"
"11887","d6755bb2-50ec-45ff-82d1-189604672dbc","CD8_T"
"11888","d6770a06-f6fd-44e5-8036-0d17683d6658","NKcells"
"11889","d679ea4f-31be-45fa-aa88-8b27ac9c1661","epithelia"
"11890","d67a8194-14f5-4c44-9d34-ff984580d7e4","Unknown"
"11891","d67cee18-991e-4cc6-9a75-5989a95b05f1","CD8_T"
"11892","d67ee727-fb82-41c0-8efe-f4f912aa4013","epithelia"
"11893","d680b4e6-996c-413f-85fe-81a7af2a0340","epithelia"
"11894","d6875be0-ac57-4ddb-9377-40ae328d7e0c","myeloid"
"11895","d6877422-e268-4a02-bfda-03e7e45cf7ec","epithelia"
"11896","d68b38a6-06f9-4f59-a041-8d38fe748dd7","NKcells"
"11897","d6966002-0c6e-4e91-ae7d-839f73feab67","epithelia"
"11898","d69b7049-5d17-4ee4-9def-cd7690527090","epithelia"
"11899","d6a3dfe4-3017-45d8-9700-81616398060d","epithelia"
"11900","d6abfbf3-8706-4246-b59f-0bc4b6f67c97","Unknown"
"11901","d6ae5ecd-c807-466e-bfb3-e3debe4b91b7","epithelia"
"11902","d6aeadf1-5cf4-4481-b434-e62558cc4517","Unknown"
"11903","d6b0c438-224d-46dd-8865-807419a193a8","epithelia"
"11904","d6be6bdd-01f8-4b32-bf69-c0709611ed2c","epithelia"
"11905","d6c12256-a9e5-41b9-b8fc-52ceb7e773b3","epithelia"
"11906","d6c3cc49-35de-405b-8a10-c919687613f2","epithelia"
"11907","d6c53251-79f2-4e8e-bef5-3e4e38ba1761","epithelia"
"11908","d6c7f5de-66ef-4317-ad1d-76309c518b9c","epithelia"
"11909","d6c8188b-ca98-4260-9189-df115cc19b8f","epithelia"
"11910","d6d1f16f-69fa-41d0-848e-f59c32ae1e7c","CD8_T"
"11911","d6d47175-d6a2-4db2-ace4-6d544ba2cb8a","epithelia"
"11912","d6d92e4c-5ef7-47e9-abc6-c82b4d644e0a","epithelia"
"11913","d6dcbae1-e925-4910-a10e-52301f5aa7fc","epithelia"
"11914","d6dccfc1-8599-4860-ae1a-faf8cf7dd60e","NKcells"
"11915","d6dec9f3-a630-4b74-b85c-d2388912c5bf","epithelia"
"11916","d6e2aaaf-674e-4164-8c6d-a98fbbb5d95b","CD8_T"
"11917","d6ea4381-cb49-4a8c-b21f-4f6d8470c4ec","epithelia"
"11918","d6f42702-2e22-45f6-b357-1f896f55dfa3","epithelia"
"11919","d6f51118-26c6-4e22-840e-fe06eed5e051","epithelia"
"11920","d6fb8e2d-602e-469b-98be-bcb3b0e6d459","epithelia"
"11921","d6fef53a-5c14-4d46-8b3c-8837ea316414","NKcells"
"11922","d6fef8e1-2b4c-4a5b-93d5-4e571b6dc0f8","immune"
"11923","d705c4a5-b8a6-4a8a-9e56-93c0196d151a","immune"
"11924","d70ab1e5-a418-4c82-9b62-a4c5c351a993","epithelia"
"11925","d70b65e3-f7ee-4a6c-a9b9-971814889a71","epithelia"
"11926","d70b6c6f-682c-4921-bd89-f70122bfe233","NKcells"
"11927","d70e2967-ec45-4fcb-b82e-ce6af7e2fdad","NKcells"
"11928","d71017b2-1618-48a2-8eee-d1048cdbac45","myeloid"
"11929","d712fef2-33c8-4b7d-b48c-97c5ebff662a","epithelia"
"11930","d7135d50-5653-433e-b3a4-118ba7049da9","epithelia"
"11931","d71550e5-6451-41ab-96f0-a3d2aa61730b","epithelia"
"11932","d71dc9d5-3140-42b7-849e-4d32c6901e84","CD4_T"
"11933","d71e6574-3ec6-444f-9809-82ae0f3c9b9c","epithelia"
"11934","d720d8f2-6705-489c-90f4-888b5b7f8f54","epithelia"
"11935","d72b6513-79bc-4ebf-b7b5-ec226795b36b","epithelia"
"11936","d72c506a-79c0-43d4-8ce9-c5a34e0d2228","NKcells"
"11937","d7394a2b-3257-402c-8119-2c2c1733aa23","NKcells"
"11938","d741ec78-c194-4d3a-a539-377eac921f01","Unknown"
"11939","d742d507-4471-4e9d-bd11-a67b005f4cf1","epithelia"
"11940","d7430c50-28de-448e-9eab-5edd55dd9a7a","epithelia"
"11941","d7469652-dd63-4f1b-a571-ef0b62c9e292","epithelia"
"11942","d74c0e26-31b8-477d-8753-777ec3ae43d9","immune"
"11943","d74cb534-f21b-4ef7-97aa-be5528b35afe","epithelia"
"11944","d75338f3-a6e5-4fe1-a610-6e11bbc1c12c","Unknown"
"11945","d75cad5e-1654-4e85-9cb8-8ab3c0a1a7b3","epithelia"
"11946","d75f5b94-f52c-4d6f-a0f8-8f75847bc71d","epithelia"
"11947","d764b584-547d-4ada-ac77-23f2ca7396a8","epithelia"
"11948","d769a31d-4636-432e-ada5-884f85b258ba","epithelia"
"11949","d769c2f9-1367-4011-9959-171bae47953a","epithelia"
"11950","d769f70b-f3b7-426e-a4a9-664073b43837","epithelia"
"11951","d76cf046-3b6c-4819-b794-1fb1a6f87729","myeloid"
"11952","d76e4d06-7122-493c-8e1e-1f5c21557303","NKcells"
"11953","d776d3b5-a9bc-4d82-a2e8-b072a03f2784","epithelia"
"11954","d7771a11-0c66-4968-a1a8-89e62167c462","NKcells"
"11955","d778f1df-d2d6-4cfb-bf61-9437e439652a","immune"
"11956","d7795206-e252-472e-91ec-bbc4d05d7301","epithelia"
"11957","d77e20f8-349f-403b-bfc3-d0d01646c6f2","CD8_T"
"11958","d77ec048-e54d-4d96-8ef7-2ead2945d4be","epithelia"
"11959","d77f0644-0e62-4e56-9c16-04bf17fd7c72","stroma"
"11960","d77fff7e-663c-4a98-895b-785fab1db704","epithelia"
"11961","d78003e1-22e4-4460-a7f2-4831465d79c2","Unknown"
"11962","d7806c3d-dbb1-4d45-abe0-169e67b00610","epithelia"
"11963","d7871038-3a0f-418a-964d-d905767dd89a","epithelia"
"11964","d78827f5-5385-4d3c-a7c6-75da0eebe5de","epithelia"
"11965","d78a46f6-c1ef-4d19-bb74-5a2b37a66567","epithelia"
"11966","d78ae1ac-c57b-48ac-b466-c71fc0cce1de","immune"
"11967","d78f7e6e-3e0a-40d1-87ed-af412426232b","CD8_T"
"11968","d78f9e09-e46c-42b1-bd20-ea4942f8b635","epithelia"
"11969","d79b030e-3ac3-47f2-8058-d8b4a238047c","Unknown"
"11970","d79becaf-ef95-4097-ba4f-e489d62d5d90","stroma"
"11971","d79d4d06-9e98-4c17-9845-41027686a47c","CD8_T"
"11972","d7b2d6d7-0cdb-4a55-a2a5-92df89b3b0f1","epithelia"
"11973","d7b5c128-32dd-48e1-bff6-1637ce226ccd","CD8_T"
"11974","d7b60fc0-5474-4575-9786-5d660c1c1337","stroma"
"11975","d7baf5f7-8f10-4992-91ca-01e091e1485b","NKcells"
"11976","d7bb6e5b-f010-4318-8f01-7f566cc7aab9","epithelia"
"11977","d7bd8cfa-4878-4f0c-a27b-7c2a0da43713","epithelia"
"11978","d7c26cc9-bb66-4e74-8af5-f5bc956ab61d","epithelia"
"11979","d7c915c1-0a39-4bfd-a505-db809f19a320","NKcells"
"11980","d7cd5c0a-ae32-4985-8f27-abc9ffd02288","epithelia"
"11981","d7cdb78f-121f-4211-9a02-7c724cfa5f8f","CD4_T"
"11982","d7d9bdf3-be59-4912-a69e-497080f1d122","epithelia"
"11983","d7dbb97f-15ab-4ef1-a126-24c7e7d17266","epithelia"
"11984","d7dca549-6214-4531-9bca-e3e225f94b72","epithelia"
"11985","d7de30cc-51b0-4118-9afa-595f2da7200b","epithelia"
"11986","d7e6ee2d-6dba-4115-a256-836daef8c471","epithelia"
"11987","d7f36d93-5ecc-4236-85e3-696c2190d8d7","epithelia"
"11988","d7f49892-d3b1-4296-befa-c7e44c1b92f2","immune"
"11989","d7fa4e68-c0d7-48dd-8abc-711996838e31","CD8_T"
"11990","d8006a4e-5045-40b7-9dfc-97da51991d9e","T_cells"
"11991","d801b440-12bb-4f1b-962b-d223ec907276","myeloid"
"11992","d804bd6f-b85e-4118-bea8-46c1ffd4a09a","epithelia"
"11993","d8063d5f-d993-40fc-b9ca-b7b6d2860298","Unknown"
"11994","d8093741-a471-49e2-b01e-2e2e4846f077","epithelia"
"11995","d8100bec-7bcd-4db6-bb6e-2cac3eef0f92","endothelia"
"11996","d8100e7b-6e27-45ac-8374-525136712df4","epithelia"
"11997","d810ec83-c749-485a-8217-62124d84dae0","Unknown"
"11998","d81c4d5e-26fa-4d13-9e0a-7fe0a34727b3","Unknown"
"11999","d82995a1-8e25-42bc-9017-4f6774cba004","epithelia"
"12000","d82a4ee5-d0ef-4c74-b02c-774e45625408","epithelia"
"12001","d82c910c-da66-471c-8816-a2cec4713341","epithelia"
"12002","d82e9bba-7ab3-4a48-8f02-aa6d4fefd137","epithelia"
"12003","d83e8521-52da-4d57-8b87-250ccee92787","epithelia"
"12004","d8442d0e-6145-46e4-8169-0c087a7605fc","epithelia"
"12005","d848f295-4a52-4d5b-b095-3eed197ed189","epithelia"
"12006","d84c5420-cba6-4888-8108-6129d7c5c4d6","immune"
"12007","d84d2b94-cf8e-4e4b-a50b-1aa34814f922","stroma"
"12008","d863ff54-98ba-4c80-b264-2d010fc602d7","endothelia"
"12009","d86ee7fb-8c0f-440d-8c3e-5b9d37f397da","epithelia"
"12010","d86f01a8-4d12-4113-a5cb-aab34b6ee0df","epithelia"
"12011","d87098ca-0819-423e-8ffe-ed0ee1d31b14","epithelia"
"12012","d8716d09-5a23-4cf5-9112-57eed2458741","epithelia"
"12013","d87d6d08-f1b0-43d9-a899-b08aa295904c","epithelia"
"12014","d88c0690-e5bc-4fb7-9ca0-5d2bdadf499e","NKcells"
"12015","d892181c-d369-431e-bb7f-eade4fcad1c0","epithelia"
"12016","d893ad46-606c-479f-97c0-4a7d97b37447","epithelia"
"12017","d8956139-9db4-4baf-a0bb-f0e5dec88493","epithelia"
"12018","d8977149-da21-4631-b8a7-e7a5676a494c","epithelia"
"12019","d898d03c-2613-4ae4-bacd-1b5579197020","epithelia"
"12020","d89964f4-3ce3-48b4-a567-4b1fffcca46b","epithelia"
"12021","d89d5c52-f986-4bb6-ae63-e28c5a0523ee","epithelia"
"12022","d89fd7c3-ef3b-4cd9-ada2-557a02830a16","epithelia"
"12023","d8a368a7-f5bb-4317-8625-1ba8e353894e","epithelia"
"12024","d8b1f624-7814-4857-80a4-a5195009e936","epithelia"
"12025","d8b367cb-561a-4300-8e26-05923bc42903","stroma"
"12026","d8b37be3-b9a4-4d58-bfe1-148dbd7fcdb2","stroma"
"12027","d8b5d8eb-e6c9-415a-9b4b-a47177480b3a","epithelia"
"12028","d8b6b568-f5e2-4014-949b-c63034546690","myeloid"
"12029","d8b73daa-a23d-404e-be1b-41be60be3100","NKcells"
"12030","d8bae128-b3c8-4e2e-888e-655335f5fb4c","endothelia"
"12031","d8bd35c9-9275-43e3-9016-ac36fa77679d","epithelia"
"12032","d8c3303c-01b5-4e5a-8abe-733076d918b6","epithelia"
"12033","d8c4a8ed-7519-493c-873a-8e61f189dd0f","epithelia"
"12034","d8ca90b2-7a77-41d9-9fa5-e6d44fafb299","immune"
"12035","d8cf54b8-b35d-40a5-9a77-7f05eb0ee1e0","epithelia"
"12036","d8d030f3-a541-4be4-8792-1d884bef3ce8","epithelia"
"12037","d8d61469-73ed-45ff-9114-7063ccb34ae7","NKcells"
"12038","d8d77bba-689e-40c0-8bbd-611aa7c74ce2","immune"
"12039","d8d88f33-0766-4c66-a7a4-a7f1ffa2b5b9","NKcells"
"12040","d8dc197d-7df7-4139-bf41-1bd278a7a60d","epithelia"
"12041","d8dc6612-b432-46b9-a9be-12141216d3db","epithelia"
"12042","d8dfaedc-8160-41bd-9ec5-66cd2cd08187","epithelia"
"12043","d8e4aa8e-7292-4077-93c3-8ac6c8d7209c","myeloid"
"12044","d8ec330a-b3ea-4b3f-a77d-6b37cc78f901","epithelia"
"12045","d8f10e4f-61ab-480f-91d0-071117a52587","epithelia"
"12046","d8f13c48-5d4a-4b37-be03-783baac1e3aa","epithelia"
"12047","d8f17ea0-a588-4cd6-8cc1-ef2a42f9db0e","epithelia"
"12048","d8f3d48f-68fa-43d9-b4fd-c97fbd177496","NKcells"
"12049","d8f5f35f-3324-4902-864b-907982d15ad4","epithelia"
"12050","d8f8bc11-fa5d-4ddb-800d-f426300bfe52","Treg"
"12051","d8f998a4-918a-42ce-8816-3f2ddab2d1e1","epithelia"
"12052","d8ff0968-9434-4874-9001-ef11206c185a","epithelia"
"12053","d8ffacd8-dcc7-4892-a733-ee668f595a26","epithelia"
"12054","d906664d-3753-457f-862b-89c352ca5d83","immune"
"12055","d9097428-8bed-4540-95bf-04b5cd308e7d","epithelia"
"12056","d90f5988-acaf-46ba-8841-401801817415","endothelia"
"12057","d9113890-8735-4315-8234-eeded5e0d950","epithelia"
"12058","d9129d59-e631-4c4a-a25f-4f4b6ec1d5c2","epithelia"
"12059","d912c363-4e9f-4c23-87c7-b78b672b5602","immune"
"12060","d9137db1-2afb-4d00-a163-c3c29db095df","epithelia"
"12061","d91686e2-071d-4f7e-98fd-56ca42556356","epithelia"
"12062","d91c5594-fd47-4df9-add8-7bcab12cbe3b","NKcells"
"12063","d91de27f-c655-46f5-8242-566bf64aad59","epithelia"
"12064","d91f752a-afec-4637-81d8-ab15a004e6fa","Treg"
"12065","d9235be5-7674-4032-9a4e-97219f41a4a8","epithelia"
"12066","d9238daa-0d1e-45eb-93f5-fd01272a71f4","immune"
"12067","d925946d-c93c-46fa-ae23-ca8a15239117","NKcells"
"12068","d92d2644-1402-4367-b28d-495032ff230a","epithelia"
"12069","d9308eb7-b87c-4ad4-90c4-7de78d060206","NKcells"
"12070","d9349912-1a9c-4ed9-8127-35701989147c","myeloid"
"12071","d93aedf4-141b-4a4a-8812-9872691f325f","epithelia"
"12072","d93fdd9f-2368-4a71-a448-f19224e514d2","epithelia"
"12073","d9453a36-0af9-4f48-bf6c-f59db2ebeda5","NKcells"
"12074","d9477a6e-4d55-4d50-805d-db76976efafb","epithelia"
"12075","d94ac2ce-5dc1-43d2-ad7d-9fc0a1824238","Bcells"
"12076","d953c42a-71bd-42a4-821c-b0c4f6385418","epithelia"
"12077","d9541eb4-5313-4a6b-b1a8-8733c82bf4e8","epithelia"
"12078","d95e2c1b-ab9c-40a8-8b21-bfc26d742db1","epithelia"
"12079","d95e4950-ef0d-4cb5-bd50-9493daad16b9","NKcells"
"12080","d95f3a96-b1eb-4920-8be6-be9b3fe0f849","epithelia"
"12081","d961448d-606e-4aac-9b05-720b25abffbb","NKcells"
"12082","d9623fc1-f0cd-425b-905d-a0096f2d57ae","epithelia"
"12083","d964504d-9660-40b5-9c62-8dff299fdeb6","Unknown"
"12084","d96597d4-76c7-4b12-8490-5d5892ada795","myeloid"
"12085","d9696b31-e94a-4b87-abbc-8ca61dfb51fb","epithelia"
"12086","d96a9b14-c6fa-47b4-8a4c-9ca177b2e8ef","epithelia"
"12087","d97310d0-58c5-456d-89a8-05fe7ac37974","NKcells"
"12088","d973ea54-e646-44d2-aa2b-be8bfed297d9","NKcells"
"12089","d9795cfe-4c1c-45f2-a763-2e5218d15d1d","NKcells"
"12090","d97e0a18-ac5b-433f-b960-cecbca9dbfcb","epithelia"
"12091","d97fcf80-7fe4-4584-8b43-29048d671b36","epithelia"
"12092","d98266ec-8d6e-49c7-b899-d1e1ac43bce3","epithelia"
"12093","d98cfe21-c170-43d2-a1f7-b8251697fa43","epithelia"
"12094","d98f18fd-06b4-4481-ae84-b4cb49f459ed","epithelia"
"12095","d993d239-86c9-441e-8a36-e5c1e3f54676","epithelia"
"12096","d9959b9d-78d3-4f11-9970-1595f6e50a33","epithelia"
"12097","d99d7263-302b-4d74-88f7-f77d99e6f3d1","CD8_T"
"12098","d9a5f071-ba26-47e0-bd30-e24ae532a599","NKcells"
"12099","d9a78b2c-57f2-40d5-ad56-6dfe8507dcf3","Unknown"
"12100","d9ab58b7-e050-4657-ad12-0df3e6be8783","epithelia"
"12101","d9b3e522-ab18-4ba9-b1e9-46a95508faaa","epithelia"
"12102","d9b7a0fe-ede0-4422-ab95-d599f62eecfe","NKcells"
"12103","d9c44967-8210-43cf-9e25-728c87c7c3b4","epithelia"
"12104","d9c55539-4b88-4580-ae2e-03937131ba19","myeloid"
"12105","d9d2e620-66d8-4d00-8d9e-d3b613b7b664","epithelia"
"12106","d9d53279-1ee5-41bd-960f-2f2d2ba7b8d3","epithelia"
"12107","d9d678f2-457c-477c-b35a-465b02488987","epithelia"
"12108","d9d6cd78-1d21-4c83-97f4-f3d5ce76af51","epithelia"
"12109","d9de6334-f76c-4ea0-b9b4-7559006520ca","endothelia"
"12110","d9e12fcd-1416-4059-8d6b-51e43ecaa5bf","immune"
"12111","d9e5a5e3-ba34-4d2a-b730-e9d3ea0e236d","stroma"
"12112","d9ec3d24-73d9-4f00-bd27-84abdb3608ea","Treg"
"12113","d9ed2eaf-f09e-4a9a-9aae-137a7c1308f5","Unknown"
"12114","d9f51cde-88ea-4af7-8269-54b480a2b009","Unknown"
"12115","d9fb72f4-9a12-43ee-b643-95332509cb97","Unknown"
"12116","d9fc96f0-fd2f-4127-9575-ea4ea178fc5d","epithelia"
"12117","da0392a6-85f9-4402-b073-23960c008df6","CD8_T"
"12118","da0e0705-07f0-4de4-8ea6-e3b77e56ed88","NKcells"
"12119","da15120c-09e7-4374-bad4-7903f0fef03f","epithelia"
"12120","da15d487-e897-45e5-a358-6590fa19b1b8","endothelia"
"12121","da17331c-1b2f-4778-a8a5-eb0bf3cc645c","epithelia"
"12122","da187bc9-1465-407f-bcfa-1f03e0e904e2","CD8_T"
"12123","da1d235d-961a-46f4-a9dc-b98db8b7e63f","epithelia"
"12124","da1d587b-520a-47c4-aff0-45e047ce113b","epithelia"
"12125","da1dc1cd-aa89-4086-b124-0359f18affe3","myeloid"
"12126","da1f0f2f-1e3a-4176-af4e-6aef4976b014","immune"
"12127","da1f1b4c-5c4c-4833-bb0a-cb9af140275a","epithelia"
"12128","da1f48be-e34c-4a74-b568-5f8ebd05bcee","epithelia"
"12129","da21dd11-b8d3-46b6-97ba-bdaee7a96b42","epithelia"
"12130","da22eb63-bfa9-4642-a902-bec184d74bb8","NKcells"
"12131","da28f987-25b8-4836-a8a8-177596f7040c","epithelia"
"12132","da323991-ede1-40f7-a66a-7513b32fa5e3","epithelia"
"12133","da37ec64-c73f-479e-bb35-6b3e48102ea6","epithelia"
"12134","da384c9c-2a6c-4c10-994a-a2afabfe5e3c","epithelia"
"12135","da38686a-bb23-47cf-8185-dc14e76e972a","CD4_T"
"12136","da3df4ea-7dd5-4dda-bc65-9ef215608df6","epithelia"
"12137","da4fcefc-4074-4682-81e5-ce56f36e516a","epithelia"
"12138","da501dfe-9809-44f6-9dca-395828fc02c9","Treg"
"12139","da510992-41bd-4788-905b-b7a6549a9ae0","epithelia"
"12140","da538bbe-562e-4d9c-9bb6-916d0af151ab","epithelia"
"12141","da5ab045-1048-4f95-8625-a592ee6b5042","NKcells"
"12142","da5e2f22-60b0-4958-b0b2-a84e15a908b1","NKcells"
"12143","da5eb50a-028d-465a-b05b-c08fca32f509","immune"
"12144","da623bc8-ec8a-4b87-b5bf-ad62611bc04f","epithelia"
"12145","da63210b-73ee-4fb9-b953-41d934194787","epithelia"
"12146","da6831e1-820b-4975-a52a-9f2e215b6234","Unknown"
"12147","da6ac53a-8157-4b77-97f2-46c8da146575","immune"
"12148","da6fc900-ee3e-4cf5-84b0-7ac23dd1f91d","epithelia"
"12149","da702422-bf48-4da5-ae64-a03651e0a43c","epithelia"
"12150","da7044b4-85a9-4164-a36f-925f9e830a39","epithelia"
"12151","da745ff2-ad05-4c29-be7f-6fba2d9a7424","stroma"
"12152","da7702ad-707c-4553-9b8b-ec939d7f6fa8","epithelia"
"12153","da8259c2-b0c0-45df-a832-6d25332551f7","epithelia"
"12154","da966691-8eed-4401-99bc-10e6bed7fe6e","T_cells"
"12155","da9b17ee-d0e2-441a-b073-6f0a7af58db3","epithelia"
"12156","daa071e3-83cf-4c5f-a0f4-ebab5132f15a","epithelia"
"12157","daa4174f-dba1-4ab9-8cbb-6982edb4bd10","NKcells"
"12158","daa7657b-9334-439e-a99a-9f3a9123f47f","epithelia"
"12159","daa8634b-71c7-4130-b8c3-ff88cee9c4e2","epithelia"
"12160","daaac95d-79e7-4352-84e4-a4b3a1d64c78","epithelia"
"12161","daae1df4-e402-46d7-9354-5d860259095f","Unknown"
"12162","dab858e0-57af-4a83-ab77-b9744e000947","Unknown"
"12163","dabbd5ea-7bf1-41f0-bbe8-ba6e7bedd87c","myeloid"
"12164","dac2829b-d6db-4c70-a4c4-2457b47251be","myeloid"
"12165","dac8307e-4a43-43fa-93ba-2ed35356f279","epithelia"
"12166","daccdc77-82ab-4b5f-aaa2-dfa8f2286b32","epithelia"
"12167","dacf81e4-f6a0-47e1-a35c-135eead98cef","epithelia"
"12168","dad6654e-08fd-4e18-9480-5ddf33411fc6","epithelia"
"12169","dae546f5-20a5-40e9-9589-cc5013256b1e","NKcells"
"12170","dae59180-737c-438e-a881-9e08ec13a35c","epithelia"
"12171","dae6e125-7045-4fda-af08-af92f6cbc2c4","NKcells"
"12172","daec34c0-921f-4eed-9a3e-d89905533a85","epithelia"
"12173","daefa235-8859-41ae-b797-f6366cfd83fc","Unknown"
"12174","daefc96f-1d5e-41ab-954f-5ea6924e4f9a","epithelia"
"12175","daf7af6e-e2aa-43e7-b041-5aa74bb8ba03","Treg"
"12176","daf9722f-d6a6-4156-aba1-bd238c4e7440","NKcells"
"12177","daf9cef4-466a-40b1-a661-c3d6f945be9a","Unknown"
"12178","db057981-a0a9-45b6-af10-524f2618010f","epithelia"
"12179","db06b6e5-51c0-4e92-b8f3-2374176e0ef6","NKcells"
"12180","db0976b5-4450-405a-a2b2-81bcda2cd732","epithelia"
"12181","db12aa06-0750-44a4-986e-6af71f0c8ea6","NKcells"
"12182","db1653b2-c44a-4258-9374-93696422fdc3","immune"
"12183","db1872b1-2f07-4ed0-aa8e-6f60b0d093f8","NKcells"
"12184","db1b8bf2-373d-4333-b085-d3352a4ac516","endothelia"
"12185","db1dbbf2-9d52-4ec8-8a80-3ac0e2d805a8","myeloid"
"12186","db258de9-1862-47ba-a68d-5820d5101469","epithelia"
"12187","db2650e9-53d7-4441-97b8-b0d213fea9f8","NKcells"
"12188","db298ff2-c1b1-4204-a7f2-942aceee0345","epithelia"
"12189","db2ba15e-aef3-42b6-94e6-d81ddcddfa25","epithelia"
"12190","db2ffd1c-c18e-40b0-a590-f9adddeeb281","epithelia"
"12191","db31885f-c5f9-4964-ba3f-82ae93962e67","NKcells"
"12192","db3cc043-3d37-406b-aadc-4c67a75a5cd3","epithelia"
"12193","db41bb53-7d11-4d52-b8b7-0b682f2c20de","epithelia"
"12194","db421d06-f704-419a-ac80-334dca48b365","stroma"
"12195","db44732d-baaa-4f73-95f1-58ae5df6a003","epithelia"
"12196","db4e3c35-aa6b-4780-b2d4-3bac7642e758","NKcells"
"12197","db55394f-496e-4e9e-8cd9-7cab898e4acb","epithelia"
"12198","db584c4d-cd7a-47bd-acb7-a6f4bd5cc4cc","epithelia"
"12199","db5a1f57-f196-4458-b3f4-eb2490fd9630","CD8_T"
"12200","db68aba1-a722-40f9-b33f-ace23c8e1b8c","epithelia"
"12201","db68fb87-8e67-4509-9821-e08105125b1b","epithelia"
"12202","db690c5f-55f4-4d55-ad11-3dc05157a7f3","epithelia"
"12203","db73633f-f494-4961-830b-95cea138aaee","Unknown"
"12204","db75478e-6629-41d7-b39f-fff20931a153","CD8_T"
"12205","db7889b2-6b8f-42a2-9c9c-bc67c7365e5d","Treg"
"12206","db7fa45f-bf98-4b69-94bb-27c73e4d49a5","epithelia"
"12207","db811222-0836-4ddb-89ff-35345281cd38","Unknown"
"12208","db83a2e0-2ba5-46cb-8a20-01a83f7ec6ca","CD8_T"
"12209","db88155e-c8c9-4842-8ccc-0055a4b7c909","myeloid"
"12210","db8853f1-302c-43f0-b27f-aa4afb37b851","CD4_T"
"12211","db919928-8f40-441d-97d2-d50ffaf1d0f5","epithelia"
"12212","db957922-de06-4a89-b8d8-2ba73d98a8c7","epithelia"
"12213","db9e1d29-20dc-44c2-90d2-97d19ab4968e","epithelia"
"12214","db9f56f7-bb7f-4fc2-916e-6aa837b981a7","Unknown"
"12215","dbabfac6-3f7a-4645-bc6b-7622eeadae69","epithelia"
"12216","dbb9909d-b05b-4dce-8ac1-fe50edb2ee91","CD8_T"
"12217","dbb9fdf5-1eeb-42f5-96bf-5f00deebe453","epithelia"
"12218","dbbb42d6-2e9e-4b7f-a294-5812ef0859d3","epithelia"
"12219","dbbb8fee-8b72-4939-b376-9af5dae16e0b","NKcells"
"12220","dbbd0d04-a25f-48fe-b353-d42b856d3fbf","CD8_T"
"12221","dbc35bf8-fe52-49d8-8c09-bc476fdf1886","epithelia"
"12222","dbc591a7-972e-4203-9da0-fcd0a10a9e80","epithelia"
"12223","dbc64082-1a7f-4862-8e60-70dad3671489","epithelia"
"12224","dbd5cd33-796d-44fb-9732-3ae1e2d60ce9","epithelia"
"12225","dbdaeedd-8d85-4631-a8d4-b76ce49c8a88","epithelia"
"12226","dbdd75ec-bbab-472f-83ae-ca948263e1f3","epithelia"
"12227","dbdf5d77-f17a-4c98-969d-6f24798b27a5","epithelia"
"12228","dbe54069-3521-474e-93fa-d4d09ef9782c","CD8_T"
"12229","dbe9a78d-8f88-4861-b211-fb093d59f585","epithelia"
"12230","dbeb97af-753a-4b79-a9aa-fc570be7f4e0","epithelia"
"12231","dbf28343-395d-43f1-ae1e-1dc032dfc683","epithelia"
"12232","dbf60473-0833-4829-b0b0-7c03d226d768","immune"
"12233","dc04af6c-9fb0-47fc-b7e5-a34b7c136675","Treg"
"12234","dc12cd99-b556-4d22-8050-cc8b80ef3a45","epithelia"
"12235","dc14fa07-5370-49ae-9e2a-2c8f23f66555","epithelia"
"12236","dc175a70-5510-477b-8fa2-c5bc9ab4e61c","epithelia"
"12237","dc197cff-b2fe-4565-a8bd-45ee110b8ecc","epithelia"
"12238","dc217a3e-805d-4ff0-971d-42b005739163","epithelia"
"12239","dc29e3c5-0821-403b-b0e6-0081491ff934","epithelia"
"12240","dc348f8a-280b-42b0-8528-114517ef6784","myeloid"
"12241","dc349dda-85d5-418e-beb7-f3d52ffb1f77","epithelia"
"12242","dc3b3648-44d7-4975-ab6a-042d34e2ff19","epithelia"
"12243","dc3c2e40-45e3-4fe5-bb25-1df99ddc32f5","NKcells"
"12244","dc455ecc-ad8a-4305-b16b-89fbb7f1eabe","epithelia"
"12245","dc459c6b-3700-47e0-be27-e6396d8884c0","epithelia"
"12246","dc470fca-8605-468e-bc81-7b5c9bc1d3aa","epithelia"
"12247","dc48ce16-5de5-48a0-988a-830b8adfe025","epithelia"
"12248","dc4a6858-a87e-4c06-8314-a4a946ba01f0","epithelia"
"12249","dc4c0fdc-17d6-472d-a3a2-4b68707ff344","epithelia"
"12250","dc57e1b3-2fb0-4e95-aa9a-ddbbd9be27c9","Unknown"
"12251","dc5a4607-e361-4f69-bc65-87a86d08f9ae","Unknown"
"12252","dc64690f-eec2-45af-b9b3-7638128d8959","epithelia"
"12253","dc646f1a-1999-4e75-a072-027663035a94","T_cells"
"12254","dc68e942-69e0-4760-915d-00ba87874db2","CD8_T"
"12255","dc6f6ece-6f25-41d3-b7f3-a63e7ecce9a4","NKcells"
"12256","dc7672cb-fb1e-46bf-986d-5c5c28b0ab2a","epithelia"
"12257","dc86eee6-c149-4561-bfd2-1af5b4b5faa5","epithelia"
"12258","dc8a992f-3855-460d-b455-2497d7f9a6fc","epithelia"
"12259","dc8b56eb-be64-41eb-ad4d-d239c00d980d","epithelia"
"12260","dc8f9f18-0da2-44e0-add9-eec7a99d8774","epithelia"
"12261","dc966b9d-d31d-4bb0-bd64-98881ce478bb","Unknown"
"12262","dc9740a9-670a-4fe3-9657-3552303f4373","CD8_T"
"12263","dc975991-4a26-4660-b5df-7374e97c4a9c","NKcells"
"12264","dc9a93b7-4b1e-4a77-9939-3558e4e2fcd5","Unknown"
"12265","dca54bca-a1cd-419a-bcaf-cdb3c20f9554","epithelia"
"12266","dcafc758-208e-4fea-8a2c-35329546ceb7","epithelia"
"12267","dcb465e8-5d00-40f2-8bc7-7759776d98a5","epithelia"
"12268","dcb8d4f5-d3dc-48bc-87b3-e4c448b64621","epithelia"
"12269","dcb8daf7-e0e6-4cb2-8a91-b20a58faee58","epithelia"
"12270","dccce6ec-4598-488f-b907-499ec5d79703","epithelia"
"12271","dcda0bf7-c268-4fb6-90a5-6095667a99ae","epithelia"
"12272","dce4da80-6f00-418f-9984-e785e7bd8d43","CD8_T"
"12273","dce651a4-a805-4f93-8aa7-84def2f76321","Unknown"
"12274","dceb6249-0ec0-48f2-bac8-4f44926bc87d","epithelia"
"12275","dceeb16c-27b7-49d6-8868-7c49e8cfdb9f","immune"
"12276","dcf1f66f-2795-49fa-8a25-1f923759815e","epithelia"
"12277","dcf3d855-d1e8-4607-9628-93159935dfe8","epithelia"
"12278","dcff96fa-cc3b-443d-94d6-4ccaa048b6c8","Unknown"
"12279","dd02b2e8-6d8c-4e70-883d-7d03b4a2f269","epithelia"
"12280","dd09c913-ef8b-4d37-ae8f-715a8813a23f","CD8_T"
"12281","dd10d507-5a09-47a7-b54d-a79edca9c6cf","epithelia"
"12282","dd121b86-f101-4245-b88a-5964d99e1c74","Unknown"
"12283","dd1c50d0-199f-46f3-a945-4ab4282e3740","CD8_T"
"12284","dd1d1ea4-7e78-41a2-a747-5502ec9fef75","epithelia"
"12285","dd1e6ef1-3c1c-4b12-963c-59431b83cddc","myeloid"
"12286","dd208948-c784-403e-9c80-78ae34f057a3","epithelia"
"12287","dd2a397c-4dfd-4553-a4ec-4a15fa063149","Unknown"
"12288","dd2e7dd5-4ce1-4e3d-aae0-5f45053a99eb","epithelia"
"12289","dd3ba9a5-b9d9-4a67-b3bd-1cb5eda2249c","epithelia"
"12290","dd3cd4a0-cf39-4b7f-b785-ec865b00fe97","NKcells"
"12291","dd3de6dc-d948-42f7-a7d3-85e4a7339a94","immune"
"12292","dd47ebe5-52d5-4418-a5b8-d3d537163fe8","epithelia"
"12293","dd49146d-6363-4299-8a38-95061b101d11","stroma"
"12294","dd51beb0-a241-4be4-a616-dac6ce71610b","epithelia"
"12295","dd527707-1deb-4393-b84a-210a31c21fa1","myeloid"
"12296","dd57ee91-c92c-4a4f-84e6-e325ddbf98c2","T_cells"
"12297","dd59ea10-a286-45dc-8871-22e6d2006af7","NKcells"
"12298","dd5e3e0c-c30b-44e4-98ab-bad93d2a710f","immune"
"12299","dd5e5e7a-21fb-4fd2-8a31-e2943f2f80e7","epithelia"
"12300","dd5ff201-9cee-4c33-8876-777536277c67","NKcells"
"12301","dd634461-0c91-4960-a491-b2584901e320","epithelia"
"12302","dd659278-ec62-4b55-aa45-63189cbfc662","epithelia"
"12303","dd68a88c-a6a2-4c8b-a791-30788a3c7cf8","epithelia"
"12304","dd6a88fd-2b3d-428d-ada3-1afd329b8af6","epithelia"
"12305","dd6af6ba-1c53-4420-b893-8d133b2af134","epithelia"
"12306","dd702094-1788-4709-abc1-72e528bfd1f4","immune"
"12307","dd73d0b5-7c2d-44c9-b703-d718eb2e5b36","epithelia"
"12308","dd7faf50-0d09-4f51-a4e9-a7c6b090abab","Treg"
"12309","dd824ae8-f7b0-444d-95b8-7a9334b923aa","Unknown"
"12310","dd843a0b-05e8-4884-a855-5797b6526e94","NKcells"
"12311","dd872ed1-eade-411d-8709-2bb67399a62b","myeloid"
"12312","dd90da08-a96a-455d-b262-da3613a87367","epithelia"
"12313","dd9231ad-42da-4242-8723-4d619b634f96","Treg"
"12314","dd92c528-7a82-4da2-a0ae-55c1d627db5f","epithelia"
"12315","dd9fe2fc-9ce7-43bf-9104-a0c2b35e4e99","epithelia"
"12316","dda124ad-35d4-40ee-9992-905ea32ef57c","epithelia"
"12317","dda3675e-f5c7-49c3-8701-061599f28de5","NKcells"
"12318","ddc50b04-2c88-438a-b3d2-b82b0cce71ed","epithelia"
"12319","ddc6a9ec-cd20-4cd3-b375-2903d20050d4","epithelia"
"12320","ddc7db28-d3ac-44da-90c3-2aaeb71b4bed","epithelia"
"12321","ddc98763-260f-4c63-8ce7-b6ba7157ccfe","Unknown"
"12322","ddd24d6f-ef1e-4a01-b3b5-ce61df2318b7","epithelia"
"12323","ddda02c3-1716-4ef7-aff9-d18cb925cb41","epithelia"
"12324","dddf5d26-9270-4ca2-a5fb-9918d1f6d26b","myeloid"
"12325","dde21e7e-be8d-4298-aa0b-14a01497e457","epithelia"
"12326","dde522c7-3916-4a5c-9260-d0ba1dabcabf","myeloid"
"12327","dde7d30d-ca56-41ab-898c-c0ab1255fd08","CD8_T"
"12328","dde96834-3edb-414e-beb2-a9f4232561d1","epithelia"
"12329","ddeab969-bee3-4efc-b9e8-fa263e899e25","epithelia"
"12330","ddeb26bf-1024-4f46-b7da-30418ded730c","Unknown"
"12331","ddf3ac75-ca76-4a01-81f4-bb5da722c142","CD8_T"
"12332","ddf73e23-449b-4d0d-9ce7-0c6402dd2b48","epithelia"
"12333","ddfd7eee-53e3-4164-8437-e8254459e7f9","epithelia"
"12334","de0370f6-28ab-4076-a479-d6c0b3998b58","epithelia"
"12335","de0be9c4-ac99-45d5-a693-60e4510176f2","Treg"
"12336","de1593d6-e0d5-4c92-b831-f2a55d06bc18","immune"
"12337","de1fed0c-484c-40aa-8a2d-a2f23daa122a","immune"
"12338","de22ffc0-48f1-4740-bde0-93ad046ba275","Unknown"
"12339","de237d2d-a022-4236-867c-e3c76b021b75","epithelia"
"12340","de3c4482-c1e6-4667-bea2-adf58d52c349","CD4_T"
"12341","de3ec08c-c115-41c6-97da-03aa7119dda1","epithelia"
"12342","de3fa0ed-1efc-4ff6-8455-6e89332f55a6","epithelia"
"12343","de40e2a3-beaf-464e-80e3-02e65f671e9d","epithelia"
"12344","de452df3-24d9-4c56-8d92-ef3af695f28a","Treg"
"12345","de4accae-ae80-4038-b164-08aaab274faa","Unknown"
"12346","de4d7986-ff15-4bd0-89d8-9075b6ddd01b","Unknown"
"12347","de5b89d4-8435-46ca-9ce1-a731404953fa","epithelia"
"12348","de5d592b-e5b3-4738-b115-2ac1ec915265","NKcells"
"12349","de6210aa-b3ca-40e2-aa45-212cb1e36bcb","NKcells"
"12350","de66ca19-4f91-461b-8c6d-05608b9b0598","NKcells"
"12351","de6d7f94-e2c5-4e13-a81d-1cdbd0990aa8","epithelia"
"12352","de73dc3c-9c67-4c03-a8b9-b59c96905dec","endothelia"
"12353","de7412e2-6b3f-46eb-b884-f8fcb0b31507","CD4_T"
"12354","de748ee1-5d5b-4e0f-b80c-ae90e1d32f5d","epithelia"
"12355","de7b32d8-0bb7-4084-a608-b55aa291efb2","epithelia"
"12356","de850263-b2ad-4b59-9439-29ba032340ce","epithelia"
"12357","de859848-f40b-4cb9-bdfe-966f9b87fbd9","epithelia"
"12358","de8763e2-67fa-42bf-8f08-e6cb990be4cf","immune"
"12359","de9178fe-ccaf-4ebd-a1ee-ceb11aee9d79","NKcells"
"12360","de96b703-407b-4047-bc84-592bb3d2af9d","NKcells"
"12361","de99bbe0-2e2d-40db-8436-c6d56eab9684","epithelia"
"12362","de9d4979-0fb6-4e42-b8e9-339a80ae57e6","epithelia"
"12363","dea53b3d-975f-4b40-9368-4c69a77cc1ef","NKcells"
"12364","dea9035c-ba32-494e-8654-41203ac93176","epithelia"
"12365","deae21e0-0a1c-485e-aaaa-f8753a78d879","Treg"
"12366","deb78668-db9a-42b8-9298-a569baf6af5f","epithelia"
"12367","debfccce-a907-44c7-819b-5dbd8bc8b827","epithelia"
"12368","decd91a6-3037-4296-9921-1c8ae871d1c5","Unknown"
"12369","ded26880-406a-4957-b2c5-858a066c2985","epithelia"
"12370","ded2f6e0-3f5b-4633-98d2-44fb4fcf9cac","Unknown"
"12371","ded57d98-fd4b-4766-9e2a-d2803e7650c0","CD8_T"
"12372","ded82958-dffa-427f-8b07-84627a5ba50b","epithelia"
"12373","dedc3de8-fd2d-49b4-bfeb-e2d09b942827","epithelia"
"12374","dee05936-3ab9-415a-b619-68805415cd82","stroma"
"12375","dee1fc00-f511-43e3-8bc7-d1c0f9a6eb52","epithelia"
"12376","dee47309-b9bd-4768-b581-7485192e0f8f","NKcells"
"12377","dee7d6eb-d631-4c25-b215-e1bd2d7d49e5","CD8_T"
"12378","def44292-bb31-4be1-aad5-8336b927f782","epithelia"
"12379","def5a35d-137c-4b0a-8831-5efd2032b5aa","epithelia"
"12380","def6ce53-a854-4ea5-b322-b076055e43b2","NKcells"
"12381","def89bd5-f75b-499c-86de-21351485e2e6","epithelia"
"12382","defc4990-f62f-4ea7-8cb1-27faa20f3776","T_cells"
"12383","df03ea4b-e316-4cad-958f-1dd0689e0914","stroma"
"12384","df0549d0-a3d7-4c9d-a2e6-1bf1357bc7ec","Unknown"
"12385","df059522-0f6f-4b03-a036-acc883e06cce","T_cells"
"12386","df06f929-2320-49a2-a012-e36be1c1a7eb","epithelia"
"12387","df11ac46-68b0-48b0-b66b-be7da13ca5d6","epithelia"
"12388","df1576c5-46e2-4076-af7a-b9e3240fa18a","epithelia"
"12389","df15f93a-b5f2-4e20-9113-8c2300cbee9f","myeloid"
"12390","df1833a7-c967-4ff1-86c1-c473ef719234","epithelia"
"12391","df18ee31-5034-4582-9783-be9a14ba18aa","epithelia"
"12392","df1a42cd-16aa-4625-abe3-d143020906f8","epithelia"
"12393","df1c38be-547d-4d3f-aa7d-36fed7a919fd","Unknown"
"12394","df238f01-d96f-49e8-898c-f0de8ff5c4b5","epithelia"
"12395","df254045-49eb-4e76-8e0d-6ec2ad614807","epithelia"
"12396","df2ab21e-a38e-43ad-811a-0fce171c4f01","NKcells"
"12397","df2b63c7-dc39-4c3b-a452-7d191877c27b","epithelia"
"12398","df2e7c6c-30ed-47d1-9265-0ea49b9458a3","epithelia"
"12399","df3186c1-47f1-4cd7-a054-4ecf390151fd","epithelia"
"12400","df31d000-5635-4356-9e94-0dc12e6243f4","NKcells"
"12401","df32e59a-ec2d-4f59-9210-346250726993","NKcells"
"12402","df333dca-aea6-4fef-a321-12aef8109ba9","epithelia"
"12403","df3c86c2-8310-4876-a793-0467172bec7b","epithelia"
"12404","df475e1f-49ca-4286-8c49-4e9d44fc5215","epithelia"
"12405","df4f83ed-b1a7-4fb0-923d-6077ef9a84aa","epithelia"
"12406","df510a05-164c-4042-9e41-e463219a7d27","epithelia"
"12407","df59b3e0-61a9-4e25-93cc-af5d0632f185","epithelia"
"12408","df650e18-a29e-412f-9b96-54720a2ccd1f","epithelia"
"12409","df6a2db8-e690-4f03-8e11-d95829e717d8","epithelia"
"12410","df6a7e96-406e-4bd2-895c-a9e12069dce3","epithelia"
"12411","df6c7c0c-2936-4838-a2db-2f43dbbcf6cd","NKcells"
"12412","df7e3269-90ce-4f48-b41f-c4281e2d25ad","Unknown"
"12413","df85ecb6-0172-40d0-a8b5-493fe41ecf12","endothelia"
"12414","df8ecb56-6c79-4fca-ae16-9ceb2be89f78","myeloid"
"12415","df909cd1-6774-4273-b68b-cca9641eebd6","epithelia"
"12416","df90db6a-bd5a-4973-8747-78fdfc57ae93","epithelia"
"12417","df91e990-d7c0-4ad1-bcd3-266bfbc6f1e9","epithelia"
"12418","df93206d-7c60-434e-b48e-a93734bfe239","epithelia"
"12419","df9ccc4a-f50f-4a6f-88da-331a7c8a7df5","Unknown"
"12420","df9d0074-926f-4520-ae7b-0fc1eeb930ae","epithelia"
"12421","df9d3f31-a270-4dd1-846e-cd8f71224afb","epithelia"
"12422","dfa713db-3dea-4b8f-bd6d-b569ed47192a","stroma"
"12423","dfaae33e-9022-4d2a-a69f-800fb6592862","epithelia"
"12424","dfab0b95-13c9-4fbc-91dc-81c7dd920391","epithelia"
"12425","dfacd6c3-9afd-4fbf-94d1-ce88d42da455","epithelia"
"12426","dfaf90e0-099c-411a-8751-9988959f2230","CD4_T"
"12427","dfb6eae5-1f76-4e11-8bb5-979393659e99","epithelia"
"12428","dfbf15a0-f15a-4feb-b21b-7b755ecbd445","immune"
"12429","dfbf99e5-9603-4944-9e0d-af3d1e480d00","Unknown"
"12430","dfc5e8f8-8b98-4be5-9003-bb3b84488c92","Unknown"
"12431","dfd2077a-719c-4574-9282-1d5e972632f2","epithelia"
"12432","dfe0490f-7ab6-40cc-a498-2282a25b5aa2","NKcells"
"12433","dfe45e8c-364a-4a2c-97e7-be4d86fd0ab5","epithelia"
"12434","dff9bc4b-a260-4a6d-80f5-b56064d33226","epithelia"
"12435","dffc7604-f0bf-4937-a657-f56b7b18d4a8","epithelia"
"12436","e001751c-4c90-4524-8f85-69ea084f9d5f","epithelia"
"12437","e005b239-b9c7-4098-86a7-ffafb10f4823","epithelia"
"12438","e00f717a-b577-4b75-ac7f-c8854ac3d50b","epithelia"
"12439","e0140521-1c1b-4dfc-8df9-ee8c9976993b","NKcells"
"12440","e015058e-1223-4cec-b7ae-d3821f206fc8","NKcells"
"12441","e0169d75-c66b-4de2-824b-bbeda82a899f","epithelia"
"12442","e016c401-aa8f-437d-a5b0-08f1933afba3","epithelia"
"12443","e0193cd6-a185-458a-a837-f54afce03b73","Unknown"
"12444","e01fd3f1-a75f-4b0c-9a21-ca129725672c","epithelia"
"12445","e0235ba8-ab65-4d88-bbb7-2d02db688837","epithelia"
"12446","e02f2c48-4871-44f7-92ce-fb46bda1b0e0","NKcells"
"12447","e033fd91-ed08-4cfe-9a99-76bcf800e41f","T_cells"
"12448","e03599cf-a0b2-4f5a-a1fe-9a2a9e2976b1","epithelia"
"12449","e037d31f-9fd3-4700-bbcd-6d6ecb957d80","epithelia"
"12450","e03d8c63-9ff9-4606-b58e-8d0e09d6eb68","Unknown"
"12451","e03eee24-ac8b-46b5-b86f-99e7b5f1cb2c","epithelia"
"12452","e046c69e-5975-4f2a-a246-0157d91d946f","CD8_T"
"12453","e04ab491-0590-4219-bd9f-1b1dabd8e474","epithelia"
"12454","e04cec22-da13-49e6-98ee-295592cc6df6","CD8_T"
"12455","e060e11d-eb1b-46c3-9d22-e0dd7a537867","epithelia"
"12456","e0776301-1c48-4cf6-9669-06250bd9238e","Unknown"
"12457","e07aa90f-8e47-43bb-94ab-dd83e4153a4b","epithelia"
"12458","e07bbd30-a624-446b-a7e4-239c49a6ce36","epithelia"
"12459","e0852ed0-fc2a-408e-8736-ab636ff8f0c6","immune"
"12460","e086ce46-1015-459e-9696-0569c544e5af","CD8_T"
"12461","e08c9bdf-57a2-4902-9827-33bbf7e499ee","epithelia"
"12462","e0905ddd-b4ef-4fae-945f-656740a5e315","stroma"
"12463","e09d9d7c-e5fe-4401-8a30-bed28e746ce2","NKcells"
"12464","e09f1065-58cd-46c8-ba09-0aec5ef66227","epithelia"
"12465","e09f78d2-93ce-4aa5-926d-c30225e206e4","epithelia"
"12466","e0a34918-0ee0-41ed-9b12-c01e75c86d95","epithelia"
"12467","e0a39c11-26c3-4230-9c83-c8ff38949284","epithelia"
"12468","e0a8cb1f-f105-492a-bba6-3fa6a2ed6f27","myeloid"
"12469","e0a91397-4ee0-477e-a802-aebd2b4ee43e","epithelia"
"12470","e0b3933b-9499-4058-9ec1-6d7ca841ff8b","epithelia"
"12471","e0b7f0d7-5120-440d-a100-33e56ae8472c","Unknown"
"12472","e0c1ae5f-b552-4aa7-a47e-2c28852ef6f4","epithelia"
"12473","e0ca7807-97a6-4962-879a-f5268dcfe0ad","immune"
"12474","e0d346f6-3674-4d06-8e71-34bc8e17d6d9","epithelia"
"12475","e0d5fb49-9731-4d4c-b01d-b982dc9346a0","epithelia"
"12476","e0d98b4b-1695-4e1a-9040-e4c7fe6466d5","epithelia"
"12477","e0e12a02-3887-41f2-aa00-9cf4a831a826","Unknown"
"12478","e0e7e566-c4a0-4285-867a-7ca22c43d5d1","Treg"
"12479","e0ea8bbb-75d7-4082-b7ad-aaf27a103c1d","epithelia"
"12480","e0ef3ea3-5564-4189-ac6e-1f64c277b206","epithelia"
"12481","e0f2713a-d09a-453c-90ad-0380fa269079","Unknown"
"12482","e0fd759e-1038-4f36-840c-c96474b3a4c0","CD8_T"
"12483","e101afe0-7175-424e-aff6-4d113e9be5d2","NKcells"
"12484","e1022aba-3e47-4972-84d5-c30062a715cc","epithelia"
"12485","e10a6f02-19b9-4ca5-807c-0cb19f61c3f6","epithelia"
"12486","e10fa03e-a035-4a3b-b5d7-ba343b6df628","stroma"
"12487","e11b7597-8db7-4c66-8e96-b82229d8b82c","epithelia"
"12488","e11f951c-db2d-4f4a-af14-96ed7233c838","stroma"
"12489","e129b2cc-ef54-48e6-bc5b-95ef8f693e6b","epithelia"
"12490","e12db852-2bb6-41de-b1a3-ced5900850cb","endothelia"
"12491","e1317335-a4a0-4669-88e3-b4d42e0cd60f","NKcells"
"12492","e1358aa2-8cf4-4bd7-9f63-25ec63dd557c","epithelia"
"12493","e13c4d88-4ce9-43a9-a51e-d5a8f46dbc44","stroma"
"12494","e13dbb96-4b5f-4e64-9a38-ee9c968ce6f7","myeloid"
"12495","e14ff173-015f-4cb4-88c4-d8d85118b71c","epithelia"
"12496","e15bce28-97ba-4fca-a1b3-0ad413e0249a","epithelia"
"12497","e15d6c55-4220-4de7-97c8-231361ae9707","epithelia"
"12498","e161a47a-eb24-4449-8182-af8d4280c535","epithelia"
"12499","e1624673-f7e8-45fc-acf1-18af1a1fa0dd","NKcells"
"12500","e16407aa-5465-4b28-97ea-bf67d6f929e4","epithelia"
"12501","e167fd66-a7d2-4ca0-bb6b-dc7746ff2cb5","epithelia"
"12502","e168a5b5-3462-4a0e-9077-748064760fec","Unknown"
"12503","e16c3e22-bc05-4521-afa0-6dce223b1be0","epithelia"
"12504","e16f6600-b7e1-47bb-9dbd-302dda540691","epithelia"
"12505","e174d74b-6b7a-4f6e-8456-6eee153f8dc2","NKcells"
"12506","e177970c-a076-4a3b-9a76-01f939fd803f","endothelia"
"12507","e179ddb6-6f47-45bf-a741-d8dfae7df538","epithelia"
"12508","e17ab8ca-886e-4572-9d10-25c97fe84dc3","epithelia"
"12509","e17aca3a-805c-412b-a845-4fc20a02383c","Unknown"
"12510","e17db450-72e5-4a93-bfd1-42e122b683b0","NKcells"
"12511","e17f8ed3-0e5d-416e-8aa5-1876cc9ab948","Treg"
"12512","e184bbc1-ee8b-4811-adee-5a0df3e24604","epithelia"
"12513","e18a2a30-c1ff-44f9-829a-c749c1e7ba04","Unknown"
"12514","e18a7100-dff6-4a52-9aa2-2c49edc52490","epithelia"
"12515","e18b51af-e441-42d7-8180-4526606fabaa","endothelia"
"12516","e18f2f0f-6048-4454-abc9-6733e4c9f495","NKcells"
"12517","e19e16a2-0b31-40d4-b949-282b5ba3e8de","epithelia"
"12518","e1a5d633-10a0-4f7f-8352-719977b6811c","epithelia"
"12519","e1a7f345-72ca-4a7e-9ef9-7101b85fb7eb","epithelia"
"12520","e1b0079d-820c-40f2-98ec-32d5cae622ca","stroma"
"12521","e1beef27-7c82-46c5-a718-991dff0808f5","Unknown"
"12522","e1c5e715-84cc-47cd-b36e-6c51d4d48763","epithelia"
"12523","e1c87015-526b-4dcd-b23b-b8764c867ef5","CD4_T"
"12524","e1ccede7-bff0-4748-9770-f8bde1bd028a","epithelia"
"12525","e1d45cc1-2c75-42cf-8a76-26f451ea7759","epithelia"
"12526","e1d47eb4-3e66-4753-8e33-03937334a05b","epithelia"
"12527","e1dd16be-8497-4168-9e2a-e7f7558e112e","NKcells"
"12528","e1e08c7b-4aa5-495f-a7d6-559ae0e1ed8f","epithelia"
"12529","e1e2a50d-0556-467e-822f-ea791a7cd27e","epithelia"
"12530","e1e5f922-7d4f-49fd-85ef-d75e172be7cc","epithelia"
"12531","e1e848ee-c73e-422f-a78d-51dd424eaba6","Unknown"
"12532","e1f3e1df-1fbb-4920-a107-d097969d3205","CD8_T"
"12533","e1f6c5c8-ea39-4213-abb7-e491f3196f2f","epithelia"
"12534","e1f813e3-058a-4503-b6c1-60346faf5c9e","Unknown"
"12535","e20557ab-2059-4633-a7d9-5af7399ec515","NKcells"
"12536","e207e080-0ec1-40e0-a02a-b97f4c388d6e","CD8_T"
"12537","e2093e2e-1c0c-43c3-93ab-b9a745030960","epithelia"
"12538","e20d314d-a8ea-4d80-b6ba-7986643b7fc9","epithelia"
"12539","e20eb296-0c8f-44b1-9dcc-892b0d693600","NKcells"
"12540","e2130ffe-a08d-483a-adec-868b6757bf57","NKcells"
"12541","e21847a8-ee7f-4e04-8d53-338df9e90d87","CD8_T"
"12542","e219723c-0ec5-4cdd-be3c-34070457b322","epithelia"
"12543","e222c977-7a4e-4ea2-9c2d-3e9c752b1696","epithelia"
"12544","e22502f0-1d85-4c28-bb0b-2449705d8d87","epithelia"
"12545","e2255a21-d43b-428c-97d1-9ade2809836e","Unknown"
"12546","e226662e-a2ec-4e3b-8264-6aaecc341a2b","T_cells"
"12547","e22d0ee2-58d5-4e9e-86a6-11c6c732db43","epithelia"
"12548","e22eae71-ec6e-4adb-a9ae-e7cf7041a260","CD4_T"
"12549","e234ed45-ce96-4e2f-b874-1abee7aac005","epithelia"
"12550","e2367723-cee7-4d5e-9cb7-96c731ec1958","epithelia"
"12551","e23ec231-0e91-48c1-a97e-7a41fd38fc39","epithelia"
"12552","e243dfc7-b21d-40d8-922c-928a0e5ea317","epithelia"
"12553","e24610f3-f1cd-44ef-a9a1-193a0dedd2c0","epithelia"
"12554","e24aab1d-1bcd-46d9-a6c4-9abde95c17a5","epithelia"
"12555","e257f159-8b16-4d2b-8261-3dae4610dad1","Unknown"
"12556","e25953ae-0e54-4366-98e5-169720c31488","CD8_T"
"12557","e25cf005-a5de-4249-9c7c-976cde4b3646","epithelia"
"12558","e25ff7dd-e6ef-485f-8a31-71e0bae576c2","epithelia"
"12559","e260e2dd-3576-473d-8e47-d83c2cd18432","NKcells"
"12560","e278f3c6-40d4-46d9-b3f8-381600438c6b","Unknown"
"12561","e27de68c-3c0e-4fa2-997a-e89aa863c402","epithelia"
"12562","e27f5d6f-3925-44b9-b79d-b444f4e9aaaa","epithelia"
"12563","e2874227-7a2b-4060-85af-c2026d0ca596","Unknown"
"12564","e287f22f-56f3-4b51-8518-c5db48be49a4","Unknown"
"12565","e289f481-0c77-4c34-ae20-57b2d184f3ae","epithelia"
"12566","e28a0915-a7b9-41cf-8ad2-d3c675ea31d0","CD8_T"
"12567","e28bf63a-c263-4048-ad8f-bcc64fc0c674","epithelia"
"12568","e2934ba0-ca7b-4190-98bb-668e9b884fc4","CD4_T"
"12569","e29534d9-64fd-4683-b03e-94b26cd52705","epithelia"
"12570","e2969db3-bce6-4aaa-8057-23ed00ce4c22","myeloid"
"12571","e29a6873-071d-43e2-ad67-d6af0721db0d","epithelia"
"12572","e29d99ff-7270-43d7-a908-cec02952aba5","epithelia"
"12573","e29edae3-e1d3-47b2-b052-12df26c3be12","epithelia"
"12574","e2ae3454-cf7c-4344-bbe4-14468d7bf916","immune"
"12575","e2b3001c-92ce-4665-8584-869723c01233","NKcells"
"12576","e2b9e1d4-561c-4516-a3ed-e8d8d5f6f789","myeloid"
"12577","e2cdbd55-df40-4ca7-ba7a-c605fdb6f499","epithelia"
"12578","e2d22c1a-1e46-4533-8478-6ce14e74ed9f","NKcells"
"12579","e2d9f7fc-7c48-4fe6-a11a-8c2cc36fd599","epithelia"
"12580","e2e199ad-9dbf-4ca2-85f3-a7a8fb02ab9e","Treg"
"12581","e2e355f7-00d6-47ed-8e14-44563f2ca838","NKcells"
"12582","e2e76860-3927-4520-bf7e-b08f72af40ac","immune"
"12583","e2e7c520-8498-43b8-9e26-e84f90b2f1c6","epithelia"
"12584","e2ea60a1-8dae-48ed-80cf-c6be6323b450","Treg"
"12585","e2f69f52-e09b-4819-b7f7-d4772475a4f5","Unknown"
"12586","e2f81514-2cad-4853-86c8-670f36036fa0","CD8_T"
"12587","e30132f9-0dce-4036-8d2a-edf407e0518d","epithelia"
"12588","e309ce6d-358e-433c-bb81-760be78dbcb1","epithelia"
"12589","e3167314-75d9-49d1-b593-dd055774133b","epithelia"
"12590","e3202159-3b6d-40af-b5eb-a9326e52d81b","NKcells"
"12591","e320c43b-af93-4c2e-b2cc-2a8784b51767","epithelia"
"12592","e322d414-46dc-49d4-81ff-2df05894f7c8","epithelia"
"12593","e3238ab3-ceef-4e45-a174-7f3c246d05ab","Unknown"
"12594","e32a8d53-4cee-4f11-8f83-dd46ce1b53f7","endothelia"
"12595","e32dc3d2-95d9-474d-8448-3878a12522db","Unknown"
"12596","e332aadf-d798-450b-b7f4-9894afe4ad13","epithelia"
"12597","e335b2b6-ae43-4670-9d30-e7114519de6a","epithelia"
"12598","e338df1e-f5aa-4d49-ae7d-94a36402f0c7","epithelia"
"12599","e339e5b8-c126-4da6-bfb9-2a41177c211c","NKcells"
"12600","e33e0d44-a4e6-465a-a910-67b0ac4852d2","epithelia"
"12601","e341df17-c043-4441-a465-f5ae1bb3fdfd","epithelia"
"12602","e34cdb49-66de-4c8b-beba-8038d98c969b","endothelia"
"12603","e34db8e5-4abd-46f8-8a7c-a69b3ae779b2","Unknown"
"12604","e3503633-2edf-4e8f-9ed0-b02fb70d732f","Unknown"
"12605","e357264a-e230-47be-9883-c9b74fbb4688","epithelia"
"12606","e35c3568-167f-4aa7-9601-7e3387e2c377","epithelia"
"12607","e3669e0f-a5dd-4ec1-aee9-2a7422db41a5","NKcells"
"12608","e366bee3-5bbc-471e-8ee2-94243d3361b9","epithelia"
"12609","e37232d8-e707-44ea-a6d3-cb5e028a0250","NKcells"
"12610","e3779acf-b71a-4fbe-81a1-5cfdc3406c64","epithelia"
"12611","e378b622-8c8a-4798-9118-de10b3b28ab6","epithelia"
"12612","e379baf9-f960-4cca-813b-3925517ca77a","endothelia"
"12613","e37bcc57-cb9f-400c-8013-23e2feeb9522","epithelia"
"12614","e3934c9b-2c78-4f3b-821f-abdc5449aae4","epithelia"
"12615","e3950a0a-03f4-4211-a87e-5e4ee8767012","epithelia"
"12616","e3951fc8-87ca-44a4-bf40-a4307a3d769b","epithelia"
"12617","e395d112-8f08-4edd-8da1-feb2c7441a31","epithelia"
"12618","e397ac7e-edd4-468d-a7e7-d1a342627463","epithelia"
"12619","e399b61c-7c71-4a7f-b320-1900f2eccb75","Unknown"
"12620","e39a9a90-cbf7-4b59-88d7-1623be455d9b","Unknown"
"12621","e39b43df-992e-44d8-83d3-b9137adabfc1","immune"
"12622","e3a915d0-4f25-49e4-a7fd-c05e56f09a95","immune"
"12623","e3aa7eff-ad1a-44f0-ad90-ebdd5ea498a7","NKcells"
"12624","e3ac6a36-1412-49fa-b5f2-e31cde6c79ce","stroma"
"12625","e3ace4dc-147c-4878-876f-d9b26a8bae21","epithelia"
"12626","e3ad1f7c-e22f-4452-9c5d-954515a5b7d9","epithelia"
"12627","e3b0f1cc-8022-4102-a02a-3e40e13e76f8","Treg"
"12628","e3bb5df1-8e86-4c0b-9626-643357fc3660","CD8_T"
"12629","e3bd5fc5-1d74-4785-888f-249c65005a99","myeloid"
"12630","e3be581d-9723-4cac-9fbf-759a932cee40","epithelia"
"12631","e3c1eb30-285c-4c33-a3d2-520342bf272b","epithelia"
"12632","e3c44ec4-3539-48ce-a32d-5e58211e989f","endothelia"
"12633","e3c685fd-6175-4626-9658-bf51006f02a4","epithelia"
"12634","e3ce767b-ed2b-476e-94c5-35e453dbbf07","epithelia"
"12635","e3d14a7d-1352-4309-a0c0-4639a01648e0","epithelia"
"12636","e3db12e7-6073-4880-8909-4e17d5187357","epithelia"
"12637","e3dda533-2dc1-431b-8d64-87d5f5df9555","epithelia"
"12638","e3e12f85-763c-4ff3-8fc9-8e26bce2f40d","epithelia"
"12639","e3e311d4-1b5b-4581-a43d-936517217e6d","epithelia"
"12640","e3e9f72b-59c2-47da-87dd-ce3719eb5ecb","stroma"
"12641","e3ea67f3-ea02-4668-83fc-36419ff569db","T_cells"
"12642","e3edf447-d8b7-4b30-a00b-34c1dda3447d","epithelia"
"12643","e3f14ea5-62b0-4ac1-8796-3eebb8400b7d","myeloid"
"12644","e3f4a289-5058-4871-bb36-f09b06affe4f","NKcells"
"12645","e3f4a993-0d5a-4513-a845-3f548a030db0","epithelia"
"12646","e3f50da3-30e6-4675-ad68-aba6f42183da","epithelia"
"12647","e3fa0f99-c219-4376-b32c-2ee2e283629a","NKcells"
"12648","e3fce2f0-e0d5-49d0-819b-9e6e0695a0e8","CD8_T"
"12649","e406fd34-1415-4502-8c86-a6b6772ad53b","Unknown"
"12650","e40809f2-7aec-4da7-9c21-5accd60637bb","epithelia"
"12651","e40cd5e7-06cc-4134-a5fa-040d713fd2e8","epithelia"
"12652","e40f688f-933e-4c08-bb94-66a672187a0b","epithelia"
"12653","e413bb2c-4167-4dec-92f3-f16df3a02de9","NKcells"
"12654","e41422ca-a765-4bab-af74-38832f699686","epithelia"
"12655","e419a1ec-30ac-4bca-9ee6-f0d5484de09b","epithelia"
"12656","e4210c86-a153-4d4e-92e8-5f7d858c6546","NKcells"
"12657","e42508ad-8563-4cf9-807b-9d79b0375b48","Treg"
"12658","e42977ae-2522-48b6-8f8b-8a2b61f15461","epithelia"
"12659","e431a25e-eb7d-4cad-8b58-4f6731837eb4","NKcells"
"12660","e433a417-167d-4527-bf96-477c8524862f","epithelia"
"12661","e437bd71-cfc7-4966-8d1a-8c743da3119c","myeloid"
"12662","e43b4633-5034-48da-a543-fc6f565c3334","epithelia"
"12663","e43d8a1d-39c2-497c-a13a-9dc7a4c7c50f","epithelia"
"12664","e43f4203-a51f-47da-8d90-e77f73b9bb69","myeloid"
"12665","e43f6176-f0ac-4185-a98e-e42d0a172f74","epithelia"
"12666","e4419aab-752f-4708-97a7-d16b3bf67d1a","epithelia"
"12667","e441d99f-96da-4c03-8c46-66d0e756fc8c","epithelia"
"12668","e44c531a-0573-4d78-9f51-9efc155c2ab2","CD8_T"
"12669","e44ea4d5-ed0d-463c-b3b4-afb46b4c077a","epithelia"
"12670","e451cb03-84d0-4220-93e1-651515eed334","epithelia"
"12671","e4531ca4-b899-4d1e-9de3-17ceb19043a8","immune"
"12672","e4575931-4458-475a-9e2e-77150c0c73a8","epithelia"
"12673","e45790e9-08c3-4863-9bdf-446af4dbae73","epithelia"
"12674","e458a93e-31c7-4e1d-91e1-960eb410c386","epithelia"
"12675","e45b4011-3394-4d90-8a3a-dadcc20401cf","NKcells"
"12676","e4643862-d1e5-42c8-8e4f-b26cbcdd1de1","epithelia"
"12677","e4663572-7910-402c-a276-e0337ecc634c","epithelia"
"12678","e468844c-9bfa-4a5c-911a-71ef0074da4c","epithelia"
"12679","e475f886-39c8-451f-acdf-ed58fe9776bc","Unknown"
"12680","e47e8e1f-0237-4943-883e-97f085cd7f8d","epithelia"
"12681","e482790c-4f37-40e2-9580-c74478faba7e","NKcells"
"12682","e484ca13-9a25-4aac-811e-18fb0cc3ed73","Unknown"
"12683","e4874ec4-34ce-4493-a4bc-229d04ff6045","epithelia"
"12684","e4880566-31d9-48d0-897f-f68f90d7df63","Unknown"
"12685","e49d0193-d24f-486e-ac1f-5635592ff6fa","NKcells"
"12686","e4b00288-666e-4896-a008-d6865645b6d2","Unknown"
"12687","e4b03141-f9ca-4ee2-8bc8-854847d40e54","Unknown"
"12688","e4b14d9e-2e1b-4f80-a66d-4c28e7219ada","epithelia"
"12689","e4b9513b-6938-4f2e-a76c-77545f30659a","CD8_T"
"12690","e4bd5db0-dd26-4028-b6f3-07e1fd88081c","epithelia"
"12691","e4c6d3d7-b4de-4f23-b533-7b4d21427db4","Unknown"
"12692","e4c8ab06-c508-4e59-89fc-55ab55624219","NKcells"
"12693","e4d71faa-2929-4de5-b02a-d9a7f5c58c76","epithelia"
"12694","e4d94854-3c48-43dd-908a-3d57e5d51e63","epithelia"
"12695","e4dbd27c-186f-4742-b532-457e2c43dc00","immune"
"12696","e4df04ed-8627-4a0f-958f-4e6e0761d5e9","Unknown"
"12697","e4e51812-50f9-4e5d-96ec-5d92bae88dde","epithelia"
"12698","e4ea6dc5-ccfe-44c1-a7a9-f9e720e982cc","epithelia"
"12699","e4eec952-2814-4b87-b104-dfd403d6533a","T_cells"
"12700","e4f37e02-9464-4b83-810a-4f88e688a6be","epithelia"
"12701","e4fc84b0-c4ed-4fa7-9bd4-cc89709efb67","epithelia"
"12702","e4fca0df-d95c-4cce-b1fb-5ffa47cc8cf1","CD8_T"
"12703","e5018ec8-0b8f-4835-bdc8-217a69579b3e","endothelia"
"12704","e5086c2d-a95b-4ec0-8547-35c5518195ca","epithelia"
"12705","e50ae4ef-fc3c-45b8-86b4-620809655160","epithelia"
"12706","e50bf084-439a-4cd5-a81e-14499b353c27","epithelia"
"12707","e50d297b-36c8-43c8-b462-99214e3707a8","NKcells"
"12708","e50f0c45-50c5-4d50-9b61-3101e1a66753","stroma"
"12709","e50f1918-c820-4a1f-ab6f-c490e01a9e33","stroma"
"12710","e51150d9-774f-4f33-8e89-43afae4ac4aa","NKcells"
"12711","e5255d75-fab8-4dad-9e52-c5e7386ff616","epithelia"
"12712","e5272b5a-769c-49f0-a130-310b29414d51","epithelia"
"12713","e52993e9-a220-4574-b9d6-354f25049571","immune"
"12714","e533725c-bcf5-4746-83cf-0093a5f0073c","NKcells"
"12715","e535dc32-82d4-495a-b282-d959a21ffd38","epithelia"
"12716","e539ea3d-eb8b-4000-bff6-9402ebb07740","NKcells"
"12717","e53a5e67-0fad-4122-9c49-bb7744ca6be7","epithelia"
"12718","e5407312-a941-44b4-8947-10829abcf4ec","epithelia"
"12719","e540a983-43bf-4671-8839-85c150569826","epithelia"
"12720","e5498b8b-fa28-4e37-8f1a-7873f3a730fa","NKcells"
"12721","e5539193-7086-48a6-9d01-0102cb9640ae","Unknown"
"12722","e5557996-b7e9-4c30-9557-f2781be6e240","Unknown"
"12723","e55b0481-2a9b-4616-8ac3-d60185a3ae1e","epithelia"
"12724","e560b36a-97aa-4d31-875a-b666547fd370","epithelia"
"12725","e562ab85-352c-4b23-83b9-549e1a2e6ed6","NKcells"
"12726","e5638065-f104-4836-8ea4-15d80fdd6f39","epithelia"
"12727","e56a2991-1820-48c6-b5f7-66eed6b1c1cd","epithelia"
"12728","e56d1129-af74-4fff-9900-7d2b72a6e5a8","epithelia"
"12729","e56e791c-a90d-475c-ac1c-afc1459ca66d","epithelia"
"12730","e56fd832-9174-492a-b7cd-8e170fc3378a","NKcells"
"12731","e571950c-525b-4312-95e5-6b398a4494ab","immune"
"12732","e57927da-f162-48cf-bee5-8c7f556ecb78","epithelia"
"12733","e5794aa1-52f4-44d6-888a-4d7b3f213d3a","Unknown"
"12734","e57b1bfa-cb62-4f65-b7bb-8a5463ff852c","epithelia"
"12735","e57cc7b3-634d-4a53-9cfd-9266b1ce6f86","epithelia"
"12736","e58b90cb-f790-4489-8fc3-508be117d9f7","epithelia"
"12737","e58c4439-2180-43b3-9b61-7e2792b92747","epithelia"
"12738","e593861f-6c79-428e-9122-a7e97858afd8","epithelia"
"12739","e5a269e1-8fab-4831-97fd-01e0a7f6921e","Unknown"
"12740","e5a3c00d-e4df-4eb7-9e13-31ac46eb616f","epithelia"
"12741","e5a75c02-e85b-493e-8962-accefe692e1d","epithelia"
"12742","e5a860fd-b349-4fb7-b179-f11052f058a6","epithelia"
"12743","e5a9e6e0-180e-411f-a8ac-118d20c4a5d9","epithelia"
"12744","e5b44853-1dc4-42be-b077-98c832d912df","epithelia"
"12745","e5ba90e2-3ce2-470e-a696-b0f6404e0960","CD8_T"
"12746","e5baa482-df97-413a-b712-77870c7f9838","epithelia"
"12747","e5bf5698-79d7-425c-b1e3-3e943ba76a8a","Unknown"
"12748","e5bfe964-803f-4e0d-b0c9-989c2be38f00","CD8_T"
"12749","e5c83a7f-b2ec-4af2-a536-b4e8390a882b","epithelia"
"12750","e5cd40b6-8116-4e85-8464-5ef2c511e936","Unknown"
"12751","e5d71fbe-10f6-417e-b47a-d313161857bd","epithelia"
"12752","e5df6a64-ee74-45e1-a272-8618c22eddcb","CD4_T"
"12753","e5e044b0-9f8e-4449-91c3-801ebbfc550b","immune"
"12754","e5e16942-7723-45c7-93a1-e8fde31c1bb9","epithelia"
"12755","e5f921cc-fe4f-4243-93b7-8355d9be21a4","epithelia"
"12756","e5fa462b-ff93-4020-9672-86d9a37f80bc","epithelia"
"12757","e600e808-4a6b-43da-9337-32aacb29afee","epithelia"
"12758","e601d02c-a9c2-475b-96ae-116b7407ae4e","CD8_T"
"12759","e60444bf-884f-4d65-bf0b-bf3a9d1e3379","NKcells"
"12760","e613a5eb-5149-40f5-a3af-125c86108c28","epithelia"
"12761","e6163f9e-537e-481f-95e8-1f1f7f469f54","epithelia"
"12762","e6176cef-d3b4-415c-8b7f-e0bd70f3eb81","epithelia"
"12763","e618c69f-3ee4-410e-8748-91d65d866dc7","immune"
"12764","e619f9ee-a531-4549-8934-4c1aff0fc2bd","epithelia"
"12765","e61f5d01-ecce-4cba-949c-42027faf799e","Unknown"
"12766","e6293541-4d9e-40b4-ab79-4806357c8c36","epithelia"
"12767","e62db0a6-6129-4454-a120-de7d30ec8ead","immune"
"12768","e630d837-717b-4540-a691-28edc556ccfa","CD8_T"
"12769","e632542d-96f3-4e74-9145-c6432c07df73","NKcells"
"12770","e634d9ff-586b-4358-82a8-7f30a89fda4d","epithelia"
"12771","e636a3d7-73b6-4edf-9537-44b59e5faf75","epithelia"
"12772","e63aa12c-56a0-4ea1-a0cb-55eaf6e9b5d2","epithelia"
"12773","e63b5834-fbb5-4e82-901d-c1317018a2bf","NKcells"
"12774","e63cb5eb-9a74-48b6-a6d7-851d81e7ee7d","CD8_T"
"12775","e63eb515-e03f-4412-9400-8ea5f6294623","epithelia"
"12776","e6440c7c-7b56-48ba-9f3e-b09bed071338","epithelia"
"12777","e6466b23-2a92-4993-b026-5968ce613dfc","epithelia"
"12778","e649a355-5981-483b-a5c9-a1100e9eee30","epithelia"
"12779","e64f3a0d-428a-4cd8-ae36-48b15de8d7df","epithelia"
"12780","e65a547f-35e7-41bc-a93c-b234515116af","epithelia"
"12781","e65c215e-77cb-42ba-9043-d09c53303f65","NKcells"
"12782","e65caac0-dda7-4d5a-823b-04e6a7846b3d","CD8_T"
"12783","e65cda81-82b8-4e82-b2f3-429e4f3472fb","epithelia"
"12784","e664291d-c6ff-4c41-bd55-fccdce896599","epithelia"
"12785","e66461f1-65a1-4ef0-ab2b-db55c0c392f5","immune"
"12786","e6669841-315a-4f70-9a0c-ff169d637692","epithelia"
"12787","e66b9940-ce1b-473c-881d-642f2aa4701c","epithelia"
"12788","e66c1237-049b-4ac0-928c-fc21813ebb17","CD8_T"
"12789","e671e306-3161-445e-af41-66aef8c35a89","Unknown"
"12790","e676b1ab-be78-4c68-9091-f091c173acdf","epithelia"
"12791","e676c952-c326-4797-8cbe-3d6d975c4711","epithelia"
"12792","e687461e-c465-4092-8c03-a8c036b9b669","CD8_T"
"12793","e68c2d7b-261d-4157-bc57-ce9e80467ac8","epithelia"
"12794","e693df09-0dc0-495d-83ba-5d72716b67c7","epithelia"
"12795","e6a6f355-65de-49e7-91f9-52dd947f62a0","NKcells"
"12796","e6ad40b0-b937-4579-989e-e24de6017498","Unknown"
"12797","e6ad8c5b-9bc6-49f3-b625-f536afe84590","CD8_T"
"12798","e6b12681-9058-4c02-9dce-9165c185a047","epithelia"
"12799","e6b546ff-e25e-466c-a347-eccd72cf9753","NKcells"
"12800","e6bbff81-2218-4df0-93f2-4815c98ab2a0","NKcells"
"12801","e6c0234d-05c2-4423-86a1-f04fb90279e9","epithelia"
"12802","e6c1e114-9cc2-4a40-b1b6-15898fcb96cc","NKcells"
"12803","e6cdb48f-689d-48ed-92ec-c9250e393d69","NKcells"
"12804","e6d3ce6d-0516-4ef8-821f-886604414322","Unknown"
"12805","e6dc5ac6-cb72-4620-87f5-7acbf37ddf88","epithelia"
"12806","e6e239c9-bf5f-49dc-b142-9cd73b0db3f5","epithelia"
"12807","e6e67352-aec2-4614-ba6f-5ebde2dad030","epithelia"
"12808","e6e971d8-bdf1-4b67-99cf-79656b070125","epithelia"
"12809","e6ea7fb4-b5ab-48a7-9bb2-3759ccd5ff9b","Unknown"
"12810","e6eea9f7-27f8-4158-a40a-a3fde64bbf18","epithelia"
"12811","e6f38cac-4219-45bb-b0fe-e4e28247762d","epithelia"
"12812","e6f94c95-7bb5-4e4c-8b48-e04683e8f6a1","epithelia"
"12813","e6fb86f0-eee8-4040-b487-25b1415abda7","Unknown"
"12814","e6fe635d-3e96-45c6-bf81-a2cd544d9f4b","epithelia"
"12815","e701ae98-8950-4bd5-92d7-a0caecc3c664","epithelia"
"12816","e706c911-804a-41e3-97bc-617ecc8bf544","epithelia"
"12817","e7095e52-f1f6-4782-8566-b0dc001b4def","epithelia"
"12818","e70dbe2b-2ec2-49b9-810c-7ab32012fe6f","T_cells"
"12819","e70e41b1-22cc-458e-a8bd-d2d3500eb3ef","epithelia"
"12820","e720e0d3-478c-443d-a505-8bd536a46665","epithelia"
"12821","e729fe62-a41f-4169-8702-eb72e69c740f","epithelia"
"12822","e72be308-b35d-44ca-bad1-34ecc8ab1af7","Unknown"
"12823","e73cc60e-00e0-4f77-9ca0-186148093441","Unknown"
"12824","e7474b11-a3e4-40e3-8d14-ca7d5003ecbf","epithelia"
"12825","e74842fd-c441-4e62-9229-ae67f693aaa5","epithelia"
"12826","e74fba25-4988-48cb-88fc-9af04f1f5069","epithelia"
"12827","e750124e-055e-47c7-8507-d8fb140d5d39","immune"
"12828","e752e6c2-debc-4471-82ba-a6d68dd455f6","epithelia"
"12829","e754bf61-a28f-49f0-ac6e-6720c4e48a08","epithelia"
"12830","e75b9fe4-0ce9-4443-abbb-bd8caae958a9","epithelia"
"12831","e75fb43d-5d2b-472f-958a-e68c6987da25","CD4_T"
"12832","e7692c3d-f21f-490e-9526-c36f746f9862","epithelia"
"12833","e76c7bbd-73cc-4baf-86b0-c48e20c1b850","T_cells"
"12834","e77048b7-e845-4502-80c2-23afad55aaf4","epithelia"
"12835","e770b7e1-d04e-47cc-8c39-a4a236495663","stroma"
"12836","e7744e16-967f-4c8d-9776-b3f915189c71","T_cells"
"12837","e77670a9-93b6-47ea-891f-f41b9c81aede","stroma"
"12838","e7785e54-ce9e-4b0d-99b0-ab12a206710f","NKcells"
"12839","e77e269a-2564-4142-ae58-e06644ba6b3d","epithelia"
"12840","e784eaca-d29c-4805-9a20-d26187073955","NKcells"
"12841","e785df4f-7b73-4ffd-9351-56e63a4faa7a","epithelia"
"12842","e786911c-545d-42d9-b03b-0a0b91196e38","NKcells"
"12843","e786ac90-7942-4ed0-97f2-193922b57987","stroma"
"12844","e7874145-1240-4b07-b593-6f336b9e30cd","myeloid"
"12845","e7889f84-cd08-4c6c-b112-b675d556cfa7","epithelia"
"12846","e78bd077-c25a-4ded-bfab-aa9e5d23fba0","CD8_T"
"12847","e78cc234-179b-4598-bf4f-c6a5c31768db","Unknown"
"12848","e78de24c-1755-4fcd-8fba-fc2bc95e5923","epithelia"
"12849","e78fe26b-e778-44f9-a3f3-3cdd78f893c5","Unknown"
"12850","e79219d7-fdf6-4578-a45e-23a19e179793","epithelia"
"12851","e7921eb8-1520-44c7-9b66-8bfdd228ab32","epithelia"
"12852","e798a236-a878-481f-b2c9-0cf084e3823b","epithelia"
"12853","e79f10d3-dab9-4803-a187-75c58ae98a70","epithelia"
"12854","e7aad028-5b8c-473b-9a48-53eddbecf4a4","NKcells"
"12855","e7adcb95-7d27-48ba-afd7-7189cc235c4a","NKcells"
"12856","e7b938e0-59ad-48c7-987f-25009f6cbec7","myeloid"
"12857","e7ca4d44-4aa0-4b7a-8be5-51b5532739d0","epithelia"
"12858","e7da9bbd-0f2f-4dbe-affd-0aba3e52acd5","CD8_T"
"12859","e7dbd3b8-ca1c-46a3-9b46-da803b2b27d4","CD8_T"
"12860","e7df6f7d-0f52-472b-941b-bbc85d710562","CD8_T"
"12861","e7ea0d9c-191e-4c6f-b3a6-b13f1a5578d0","CD8_T"
"12862","e7eeedef-3ba0-4973-a32d-fe6e13afe347","epithelia"
"12863","e7f2470f-cb7f-4983-a7a1-2fb5a99ba423","epithelia"
"12864","e7f99c9c-e083-4af1-97d0-9fb57f81967c","endothelia"
"12865","e80230a7-0aa7-4022-a7a6-fc98c923a12c","epithelia"
"12866","e80644a8-0ff3-49d7-9cd5-8db1fcefcb72","epithelia"
"12867","e80cd0aa-0a18-4eea-8ddd-9d01eef40f1d","Unknown"
"12868","e81047e9-0a1f-44a3-bc1a-d0e3518e95ee","NKcells"
"12869","e8104aff-1c51-4f6b-903e-4ade36abe01b","epithelia"
"12870","e8155fcd-0bd3-4bf7-bc90-145b42dd2b0c","epithelia"
"12871","e828af68-ab42-45c5-a54b-68baac2f710c","NKcells"
"12872","e829adb6-3598-4d17-b3f7-15f102fecb7f","epithelia"
"12873","e8303932-42db-48f2-bdd3-681ff8f8c3f6","endothelia"
"12874","e833cb06-cfe0-441d-8382-9f561eb8c948","epithelia"
"12875","e83be69d-e4f9-4b4e-9638-a5978839c83c","CD8_T"
"12876","e841ab0d-ca1a-4550-bca0-de55161ba0b9","Unknown"
"12877","e8447e96-8e57-4869-9d74-e4d717b376c7","NKcells"
"12878","e8456bef-84f4-4433-ad1b-a2c307fabff4","epithelia"
"12879","e84ecb26-8e4b-4342-9918-92ce5f2417b3","epithelia"
"12880","e851cf63-a942-475a-9ab5-4e1cef839a4f","epithelia"
"12881","e854577b-dd77-4321-b761-a5e3918d2414","epithelia"
"12882","e8548278-7de2-4739-892c-cfaebb44fb94","epithelia"
"12883","e85effa0-343a-49b6-96b7-ec8318bb837e","epithelia"
"12884","e86092df-205a-40ad-b7b1-b5f8fc860dc9","Treg"
"12885","e862452e-0900-457b-adc6-ef67efe76f4f","epithelia"
"12886","e8642bc7-dc2d-4850-8bc5-e29fedb79344","Unknown"
"12887","e8690734-aa12-43bc-a5d8-7c32b4082027","epithelia"
"12888","e86dd0cf-99e0-4bd3-a53d-e290226bb931","epithelia"
"12889","e8752147-3fed-41b2-aff0-99fa98108468","epithelia"
"12890","e878bc97-e46f-4814-83db-14e1a6e34692","epithelia"
"12891","e87a2b8b-679a-4308-9bef-a1139a88eb3d","epithelia"
"12892","e87ee178-2e9e-4737-96eb-f7a5f458f776","NKcells"
"12893","e87f433a-ec0b-4ab4-abee-aac8e0b5d447","stroma"
"12894","e8833721-a165-4156-b4a8-636debccb70a","endothelia"
"12895","e883a17a-fc8f-47fd-b386-7e5347d5d232","NKcells"
"12896","e883afd4-8d1f-45e6-b19b-292f2693e472","epithelia"
"12897","e88941ad-0b59-4662-a451-b25313472dc7","Unknown"
"12898","e894374e-37b3-49b9-b29c-8eb6deba87db","epithelia"
"12899","e8a0ef7c-0171-45bf-a642-520bd4ca93c4","epithelia"
"12900","e8a83d5c-2b33-4c93-84b3-b2d022c76159","epithelia"
"12901","e8a8a526-a242-4bde-92e8-dcfd57994854","CD8_T"
"12902","e8aae89b-934a-409f-816c-476abac7bfc1","epithelia"
"12903","e8acb529-af4f-4691-8c9b-0a237a242dc4","NKcells"
"12904","e8b19087-4995-462d-9a22-bc60def57d1d","epithelia"
"12905","e8b95117-9808-4888-8a31-5c608b0267d4","epithelia"
"12906","e8bbbab9-9b3e-484b-a0fe-01033e4022e9","CD4_T"
"12907","e8be5fcc-1f53-4fe4-b423-c83d76a49c81","epithelia"
"12908","e8ca96ab-3bcd-4723-8089-7107264cf384","stroma"
"12909","e8d20878-4c07-402d-b726-885a610dea45","epithelia"
"12910","e8d360b9-4fb1-40f3-999c-bfd3eee1cf92","Unknown"
"12911","e8d6c362-128f-4ce4-a5a9-55bd5e3ac1ef","epithelia"
"12912","e8d79684-1855-4450-a778-38e6c29fd41b","stroma"
"12913","e8dca4af-b49c-46e4-8987-b4e098c62022","epithelia"
"12914","e8e91cc8-673b-4772-bd6d-d4cdd1f2e4c7","epithelia"
"12915","e8ea12b2-2931-4a62-8d40-3637f6dbd0e6","stroma"
"12916","e8eeb85f-c07b-4e98-90ad-a0b8c28caccb","epithelia"
"12917","e8f59047-56bd-4443-ac16-b02f0cc4452e","myeloid"
"12918","e8f60c1d-0ce5-42b1-ae6a-431194f69d9e","epithelia"
"12919","e8f82600-b037-47ea-a254-1aa6fb4e1434","NKcells"
"12920","e8fb4e33-1ced-4986-9d4f-7cd828b8ac7d","CD8_T"
"12921","e8fb8be1-2292-4aa9-b3d3-0170ee5ee525","T_cells"
"12922","e8ff15cc-2a27-48a2-8ca2-32d6a0d9a13f","epithelia"
"12923","e9016922-8f6e-4d01-8dc1-d2316359e0c7","Unknown"
"12924","e9028c9c-24ad-4c21-bc8f-8188b1f22e1f","Unknown"
"12925","e9048aae-d78c-4bed-a149-3677425fa0e8","CD8_T"
"12926","e904df7b-810a-4862-b318-5f2b4da059c9","NKcells"
"12927","e904f3c9-5ab0-4996-9507-4b0249a41119","NKcells"
"12928","e906ba81-90cb-4f3b-a0c6-748fef994bd8","myeloid"
"12929","e90bf930-1b5e-42ee-9db8-05b9ad16f15c","NKcells"
"12930","e90df1db-5d54-42c8-9ad2-fbb823c1070a","Unknown"
"12931","e9135f63-9da6-432f-a642-5150b6372052","epithelia"
"12932","e919af85-9d95-4038-9b9b-4ae34a76c8ab","NKcells"
"12933","e91b52be-9e3d-4c15-801d-04549658709e","epithelia"
"12934","e91cc558-01d2-4946-bca2-b9a2f0c0e463","epithelia"
"12935","e92c0115-d8f5-43a8-a7f8-91bfea30fb98","epithelia"
"12936","e92ece7f-1209-4ea6-aac9-b6e33ec61205","CD8_T"
"12937","e93304ad-ab57-4b3f-a188-b50f354e42a7","epithelia"
"12938","e93e4334-b056-48c6-87ae-cf473c759b89","epithelia"
"12939","e93ffd61-5f0d-4008-baef-ebc1e798d7f0","epithelia"
"12940","e9438397-f60f-413d-96d9-e5f2d46a20bc","CD8_T"
"12941","e945925b-618a-4cde-9528-cc83d44af610","epithelia"
"12942","e945bd53-f293-4c8b-9144-0e8d185d1840","epithelia"
"12943","e94d6ce9-e63d-4d54-85e8-33934cf40e60","Treg"
"12944","e94d8efd-cb39-4e02-81b1-7554fe50f7d7","NKcells"
"12945","e94e0ae1-fab2-4c16-bdfe-dceca499ae70","Unknown"
"12946","e95e1b5c-a021-422d-9b5b-b4f237305e63","Unknown"
"12947","e9611b01-d3e0-49da-8453-91f024b6b721","epithelia"
"12948","e963b9bf-4e48-4e20-a99c-be9cbe6da4c2","epithelia"
"12949","e967c79c-59cf-4c7c-95f0-cae717765f82","epithelia"
"12950","e967f93a-4683-4dca-9f26-20c642d4b6d0","epithelia"
"12951","e96cf4c6-b884-4c7f-bba4-f0cb75ed9163","epithelia"
"12952","e96d94a8-57f5-4fb4-8a93-c26774dcbe8d","Bcells"
"12953","e971d9aa-e147-4348-a449-a6a4b7b179be","epithelia"
"12954","e9722ff2-3614-47da-8277-e760c7750a39","epithelia"
"12955","e9786b64-4203-4f96-b0c3-7c8c081c464a","epithelia"
"12956","e978f76a-225e-42e3-80b3-074276b47c52","NKcells"
"12957","e97b9820-49a8-4a73-b73e-3d64f6bf617e","epithelia"
"12958","e97cd208-f38d-4681-9c14-76b6317da49f","epithelia"
"12959","e97dcf15-18ec-4611-9d6d-435079acc462","epithelia"
"12960","e97e8787-e77f-4807-95d9-63a0502ef741","Unknown"
"12961","e98677dc-ea0e-48fb-88c4-20d276ac53d3","epithelia"
"12962","e99a10ff-3a42-4dfa-9d4d-a6ddd4a8b574","NKcells"
"12963","e99a8d58-db07-4cb8-82e8-4599ea4b3574","epithelia"
"12964","e99e843b-30d5-4534-8e62-d19f7ab2cb29","epithelia"
"12965","e9a2934a-64f1-4638-b037-495a365f0ca6","epithelia"
"12966","e9ada085-c41a-41be-ad1c-3826e46dff8a","NKcells"
"12967","e9adb67b-021b-46e3-84f4-2c8605d74568","epithelia"
"12968","e9b0be21-9d46-4046-9f27-4c304db2a99a","epithelia"
"12969","e9bbc0d0-6f77-4e4b-8486-bca9c30c881e","epithelia"
"12970","e9bbc7a7-e53e-411f-b370-31c1cfb99bc0","epithelia"
"12971","e9bd6dbc-5f0a-463a-b3de-c4d1d4110236","epithelia"
"12972","e9c337b5-45d0-4438-8b38-9665ddfef74e","epithelia"
"12973","e9c3c278-d5d7-46dd-8060-eec0354d12a7","NKcells"
"12974","e9c4a117-e3ca-417b-ad45-cef0824fc24b","Unknown"
"12975","e9c5b8bc-af4c-447d-9bb9-e33a22a56d4c","epithelia"
"12976","e9c6aa1d-9db9-44ae-a326-564cbfd09488","epithelia"
"12977","e9c6b9bc-4aa8-46fd-93e3-463a5b0fdc93","NKcells"
"12978","e9cb588d-43f3-4be8-81e5-9867582716a9","epithelia"
"12979","e9d24240-415d-4b5c-933e-227b375c6ab1","epithelia"
"12980","e9d52e00-c762-4767-83e9-56105f52b033","epithelia"
"12981","e9d8427a-45af-48c9-9843-4aa04d1f87c8","Treg"
"12982","e9e05f1b-4069-4608-9ebf-fe26aa93e9b4","immune"
"12983","e9e23d31-21f4-4b02-9bad-86c3d7ae8a06","epithelia"
"12984","e9e411f5-962f-4f95-95bf-bfd4f02bdfe6","epithelia"
"12985","e9e57784-8fe2-4721-864b-6eb5f54a8cd0","epithelia"
"12986","e9e75075-09a0-4b9e-8862-21efac767fa4","epithelia"
"12987","e9e87ca8-7c7f-487e-b079-ecc2db7a6ebd","epithelia"
"12988","e9ed2e98-7b93-4530-b4b6-a84ef2496e16","immune"
"12989","e9ef03fa-4db0-46e0-a70b-79c6d855b121","epithelia"
"12990","e9fc50e4-bc60-4fca-9883-cb2a0b82a65b","Treg"
"12991","e9fe8e7c-6269-438a-9432-0bd805df3588","CD8_T"
"12992","ea0b596c-129b-4996-8ac6-9a918a2511f9","NKcells"
"12993","ea0d3a3e-c99d-44f9-8c6a-a7d4db040794","NKcells"
"12994","ea101bb3-593e-4e61-a920-689cbf4fb901","epithelia"
"12995","ea1300c9-84d5-4539-9bbf-ee0f0729750d","NKcells"
"12996","ea14a9e0-500a-462a-962b-8aace45ef96b","epithelia"
"12997","ea1ca964-a869-4757-9de5-cff3c2751321","epithelia"
"12998","ea1de1c1-d905-44a4-88f8-7a6bd0760697","NKcells"
"12999","ea2135eb-6b46-483f-8a4f-ac9c2ef2b639","epithelia"
"13000","ea27a002-d810-4fb4-ab38-3ef44528c4cd","epithelia"
"13001","ea27e5e8-5cb3-45ab-90ea-774cc5619ed5","CD8_T"
"13002","ea2836a3-e66f-4104-84fd-ba5976c74c80","Unknown"
"13003","ea2f8d49-0e24-4ea1-85a6-b99399c4e482","epithelia"
"13004","ea30bcfe-aff5-4d56-9b5d-e70027efdfb4","epithelia"
"13005","ea4180d2-497d-400f-a295-c7b7240e4ec8","epithelia"
"13006","ea45679d-ca9b-4b70-8038-6b3e80dd3060","Bcells"
"13007","ea4719c8-578a-477e-9404-7bd5cabb7334","epithelia"
"13008","ea4c69d8-7a50-4c5b-a3b9-d55bd66eca3f","myeloid"
"13009","ea518786-12b2-4d4c-bc18-36c866c10d6d","NKcells"
"13010","ea531b29-cdd2-493f-a62f-7aef28cbd80a","Unknown"
"13011","ea58b701-3131-41e5-a1cd-f5a3e5d546f9","epithelia"
"13012","ea5b9340-825a-4dfb-8e98-99608a2b802f","epithelia"
"13013","ea6783c5-5c86-4e01-911c-1353c9eec274","epithelia"
"13014","ea68cdd5-2a5c-45e1-a499-f7f4219f70d6","epithelia"
"13015","ea6f390f-fbfa-4280-8197-23f48fd84294","NKcells"
"13016","ea75a31c-0040-4641-a189-0e6d6c78833e","epithelia"
"13017","ea75b0f6-6822-4b1a-9e97-36c96e280bf0","T_cells"
"13018","ea7a9782-f972-45b7-8c20-3942d6b8dbdb","Unknown"
"13019","ea91761b-012b-457d-9ced-de57da69b7f7","epithelia"
"13020","ea91c951-8bc1-4308-a398-8e77a5814887","stroma"
"13021","ea94a40b-a322-4a72-8081-70c7d26a1f5c","NKcells"
"13022","ea94efa9-522a-41e9-9482-d858cec081e3","NKcells"
"13023","ea989edd-3e82-4496-bd34-458ffb95d6e3","Unknown"
"13024","ea9cb61a-e576-47a1-babd-59c94a97de18","epithelia"
"13025","eaa34ad8-70fb-4ea7-8547-be97a73b26ea","NKcells"
"13026","eaa689e3-54ee-4b61-aec9-01fb3d122341","Treg"
"13027","eaa74066-f7d8-4fdd-bce7-0259a2e1f92b","epithelia"
"13028","eab3f047-5f5a-4e3c-b2a7-6e81428aeccf","epithelia"
"13029","eab6117a-db0a-49a3-9dd9-ed7c1cae481d","immune"
"13030","eab62d54-dac0-45f3-935d-226fd4ed2463","epithelia"
"13031","eab73339-b740-41e8-8fe4-858ea32e8d80","epithelia"
"13032","eab75ebd-6bb2-4646-9535-132acfbc6429","epithelia"
"13033","eabb62a6-c96c-4a57-86ab-a8f8cf8f922d","epithelia"
"13034","eac148f3-2538-4323-b0df-4db43cecf976","epithelia"
"13035","eacc6b7d-18bf-47af-9b4a-fc8dfb771762","epithelia"
"13036","eace6fb0-817b-4bd2-8065-cce696f4fc09","Treg"
"13037","eace8bc3-1378-4d59-8ca5-3d7696e80e13","Treg"
"13038","ead1ca61-4e96-4c0d-ab6f-70c475a140b2","NKcells"
"13039","ead6c303-f729-483b-8039-8dbdcb1d7050","Unknown"
"13040","eae26659-7e5b-420e-b641-dae2a42d802f","CD8_T"
"13041","eae7925d-8236-47e0-ad04-07614bb4abfa","epithelia"
"13042","eaebcd09-8360-4210-98d9-72eedb16b297","epithelia"
"13043","eaeefe60-2b51-4d39-85a5-3dd0302dc62f","epithelia"
"13044","eaefe976-8504-4be6-a92d-c09550173262","epithelia"
"13045","eaf37639-b66f-496d-97ec-634b0490fd3d","epithelia"
"13046","eaf7c81d-b0c8-47e7-aace-152ad6d73e0a","CD8_T"
"13047","eaff3607-c8f1-4a97-a6e4-3d6791ae092c","epithelia"
"13048","eb0212b6-a015-48a3-bcaf-425c819f1f3c","NKcells"
"13049","eb12fb90-2d52-4ab5-8281-ee646ba2aadf","epithelia"
"13050","eb13449f-480c-482f-b9e0-e8184b5419cb","epithelia"
"13051","eb14f13a-7bd7-4ffe-991b-075bde71f0c0","epithelia"
"13052","eb15f48d-603a-4772-a422-bd05d5e3ef76","epithelia"
"13053","eb174db1-656d-4cdb-a4ed-b00489e9a9cd","epithelia"
"13054","eb18d37c-8769-4971-927b-c964a3f3650e","NKcells"
"13055","eb19a14b-0499-425c-826a-f4202ef6ff03","epithelia"
"13056","eb1e0d69-6a51-423c-9779-693ea6f14918","NKcells"
"13057","eb1f6365-dab2-4973-8341-04fca6133282","epithelia"
"13058","eb20cc5a-b9b4-40d9-9554-bb753b048de4","epithelia"
"13059","eb236c28-353d-4faa-8163-f73232df7c66","epithelia"
"13060","eb2935c2-a9db-4217-b858-d1f3821daaad","epithelia"
"13061","eb2c740c-0f26-4460-8b11-7cc6ec777197","epithelia"
"13062","eb2e5e81-13fa-4b8e-b116-30a92cd7f57c","epithelia"
"13063","eb415828-bb3c-41e1-b8bc-06908aa2dacb","CD8_T"
"13064","eb416fb6-3451-4748-9b70-234a228d85b5","epithelia"
"13065","eb500eac-3ddf-44f3-a6fd-d8ca765fe312","epithelia"
"13066","eb55e952-6906-4865-9039-c3a179fcc58e","epithelia"
"13067","eb5952b8-5a09-418a-b3e7-56473cbafe3a","NKcells"
"13068","eb60bdc8-06c3-43dd-ae73-f6be36d2cc0b","epithelia"
"13069","eb6258d4-47ac-4309-b839-cd968d6cb073","epithelia"
"13070","eb80636c-2e6a-4786-8556-59d6acd5c0e3","myeloid"
"13071","eb84688c-1af4-4f94-bae0-dcca452da41d","NKcells"
"13072","eb863834-1a57-449c-9b98-c095f29e525f","epithelia"
"13073","eb8a592c-eefe-4bf6-af41-f2e9dacb40b2","epithelia"
"13074","eb8ee918-4287-4061-8459-f2152316f6f3","Unknown"
"13075","eb944cfa-191e-4b93-89f4-d12f7db4db36","myeloid"
"13076","eb962bbe-52b6-428f-9e89-9c4115d7fe1d","Bcells"
"13077","eb96535c-e0f6-40a3-b59a-14fccf0e18e2","epithelia"
"13078","eb9a4f66-c3b1-4b0d-8d88-249af697ae92","epithelia"
"13079","eb9a666e-8016-4506-9ee7-b20beb3ab531","CD8_T"
"13080","eba6f2f0-6c92-44e6-9a6b-61ccecd982b6","Unknown"
"13081","ebb6d2b3-e089-46e3-a3be-5b667282dc97","epithelia"
"13082","ebb7d1e0-b198-436a-9ebb-0737bbbef788","epithelia"
"13083","ebb8a189-0970-4497-8d22-a1eeb65b7076","epithelia"
"13084","ebb97b71-2f5e-484a-b8b8-6d62c331fb6c","epithelia"
"13085","ebc4f862-31d1-4120-a0ad-2b2fe3464242","epithelia"
"13086","ebcb621d-d0d0-4aa8-8598-02c80342a726","CD8_T"
"13087","ebcc0404-fe7b-4a7d-83f3-dc4e2b774ae4","NKcells"
"13088","ebd9e1bf-daf0-4eb6-acea-31bbaf7775d4","NKcells"
"13089","ebdbfaef-5f4c-4c5f-81f4-48324fb2c9d6","epithelia"
"13090","ebe0367b-29ef-485e-9c6c-ba66556e8e04","immune"
"13091","ebe0ae4a-8dbe-4db6-8205-5fb99f99eecc","epithelia"
"13092","ebe98ab7-fbb4-447b-ac0d-239254b3023a","epithelia"
"13093","ebec5e74-f1d0-4bea-ba75-245ead0999ca","immune"
"13094","ebedb233-9e83-4eb3-87dc-3162f043e701","epithelia"
"13095","ebf14251-1632-45ad-8b7c-0665212aeaa4","myeloid"
"13096","ebf5e137-fbfd-4a35-96f7-9ab4f35d45b7","epithelia"
"13097","ebf7bcbb-156a-4fc5-819e-601c9e3f20bb","epithelia"
"13098","ebf8522c-f284-48bf-9673-9ae126b4056d","epithelia"
"13099","ec014be3-1054-4858-8507-360f0aee24ec","epithelia"
"13100","ec01e974-7b78-40fc-9536-9e6a75f67888","Unknown"
"13101","ec0ae1bf-dc4c-4ed1-8e93-8b92b4912031","epithelia"
"13102","ec0ce964-be2f-4bce-b7b7-56a11b1ce2fa","endothelia"
"13103","ec0f90cf-d5a7-4961-a777-bc401bea3be6","epithelia"
"13104","ec123345-57dd-43a7-888e-b0ce12e989e9","epithelia"
"13105","ec1ab246-5977-42df-bf65-924a6ed08e17","epithelia"
"13106","ec1d31e8-46cd-43b8-a7ce-a0ad7be778be","epithelia"
"13107","ec218a0c-2e86-4c08-be94-16f338a54092","CD8_T"
"13108","ec21f1c9-a03c-40d2-a849-a9c553de70ad","epithelia"
"13109","ec2cafe9-4698-40b2-9dd8-9532ccca329c","Treg"
"13110","ec2dcb01-88de-471c-8f63-74f6f6a933bd","stroma"
"13111","ec31cb31-e8df-41d6-b052-9dbca615645e","Treg"
"13112","ec34c81e-7ae5-4e65-9aa6-7c037a03e451","Unknown"
"13113","ec353548-8513-4ab9-b1a9-9b56ef9d46fc","NKcells"
"13114","ec377634-def9-48fa-9dd4-d848f5fb96b7","immune"
"13115","ec3a9ff9-d501-43a1-9c12-a87ab33e93dd","epithelia"
"13116","ec3acc4e-6c4b-492a-b2ae-71a7f76ca114","epithelia"
"13117","ec3b88a7-85ac-4b8f-97ee-2c5a02539cda","epithelia"
"13118","ec407e78-28c0-4a1d-96e1-214c7f778ab0","Treg"
"13119","ec4238bb-e98b-480d-8fa6-bd5809ed418a","NKcells"
"13120","ec48e1be-9548-41e2-8f80-5816e048265b","epithelia"
"13121","ec4ef56c-0860-45c2-8618-c296782fbaeb","epithelia"
"13122","ec4f53a6-904a-4ed5-ba52-1c2687296e91","epithelia"
"13123","ec553336-0822-4f4b-a6d2-5ec9fba17c42","epithelia"
"13124","ec5a9df6-dd17-4058-b1b4-059fdb39c13c","epithelia"
"13125","ec5cbcb7-eda6-4030-a939-98b1f91cf912","epithelia"
"13126","ec5e0813-3a0e-49c8-8c4e-3bc4bb563763","epithelia"
"13127","ec69fc68-4e98-4abc-a834-a8ba9885f57a","epithelia"
"13128","ec6cd65e-45bc-4b0f-bbff-f0d815f53358","Unknown"
"13129","ec733ccb-e91b-44c7-a4a2-f3df540918c0","NKcells"
"13130","ec741046-f1fa-45cb-b2b0-e677b1ffe4fa","NKcells"
"13131","ec74f7b8-1884-47fa-8c11-ca20c0221419","epithelia"
"13132","ec7a146c-0ab6-46b4-b2ad-5cfa6fb413c0","epithelia"
"13133","ec7c9df9-8385-4a69-8e72-7cc516830b60","epithelia"
"13134","ec7e0475-7225-4e77-91f7-619e647ab733","Unknown"
"13135","ec7f68db-330c-49f1-9c1f-0602cbea19d4","epithelia"
"13136","ec811c82-f112-4e27-aa14-377d19556666","immune"
"13137","ec838670-a789-4ada-88ba-e85fecc87e72","NKcells"
"13138","ec86fa5a-06c7-4c39-91fe-1b9a74a10925","epithelia"
"13139","ec8ce99b-ff9a-437a-a4a3-cefb2d294feb","epithelia"
"13140","ec8e8856-4c2a-451f-a879-732af146b5a6","epithelia"
"13141","ec934fc6-a91c-4343-bf89-d13284e9d2a0","epithelia"
"13142","ec93b63d-a068-42f9-90f7-0b0f8f0b9849","epithelia"
"13143","ec99ae87-fee5-4997-8da8-7d3c7c7a6c03","epithelia"
"13144","ecaa018c-fca7-4e87-955b-f6e5a3ceac02","epithelia"
"13145","ecade4a1-b705-4d42-a92f-eda35586328e","T_cells"
"13146","ecaf020c-2f28-4a1c-ae2e-d5580d2c4bda","epithelia"
"13147","ecaf26a2-ca58-41d9-8560-9bc728fcaa8f","NKcells"
"13148","ecb7cadc-eec5-48ec-a43e-dc3e5ab8e30d","epithelia"
"13149","ecb9468b-6e93-4806-b564-bf9490bc0079","epithelia"
"13150","ecbd9558-52ec-4b32-852d-653bc39f8074","NKcells"
"13151","ecc4cfa8-b3c9-4327-8273-f1e484b0bcce","epithelia"
"13152","ecc880c6-7031-480a-b41e-27f4966689e8","epithelia"
"13153","ecce31a6-6ff8-4810-9741-41ac49256576","NKcells"
"13154","ecce9074-2022-4820-b45c-69f0de8e27e1","NKcells"
"13155","ecd3802d-85cd-46f7-8b28-7a0ca6e226a4","epithelia"
"13156","ecd4e181-c7ec-43d8-9c14-1aec555f72a5","epithelia"
"13157","ecd75405-71f8-4102-aa3b-a85de75d89aa","epithelia"
"13158","ecd7ada3-58fa-49b8-9a5d-0ffadcc019a4","Unknown"
"13159","ecd951d1-b9e1-42ef-aa5c-e345ce0def9c","epithelia"
"13160","ecddc3e6-3f4c-4183-b762-c37d787e0b88","epithelia"
"13161","ecdfa679-c1c6-46d8-9d7f-606d11499f1b","epithelia"
"13162","ece3092f-17e9-4535-bbef-7b38a4b5141f","epithelia"
"13163","ece3ff67-1f10-44b7-bd13-2cd0e34865fa","epithelia"
"13164","ecf37c89-1cc1-4d68-b0e6-251057c3e42e","epithelia"
"13165","ecf845d3-7b6c-48b4-860d-9b2a9257c0aa","myeloid"
"13166","ecffe4aa-d2d3-4678-a9f6-b6329dee0ab7","epithelia"
"13167","ed042f91-ee51-46db-8a94-0366584140e5","epithelia"
"13168","ed0f4799-b20b-488e-bf37-f7e785ae828c","epithelia"
"13169","ed111d39-6dab-4d80-b804-d7b3059a5f97","epithelia"
"13170","ed160b10-7d73-49f6-8c01-fe0a2b338bdb","NKcells"
"13171","ed163c49-6518-47ac-a0da-8c1314628bb9","Unknown"
"13172","ed1651a6-4b70-4c8c-873f-c7ce8b87adeb","epithelia"
"13173","ed189528-8e31-40ac-bf60-1d2d595c7e37","epithelia"
"13174","ed19e202-4e06-4b70-8c0d-359fe15a11f9","endothelia"
"13175","ed1b8aca-81df-428a-8c5d-576e7ccc8043","stroma"
"13176","ed1cce50-bbb3-410e-a890-4149f294383e","epithelia"
"13177","ed2a4b42-b9ce-4fa0-b4fa-7a9ba55893b3","CD8_T"
"13178","ed2c7594-492f-430a-a30b-e3e0c490fccb","epithelia"
"13179","ed3223e3-ea58-4191-b500-286eda7f4cca","myeloid"
"13180","ed52a542-0122-4b9a-a67c-89834bec5468","epithelia"
"13181","ed5493fe-e7ba-4085-82d3-2d821e237f1c","epithelia"
"13182","ed5e6b64-4dc3-419b-9c1c-4f23076dc2d5","epithelia"
"13183","ed653b9f-1c9a-41fc-a5a7-0303a7769247","epithelia"
"13184","ed66f637-d496-43af-b5da-a016169672de","CD8_T"
"13185","ed6973de-11db-4dd5-9d1a-6d94fa3c4a38","stroma"
"13186","ed6d9b13-d680-4508-b4fd-4764b50fe4a8","myeloid"
"13187","ed795eff-1cd1-41c8-9ab7-295cfc0f2429","NKcells"
"13188","ed875b48-b01f-4814-b3e3-cb4700d06ea4","CD4_T"
"13189","ed87cf29-1c6a-4abf-8ce4-9fded7b8b6ff","epithelia"
"13190","ed8af839-2ec1-435f-966b-7919fb41417d","epithelia"
"13191","ed93d5af-36a0-4453-ab86-ccbfaf87ec6b","Bcells"
"13192","ed95c60a-8361-4e08-bb56-63862b663a6a","epithelia"
"13193","ed97d614-ac21-43e7-a20d-8e4bb8cb8221","epithelia"
"13194","ed9b0e27-a87f-453e-8279-5a6b1d1c38df","epithelia"
"13195","eda1ca82-49eb-4c5a-868f-ded0cf77d129","epithelia"
"13196","eda4154c-913a-448b-bbb5-f8f77474889b","myeloid"
"13197","eda5185d-bb6f-48d4-99e8-6fa68f4392f7","myeloid"
"13198","edac2188-970c-4884-9603-637d2bfc625c","epithelia"
"13199","edc6deb3-da28-498b-b99d-21bcecd41b6f","T_cells"
"13200","edd72cc4-fe2c-49fb-af98-79f9a9268e18","Unknown"
"13201","eddbe6da-0e20-4be1-86bc-f860b152718f","Unknown"
"13202","eddfcfd6-3aeb-478d-b8f8-7b40c1f8c7c1","Unknown"
"13203","ede72b89-6961-4933-8ddb-9cfdcd4a83a5","epithelia"
"13204","edeb3202-6641-4470-95ea-ad4f295db654","myeloid"
"13205","eded696f-99fb-4af7-95f6-11728d5a249d","epithelia"
"13206","edee6869-e266-41bc-8286-9d7768247833","epithelia"
"13207","edefdb0f-881b-43b5-80f9-6a2e5ac16aa5","NKcells"
"13208","edeff66a-fd53-43a0-9bd2-7603e0c98784","epithelia"
"13209","edf376f5-484b-4ac8-a9bc-c0538731bc24","CD8_T"
"13210","edf75d12-b60c-4140-b1f8-f63fb0002344","epithelia"
"13211","edf99eee-4274-4600-8d3d-a7f7217dea3f","epithelia"
"13212","edfc1fd4-76de-4959-97a4-f8cfd4e02781","epithelia"
"13213","edfe96af-8757-49f2-a608-945108c3ce63","NKcells"
"13214","ee03e86b-468d-4475-9c80-577495607eb0","epithelia"
"13215","ee0421cd-c003-4591-ba36-4b19575e29fa","epithelia"
"13216","ee046536-703b-492a-8b33-548e80a60ed2","epithelia"
"13217","ee0832f1-d0f1-40ca-a1f9-3d94bd10cb11","epithelia"
"13218","ee09188e-fbb3-46a7-8599-95dabfb1fca9","epithelia"
"13219","ee09f07d-b5c2-4da9-ba49-886dbc215b19","epithelia"
"13220","ee0ad759-a567-427e-aa2e-2620343bed62","epithelia"
"13221","ee0c5a43-9a5c-4692-9d5d-60f2ef1e00a8","NKcells"
"13222","ee0d3795-6a4d-4ece-a135-e228db17f5f5","Unknown"
"13223","ee14e158-75e8-431f-bd63-362f0e321ac0","epithelia"
"13224","ee1cbab1-1c33-43bc-be6f-21d8af91ffc8","epithelia"
"13225","ee1cc17a-ecdf-4d3b-b5de-7094cef3af02","epithelia"
"13226","ee28962b-2568-4c5b-9823-1533a773a8d2","epithelia"
"13227","ee29ddba-73c6-478d-bd33-c2cb647db03f","myeloid"
"13228","ee2a27a8-a509-40d6-b9b1-eec8c1bc9b3a","epithelia"
"13229","ee2c5dfd-fa38-40b4-a9a6-110a92eb5286","epithelia"
"13230","ee3028ea-9645-4c2b-89d0-4b19a669e71d","epithelia"
"13231","ee35802d-c63b-43c5-856a-f89e2c34f3ff","Unknown"
"13232","ee35f198-4dbe-499c-bdf4-40a4f443c33f","epithelia"
"13233","ee37866c-e4df-43f6-beaa-372f8be23969","epithelia"
"13234","ee37ab12-db86-4b41-ac30-87ff896941bf","epithelia"
"13235","ee393851-1989-4337-b9b3-e2eacc9e6b1a","NKcells"
"13236","ee3a0374-038d-40b1-9edc-07a125d3d7de","NKcells"
"13237","ee3cf31a-1154-4732-8c06-825422204f7e","NKcells"
"13238","ee442d1e-23b9-488d-8b59-5b6393d3c996","Unknown"
"13239","ee4fe170-b1f3-4985-80fa-0e3bcf4d54e4","NKcells"
"13240","ee5267fe-09d0-45b6-bda9-ca78c551e3be","immune"
"13241","ee536bd5-8657-4fa3-a988-a0e304df8995","NKcells"
"13242","ee56db75-b9aa-4a23-87fe-f0666b11363b","Unknown"
"13243","ee5a710c-4cec-4bf1-b185-d634dfb910e8","epithelia"
"13244","ee5d20c9-30cc-4f7e-a2f5-68a0ad1a7baf","immune"
"13245","ee64b08a-76e5-4a38-919c-a5e70b4bfb51","epithelia"
"13246","ee74f98b-787a-45ff-9d13-cdce5b5bdd8d","Unknown"
"13247","ee7b310b-82fc-4b88-9ee5-a8fb722c893f","epithelia"
"13248","ee890f56-773b-4999-b0de-6c083b4bc005","CD8_T"
"13249","ee8bd307-d45e-4eeb-a540-341ce0b10b65","epithelia"
"13250","ee8d613b-d5ea-4497-8482-db0a6ee31d9e","epithelia"
"13251","ee91c452-4b3c-4de7-a564-51254ef5a3f1","epithelia"
"13252","ee96a08c-35e6-4815-8ff9-0b35a481d2bf","epithelia"
"13253","ee98cf0f-7ba3-44e7-aa51-82a610b21884","NKcells"
"13254","ee9985af-06d9-4482-9e95-567ddd143747","epithelia"
"13255","eea38093-22af-4865-a90f-6a3c46699686","NKcells"
"13256","eeac3381-35d0-4879-ba39-5866a54990a0","epithelia"
"13257","eeb03362-93f6-489f-a3bc-77fd001ae397","NKcells"
"13258","eeb18ddf-8f40-4794-8349-30c9370ed605","NKcells"
"13259","eeb221b8-cdab-43f7-9bd6-2a59625a38b9","epithelia"
"13260","eeb712d6-1ad7-4af1-9b04-774ded577d07","myeloid"
"13261","eeba21fb-0f1c-4483-8022-8a5cf4d019df","CD8_T"
"13262","eec0f882-420f-485c-887c-231d1a8c6a41","epithelia"
"13263","eec38a8b-79f7-4633-94d4-e1560b50e0df","epithelia"
"13264","eec52108-d153-4795-b635-19633a37c123","epithelia"
"13265","eec55e81-12e6-42d5-b8ac-1c41537de36f","epithelia"
"13266","eecc7e73-b15c-4e33-a5b9-f3f46d1f5b53","immune"
"13267","eed03b50-7ee8-401b-9012-b78936c60fb9","epithelia"
"13268","eed03cef-b180-4bca-8140-d9e8513b94f3","epithelia"
"13269","eed056e0-0c1e-4b28-b4e1-c22f1465e07b","CD8_T"
"13270","eed2c36e-b5c6-40e6-8d6a-e0e855d5c915","CD4_T"
"13271","eed88188-dbea-4533-b7e0-97efa93c2282","NKcells"
"13272","eedd113f-e1ba-403a-8248-649f534cc342","epithelia"
"13273","eee16e99-997e-4bfa-a291-ec88b0d2be27","epithelia"
"13274","eeea3e7a-df95-4425-a119-e897e37188cb","epithelia"
"13275","eef3790b-fd34-49f4-9ce6-a36e8ba6e5f6","epithelia"
"13276","eef38b9c-becd-4752-b817-9c48fcee4150","NKcells"
"13277","eef526cc-40a1-4697-a62c-ba87f822ddfc","epithelia"
"13278","eefc4b70-69f9-4de3-a3d3-b84b3e18c2d3","epithelia"
"13279","eefefede-105c-4931-8fcc-86e81fd29163","NKcells"
"13280","ef00594a-1448-4bbf-bdd0-8216774f4c95","epithelia"
"13281","ef05f842-63e0-4ec4-8674-f98f5d0e86fe","Unknown"
"13282","ef0a5dca-ec44-4b5a-8264-81b14ba57e27","T_cells"
"13283","ef0bec83-d70e-4081-831b-bb17dee94c85","Unknown"
"13284","ef14d3ba-09cf-475f-82c9-72ef693a9def","immune"
"13285","ef1710a9-3247-4fcf-87be-3b8e6d63dad9","CD8_T"
"13286","ef1ae09f-8530-40ec-a8b7-834b76856e03","NKcells"
"13287","ef1b9375-b33b-41b9-bdc4-f6bc3bf4cb59","epithelia"
"13288","ef1f1878-0c84-4332-a552-231785d7149e","epithelia"
"13289","ef205154-476d-49cc-abeb-2fa836e680ca","myeloid"
"13290","ef21df46-137a-43e9-b154-dbb743a04cfb","NKcells"
"13291","ef25fe3e-9a28-49a0-9711-1768f4798dca","NKcells"
"13292","ef28d433-49a8-4b48-abed-fc078610f2c9","Unknown"
"13293","ef2e6fb2-edb7-4a43-94ab-9abfe4d2a4fa","epithelia"
"13294","ef3120a2-6119-44ee-92ac-a0020be28ba7","NKcells"
"13295","ef3d7cb5-47dd-4ff6-bee3-a1c818df97c9","epithelia"
"13296","ef3eab31-4248-4694-a31a-b8d6fc4826b3","NKcells"
"13297","ef3f5bed-bd76-4ff2-949f-fd18bc5fc7ca","NKcells"
"13298","ef4a09c2-cd14-4231-8228-80f19abd7b7b","Unknown"
"13299","ef4e0bd8-b430-466f-826d-7fb2341e57c8","Unknown"
"13300","ef528f39-564d-42be-b8d8-1ffc6c9cab5e","epithelia"
"13301","ef566438-fd65-40b7-82f9-0c1270c0485c","CD4_T"
"13302","ef58b977-6d6e-4e2c-a0e2-0b042194097e","epithelia"
"13303","ef5b507e-6f4e-43d4-834a-04c72a8a23ec","epithelia"
"13304","ef5f26c5-64a6-4c75-a41c-39723928850f","epithelia"
"13305","ef60b76d-2f61-458c-a273-4d49600eaf0c","epithelia"
"13306","ef71e959-8666-4a85-a6bc-1f202db354a0","NKcells"
"13307","ef7c8050-0b40-40d4-8b3e-65e46fbb34b5","epithelia"
"13308","ef843c72-f24b-40fa-b59e-513bcc222103","Unknown"
"13309","ef857e90-980e-44f2-bd8a-ebc7506953cb","NKcells"
"13310","ef877b9b-b3fd-4cc4-8bd1-19b4ee119eb8","NKcells"
"13311","ef8b139e-76e9-49b9-aa24-0d367c560eb3","endothelia"
"13312","ef952486-3a2e-46c0-99ce-94b674532222","epithelia"
"13313","ef9e0a58-e771-4539-84df-3e942cf65a00","Unknown"
"13314","ef9f01ed-9ab1-4a61-8bc9-0142388bd3ce","epithelia"
"13315","efa6c7a1-6b0b-437c-8112-383520c5e8c6","NKcells"
"13316","efa789c6-97cc-4db0-b33e-58f830d0af6a","epithelia"
"13317","efb15ccb-fd1e-4812-896b-98ffd0c92a24","Unknown"
"13318","efb47435-0a45-4739-8f52-3584c3a226e9","epithelia"
"13319","efb7449c-d474-47c7-b9d0-93033728f6ac","NKcells"
"13320","efb7d1e8-c25c-460b-a479-1818ee85e38b","epithelia"
"13321","efb86e22-9c70-49f5-a97a-84fd86b6f17a","epithelia"
"13322","efbb0e1c-ab5d-497b-8f76-6d800b6641d0","epithelia"
"13323","efbb4ea8-2965-4aa4-8dd6-5961857fac2a","immune"
"13324","efc4bfd1-45b9-4491-a878-0ddd65c82298","epithelia"
"13325","efc63cfe-8a50-4dd8-bb68-d8bc263e9d39","Treg"
"13326","efd02119-ff41-44c4-988d-6f7557f8b22a","NKcells"
"13327","efd691f6-cfe5-4165-a8f5-b93eccbc1042","myeloid"
"13328","efd7de3f-c522-4a09-a3c1-a53aad6daef6","epithelia"
"13329","efdecd54-d3b5-4385-9753-2df8abf491ee","epithelia"
"13330","efe6181e-9d22-4a17-8220-b377810c3028","epithelia"
"13331","efea3db3-0344-4991-ab40-eb3fd66bf86f","epithelia"
"13332","eff358b7-fbe1-4941-acbd-d9e238b0ee9d","epithelia"
"13333","eff59273-f12a-476b-be1e-207059966b99","epithelia"
"13334","eff80eb6-6a83-4c49-b8d8-aa4cf16aea06","myeloid"
"13335","effe987e-ef73-43e1-8458-c1cbbf019887","epithelia"
"13336","f004abe1-46cf-4f5c-94c0-7a67408f7aff","stroma"
"13337","f0064d81-ebac-4550-a642-4d88effbdea4","CD8_T"
"13338","f006fd94-5c6e-4e59-9b9f-ae0041a0bc60","epithelia"
"13339","f00a08a7-0c1b-4aae-9fe9-095f7743fb17","Unknown"
"13340","f00e7cf6-9f25-463a-b67c-c491648495cd","Unknown"
"13341","f015f22d-3e2c-48ad-b554-a4bb93af4827","NKcells"
"13342","f01ca68e-fba9-4da5-8b43-295630e08dfd","epithelia"
"13343","f02d5de9-a02d-40df-9492-a397f094e8e2","epithelia"
"13344","f031bcd7-1c5c-4d99-bbc3-c3d65611e698","epithelia"
"13345","f0320019-41ff-48d4-993e-248d6aa37271","myeloid"
"13346","f03a7be5-5411-4c07-a0d5-d86c2eafd995","T_cells"
"13347","f03ab5ae-4fbc-470d-a84b-bf100c769fe0","Unknown"
"13348","f03c418f-237e-4068-a5f5-8dd76a088528","Treg"
"13349","f03d2c2f-e764-4885-ae92-26a063ad30fc","CD8_T"
"13350","f03debed-d201-4ef8-94fa-2cf2dcabd678","Unknown"
"13351","f04057fa-d71c-446b-b1ec-82ace5ae6c7a","NKcells"
"13352","f04c3b99-778b-460b-84b5-b5baf5c33a50","epithelia"
"13353","f04e0f73-8045-4ca3-b0b1-89db2de7fa8e","epithelia"
"13354","f04e1a19-4627-4660-be52-3d90c22544b4","epithelia"
"13355","f0520f69-3d42-4203-987a-7a5006600771","myeloid"
"13356","f05b0613-48b1-4ff3-ac00-2ad228ba8640","NKcells"
"13357","f05ba68d-09ce-4291-90b7-02b2b7fddb01","NKcells"
"13358","f05db768-2298-42e8-b94c-1095afbcb305","epithelia"
"13359","f05f13bf-213a-4c1d-bebe-a976d5afd434","NKcells"
"13360","f0636d91-c3d4-46c2-9836-887a544d376e","epithelia"
"13361","f06a1e14-0498-4602-9bb8-b23fc0d18efd","epithelia"
"13362","f06ec035-76bd-4a32-877f-fc8f7d157e0c","epithelia"
"13363","f06ec0bb-1aa4-4a21-b1dc-145307e61380","epithelia"
"13364","f07facf8-76ea-4b8a-bfcf-d2ba0243dd47","epithelia"
"13365","f0821c53-0720-446a-9882-67716085c3d4","NKcells"
"13366","f0836a80-95cc-40e8-a4a9-0fd3232fe341","epithelia"
"13367","f08739b1-c33e-4318-b8a0-4d46fc2edbf5","epithelia"
"13368","f089cbc0-bec7-4d2b-8624-c5d57a4e63c6","epithelia"
"13369","f08ba6f6-361e-4677-840a-961ab6d8b23f","epithelia"
"13370","f08c8390-c6df-4d1a-84a4-f42124f87532","Unknown"
"13371","f09b1018-3fe4-4f4c-9d30-10481a422716","epithelia"
"13372","f09dcf52-8f48-4194-9b18-89d70ad8d662","CD8_T"
"13373","f0a0d9b3-7e60-4ae6-8997-8105e9c186e4","epithelia"
"13374","f0a29b3f-54cf-472d-a569-59cbd1a55ba7","epithelia"
"13375","f0a704bb-db54-4ac2-8e72-a5f267e2a8de","Unknown"
"13376","f0a95b07-eb23-4788-99fd-6c021c9f8820","NKcells"
"13377","f0a9dc56-aa9c-46f1-8ff7-a1cea7c192d3","epithelia"
"13378","f0aa5b99-dc1b-40b7-b970-cbd04191d499","epithelia"
"13379","f0b047a7-e7d8-46e0-9494-f2009c081126","myeloid"
"13380","f0b27133-8b61-4c69-88d5-b238fc19e9b3","epithelia"
"13381","f0c24501-4795-49e4-9d83-64a755c643a5","epithelia"
"13382","f0c79b32-2671-4de5-95e4-ff5bae9be840","epithelia"
"13383","f0c875e7-86b4-48fc-b433-624ae9764f57","epithelia"
"13384","f0cc6bc1-0866-4137-8f9b-ceeefd97a0ea","epithelia"
"13385","f0cf7ddf-74fd-41a6-a3ae-b30bce7da758","epithelia"
"13386","f0d4a725-d9bb-49d0-aff2-9209d76af37c","epithelia"
"13387","f0d7b69e-c0b2-47a8-84c9-955738f4fe80","epithelia"
"13388","f0db1c91-c373-44b8-9cc8-79a1cd361bfe","Unknown"
"13389","f0db3aa3-0b1d-47b1-8988-d98bff268160","epithelia"
"13390","f0dc07bc-0b9a-46c2-913e-d10cb1b93e88","epithelia"
"13391","f0de29d8-992f-45f6-a6fe-ae25f1a5dd7c","epithelia"
"13392","f0e061b5-0cfb-4d11-a3a4-3570c7c612bb","epithelia"
"13393","f0e53b87-6604-48c9-b5db-3a6ba76d0ee7","epithelia"
"13394","f0e5b3f8-22ba-466c-9fd1-533f0331b774","Treg"
"13395","f0e7d688-b1a6-46ec-98a2-adbd5f0798d2","epithelia"
"13396","f0e8e1b4-b2f4-4fe0-8842-98d0ba1cc188","epithelia"
"13397","f0ebb5ab-99fa-44bb-872a-a958faf8fe79","epithelia"
"13398","f0f5afb0-ceec-449f-a2f7-d30ad7bb924c","epithelia"
"13399","f0f997c7-8fec-4daf-b5de-c513333880b4","epithelia"
"13400","f0fb0bf3-588d-43da-ac0d-da5b55cc576d","stroma"
"13401","f0fb8c0a-102c-405c-afe9-23825d22f071","epithelia"
"13402","f0fc7730-0fad-48e2-97a2-a9a2b6e48c46","CD8_T"
"13403","f1038410-209c-4393-a6a0-a799c141564e","epithelia"
"13404","f106d1ee-5e09-42c7-8c78-dc34a0531a5d","epithelia"
"13405","f10b56f2-3b68-4cc7-976e-9101e7e23e16","NKcells"
"13406","f1145fe9-de57-43d5-9ec5-b951420de7c7","Unknown"
"13407","f1165f18-5e56-437b-ba2a-9277342f27c3","Treg"
"13408","f11f9a64-00f0-4d6c-bb3e-8489aec0fb62","epithelia"
"13409","f121e7e9-bafe-4f34-ba52-972ee50060df","epithelia"
"13410","f1327399-9830-4f21-9545-cc024219f4f2","epithelia"
"13411","f13293fa-84c8-4cff-8ddc-24edb9d5df9f","epithelia"
"13412","f1340d55-cf25-4362-b2fd-402859608272","epithelia"
"13413","f1361f1e-e05c-4eb9-a330-89817196a73f","epithelia"
"13414","f137ad78-1de4-42af-bbd6-e98eb51dde7a","epithelia"
"13415","f13f1472-17f9-4002-b7ae-4300a89eddba","epithelia"
"13416","f1499181-cf29-4ecf-b38b-d6f89d928fb1","endothelia"
"13417","f149aabc-5da7-42e2-a51e-fbd070771248","epithelia"
"13418","f149d3dd-1690-4aee-a8b9-1e9662ff25b4","CD8_T"
"13419","f14c208d-b62f-4e70-b9e9-f745765d2ede","NKcells"
"13420","f14ec6d4-64cb-443e-b1cb-65cca1fe30a7","epithelia"
"13421","f150af61-5c07-4b3f-99a9-cb0a177097dd","epithelia"
"13422","f161a15d-0730-4d17-8f19-9a60f34f6a65","stroma"
"13423","f162aa7b-c7df-4c87-95b4-1a6ea97a0166","epithelia"
"13424","f1678e35-20da-49e8-ae6d-98df6ee25948","epithelia"
"13425","f16beba0-2129-4978-aa47-8685dd1a5a8b","epithelia"
"13426","f16d0cfb-1606-4dac-9674-2c696a5a50cb","myeloid"
"13427","f1717739-35b0-4509-ac27-bf4c23cfb409","epithelia"
"13428","f171fd01-d5af-47e0-bb7f-d94cc2c669b0","epithelia"
"13429","f1728a2c-0962-4b67-9916-ef9777461a61","epithelia"
"13430","f1771d2a-2f97-4100-bf0f-e804c300eb94","epithelia"
"13431","f17817a6-9a8d-4f1e-adc1-d9ea68535a28","epithelia"
"13432","f17f9237-16cf-4930-bc44-7a10105381ba","epithelia"
"13433","f187cafd-5e51-4358-83cb-447793ddd1ec","CD8_T"
"13434","f195319f-d736-422a-89d4-0b07905c7d72","epithelia"
"13435","f19790cf-2a8c-497a-931d-8183f50f9c55","epithelia"
"13436","f1998179-1d01-45ff-9b67-223b4c519848","epithelia"
"13437","f19b4360-3141-43e4-8a11-a0d0ad667c7f","epithelia"
"13438","f19ec04e-e058-4cc7-a9e3-534a4485afc6","epithelia"
"13439","f1a28c3f-23e1-432a-9886-935edee9def1","immune"
"13440","f1a397f4-3da9-429c-a01e-9dab6093255c","epithelia"
"13441","f1a83054-d0ed-4aaf-8ace-32a92f40412e","epithelia"
"13442","f1a92b61-7ba9-4cdb-9d3a-58428b628ac1","epithelia"
"13443","f1ab081a-af4f-4314-abe2-d50ea42e9fb3","epithelia"
"13444","f1ab0cbe-cb2a-41b7-b2ee-ade447357fab","epithelia"
"13445","f1add706-88b0-4d68-a004-8284635ada56","epithelia"
"13446","f1b78610-d22a-4026-a5b1-9b392f62cf5b","Treg"
"13447","f1c0eea6-b533-48ff-a5c0-d10e1592c44a","epithelia"
"13448","f1c1da14-3d3f-4c30-b573-0b1402698399","epithelia"
"13449","f1c42008-05ad-426c-8ced-0166f9c57f66","Unknown"
"13450","f1c56057-6301-45aa-875c-b4d6ded48249","CD8_T"
"13451","f1d053df-3773-4b2a-a9c3-c36b025559a1","NKcells"
"13452","f1d2128c-128c-437d-8b21-c82029556548","NKcells"
"13453","f1dcdb4f-4d87-40d9-b62e-b29fc8c2a1dd","epithelia"
"13454","f1e804d4-bab9-4b33-948d-41433d4faa79","epithelia"
"13455","f1f40269-3d44-4d21-937b-67606c8515ee","Unknown"
"13456","f1f47cb2-ab67-4e3d-90d6-2193e6c1d939","NKcells"
"13457","f1f97535-17a8-4226-9a1c-bc6ad350904a","NKcells"
"13458","f1f97b55-2674-49a2-aaed-7061405cd5e2","Unknown"
"13459","f1fd4ea7-dc3a-42f8-a656-2f0cc5075683","epithelia"
"13460","f1fe88ad-8af0-4992-8f73-5c32871bfec3","epithelia"
"13461","f20035dc-ca43-4e58-9c1a-23f9c90e9bd4","epithelia"
"13462","f2004240-2abb-4ad1-bdf7-0dc10d18555d","epithelia"
"13463","f20ac3a2-7285-4e05-9bab-335bbf1d1ef7","NKcells"
"13464","f2173db3-04a6-4bad-93c1-70a44d20adb5","epithelia"
"13465","f218bd2b-865a-4a97-bc35-bd46febbffd9","Treg"
"13466","f21e3579-a9f5-4559-8fc9-192c73ee0284","CD8_T"
"13467","f2230f9b-72dd-42d5-ab97-691993304067","epithelia"
"13468","f22570dd-7dce-457e-a314-161ea3bf23fc","immune"
"13469","f23064fd-ede1-40ce-b59b-07ac46f474b1","CD8_T"
"13470","f240d6c3-dd65-4132-af20-2289697ca78b","epithelia"
"13471","f2416012-7684-4e28-b4f1-4ae0c27a1547","epithelia"
"13472","f2448f91-2986-40a8-9d5f-caa62dfd32ae","Unknown"
"13473","f244d08f-3482-4169-80b5-02930e598d88","epithelia"
"13474","f2507722-1cd9-4ef0-b8ac-2b0e07a0cf6c","Unknown"
"13475","f250f3ed-3e8b-4f78-9fe2-02eb3359b0f4","epithelia"
"13476","f25b41a6-bcaf-4e3c-bb37-bab64e74e128","CD8_T"
"13477","f25f10ed-8f44-4fe6-99d7-1e45b243ffc5","epithelia"
"13478","f25fddf6-a949-4957-8e3e-c824bc640f54","myeloid"
"13479","f265f929-4f6d-4c6e-82d8-5fded020df38","epithelia"
"13480","f26f540d-bda6-467e-832c-54ce0d764a87","stroma"
"13481","f270b850-c5f5-46f5-ac45-441a5f8d217b","epithelia"
"13482","f2714668-68b8-44ba-83d9-42e250bab28f","epithelia"
"13483","f274515c-0cc9-4694-a510-22a0e1452ac3","myeloid"
"13484","f2782478-cc47-42b1-96d8-bc3005e9781a","epithelia"
"13485","f27951a2-ca52-4619-b434-383292c70807","myeloid"
"13486","f27b2a2d-752b-4fcf-93ad-5ee31919a2a1","epithelia"
"13487","f27c4752-0040-4430-b2c9-ee2468aae979","epithelia"
"13488","f28222ac-d4c4-4008-a1ad-4eb19dcfef8f","epithelia"
"13489","f28e3ec6-ec49-428f-82bd-a6c2b9db491c","epithelia"
"13490","f291aeb5-7c3c-4ec5-aa32-61e238e3058a","Unknown"
"13491","f29ae4ea-b7ab-4def-a894-35b78b93eb63","NKcells"
"13492","f29bb65e-9116-4009-8be7-1c12873dd3e8","epithelia"
"13493","f29dc0e0-d537-4053-8045-e788ef6e2ffe","epithelia"
"13494","f29e4064-b7f4-4e79-9eb8-98af59e218ed","epithelia"
"13495","f29ef98d-efc7-4344-8dc4-e28326c55d30","Unknown"
"13496","f29f8547-ccc9-4d68-976a-f9b28dbddd08","epithelia"
"13497","f2a452d3-ec19-4a24-8376-e02733cb2d79","epithelia"
"13498","f2ae2337-217d-4474-a16e-6e599aafb4fb","Bcells"
"13499","f2b3e113-0c46-4d65-99a2-c6f79ea1db85","NKcells"
"13500","f2b91658-47de-4f2b-8384-16e37180dcb8","epithelia"
"13501","f2ba19a8-559b-45ec-8a35-dc45407936d7","epithelia"
"13502","f2c05391-804d-4cca-98a9-820f809bbd55","epithelia"
"13503","f2c42f33-8147-4454-9f32-7384bd0144b1","NKcells"
"13504","f2cb73ee-d16c-4aa1-8620-b5ffb0f26bed","CD8_T"
"13505","f2ce1a53-2504-46e6-bba4-c791b0e3d0ad","epithelia"
"13506","f2d28caf-c5d2-4816-9941-7aaf43932df1","epithelia"
"13507","f2d6e941-5159-43ec-914b-46c7a480b560","CD8_T"
"13508","f2ddc8f6-ee07-4548-bb9c-e0408deae7e6","epithelia"
"13509","f2e4e647-a0a9-4a4c-902d-b4b2117a2b9a","epithelia"
"13510","f2e68882-e7cd-437f-b0f0-a1521a7a5f24","epithelia"
"13511","f2e8f326-ff86-41a3-ae4b-41117f4e6a52","epithelia"
"13512","f2eadeda-f3f3-4f28-97f8-1ae37c472d25","Unknown"
"13513","f2eb8197-928c-43f1-ac46-74bcbc4c2717","Unknown"
"13514","f2eea58b-9d9b-482d-8572-a106425a7e32","NKcells"
"13515","f2f147fb-0eab-45da-ab88-0f61c88ce9fd","CD8_T"
"13516","f2f30900-0054-4c54-ab57-8cb78f6aa642","epithelia"
"13517","f2f6bcc1-2999-4d75-9716-12d17fe5a2b6","epithelia"
"13518","f305bf8d-7948-416c-bf11-53457bfb7eb4","epithelia"
"13519","f30f85d5-41c9-4eb6-a6ef-a96c6e239463","epithelia"
"13520","f310ee25-44f7-4e1b-b033-7002a508408f","NKcells"
"13521","f31aeb37-43fe-4482-a896-8a0c581507a6","myeloid"
"13522","f31ff415-04a2-47c7-a629-ae8395382980","immune"
"13523","f32626d9-f771-4a96-9665-a90621b7de0d","NKcells"
"13524","f328817e-80d0-41b5-944c-cb4912e2e5fb","epithelia"
"13525","f329af49-67a0-4a36-acf3-6a99b2adec96","NKcells"
"13526","f32b7e9c-aa49-42eb-b62c-52b87d02a89a","NKcells"
"13527","f3307366-cc33-4f38-b07c-6c9240e82853","epithelia"
"13528","f337cb13-f432-4600-959d-353a4be72fc9","epithelia"
"13529","f33b2901-1022-4ebd-8067-98d6a4812798","epithelia"
"13530","f33b62a0-212f-4683-949a-1cbfa63f8346","epithelia"
"13531","f33dccf7-62ba-479c-9f2e-235386d3ad1d","epithelia"
"13532","f341117a-e92c-4000-9b19-c1037d85ad7d","epithelia"
"13533","f343ffef-d5e7-446f-81e0-1df2ca45d627","NKcells"
"13534","f34d78de-2c65-4df4-aa11-6ea11f859f9d","NKcells"
"13535","f34f0a7a-9927-4058-bb8c-af55a161d432","epithelia"
"13536","f3542fe2-172b-4ec9-88ef-637eed28143c","epithelia"
"13537","f35514f7-6dd4-4dc2-b06f-6f4f60e066bc","epithelia"
"13538","f35a8e30-5178-42ae-ba89-f2a3c12aec3e","NKcells"
"13539","f35ebda7-a506-4412-a110-01a06985cb47","myeloid"
"13540","f3613bb5-aaa0-4405-afea-3e84f943c379","CD4_T"
"13541","f361665d-262e-4c15-a521-74378e2f07ea","epithelia"
"13542","f3622395-6c4d-4767-bca0-9413ac6cfefa","Unknown"
"13543","f365640a-9529-492e-a09a-79fe4f42577f","Unknown"
"13544","f3668b58-fbb7-46e5-8c21-23fa1a66de71","epithelia"
"13545","f3798257-90d8-445d-8abe-4fc1e5243931","epithelia"
"13546","f37fbe5d-6f49-4531-8ff4-f9d9ab1d5d4c","NKcells"
"13547","f381b25a-08aa-4ef6-bc26-7643f88b74bf","epithelia"
"13548","f3845623-a39a-4e6e-baf6-0fcf0c8f85de","myeloid"
"13549","f387b597-7faa-4e61-9c98-06b8bf3d25e3","epithelia"
"13550","f38c703e-ec86-4c7d-9f3f-c224ef4a3140","NKcells"
"13551","f38cf3d7-1cb3-4812-ac74-d533413554ce","epithelia"
"13552","f3977d1c-8718-4a15-bd08-d97c4a7d54e1","NKcells"
"13553","f39e2b53-17c8-4c0b-97a3-1725e6a3d6f5","epithelia"
"13554","f3a5ea16-d314-42e4-b8df-f00c9ae250bc","myeloid"
"13555","f3a93cb2-efbb-45f2-9e5a-8a13468e5e1d","epithelia"
"13556","f3abf3ae-fb49-4703-87e4-b6bdc6af817f","NKcells"
"13557","f3add4c4-7ba8-449b-ab67-cd6a8407744e","epithelia"
"13558","f3ae6a1e-e811-4462-99cf-0dfa800cc350","CD8_T"
"13559","f3aed748-7d1b-4eb4-8462-f60e4ee6b477","immune"
"13560","f3bb5d72-53ec-487b-9fa1-855842ec4df1","NKcells"
"13561","f3bc825b-88e7-4c2a-8cdd-c0ee648aa29a","epithelia"
"13562","f3c1dd02-5364-485f-9c94-e184fd3e9087","epithelia"
"13563","f3c2159e-d31a-45d1-92c5-a8d39a0114e2","epithelia"
"13564","f3cdb107-2903-4528-a07c-62e6dc6eca97","epithelia"
"13565","f3d812e9-9760-46a5-abc6-ce26e3485f3c","myeloid"
"13566","f3d8c49d-d207-4728-9f60-1a9df95a841e","Unknown"
"13567","f3deb155-5dca-4aa0-b8dc-f563d88e7b4f","stroma"
"13568","f3f07013-4c0d-4abc-a007-296ce9f159db","NKcells"
"13569","f3f29ded-cc22-481a-8e04-3b9d8de7d9e7","epithelia"
"13570","f3f66045-eb39-4c0a-89eb-7bbfea7481fc","epithelia"
"13571","f3f90f35-df25-4666-a9cc-7ac3f5271c79","epithelia"
"13572","f3fb0be6-9156-4e2e-89f9-082ada2ac197","NKcells"
"13573","f3ff8d94-2c2a-4b0a-b79b-0d97670f1ab7","epithelia"
"13574","f402a0b8-8686-4aec-b504-791aade7a343","epithelia"
"13575","f40c6f3d-8aa2-4c82-aca0-78a2e6d784ee","NKcells"
"13576","f4101771-a545-4106-b1bc-94e9893e1ed3","immune"
"13577","f4101ce7-28cf-454f-8ee6-9027e11655ce","epithelia"
"13578","f410b1b2-4895-4356-adbf-2cfbd5bbe3d3","epithelia"
"13579","f412b2a5-ace4-4d14-b808-c133956cc3f1","NKcells"
"13580","f4146ff7-d507-41a0-b364-a454e2fbf904","NKcells"
"13581","f4148812-cfcb-41a6-976e-7da59968d038","epithelia"
"13582","f414a158-81bc-489b-88fd-e0789f179811","epithelia"
"13583","f41b55fe-7be3-4ed6-8bdd-f273bb75b735","epithelia"
"13584","f41f98c6-99fe-4357-98af-d138508f61c0","epithelia"
"13585","f4249a45-7140-4fdd-b1fa-48a761a57d0d","epithelia"
"13586","f42a5d98-a1b4-4baa-8d0e-058628e87524","epithelia"
"13587","f42d3a09-a67d-40db-9859-f467c7f6e841","Unknown"
"13588","f433943f-7f56-4db5-ace6-00f55f558184","CD8_T"
"13589","f4349876-90e0-447e-a8b4-08d085225a18","epithelia"
"13590","f43e230c-3b25-4677-9bfb-ec3f432484ae","Unknown"
"13591","f4419161-edde-49d7-a1bb-696a3f8f8353","epithelia"
"13592","f4438de5-fe06-4255-bb9e-b55ed7fabafc","myeloid"
"13593","f444cb37-a069-43c8-9bba-d8355c31a32f","epithelia"
"13594","f445a2a2-c0a8-483f-8371-f0ee1312e9eb","epithelia"
"13595","f44b6b0e-aa94-4258-a273-080ff674740f","epithelia"
"13596","f44cd181-8425-4e25-9fc0-e925df9df34c","stroma"
"13597","f4527654-16fd-43f9-97a0-6f70f4655cf7","NKcells"
"13598","f45a187f-4985-4938-91e9-803563b3f931","epithelia"
"13599","f465d314-cb44-4082-ace5-623927f7530d","epithelia"
"13600","f46b4f41-e9b6-44af-ae3a-206e3b1644b3","epithelia"
"13601","f46ea3e3-f9af-4bc1-9289-90e9cbb29e41","epithelia"
"13602","f46eb451-3df2-45ca-919c-45e1af8a6459","epithelia"
"13603","f470150a-5f3e-4620-9168-467a0dd7468c","epithelia"
"13604","f4779825-03bc-4ba0-8c0a-868fbd7b2c0b","epithelia"
"13605","f479535b-5dbd-48cf-957f-a7b522d72bb1","epithelia"
"13606","f480f1c4-a29f-47cc-b17a-beb41709ccc2","epithelia"
"13607","f4834075-5525-4987-ad51-ed48a6a551a5","epithelia"
"13608","f483d2d7-c749-4eca-a619-8ef980f60c5c","Bcells"
"13609","f488bb13-9794-4d5a-829b-35f760fe90e0","epithelia"
"13610","f48ed74b-f687-4378-b7b6-4c3716088eaa","stroma"
"13611","f49a26d1-b5df-41b9-b066-586808ae050b","Unknown"
"13612","f49d422c-2950-401c-9268-e8b2cac38e3e","myeloid"
"13613","f49f5ab5-8e3f-42b5-b339-ed579a58f231","epithelia"
"13614","f4a80c78-54e1-4598-a1f6-2775dfa1c56b","epithelia"
"13615","f4a84f03-770e-4a10-b9d0-28d362cc6e74","CD8_T"
"13616","f4a8dbd8-a41e-41b5-913c-87c67329c4a9","epithelia"
"13617","f4ae186c-8cc7-437e-8e3c-7c52246af387","Unknown"
"13618","f4afc463-8f87-4a26-ba80-750f2f9015d1","epithelia"
"13619","f4b312b8-a0e4-4afb-8b42-0787292d7c08","myeloid"
"13620","f4b4375c-5bc7-4892-b262-383197200753","myeloid"
"13621","f4bd2436-60e3-4e20-b5a5-a71597d5d5a9","epithelia"
"13622","f4c0abff-ff97-4d21-afe1-29075102bdf5","immune"
"13623","f4c234b6-8b23-4ffb-b5a1-54b61216aa7b","epithelia"
"13624","f4c2910a-8a87-47ae-93dd-9e0d21420142","NKcells"
"13625","f4c4c2f3-eae2-4d5d-a53f-02e219e63eac","epithelia"
"13626","f4cadba8-4026-4174-bc8f-12c680d16a13","epithelia"
"13627","f4cd9384-6060-4db0-8fe4-36628686da2c","NKcells"
"13628","f4d262e6-8631-474c-938d-14e8e1e38b22","epithelia"
"13629","f4d4a4d8-d24b-4ab4-9358-e40e86eccb11","NKcells"
"13630","f4d7aad0-0ade-4e85-99d4-5a9b333b5300","Unknown"
"13631","f4ebcf66-88b8-4203-9a4b-d8d4d761a23a","immune"
"13632","f4ebdab1-78ed-4351-a6a3-b037f7659459","epithelia"
"13633","f4edd339-836e-42d7-b1dc-2d3313b8e146","NKcells"
"13634","f4f026e1-8091-40f6-96e2-7863966e5ce7","epithelia"
"13635","f4f18d1e-0d63-4323-a129-74ee9725eefb","epithelia"
"13636","f4f19e00-f70d-42a6-910e-9865219decfe","immune"
"13637","f4f1b159-dfe6-467e-a5a8-8fca44d93c44","epithelia"
"13638","f4f4a1e8-7d46-43ad-b923-beb4bf808031","epithelia"
"13639","f4f66286-ca39-4646-9ed7-cfa2d1b33326","epithelia"
"13640","f4f9ae34-76a0-4010-90d9-7f5329ca9d83","immune"
"13641","f4f9e6b2-195a-4160-84fd-5f11d9967218","epithelia"
"13642","f500e319-cc15-4784-b0f2-9c99eeed9e0a","epithelia"
"13643","f50376ba-47ab-4826-8831-9147cf2217d4","CD8_T"
"13644","f5053532-fb5b-4ab9-9f4a-18c42248045e","NKcells"
"13645","f5055673-9ffa-4cdc-8dbc-eea114480f44","epithelia"
"13646","f50ce7ad-bbfd-4291-8918-a392cfef0fa9","epithelia"
"13647","f50e6de0-6bf4-4999-ad04-8acdd69c7130","epithelia"
"13648","f50f866e-b404-4866-8671-2d3bb09c140e","epithelia"
"13649","f50fd9a1-a784-43b9-8728-3cb7f2274758","CD8_T"
"13650","f513598d-9138-4afe-9ec2-4b002945174e","Unknown"
"13651","f51691ba-9877-4109-9a47-5bb043f598bc","epithelia"
"13652","f5206d96-789b-4a6b-8a79-0dc2335b702b","Treg"
"13653","f520b15f-120c-4220-8cac-0460323aef47","epithelia"
"13654","f520ff7e-78dd-42ac-9f94-29c1ad9af131","epithelia"
"13655","f522d7a9-8073-490a-9f0b-1a1f7a55199a","epithelia"
"13656","f52594db-c004-4ad7-98ba-db0ea6c3c01a","epithelia"
"13657","f5260f9c-bb32-4a0b-85c4-4e6560ba6dda","NKcells"
"13658","f52bf01e-e410-470d-bafc-d3870a29ad56","epithelia"
"13659","f52f1559-da82-4466-9f55-1890bd8d53b2","epithelia"
"13660","f53428d6-0adc-41b9-bce0-c81be7da60d6","epithelia"
"13661","f536ef1d-7d2c-40c9-a52d-1e224763fc31","epithelia"
"13662","f5397f15-7934-4201-b225-2d97f75d84e7","epithelia"
"13663","f540a210-4143-416c-8549-081ac1393358","Unknown"
"13664","f5410451-8921-4cae-addb-a4ff603b9bfe","epithelia"
"13665","f541a00c-50ac-416a-8a2f-e36469207afa","epithelia"
"13666","f545ac52-4dd7-44a0-9876-a843877b8948","epithelia"
"13667","f54ca0c6-d8ce-4cd5-bedf-439f8fd3f159","CD4_T"
"13668","f557de5c-8494-4323-b59b-81a9c9f7f420","myeloid"
"13669","f55a2a01-16fb-4af3-a64e-434c83ac0bdc","epithelia"
"13670","f55b2b04-40e0-4e3c-9542-f48d1a9bfbe1","epithelia"
"13671","f55b3cd1-799b-448f-862b-4f678c0c3856","Unknown"
"13672","f55d46fe-0697-4c94-a7ef-937b1f9761d9","epithelia"
"13673","f56fd4b4-ec6b-4f23-8dc2-4da549754aba","epithelia"
"13674","f5773d5b-426a-4415-91e1-eea9ac5aa480","epithelia"
"13675","f57d487d-a4c2-453e-8477-b809ec80cbfa","epithelia"
"13676","f581b8fe-1f1b-4807-a44b-985638c7f194","Unknown"
"13677","f5952ac9-0e6d-4a83-af12-1c1b45f28862","epithelia"
"13678","f59cf0be-d77e-4710-ab3b-8257fd0f908d","endothelia"
"13679","f59dfdbf-73da-4a2b-943e-63a658f088ba","CD8_T"
"13680","f59e1823-5321-4883-8387-436db5cf6d77","NKcells"
"13681","f5a01b06-575e-406e-99e5-0bb1c47f632a","Treg"
"13682","f5a8bc0d-cb9e-45a2-bc8e-95cba34c3694","Unknown"
"13683","f5abf9ad-84eb-48e7-b9dc-f39ea724da58","CD4_T"
"13684","f5b59106-1ed5-4494-b34d-ca50cb25f73a","CD4_T"
"13685","f5b8e0fd-4655-4f01-8a3e-45598a696e29","epithelia"
"13686","f5c225b9-a6d6-497d-8d0b-d6d41db5f7fe","epithelia"
"13687","f5c37304-e5b9-4994-b167-0d1c85c75ba0","epithelia"
"13688","f5ccea62-fdd3-4a5f-853c-14aab3b940fd","epithelia"
"13689","f5cf1a1f-119e-4e2b-b6bc-ae6dd8d462a2","epithelia"
"13690","f5d19310-d492-4708-b514-24e4a637f883","epithelia"
"13691","f5d9de50-8bb9-4b72-9edf-5f5ff0cb887e","epithelia"
"13692","f5da5891-6e68-48d5-bbbd-1cfbde28914e","epithelia"
"13693","f5db2d83-83b8-44ba-98ec-7f92e2ed71fa","epithelia"
"13694","f5dcde74-b8f8-4956-ba75-85b60be61ede","CD8_T"
"13695","f5dcfa59-11de-440f-91e9-4fc214d1120a","NKcells"
"13696","f5e2b975-575a-4a0a-af57-573bb50a4bf2","epithelia"
"13697","f5e306b0-fe87-42ce-98d1-c9a58c6caa43","epithelia"
"13698","f5e64d09-ae4d-42c4-9389-0f33d72aa86b","epithelia"
"13699","f5f0c2e8-e59f-488e-b55a-ab7c635c895f","Treg"
"13700","f5f352e3-9a28-4de4-a469-70d5ceea60ca","epithelia"
"13701","f5f3cd9f-545e-4d69-8020-f472c2ef3a5c","epithelia"
"13702","f5f6e9b9-7fcc-45a4-91a9-48dcd123452f","epithelia"
"13703","f5f900b9-4542-4121-811a-eaaa63cd34c3","epithelia"
"13704","f5fb4e1a-0212-4ae0-bcab-2915f7b886c6","Treg"
"13705","f5fca933-8cdc-4944-b0ec-c41e1cf06fbb","CD4_T"
"13706","f5ff16db-62a0-4c3e-87f3-53b9978606d7","epithelia"
"13707","f609df9c-c12d-40d3-820e-b9678fdf1b4c","epithelia"
"13708","f611aaf2-0de8-49a9-9fb3-2faf4783a645","NKcells"
"13709","f6166284-1684-4bc2-9c1d-3537d9925510","epithelia"
"13710","f620922a-fd35-4dd3-9af3-1a9283ed7f73","CD8_T"
"13711","f622985f-8df9-4652-bdb1-0d6da4c59df1","epithelia"
"13712","f62bbf13-9016-4561-95a8-04af8a90836a","epithelia"
"13713","f63e1640-4a4a-4cfd-b6f7-7a7a1c6a96d3","NKcells"
"13714","f63f8602-a3c0-4adc-9376-0b17b05b6a45","NKcells"
"13715","f644efc7-ae55-47cf-b374-698ecff47b2e","epithelia"
"13716","f649065d-40c8-4dc9-a84e-3dd7bc072eea","epithelia"
"13717","f64c8fbe-7624-4b55-be6d-b2d6a188f62f","NKcells"
"13718","f6542f96-51d8-4299-b445-409e310d96bb","NKcells"
"13719","f65a6356-b19c-46e8-86f2-ec923c7a3584","T_cells"
"13720","f65c5b8f-c250-426e-8f53-dcd43b33479c","Unknown"
"13721","f660b15f-f159-491b-8790-7250d233c71e","epithelia"
"13722","f660dd13-d5ed-4c8c-bb28-e703d555a561","epithelia"
"13723","f6655209-beea-4a4b-a086-dafcdd28ed58","epithelia"
"13724","f66d0165-65e0-4ca5-95fe-3d24f4cc0b5c","epithelia"
"13725","f66dc6a0-bad1-47df-ad64-78728272daec","epithelia"
"13726","f66fc452-55b3-41e2-8faf-edc57e22ca5f","epithelia"
"13727","f67ac0ed-7587-496d-b349-e0ba2450030c","Treg"
"13728","f6838629-730b-42e0-ba78-d9a7c10d3da7","epithelia"
"13729","f68f3f08-c440-41b7-8a8d-46c847c7f0d9","epithelia"
"13730","f693fb36-347f-430c-bfbc-b4cef8301d09","epithelia"
"13731","f6971b89-e58a-449c-bfab-61ef88c29cc7","NKcells"
"13732","f69be7d0-f6b1-41e8-a6d4-412d5940c561","epithelia"
"13733","f69c4296-aac6-410d-a1fe-bdd9d0978212","myeloid"
"13734","f69d23b7-37f3-4f24-b06b-c9bf67b7790a","epithelia"
"13735","f69fd6c0-1a5c-4f07-a9d7-4b74ee4d3b86","epithelia"
"13736","f6a56117-ea1d-4225-98a8-1cf3ea31a675","epithelia"
"13737","f6a68b63-c964-4310-8d8b-7702aafe0d15","CD4_T"
"13738","f6a90112-7973-4981-9fa8-68c7b8103fba","epithelia"
"13739","f6ae50cd-36c3-413e-b1cd-4d2b6a15f7f8","NKcells"
"13740","f6b01401-6036-4810-b711-e7916e597c8e","epithelia"
"13741","f6bcf371-f19f-4ae6-9374-6fb5c4914618","epithelia"
"13742","f6c68672-356f-4f1a-8945-15e0ae513af7","epithelia"
"13743","f6cb6b75-82fc-4b52-9fce-e79e69b3caa5","CD8_T"
"13744","f6db6fb8-cf14-4c0f-bce9-560119e38b95","epithelia"
"13745","f6dbc4a6-f241-43fc-90e0-1193591af443","epithelia"
"13746","f6e930e2-9e28-41f1-9f27-5b46695774cd","epithelia"
"13747","f6f022c9-c9fd-4cff-b3f1-c665a3528275","NKcells"
"13748","f6f19300-3464-4af8-9e56-4f35b42ebac1","epithelia"
"13749","f6f2364a-f137-40a4-b71f-1dee38126c3b","epithelia"
"13750","f6f2e46d-ee15-4b83-9a29-1d6545db72c8","epithelia"
"13751","f6f9ed05-5d9e-4853-8a04-a6c713ac4506","stroma"
"13752","f6fa28a4-edb5-4cdf-ba6e-cf47a8227339","epithelia"
"13753","f6fbbc8d-30d7-43d0-a5c0-f90b6de0299a","epithelia"
"13754","f6fe6063-7ecb-4269-b879-9c0b09708326","epithelia"
"13755","f6fe68b8-378f-4714-a04e-6eee98284ef3","epithelia"
"13756","f7018703-5629-4b6e-920c-0b4d3e7b31bb","stroma"
"13757","f7020611-0b40-4f82-bfc4-8cc0baad4eff","epithelia"
"13758","f704719d-601b-426b-b976-b9550b7e53c8","epithelia"
"13759","f705a328-c292-4498-86e0-c09772c40e63","T_cells"
"13760","f70717ae-f2ad-4d69-bf66-8ecede0fdf7a","epithelia"
"13761","f70ceacf-2e48-4101-9766-1df655100ff2","epithelia"
"13762","f713b40e-8287-4e3c-9bca-a10004ee8547","epithelia"
"13763","f719ebca-f014-4734-8020-9c008a32f1fd","stroma"
"13764","f71d209f-b332-4d73-9244-c00b86d01bd8","epithelia"
"13765","f7246d37-3325-45d7-b7d5-13998a4e3187","NKcells"
"13766","f72e93f8-f48f-47da-9f2b-a59507bc48e9","NKcells"
"13767","f73b5884-e969-491b-a5df-be0ba6b81209","epithelia"
"13768","f740d53d-1e43-411c-b1ce-2b40dd7ff465","epithelia"
"13769","f7454e22-f861-4291-b0b8-2c82db50fb24","NKcells"
"13770","f748a0a8-7178-4940-ae8c-19ff45b91ee9","Unknown"
"13771","f74b66a8-582d-4689-9097-dc45b0a68d60","NKcells"
"13772","f74f63fe-10dc-4b5c-a828-5e3eed116e2a","epithelia"
"13773","f756ed87-30cc-46a6-bf20-b2e4a69d4286","epithelia"
"13774","f7588314-9603-49a5-a618-b3c4ff906cbe","endothelia"
"13775","f75f3623-1e1a-462e-91da-9aa9d43c1894","epithelia"
"13776","f765efbc-9f81-42ff-b2d1-314a5bec040e","NKcells"
"13777","f7729c95-0395-4279-afd9-ba25a651c829","myeloid"
"13778","f7735529-7259-4c0b-bbf0-37c0df19513b","epithelia"
"13779","f776eab4-3ebd-4ca0-a5aa-60b4915b4055","epithelia"
"13780","f77d7e93-938e-4ba8-a37a-139166ea6d11","immune"
"13781","f77fd960-7af7-455b-9e66-df0f7c4457f7","epithelia"
"13782","f7937edc-1de0-4ba6-80d4-f13823f5a767","epithelia"
"13783","f7958c11-700c-42bd-b8c6-feee9c1f8be0","epithelia"
"13784","f7962be1-7da8-4ebf-8452-40b3a7b3a4ac","epithelia"
"13785","f79d8f2a-e97f-4eec-add7-6b790c6dbb9e","endothelia"
"13786","f7a1340f-6814-4f55-bec0-d4a6bca61a64","CD4_T"
"13787","f7a5979a-d1e0-4bd2-852e-cf3af41e6107","Unknown"
"13788","f7a7754f-0e0f-4336-a587-a8b02a6c0824","epithelia"
"13789","f7ad7521-ad9e-49ba-b990-c82ae341d66d","Unknown"
"13790","f7b6cf69-4ba2-4d96-ad3b-9298bb0f80fd","CD8_T"
"13791","f7c0ca9a-2771-41ff-bdcc-dc012f46ec18","epithelia"
"13792","f7c91e08-dfd3-441c-9796-8dab356759e1","NKcells"
"13793","f7cb0146-a5e6-413a-827c-77bf310dfa52","Unknown"
"13794","f7ce73b2-54b5-4b93-8579-7f5d1baf5f39","epithelia"
"13795","f7debfe4-36a3-4b0a-b3d0-b16c80a916b8","stroma"
"13796","f7e4eac3-33b0-4582-bb28-9adc4a2f24a0","epithelia"
"13797","f7e6c1e4-f6d3-4e8b-8c39-4d2161c4f696","NKcells"
"13798","f7e8bdec-8079-48a3-a0ba-b4a50a4fc923","NKcells"
"13799","f7ea1fda-2e5e-48c6-9930-3cddaace4dfc","Unknown"
"13800","f7ea6461-5006-4580-9b14-e893252bef3c","epithelia"
"13801","f7ead6d6-432f-4595-b24e-50b8c96e3bde","epithelia"
"13802","f7eb0ade-cfd1-4276-9908-dfbcd52874d3","epithelia"
"13803","f7eb8dbd-8ead-4495-a1c2-08bb128bf561","epithelia"
"13804","f7f3dd65-e31a-43c0-a644-ef1480611181","Unknown"
"13805","f7f606a9-d746-4429-9287-19d0637b608b","NKcells"
"13806","f7f612e5-376e-4bbd-be57-64d9cb2a9b73","epithelia"
"13807","f7fc74bc-ec2b-46a6-8cc2-ceb120ed4072","CD8_T"
"13808","f81023ad-444a-474c-a062-21718c936aa3","CD8_T"
"13809","f810dabe-0c60-4c87-aef0-dd6848333c84","epithelia"
"13810","f81656a9-3de4-4727-a110-3241cbc8aa58","NKcells"
"13811","f816f6ce-7af9-4eb0-bfef-60593f9b3f16","NKcells"
"13812","f81c390c-3c46-438a-ae6d-0d68bcb1e89d","CD8_T"
"13813","f820c915-8a6a-4e5c-adb3-6c16edf696c4","NKcells"
"13814","f828aa92-57cd-43ce-8b48-fb7295284d76","epithelia"
"13815","f8303204-367c-4608-a2d4-5a6806c73f89","NKcells"
"13816","f834c125-89b8-42c6-960c-5d9129715152","Unknown"
"13817","f83ecf10-6787-469b-b18d-e2c2c9f18c95","CD8_T"
"13818","f842539d-6846-426e-9280-572769ba910d","NKcells"
"13819","f8447118-6046-4f8f-8fd4-4b5ed5c83450","epithelia"
"13820","f84c685e-4cff-4b78-b3d5-10464b726c21","immune"
"13821","f84fb363-221a-406a-9fff-90a976a7438d","epithelia"
"13822","f85d0987-3e57-4b89-b0de-e25972fa7008","epithelia"
"13823","f85d4132-3360-408e-8f42-6ec811dda7c2","epithelia"
"13824","f85f83c6-8aca-4588-8d5d-994b3fe0bd30","epithelia"
"13825","f860711e-7e8a-4b70-ae59-e46befa9e74b","NKcells"
"13826","f8667051-3019-48cd-aa40-e50a29b2a30f","NKcells"
"13827","f86d1dce-d828-40e4-9066-07453a97f6d5","NKcells"
"13828","f87075ee-719c-4acc-8b32-1ab738affbd1","epithelia"
"13829","f875d1dd-4641-44b6-a4bc-525f4179c229","epithelia"
"13830","f875d8d0-a9a2-4f9f-ae9e-f1b74398d1b2","myeloid"
"13831","f8781b2f-1375-4253-b262-2393a75499b7","epithelia"
"13832","f87d2adb-3a5b-4a7a-9a83-017341cb8f30","epithelia"
"13833","f8845621-f611-465f-a401-ef81e85d5c06","epithelia"
"13834","f8917e61-6794-47d3-b9ff-a155f5872fea","epithelia"
"13835","f894cdf6-f902-4056-b486-f0969e25da93","T_cells"
"13836","f89736d8-5484-431c-a27a-26dd83740a3a","epithelia"
"13837","f89dfce7-c470-4621-8793-963f35b52191","Unknown"
"13838","f89e41fd-c268-4c07-990d-f25b8a5994f7","Unknown"
"13839","f8a45ee5-b345-4c6f-a3bc-3f6fcdcb209e","epithelia"
"13840","f8a5a3e1-183e-4a4f-bbf8-101a99781ee1","epithelia"
"13841","f8a6d627-fff9-4ccd-9da5-0d03f2c09911","Unknown"
"13842","f8a9cb0c-e230-4b6b-b5c8-7df251dcd575","Unknown"
"13843","f8b6b84d-1532-4f9a-a233-bf349ae578b2","epithelia"
"13844","f8bc8ab0-2d44-4b83-adbf-103d9757f9c2","myeloid"
"13845","f8be5cca-7108-4396-a891-7f1b5caa265a","epithelia"
"13846","f8c01866-6657-48c9-b9fa-a767a0242e63","CD8_T"
"13847","f8c302ea-8958-4c8f-809d-14da40134947","epithelia"
"13848","f8c5125a-e41e-4d99-8af7-d1bfcac1e121","epithelia"
"13849","f8c94ead-b7d9-4c74-a06c-661f4132b9ba","NKcells"
"13850","f8d09354-d7f2-4271-9a7a-3e672f754d62","epithelia"
"13851","f8d10217-608b-4b67-887c-840b95fade1a","epithelia"
"13852","f8d1be6d-8d31-486f-88fe-73e20da202e1","epithelia"
"13853","f8d3f70c-f9f9-4c4c-8b38-140e3f2c5643","myeloid"
"13854","f8d53c13-ed5a-4844-83f0-c42ebb2c1d7e","Unknown"
"13855","f8d905a5-58c1-4bc3-bf01-f61c9850ebf1","Unknown"
"13856","f8de9c9e-3c93-416e-a089-98d66229e4fd","epithelia"
"13857","f8ee45da-9f02-4553-ab01-86c6341e2f17","epithelia"
"13858","f8f26ef1-b12f-4dd8-86f2-bc852b694366","epithelia"
"13859","f8f9f125-f23f-4d39-b1ac-ce1b487394a1","Treg"
"13860","f8ff22ed-cca0-4299-85a7-ecdd33617f02","epithelia"
"13861","f901cd96-ef68-4e61-b184-cba7db6c4d7a","epithelia"
"13862","f90221d9-ae56-482f-b186-0fc167289a16","immune"
"13863","f9026b87-6631-45a8-b31f-bfea322035d3","CD8_T"
"13864","f9027bf8-49da-45fb-aacb-aa9bf5661320","epithelia"
"13865","f905d3ef-0921-4f81-b482-8197f629bed6","myeloid"
"13866","f9180a61-d64c-4cee-b1e6-a76c7dbb3bdb","epithelia"
"13867","f91c97dc-5de7-4500-844b-6137d82fe657","epithelia"
"13868","f91dd556-a2f0-4b04-b23d-2e1e7b19a649","NKcells"
"13869","f92147bd-935b-4fe2-806d-9c21c5c9a16c","NKcells"
"13870","f9227ee4-ac74-4136-9ede-4b33c5edb47d","stroma"
"13871","f923438a-e14b-4533-809d-68e7e526c3a4","Unknown"
"13872","f926b97e-7df9-4e34-b7db-ad8b215cd88e","stroma"
"13873","f926e597-767d-4905-b500-692100cc40ba","myeloid"
"13874","f927fa9b-240d-487d-a0fd-3efff0d0356b","CD8_T"
"13875","f928c0a5-8fee-4014-af33-ff5aa2e6c597","epithelia"
"13876","f929d269-0cee-44e6-b1ae-e0be41dd39fb","epithelia"
"13877","f929f43d-deb4-4d73-9b77-f4f9bebc6ac6","epithelia"
"13878","f92b619f-8d04-4452-bfa5-caf86154bd39","epithelia"
"13879","f92c89c0-ddcc-4eb9-8a41-088197a3b2fd","epithelia"
"13880","f92e6a92-2d4e-4ba0-ada8-cf9057ea4f20","epithelia"
"13881","f93006af-4919-49ad-ba75-248935052cfd","epithelia"
"13882","f93b6bc3-9cc0-47ba-abec-204fdba5a687","epithelia"
"13883","f946c79a-47ba-4fdc-b333-0287dc9a5376","epithelia"
"13884","f94dc85d-798c-4f11-bd03-799cd9d00824","myeloid"
"13885","f94ebb24-6d35-4d5a-a18f-cc6b54140dc6","Unknown"
"13886","f9512b93-516a-48f5-8ca8-94db8deca9bc","NKcells"
"13887","f953e501-c21e-4713-b464-fff4292b871f","CD4_T"
"13888","f9541774-520c-4ca4-bba7-87c28b4c1b50","epithelia"
"13889","f95a6ba5-5617-4319-8da7-23776ffd234b","myeloid"
"13890","f95b20f5-2399-4e2b-a107-ecb046d2d25b","epithelia"
"13891","f95c8952-3545-4286-a76a-73b6fb7cf8b9","immune"
"13892","f96103df-6318-47eb-a2e3-e2aaa6648117","Unknown"
"13893","f965d778-cade-4514-88dd-9561e086b23d","Unknown"
"13894","f96de0a6-05e2-4d1e-ad68-2474c3926364","epithelia"
"13895","f9702a5f-0579-4ff9-be66-0d3509aa3b1a","Treg"
"13896","f972e6ac-afaa-4380-b2f9-d60762e6db47","endothelia"
"13897","f9743200-202c-4f56-bab4-298cd140a5a4","stroma"
"13898","f978af68-a7ca-4eae-94ac-b31bc04b7b60","epithelia"
"13899","f9802814-7b38-4e44-ba1e-c7710bac66ba","epithelia"
"13900","f98129bd-6619-4691-9e7d-501f183ed98c","epithelia"
"13901","f988a7d3-faed-49e2-a408-949a2a95ef2e","epithelia"
"13902","f98f805e-134e-4a07-9379-c69017bdbb58","epithelia"
"13903","f98fd6e3-f3ef-47c0-a748-969915430152","epithelia"
"13904","f998765d-8f35-44dc-9ca6-52b09b665e91","NKcells"
"13905","f99dd5d3-4735-435f-a216-b8d41710d968","epithelia"
"13906","f9a5b203-a424-4fc0-949f-9687b1564c58","epithelia"
"13907","f9a8c0b1-3395-43a7-9da3-d01601e0c15b","CD8_T"
"13908","f9ac6a0a-1e81-4668-8203-3adfe100df5d","immune"
"13909","f9af8092-aa1a-40cc-acf1-24bffd6bb7f9","myeloid"
"13910","f9b380e5-fa11-4a96-9a3d-73f547d7aaf0","epithelia"
"13911","f9c79df1-dc00-4dfa-a69a-0ef0d667d5ba","epithelia"
"13912","f9cbda49-8cd4-4cbb-9e93-b1520df522f7","Unknown"
"13913","f9cdc533-8cd2-46b1-843a-9f43991a48d8","epithelia"
"13914","f9cf2057-9038-4c64-a426-33be89f4d4e1","epithelia"
"13915","f9d6196a-abc7-4336-bb67-31f647e4a458","epithelia"
"13916","f9dc2a38-8073-4514-bdab-cb8d09dd255a","CD8_T"
"13917","f9dd8426-1127-4f5a-9a06-2f29b6f8f96e","epithelia"
"13918","f9ef4330-ac3a-45cb-8ec6-c703e6062c4c","epithelia"
"13919","f9f03832-d145-420d-8e8c-3e721021897e","Unknown"
"13920","f9f8e88c-3555-4e45-89c3-52e1b629f24b","immune"
"13921","fa011a6b-c10a-40a8-9ddc-0c83e9c91022","epithelia"
"13922","fa048310-1bd5-4895-904f-40878fe8e693","NKcells"
"13923","fa0c9a3f-5e5c-4fc4-9272-edf5afa4f437","epithelia"
"13924","fa130012-d381-4881-a54a-cabad1165513","myeloid"
"13925","fa13bcbb-2e49-44df-a65c-23f751eb26da","myeloid"
"13926","fa17f55c-85f1-4218-8324-7ee8d3282478","epithelia"
"13927","fa1bf53d-5e21-4640-b9a3-647d7a30b1d8","epithelia"
"13928","fa2527b8-4da0-4145-af21-5bd206bb2a79","Unknown"
"13929","fa2a26d1-d356-4e4f-9681-70ae72d262c4","NKcells"
"13930","fa389618-8616-4207-b43a-831f5f2ee592","epithelia"
"13931","fa408eba-9dc2-4bcd-a007-8181236b59a1","NKcells"
"13932","fa414391-c904-4148-ab87-86625612f5c0","T_cells"
"13933","fa434fd1-cf77-4913-8bd0-722e662da2e9","epithelia"
"13934","fa49160a-1216-41e9-b647-ef4d5e82a829","epithelia"
"13935","fa588930-251f-49ea-ba05-64be67beb498","CD8_T"
"13936","fa588d82-6582-4ce6-a3d8-3744dd43fb74","epithelia"
"13937","fa6dcc67-8017-4725-905e-350891b351b2","NKcells"
"13938","fa7a712a-0fa2-4931-ac01-37051d398e0e","CD8_T"
"13939","fa800b79-d22d-4696-b3d2-a7cd63083f65","NKcells"
"13940","fa847f07-1e34-4510-a678-e7c1e1b906df","NKcells"
"13941","fa8ebc3b-ed5b-4f46-9204-642304054a87","myeloid"
"13942","fa921526-d450-4668-bfb1-d28098e96021","NKcells"
"13943","fa96105a-a8dd-40f1-ac86-735f93f2fdce","Unknown"
"13944","fa9846f9-3641-46ee-9fe0-acf66a73c89b","epithelia"
"13945","fa9a6344-8835-4f64-9aa8-ee214931b721","epithelia"
"13946","faaa031f-01b5-4822-a89d-b86b79cac2d2","CD8_T"
"13947","faabe7a7-9ffc-415e-bd4f-6885276b3c29","CD8_T"
"13948","fab1329d-07ca-443b-8161-c074057c63cc","T_cells"
"13949","fab7e416-2464-4dc1-aa77-fbb79fd0a877","epithelia"
"13950","fab824e2-cb30-4153-94b0-e4eebd624116","NKcells"
"13951","fab8e9dd-eb37-475b-8c88-21ac00eb9f95","epithelia"
"13952","fabdd950-9776-4081-8a82-4477445f5da7","epithelia"
"13953","fac116f2-fb72-435e-a0b1-f0743154495b","CD8_T"
"13954","facf6ed5-c696-4157-8bee-b6249e798d26","epithelia"
"13955","fad070d7-b1d9-477b-9e47-517610759bff","epithelia"
"13956","fad0e2b3-c551-458c-b972-74aa24caafda","epithelia"
"13957","fad9ba49-30e8-4b81-a2ee-5b181bc6d699","NKcells"
"13958","fadcc957-da25-4ebb-91b4-c9fd508480dc","epithelia"
"13959","fadd97ce-b36c-4268-b629-0aa3c15f0b56","NKcells"
"13960","fae088d4-fb1b-4c5a-b6d0-f84d549f23c4","epithelia"
"13961","fae18992-da87-4c2f-bb61-c4e95641a516","epithelia"
"13962","fae2008d-930d-4c11-bc2e-d3f57878314f","Unknown"
"13963","fae42694-e914-490d-8bfc-73ac5f0ce63d","CD4_T"
"13964","fae52487-ef96-41fd-b561-2cadd05e71de","epithelia"
"13965","fae5f584-64f2-49c5-927e-9fce1e9a5806","epithelia"
"13966","faec5fef-6d76-4a33-9f20-d52cd0258cd5","epithelia"
"13967","faed6458-1c1a-49e9-92fe-3eca2447b164","Treg"
"13968","faedabba-caba-4093-a7da-bbb9ef9d871b","epithelia"
"13969","faeea3e6-a7db-4388-a0ef-d9914e3cecb2","CD8_T"
"13970","faf0d54d-6786-4619-84ab-6df8d0b63b3e","epithelia"
"13971","faf28ecf-fb20-46a9-bc94-98b86aa4c093","CD8_T"
"13972","faf5ec99-7fc0-4c05-a0dd-cee355a54743","immune"
"13973","faf86ae4-ff4e-4ad1-9268-a8e9f616499d","epithelia"
"13974","fafd3353-1b6a-411b-b685-d4aa6998f7bb","epithelia"
"13975","fb027d30-2fea-4567-97ce-0c8e159b1a03","epithelia"
"13976","fb046738-dc5a-4f6c-a3a8-c906a41ed817","NKcells"
"13977","fb050142-42ae-4d08-a7a5-f5038f0b3571","NKcells"
"13978","fb08f56a-19c1-402a-a1c4-07a171038383","epithelia"
"13979","fb090175-e68e-4b3e-be9a-b89b394344bc","epithelia"
"13980","fb094d37-0fcc-4478-bed1-db7587c4e672","NKcells"
"13981","fb0b9e76-fc3c-44ff-9460-de9971676c66","NKcells"
"13982","fb112ad9-12f0-40b8-8a1d-75732a8d0ad2","NKcells"
"13983","fb13eaa6-c88f-445a-a66a-9108e6074246","endothelia"
"13984","fb198308-560f-4cf7-8889-a883b60c3bec","epithelia"
"13985","fb1b2d7e-4ee0-4ac0-97ae-559d9ab94659","epithelia"
"13986","fb29c812-635b-4e57-b583-7312c6af84b0","epithelia"
"13987","fb2f8d03-b4fc-493e-899d-2f36796684e9","epithelia"
"13988","fb30087f-9ce6-4e8c-b574-7a87981a01cd","epithelia"
"13989","fb3050cc-1196-4287-9560-0b2287e0c449","epithelia"
"13990","fb3fab95-5e78-4db9-8007-d6df0d1773ce","epithelia"
"13991","fb486eb1-651a-4897-9841-cf291ee288fd","epithelia"
"13992","fb4bb412-0e63-4b23-a668-6bbd0ce54945","NKcells"
"13993","fb5bcd03-7c09-4993-8f7c-d63cd34a2ca9","epithelia"
"13994","fb5de753-77d4-4d2a-af9e-30417fbb8225","epithelia"
"13995","fb639bff-53f6-4f91-9da9-ed080cd18363","Unknown"
"13996","fb6d5b4d-6a79-4936-bd03-11605c42cdeb","epithelia"
"13997","fb71403a-1750-4881-ad94-a68e9f0dc585","epithelia"
"13998","fb735e46-30b5-4722-8d68-0eb6de839fa7","epithelia"
"13999","fb7a8bec-e048-4cd2-86d0-e58c90e28178","epithelia"
"14000","fb7abf8f-6c00-4f77-b165-7fec65efc769","epithelia"
"14001","fb7c687e-1e91-434f-b7ab-25c0d7bd9cd0","epithelia"
"14002","fb833863-2b35-4bee-b3d3-463033d51e86","epithelia"
"14003","fb8659fa-ea08-454c-b4bb-c98bca963671","epithelia"
"14004","fb86d48d-41a0-4a81-a639-e331ac224298","NKcells"
"14005","fb88463a-a70f-4505-a5eb-b91c333e120f","NKcells"
"14006","fb88b5aa-4626-4de1-ba23-48d1ddd60281","myeloid"
"14007","fb8a7ce3-cc8b-47e1-8713-4848c3a150e4","epithelia"
"14008","fb8ac2ec-b44d-4d5d-8495-bbace770fb77","epithelia"
"14009","fb9370dd-f6ec-43d0-975d-de2ab8c8a415","Unknown"
"14010","fb9ebc21-b050-4dc5-bf72-fb8a2c985a6e","CD8_T"
"14011","fba45d3b-dd8b-4430-ae71-a77b711167bf","NKcells"
"14012","fbab70f9-eead-43e6-865f-048355e306df","Unknown"
"14013","fbacb0c0-085f-42c0-a958-ae6a2067462c","epithelia"
"14014","fbb8794a-f5f3-4af8-b628-c4275f5595c9","immune"
"14015","fbbfcc76-6f54-4a79-a036-2de429cba320","NKcells"
"14016","fbc1cff0-422c-4481-ba85-ca412e316eff","epithelia"
"14017","fbc534d8-4f38-446a-9fd8-54e94cd7bf6d","epithelia"
"14018","fbcb8d4c-8043-406a-bac7-2c70cbd1b5ab","epithelia"
"14019","fbcbe06f-7789-4f07-b4d3-2a6f009e8208","NKcells"
"14020","fbcd4522-965a-4c74-ad85-240e84b8471c","epithelia"
"14021","fbd4e5a0-b930-4a23-a34a-900041d222a6","NKcells"
"14022","fbdbcb8c-5bbe-4868-a0f5-a27508f6a02e","endothelia"
"14023","fbdf8e11-0ff9-4013-9775-11a052e52e33","epithelia"
"14024","fbe028ba-0b2d-46e2-beea-03e9960cc0ee","NKcells"
"14025","fbe06e93-fd33-46f9-a383-6fd85bc2f1e9","CD8_T"
"14026","fbe54505-fefe-469b-b7fe-85b55e27c502","epithelia"
"14027","fbe565e2-a56e-45c4-9865-be0750205d62","immune"
"14028","fbe80e16-7929-4c23-8366-3b54635c397b","epithelia"
"14029","fbef38cf-9f2f-46b7-9094-54bb84e4b0e7","epithelia"
"14030","fbf48065-6f6b-4830-9708-0b686b32a6ee","immune"
"14031","fbf5c741-ccd9-40a2-ac7a-48e1839523e0","epithelia"
"14032","fbf660c9-e741-4f99-99a7-49c10cac7079","epithelia"
"14033","fbfd4baf-c204-47bd-b3f4-751aa36b460f","CD8_T"
"14034","fc00821f-da1a-419d-9fab-e5d1a272d00d","epithelia"
"14035","fc10046a-0705-4c59-953b-b2b54716c344","CD8_T"
"14036","fc128115-7e6c-43d7-9e78-2f2b27f6a32a","CD4_T"
"14037","fc16b4f4-70e0-4682-8a11-2cf8d1c42522","myeloid"
"14038","fc1f0497-db1e-472f-9351-8b3c6db81026","NKcells"
"14039","fc3cc098-81b3-4343-ad2e-0eeb55cbe0bc","CD4_T"
"14040","fc3e2260-2633-47f4-80a2-a95d9f391fb4","myeloid"
"14041","fc3e6f79-2ec6-4d61-8b6e-bbdd097ff6b9","epithelia"
"14042","fc48561b-9e25-4e7b-a9ac-eb1a3703e9ce","epithelia"
"14043","fc4b901d-888d-42f5-9927-6cffe35a24b6","epithelia"
"14044","fc509ae4-67a7-4b70-8a6f-8d5ba167abb3","NKcells"
"14045","fc51afed-acf9-4ef0-b9cb-20514281b871","Unknown"
"14046","fc52e102-3fc9-447c-b6aa-3b78c7ecbf0a","myeloid"
"14047","fc53322d-2fb1-41ae-a7a5-16791c207920","epithelia"
"14048","fc53ca03-a854-4b2e-9484-0d990ccf2ee8","Unknown"
"14049","fc5474fd-2f2f-4ef4-8e6f-8b437b754e96","epithelia"
"14050","fc54fb14-ba97-4258-9fc9-6a42af65bf8a","epithelia"
"14051","fc5f6502-edf8-45c9-a491-34a949cb46f7","epithelia"
"14052","fc64e711-a79f-4a53-a7ad-49051fabd86a","CD8_T"
"14053","fc68be88-302a-4469-a7da-2ced9f1a8740","CD4_T"
"14054","fc70647e-da16-448c-ab7d-ed21986d5087","Unknown"
"14055","fc707d45-8667-49de-bcba-1102fe24c2a2","epithelia"
"14056","fc71c26d-7ccf-41b7-8e0b-3e41f81fc649","epithelia"
"14057","fc7236f8-c487-4aee-8d7d-6241bdce7566","epithelia"
"14058","fc89d1fc-deb5-45a0-8ce3-601d94b7137d","NKcells"
"14059","fc92e6e2-7d97-4af6-acae-4d187e39bb00","CD8_T"
"14060","fc9662b7-e970-4c03-b8b3-d5090b463220","epithelia"
"14061","fc9d71dc-196f-428b-835b-2422c9cf934b","NKcells"
"14062","fca8677d-fa76-41c3-8a5f-f952dfd42aa4","NKcells"
"14063","fcaa4acf-d484-4267-a32c-bd60a23b4520","NKcells"
"14064","fcab4325-5aca-4245-8258-09a6dbebec61","NKcells"
"14065","fcaf8629-408b-4b62-a246-9702c9e10897","CD8_T"
"14066","fcbaaaa8-75f5-4bc2-96fb-223cfc15b954","Unknown"
"14067","fcc7d1c3-f64e-4411-b716-755d00c0d69d","epithelia"
"14068","fcc8a124-6788-47c1-8fe4-ba7e529d16d2","CD4_T"
"14069","fcdad663-de44-4364-b830-8643b48f8275","Unknown"
"14070","fcdb1582-3361-4f1c-8116-d185659575d6","epithelia"
"14071","fcf1ac48-f54c-437b-b779-ce91baa6e25c","NKcells"
"14072","fcf202b7-7d45-4eb1-9c67-c9e7c25e5e36","epithelia"
"14073","fcf70cb5-27bf-44a6-8be3-1fd4a9a0600f","epithelia"
"14074","fcfc6d64-11a6-429c-b841-d6c68ee2bdd2","epithelia"
"14075","fd0033eb-a3c5-4e77-8b6d-86ae6d0185d8","epithelia"
"14076","fd0467d9-a1b9-4df0-9ab9-61a00ce5c11a","epithelia"
"14077","fd087519-9f8c-4243-858d-5735a6a09f71","epithelia"
"14078","fd186e22-8ef8-4bd7-878a-cbd892df00ca","epithelia"
"14079","fd1ea26a-4602-458b-86cb-fa2d4f37c230","epithelia"
"14080","fd22813e-b70b-45ab-8859-53f97e05ed1f","CD8_T"
"14081","fd25705e-68a5-497b-8728-11bba9728064","Treg"
"14082","fd26de14-3b6c-4fbd-843d-41515a51ced0","endothelia"
"14083","fd29c939-a18e-4f81-a555-adc13b473117","CD8_T"
"14084","fd30000d-c3e7-4bc0-b757-cfb1ef55ae1c","Unknown"
"14085","fd3122dc-c8f3-41d7-8ed3-e528758cb067","immune"
"14086","fd35f68e-4013-469c-870c-8cf3878ee4b9","epithelia"
"14087","fd41f894-fa58-4c54-997d-771cc1aa4f00","stroma"
"14088","fd433b15-2527-4639-8b29-9492e129a73b","NKcells"
"14089","fd50fa60-2092-4c10-a3f9-3512fe2f8fc9","endothelia"
"14090","fd54f864-19d3-45e0-ad0f-b17d9cbc14f0","epithelia"
"14091","fd59c7f2-74dc-487a-9825-f4a7d011d75d","NKcells"
"14092","fd64a394-f872-4de1-97a1-01b85bdff68f","epithelia"
"14093","fd6d7d5b-b493-4a26-b6a7-e0d26053a01a","epithelia"
"14094","fd6ea89c-6467-4fcc-a319-3cef2f1d5a58","epithelia"
"14095","fd6f375a-06d2-4b8c-a6d7-1594bce2736a","CD4_T"
"14096","fd7d2a08-198c-4499-9472-82edfa4dae19","epithelia"
"14097","fd804beb-af07-428d-bb1b-e134ce045b69","epithelia"
"14098","fd8549a6-7359-4bc4-a6b8-2edfb2fb9f68","epithelia"
"14099","fd87f228-8d17-489e-9329-d6c4e2f4b007","epithelia"
"14100","fd941e11-705a-49a5-beff-1f7c270f91f2","NKcells"
"14101","fd952133-77a7-4ce6-b16c-cee554f0cd88","epithelia"
"14102","fd9a21fa-7767-4783-aaf6-e8523d0b48e6","stroma"
"14103","fd9be23a-f12f-4635-99e1-2313b1abf8f0","epithelia"
"14104","fda2228e-8c2b-4f2c-a73e-8364ab3a9ab6","Unknown"
"14105","fda56bab-5f05-40e8-a042-e976f884fea0","NKcells"
"14106","fdad075b-51b4-4316-9974-f6a0b9ab5cff","epithelia"
"14107","fdb79dde-2f0a-41aa-b80c-c9c96259454b","epithelia"
"14108","fdb80e01-e268-4fd1-8fa9-50b1a41ec1a0","epithelia"
"14109","fdb83226-20a0-4506-bdb1-c92799d03e62","epithelia"
"14110","fdbd80a6-50f2-405a-b623-de18342ebd09","NKcells"
"14111","fdc119b0-f63b-4578-9802-fcb794ec9b8d","epithelia"
"14112","fdc3ff50-938a-4415-b9d1-83ca3222119c","CD8_T"
"14113","fdc584a8-35f5-4266-b990-9d2a0d07a89d","epithelia"
"14114","fdcb0d56-64bb-4511-a942-0a3cf2ea1fff","T_cells"
"14115","fdcc1166-adce-40e1-bbbd-9faf050a757a","epithelia"
"14116","fdcfddfc-4c54-4eb3-a328-78376a1743b3","epithelia"
"14117","fdd03047-7d15-4c18-97ca-4ac38829a501","epithelia"
"14118","fdd17e3b-7cf6-4d6e-acd1-e4075acaa546","epithelia"
"14119","fdd5cfb6-8e9e-4c53-aaed-499006ff3746","epithelia"
"14120","fdd78973-b556-4376-b9a9-df7dc65e0bab","Unknown"
"14121","fdde57ca-3d86-4a25-9c28-8dbbe31a6907","epithelia"
"14122","fde167fa-ef50-4620-936e-eb92e947b5f0","epithelia"
"14123","fde8d0f8-be39-4daf-9972-5def360c30e3","Unknown"
"14124","fdeb7c4d-b734-4984-8ab8-a10de865a307","CD8_T"
"14125","fdebbdca-7df1-4f8a-afb7-8e15a2569ac7","Treg"
"14126","fdedfdc9-c718-4913-b28e-2fffb8e740a6","CD8_T"
"14127","fdf0078e-e95e-4a7e-a23c-c7a6ac16d496","epithelia"
"14128","fdf06798-e5ef-4b5e-8db1-1a63603c3187","NKcells"
"14129","fdf5e963-43e1-4995-b770-1cb7ffbbfc74","Unknown"
"14130","fdf64a54-3998-40b8-8958-06471b470b52","epithelia"
"14131","fe003816-5bfa-46c8-b537-cbc6eb577d25","NKcells"
"14132","fe041f64-1846-45cb-b5ce-df5418762d6f","epithelia"
"14133","fe0fd220-d46d-42db-adca-866d9ae75c41","NKcells"
"14134","fe166384-667b-451c-8195-4f84deb10ca6","epithelia"
"14135","fe19a83e-4d66-44fc-80a6-3d7ba4cd3af9","NKcells"
"14136","fe1f541d-78b6-4f97-94a3-d7f98769327b","epithelia"
"14137","fe23fc68-bca8-4bc9-9398-e3efafeb6265","epithelia"
"14138","fe305cd0-d835-4841-bd26-74a78c6384b0","Unknown"
"14139","fe349a68-a0ee-4b1f-a793-48f41aa93460","epithelia"
"14140","fe378aea-0b0e-47ff-884d-5b615883fcab","Treg"
"14141","fe3bde06-1ec9-4606-b471-be60d5ec8dad","epithelia"
"14142","fe402eaa-c6d0-46e5-aaa7-c8e0038d1dcb","NKcells"
"14143","fe565e5b-3851-451f-9a42-be3c969ed0ee","epithelia"
"14144","fe5c80bc-1103-4dc5-8f97-ae4650f7d065","NKcells"
"14145","fe65a696-b570-4935-9e52-fce9c13b8b69","stroma"
"14146","fe678fca-c966-4438-8d3e-d59acfe95d65","epithelia"
"14147","fe70fd58-cb2c-4125-b569-c06cfff36f1a","epithelia"
"14148","fe73294b-28f3-4727-8e85-01e359820a3c","epithelia"
"14149","fe78d724-12c7-4c71-ba6a-81e7d08ae054","NKcells"
"14150","fe78d895-7fcf-40c0-8ab6-e53e209575cc","endothelia"
"14151","fe7c92c6-b89f-47fc-90b6-b9074c0823fe","immune"
"14152","fe7ce072-41d7-4b1f-a988-20a351820eef","epithelia"
"14153","fe81259d-ea77-4d30-bb24-310a31533caa","NKcells"
"14154","fe884047-eee2-4e30-bdff-5ec701d539a6","NKcells"
"14155","fe8c57b7-3af8-47c2-8c1d-ce4bc472e2c6","CD8_T"
"14156","fe93f10f-924c-4f0b-8654-0adff6721c84","epithelia"
"14157","fe96b264-9391-427a-a583-2438be2321d8","epithelia"
"14158","fe9b5b98-c9d0-403d-867b-c7a3b8908530","Bcells"
"14159","fe9b96fc-a641-470d-a9d0-79eaab7f971c","immune"
"14160","fea76f8f-371c-447c-9f88-d3788e0c0863","NKcells"
"14161","fea7daf4-3a14-465a-a395-d51b7ea59ef1","epithelia"
"14162","feaae3ec-feaa-4307-a705-614ef8d1f37c","myeloid"
"14163","feb1c5b4-4e58-4095-b774-2b34bb3bfca8","epithelia"
"14164","feb37f26-6c72-4e3c-bc51-82f703800e3a","NKcells"
"14165","feb663cc-dced-431f-b9d3-4609a0af280e","myeloid"
"14166","feb7408a-5e71-4855-b740-ba3bdb6e9a28","NKcells"
"14167","feb75d9a-4366-416d-869d-68975a718724","stroma"
"14168","feb946e5-a7ef-4d27-a3f2-10d306d3750e","NKcells"
"14169","febc8d4b-a022-454e-973d-7e7da72c4b55","Unknown"
"14170","febcb493-8525-4d3d-82ef-9dd9ea2d06e2","epithelia"
"14171","fec43102-7711-4d74-a107-c0221c44f22d","epithelia"
"14172","fec96465-8d03-4860-ae01-b4cdc2421e43","CD8_T"
"14173","fecf913b-a6d3-4d69-8a72-eec07a3b20a1","CD8_T"
"14174","fed46369-9a11-488f-80e0-c970bbe0b9cd","epithelia"
"14175","fed4b181-d11e-4a4d-abd2-ef6024c6132b","epithelia"
"14176","fedc8e92-7138-4b6e-8857-6bfb35840c80","epithelia"
"14177","fedd085a-3b05-4fab-9bdd-ac6f49ec9ea0","immune"
"14178","fee1c015-a883-410f-b795-5774e44202a2","Unknown"
"14179","fee5a1a4-08fd-4063-9530-e4adf0613f12","epithelia"
"14180","fee65e3a-60fe-4bcb-ba58-aa021ceb63d5","NKcells"
"14181","fef41d55-6e3c-4e3c-b9ea-14f0dd447ae3","Unknown"
"14182","fef73b53-25d0-4391-b7b4-0f86ee3b2711","epithelia"
"14183","fef947ea-defd-45ea-b37f-7836d48eb82d","epithelia"
"14184","feffca76-3246-4034-a811-27ae6e5a891c","NKcells"
"14185","ff026baf-57a2-4b67-879e-3f80871ed98d","epithelia"
"14186","ff063232-b00f-468e-af39-61e209f5460a","epithelia"
"14187","ff0d65b0-8ef5-4152-822d-317baee84a5a","myeloid"
"14188","ff13d5e7-9bc8-4f05-a455-7b1a0ac4ada7","Unknown"
"14189","ff1bfa1f-89ea-4572-a1c1-3388d5c1beec","epithelia"
"14190","ff1fd7fb-b854-4607-bbc8-61dafc1e21e3","epithelia"
"14191","ff25f05d-2de8-4df0-8677-53e934c64338","immune"
"14192","ff27098a-4c52-4172-8b2d-a6b63fbfac4e","Unknown"
"14193","ff2c7c80-0a7c-4bcc-90db-55b71b8c0e65","Unknown"
"14194","ff2e3c60-84a5-47c2-a90b-0b004d2be976","epithelia"
"14195","ff33bcf9-8bea-4e1b-8a2e-43b777a23194","epithelia"
"14196","ff398dc0-98ac-4a23-99f6-c6540f12467d","epithelia"
"14197","ff3b4507-c42f-4abd-91bd-ccd3dc6c7e7b","epithelia"
"14198","ff41e54c-7bae-4a39-8f63-3416310bbff8","epithelia"
"14199","ff5097ed-cd5f-4873-b86d-21546d8d593e","epithelia"
"14200","ff59ca1c-5043-452f-b7d6-d4945137a050","epithelia"
"14201","ff5dd090-a8c5-423c-b281-183481d72a43","epithelia"
"14202","ff61956f-8a9a-41ab-a988-0e586b755d7b","Unknown"
"14203","ff636b9e-30d8-4a45-b837-be0054af46fe","NKcells"
"14204","ff64116c-2158-4bdd-8a35-a82481db6b56","Unknown"
"14205","ff666a21-a763-4808-9cce-283548edf2e0","NKcells"
"14206","ff6bdc92-b4b3-4222-bcd1-612567b3967f","Unknown"
"14207","ff6d56ae-c14e-46b2-8ea2-2d99022311ad","epithelia"
"14208","ff71f96d-def0-4c9a-a5ce-5a932ca6c3d7","epithelia"
"14209","ff787bb3-3cdf-41e3-960a-6c6521cf879a","myeloid"
"14210","ff788fc1-081c-4812-aaf9-3d089f076b54","epithelia"
"14211","ff79ad2d-945a-4847-86f3-93ea275ed6e9","epithelia"
"14212","ff85ca75-8a28-4354-979a-18d079cef2df","immune"
"14213","ff8f23c0-e27e-4231-adab-ae7dabaadb66","NKcells"
"14214","ff8feb20-8970-448c-afc4-23d03535c3f8","Unknown"
"14215","ff925876-b21e-44ea-ac29-196200603eab","CD8_T"
"14216","ff94a3b2-fd9c-4f32-a62a-dd88cd025b10","CD8_T"
"14217","ff968460-9e04-4b7e-88c3-e247cff23688","epithelia"
"14218","ff9de802-6ed5-4f16-a066-8f839f9f85de","T_cells"
"14219","ffa2393a-a408-4f99-a76c-66ea34f75dd7","NKcells"
"14220","ffadad95-8007-4290-9601-f0959b36999b","CD8_T"
"14221","ffadee98-51a6-4360-99e0-bfe4ada8fe47","NKcells"
"14222","ffb19eb1-d4db-48f8-bc27-826dbf771c4a","epithelia"
"14223","ffb3257f-bbb8-4325-9733-295a078866da","epithelia"
"14224","ffb34ae8-ac5e-44f7-9b73-e87df302a63a","epithelia"
"14225","ffb91a0f-f32b-4acf-aedb-3bc0feab6918","epithelia"
"14226","ffc61ffa-37a2-4333-b5e2-499a26b4630a","NKcells"
"14227","ffc98d2f-8eed-407d-a634-eeecec00c03e","epithelia"
"14228","ffcb664e-9dd7-48e4-ba6d-c43b664edf08","epithelia"
"14229","ffcbd4ba-4a89-4f68-b97b-1d768dfd6b1b","epithelia"
"14230","ffcd76cf-1dd5-4646-8bd2-d220abb7f2fe","NKcells"
"14231","ffcef74f-41da-463f-83bb-14ecabf1ac7e","Unknown"
"14232","ffcf9047-9e3d-4251-a59a-cacb545e181f","NKcells"
"14233","ffd7dcaf-6ad7-425d-b270-b7f0962d3386","epithelia"
"14234","ffd8ebd6-5690-4110-be16-891be8d87de9","NKcells"
"14235","ffdc3632-76ce-4809-a40d-ba46e4267430","epithelia"
"14236","ffde051f-b6e8-4f21-bc94-9be0c5ba4746","NKcells"
"14237","ffe55155-741c-48c3-96d6-8bb67775099e","epithelia"
"14238","ffebe544-c7b6-484b-a47f-fa661cc2e010","epithelia"
"14239","ffece6cc-0ab0-411b-88ed-7b11b5f8ce08","NKcells"
"14240","fff8f304-6869-4a0f-97f0-71271a68a4f1","epithelia"
"14241","fffaf39e-8edc-40c6-b41a-abb6dbe1a123","NKcells"
"14242","fffd079d-9fae-4fb1-8322-42bfd5bb5a94","epithelia"
