"","id","predicted"
"1","0000aa8d-e87f-4316-9372-e2cbb0ccf158","epithelia"
"2","0001e8f3-07bc-49ee-877e-ebdd5a650dd1","epithelia"
"3","000a411b-6a87-487a-a32b-89cb487fc77f","epithelia"
"4","00291c1c-bf2f-4a92-a377-cf90043b51ed","epithelia"
"5","002ce9cd-f6e9-4080-845e-cd11a972ed72","epithelia"
"6","00316c10-205a-4f4b-943d-7047e5f0b50c","epithelia"
"7","0036a871-6e64-4b10-9204-2c21954b28dc","epithelia"
"8","003dde3d-e374-4bde-9576-ed6129f548e7","epithelia"
"9","00402081-dfc4-4b9a-99aa-64ed108136b6","stroma"
"10","00430b1e-4362-4c7c-97de-cf9850a551ae","CD8_T"
"11","0048c12f-b6d7-4873-8114-1f710a56a3e6","epithelia"
"12","0053fafb-57c9-4d7b-a273-d113c6b125e2","epithelia"
"13","005e9a75-794b-4027-ba45-c12dd9e0fb38","epithelia"
"14","005f20c5-a84b-4818-8172-54327dcfb45d","epithelia"
"15","005fbc75-f9b9-4d29-a508-d0313ca48457","epithelia"
"16","0067f383-a26e-4b2f-b0e8-72bc9b654ed5","epithelia"
"17","006df143-53d4-4ad3-a23b-541b31c525e7","epithelia"
"18","006e6d23-ce45-4fcc-a2e4-1c3d73a6929e","epithelia"
"19","007610e3-4fc1-41ef-ab68-719a2dab1725","epithelia"
"20","00765e9d-ce1c-4286-9de6-77ec8ad85455","epithelia"
"21","0077f0bb-3048-4ea2-a3d6-36ddcc112227","epithelia"
"22","0085815b-68d6-4a3b-9f31-15db9d5a442e","epithelia"
"23","0097c044-ac3d-48dd-8189-7ad3403c4485","epithelia"
"24","00999aa9-62d7-4d6c-81b5-8722aeb1a13f","epithelia"
"25","009d63d0-82ee-4753-bc94-856bc268e26f","Treg"
"26","00a8ffff-2165-4e3f-9ab9-0de7d7918cff","epithelia"
"27","00a93164-b3a8-4cbc-8ddb-88b15431e589","epithelia"
"28","00b20055-3ccf-4628-92bd-48497667f04d","epithelia"
"29","00b860f6-204d-44d5-bf08-13e58183646c","epithelia"
"30","00ccc847-e827-4b7f-beec-9bed8e3576b3","epithelia"
"31","00d4374c-d846-4c9a-ae41-8d4207023638","epithelia"
"32","00e2024f-e724-4c63-9da0-0e2aba9159d2","epithelia"
"33","00e2f41d-98c1-432b-acc5-8b082370da9c","epithelia"
"34","00ee4ac1-a756-47c6-866a-ca609dd8a0d5","endothelia"
"35","00f08b5e-edbf-4789-b022-6b240c132a54","Unknown"
"36","00f26830-ffd7-41f5-915e-f02ab03567b3","epithelia"
"37","00f28505-4a3f-441a-9b93-0724fe88ef6d","epithelia"
"38","00fa9eef-3a6f-49c4-83b2-44d67f49295e","epithelia"
"39","010c134e-78f4-415d-a490-c04ed39ae15d","immune"
"40","0118c4ce-21fa-40fc-955c-8ac74e6fc220","epithelia"
"41","013b86d0-76d7-4a7c-9431-b3a07e7cc796","epithelia"
"42","013ce897-77ae-4021-af79-227c72177cc7","epithelia"
"43","013ddd8b-24f3-48c4-8d14-6576e48b0bc6","epithelia"
"44","014662e3-608d-4cd9-a338-1a170ef18946","epithelia"
"45","014e3ec8-cd23-422f-bb92-143b30ba88d0","epithelia"
"46","0150538f-a2ea-45fc-a026-343c3a836520","epithelia"
"47","015f0608-8f21-4b68-8cc9-844970637750","epithelia"
"48","016310f8-5f64-4c84-b420-b9a97d486049","epithelia"
"49","016729ae-dbb8-4c3b-8110-95132b5f77a7","epithelia"
"50","01691ae5-7a9a-48fe-a7c2-73e787f05586","epithelia"
"51","0172622a-9356-4fe4-8300-16cbc8bfdc22","epithelia"
"52","017341c8-4a3e-4331-a917-f0a1d39c7292","epithelia"
"53","018086ba-d54d-4fea-89b6-d8306f1bf2d0","epithelia"
"54","01896cd1-a37e-4f70-8c7e-fd4ab6c2865c","epithelia"
"55","018dcad1-69fc-4d06-9e3b-12418ada95f6","Treg"
"56","019195e3-c27f-49c2-b45d-8d7a3d812942","epithelia"
"57","0197f4db-544e-4965-8fe5-23ba989c12ab","epithelia"
"58","0199ffc1-4a42-4607-ad34-4d839c93bee3","epithelia"
"59","01a4939e-a6c2-4f7b-ac2e-ec00275c1732","epithelia"
"60","01a611ef-434f-428e-ac1d-e59b48b504be","immune"
"61","01a887a4-9e27-430a-b315-add3400a25cf","epithelia"
"62","01ad71b6-7e8c-4f6b-979f-d98b3b4ba060","NKcells"
"63","01ae0e5a-7bf7-4527-90ec-4b549caf440b","epithelia"
"64","01b1bf79-7126-4200-9f33-51a8c84a3182","epithelia"
"65","01b7f753-0b75-444c-94db-ca456cd065e7","epithelia"
"66","01bae134-5c43-4be7-99a5-75be97aa638b","epithelia"
"67","01bc49c7-f119-42a0-8b57-61e57066a2d4","myeloid"
"68","01c34254-8ef6-46e8-ae21-f0668a217ae3","epithelia"
"69","01c43429-1a46-444e-af89-77f57dd1643f","epithelia"
"70","01c523e7-ec33-4cba-b0c8-186ae577eaa8","epithelia"
"71","01deb98c-508b-43d3-8b51-8093b027239d","epithelia"
"72","01e69f3e-7833-429a-bbba-4ba18f12eab4","stroma"
"73","01e70fbb-4ea4-4f5d-a789-c441864dafff","epithelia"
"74","01ed598d-40ab-4226-a194-a5b8a90fc412","endothelia"
"75","01fffc1d-76d2-487a-8404-9df87ffeda21","epithelia"
"76","0204444d-4173-404d-8a14-da79958f406c","epithelia"
"77","0221f9fc-fc25-42eb-899b-d491855027ac","Unknown"
"78","022f1919-3bba-4a76-86c2-3d28276a0278","epithelia"
"79","022f2942-bdba-4dcd-b95c-387a3e1f24c9","epithelia"
"80","02352f32-bf12-4e52-bfbb-5c496356802c","epithelia"
"81","024fb8f6-1a32-4de2-8730-695209ed6c18","epithelia"
"82","025ca99e-67b4-4663-b72c-b84301d71948","endothelia"
"83","0267088b-1169-416e-81cf-29fbf2b3fb74","epithelia"
"84","0277dc2c-f663-4e48-b4a0-9a6626a22a22","epithelia"
"85","027da8fd-df20-4943-8ba4-1c48cd3c5d4a","epithelia"
"86","029012fd-bbfe-4d83-8d01-bd0ac24d3895","epithelia"
"87","02a6d16a-9b85-4a33-8983-6dc9b5a9bbc2","epithelia"
"88","02b06d9c-78ad-46a3-a339-cb97ba8bce1a","epithelia"
"89","02bffc23-e5fd-45e8-905b-71e6dcc03733","epithelia"
"90","02c260f7-49a2-4090-a955-a8b1de7ae773","epithelia"
"91","02c98cd1-27be-45bd-82e2-6cb924ea8aa1","epithelia"
"92","02d0ab1d-06f1-43ca-a837-5dfd883c54b8","epithelia"
"93","02e7db11-b18a-48a5-a3f0-249c9bd9f5e3","epithelia"
"94","02eee3c2-2a43-4d3b-bb8e-8bcf75d1c694","epithelia"
"95","02f7574f-0b4b-4533-bb22-c198296eda15","epithelia"
"96","02fd7205-a0ca-4ac0-bc18-66ffa2b88327","epithelia"
"97","0315a0b8-23ed-4c03-8b1c-f79aa05f3ea0","epithelia"
"98","031dcc30-c9ec-4c3b-bfd0-eea1a4e18322","epithelia"
"99","0321db79-82c0-40f7-8ddd-f7482419fc2b","epithelia"
"100","03398951-b100-49d1-8f3e-9922caac9641","epithelia"
"101","034341da-699c-4453-a5de-bf7b5ef083ff","epithelia"
"102","03487213-0f12-45e2-bc52-8b68178d92e3","epithelia"
"103","0348e119-10f6-4268-8a20-c1937ea46273","epithelia"
"104","034b2b84-4d60-4f99-9778-dc7f61ff34ce","epithelia"
"105","03592e4b-74e8-481c-bd6a-985fb0347a46","epithelia"
"106","035aefa2-bdcb-4dd4-8c59-fc58e55f4f9b","epithelia"
"107","0365075c-f1ac-4b0d-91f2-8a538170ed51","epithelia"
"108","0369ccd6-803f-4608-a590-1fd0ddc61482","epithelia"
"109","036b27bf-77b7-4520-8e13-e526a4282e77","epithelia"
"110","036c7eee-f7d8-4f01-a110-d0542f5657e5","epithelia"
"111","0378a8ca-f6e0-4c9b-9c84-d46e472582b7","epithelia"
"112","0383bf34-3c45-4b9f-a7a6-b70af30fae3b","epithelia"
"113","038ddc86-f010-4367-900f-97a18ccd2b50","epithelia"
"114","039ec7b7-3d0d-43b2-998c-bf71128e5a43","epithelia"
"115","03a0113e-93af-474d-b54f-d864a8f49658","epithelia"
"116","03a17d22-fc3b-424a-8f9f-e7f2460c61a8","epithelia"
"117","03a8b376-c3b2-46f2-909c-8f1c808716d0","epithelia"
"118","03ab10c7-e67b-4d4d-a711-adf61298f4c1","epithelia"
"119","03adc1f7-e483-4b32-93d1-28fcbc1dfcfb","epithelia"
"120","03c39e4a-aa69-47d1-a2de-65f5f7c253fe","epithelia"
"121","03c4ca16-6633-4aa3-9b1c-ceb85ffcc1c8","epithelia"
"122","03e2e9bb-7684-41e1-aaad-d5fd1e911112","epithelia"
"123","03e77b91-fe6c-4a0f-90e7-e423fbfbcd93","epithelia"
"124","03ea4c9a-ff20-42cd-8c95-0b0394fc4768","epithelia"
"125","03ed386f-c079-4b09-b727-4e1a82ca22d7","epithelia"
"126","03f028a8-ed82-42bf-9ece-4a257298712a","immune"
"127","03f4e382-de33-4deb-8d95-ea4f7b7a2b0d","epithelia"
"128","03fa1e30-3bec-4178-a32c-e6ded2fce171","epithelia"
"129","04052541-e107-4089-897f-9919ddef8bc5","epithelia"
"130","041514ef-c4d1-4137-b339-08ef844bd3d7","epithelia"
"131","04153c21-9c5a-4aa8-a85f-021dc6de8a2c","Unknown"
"132","041587e9-9e9e-4651-be49-70e2fa721d41","epithelia"
"133","04232aaf-4d24-40e2-a53e-a55f17653f29","epithelia"
"134","042330f4-7965-44f3-a274-fea5adff1037","epithelia"
"135","04268ea6-6106-4a10-adf7-e0eb20e0bbf0","epithelia"
"136","0437faf9-4fda-4773-82ac-baf13411ecb9","epithelia"
"137","043cd6c1-d103-43ff-a48a-ac19693dddc2","epithelia"
"138","044a62c5-aa0a-4a4b-a277-8f86b718ddb9","epithelia"
"139","044caf3c-52e7-48b9-9075-de41ea6d7893","epithelia"
"140","04540280-a4ba-4e73-ba0e-756b21c1df94","epithelia"
"141","046061ee-5805-4ce4-985f-77c6c7444cd4","epithelia"
"142","04631425-4517-411c-8668-02e0b374a029","epithelia"
"143","046649dc-4457-4f78-96f9-3b8d4e2e9817","epithelia"
"144","046b126c-3392-4b54-88b0-7cafce6fc08b","epithelia"
"145","047d969d-0f90-4d36-a92b-fac8ca46dcaa","epithelia"
"146","047fae9d-4667-4de2-aa38-f2c412a3d04c","stroma"
"147","048235c0-cfaa-486e-ba45-84e5911fcf00","epithelia"
"148","04843127-89d9-4c35-aeac-63adfb3bb4f4","epithelia"
"149","0484fffe-5d55-4607-b422-76a75cc1067f","epithelia"
"150","0489dfdb-8f0e-4e3b-9872-b955aa9bc621","epithelia"
"151","048d9a12-b934-4e76-a030-8b1be20eaa70","myeloid"
"152","0498b035-eda1-42a5-bfa8-eaa57a602330","epithelia"
"153","04b25279-2789-4a3d-adb8-70a66cafb790","epithelia"
"154","04b3ed5b-7839-430d-a41d-19392fcdcd70","epithelia"
"155","04b5a53e-7b4f-4bcf-a3c6-8a29096c0487","epithelia"
"156","04b6380a-c839-4edf-a60c-17a9ba1c0de6","epithelia"
"157","04b8bafb-7180-485a-a755-75fb2605b220","epithelia"
"158","04c6f71d-69f3-4de8-abcb-54b31141e6c5","epithelia"
"159","04d1bf78-58a7-4764-85b2-927f9f2486e0","epithelia"
"160","04da46e4-a93b-48a7-a9d9-e99e8b59dc3d","epithelia"
"161","04dda732-47b5-4a9f-9b17-64b2d4624270","epithelia"
"162","04e9874f-cf5f-4f3c-9da7-b9ee18327c8d","epithelia"
"163","04f42ecd-2bcf-49e4-94ff-f7f5ff726d9d","epithelia"
"164","04fc6a23-ec16-4bb4-885a-a51ba457a35c","epithelia"
"165","0505e69c-6f55-4c80-bc33-a13d001ac9bb","epithelia"
"166","05078cbf-cb60-4539-b6a5-dbb38c62e67d","epithelia"
"167","051101a0-14c1-49c0-bddf-1dabd4cfaa23","epithelia"
"168","0515a18a-e29a-4f7d-bcd5-ee51e0e80c66","Bcells"
"169","0517eaef-206d-48b2-b687-43afb151943b","epithelia"
"170","051aaa46-f0fb-4c65-ba12-79e0c838496a","epithelia"
"171","051c02ae-149c-445c-b066-5b9799959c67","epithelia"
"172","051d0f1b-da5c-45d1-8d7d-00532f4c159e","epithelia"
"173","05206244-b955-4fd1-83de-cde1505a554c","epithelia"
"174","0522ef34-d57d-4b01-9646-e0056f95b503","epithelia"
"175","052de2c6-3969-426d-b0d7-8b8dcc7f5fd5","epithelia"
"176","053014f9-cfc1-4e48-b1a8-fdd4af3ba814","epithelia"
"177","05346c89-c2ea-4b5b-93d2-baa22d8798c8","endothelia"
"178","0535b0a4-6962-4f52-8a3c-a36aee0703e8","epithelia"
"179","0536a1b6-7909-48b2-b58d-434fac671f1c","epithelia"
"180","053b3541-bdfa-4c03-893f-2bc4e0295e1e","epithelia"
"181","053e4230-888e-45df-b7ad-f1e2dade333a","epithelia"
"182","05420c13-de31-439d-9028-fc01bd9e6936","epithelia"
"183","055135b2-85ca-45e7-8504-36922fbeb0cf","epithelia"
"184","05530eac-7016-4bb6-a20a-b906ab0ea5b2","epithelia"
"185","055768e9-23f7-4ee9-a5f3-4d682fb735f4","epithelia"
"186","0561ac4d-a82d-4de5-b358-45f1f6fb5e02","epithelia"
"187","056ddff0-3fb3-460a-8c71-05a7eeaaf891","epithelia"
"188","057636e6-d4f7-4ba6-b30e-57b6d6c41913","epithelia"
"189","05771200-ebd9-4cd1-a8cc-4ec42c2d05cf","epithelia"
"190","0577a011-44d5-404d-bf17-534a397fa83e","Unknown"
"191","05783f7e-b726-4d5c-ae91-b461c1a64402","Bcells"
"192","0578a16b-c9dd-42b3-8595-129592a8a4fe","epithelia"
"193","057e11a0-0877-4c37-a984-09aa5e3917a5","epithelia"
"194","0583b7ff-2b24-4f74-9597-3f4a86469cfc","epithelia"
"195","059ba372-7fec-47cb-97f7-71181d1bb14d","epithelia"
"196","05a32d34-2daf-42a6-8c18-42dc17223ce0","epithelia"
"197","05a4a3b0-d5db-4cd3-93a5-0b8fad982e17","Treg"
"198","05a9450b-2a42-4cf2-b4bb-a044071f7290","epithelia"
"199","05b3d363-089c-4e09-a0e5-c5f1004bfe36","epithelia"
"200","05b941a0-d69b-4bf8-be80-28d086f2f443","epithelia"
"201","05c5125e-c041-4063-b8e8-de9deb8d6e21","epithelia"
"202","05c8d592-a096-4568-a7f0-5069d7e5c97f","NKcells"
"203","05db6a40-9495-42be-93e5-c9bbc0c67331","epithelia"
"204","05e9ac12-2e55-4886-87e1-332229bd91dc","epithelia"
"205","05f60cbb-cd86-46ad-a5b0-a622fa317ed7","epithelia"
"206","05fad075-cbf2-4023-99e3-de7df0e39239","epithelia"
"207","05fb3d30-a4e0-4659-82b0-392a4c739fd4","immune"
"208","060d2b5e-b190-496b-b50b-1d599c236b41","epithelia"
"209","06199240-0d95-4601-a1db-c7b90d733064","epithelia"
"210","062bed9d-2df6-414c-8057-4ee93c234fbc","endothelia"
"211","063ee3a5-064a-4b53-b2a5-ac60b4c6acc5","Treg"
"212","06417bb0-2eb4-4d22-a738-472aff841a3a","epithelia"
"213","065b0e77-ad0d-4c4e-808f-466583a0533c","epithelia"
"214","0661ad6d-fe5b-45e1-82e3-0a4e8ce6f14f","epithelia"
"215","066929ff-8e19-4db1-a7e5-994127e20845","epithelia"
"216","067199cf-99a3-44f6-82d9-33a6ad559add","epithelia"
"217","0677664f-2129-439c-879b-734349f6e91c","epithelia"
"218","067fa5e3-fdcb-4e0b-be94-e8861f735f13","epithelia"
"219","0684ef90-c363-4a88-9606-e70901ae8c07","epithelia"
"220","068b7c45-f217-47a8-b5ca-5b3ca039732a","epithelia"
"221","069099bd-753c-4c5e-9292-3814c611583b","epithelia"
"222","06952d04-062e-4f56-b570-9dc571fdfbc5","epithelia"
"223","0697c6a6-b8b4-4776-8ebe-8a80294786ca","epithelia"
"224","06a461f2-3a2b-4c3c-b864-524c1cc82c6b","endothelia"
"225","06ad8506-4e92-448c-809e-1f9faa3a9482","epithelia"
"226","06b7f520-4a49-40ba-86ac-6a586efca7df","epithelia"
"227","06b8951d-23f8-4de0-9237-3d1bb096fbc7","epithelia"
"228","06bb33c1-a9a4-403c-bd36-6522b657b9ba","epithelia"
"229","06c4ac33-bc5b-4363-8617-3e3e48bd79ce","epithelia"
"230","06d82c5a-b113-4f80-aeff-d50f6b5e3d8b","epithelia"
"231","06dd3778-d448-4ebe-a080-35323500a6bc","epithelia"
"232","06e263f1-e196-4ce3-8fcd-163170d1819d","epithelia"
"233","06ec4bd8-5005-4600-b1a7-c837e046826c","epithelia"
"234","06f9daa2-a591-431d-8201-a9b72321c397","epithelia"
"235","07004ee3-5054-4be9-91db-a91b2d9f5f80","stroma"
"236","07024a7b-6dda-40b7-a18a-9878f0a5fe69","epithelia"
"237","07039559-3165-40fa-93aa-59dd850e4533","epithelia"
"238","0704d60f-7d7b-491a-b848-3e4dfc899100","epithelia"
"239","07087268-fdfc-4fcf-985a-f4b5e017e1ab","epithelia"
"240","071470c3-0572-4c0f-92a0-d47b1bc92559","epithelia"
"241","0725bbe2-c291-4147-848f-66b8e556a8dd","epithelia"
"242","072ac9a5-d3d3-4d66-a293-d395be5f1a26","epithelia"
"243","072b7efe-d85a-4aef-a72d-97fd086426fd","epithelia"
"244","0736ae3a-caf4-4e25-9d80-868caf43ce83","epithelia"
"245","0739e05d-3396-40e7-919c-1e5fc0074fc7","epithelia"
"246","073cea21-3d04-4e14-941d-dbc131478f3a","epithelia"
"247","07426e78-d344-43b4-9a96-c9e1ffe6aa25","NKcells"
"248","07462bb5-4426-4a5a-a8db-082b4f80a2ec","epithelia"
"249","07596456-2b1d-49f4-baf0-62efeb70664f","myeloid"
"250","075cd8d5-9af6-400f-8f83-396ac8ef34ac","epithelia"
"251","075f1c37-338d-4cb3-8953-2c99d3fd32c1","epithelia"
"252","077d0866-def9-4ac4-b584-4e3784d54219","epithelia"
"253","079a69af-5fe1-4a12-97b6-2fa477833e84","epithelia"
"254","079f9b18-820c-4ac0-9ef4-38feeeef31e2","epithelia"
"255","07a831d0-c080-4e8b-aae8-e92b64eedbc4","immune"
"256","07ac8547-636e-4124-989c-2d7167934cb2","epithelia"
"257","07ad0efd-3357-4e32-839d-d2b81185f421","epithelia"
"258","07aea971-4b9e-4f95-a23a-8614f28c39f5","epithelia"
"259","07b4ad46-bb54-4b50-afe5-24b840602b35","epithelia"
"260","07b81cd4-b812-4fad-a73d-84fd92a44965","epithelia"
"261","07bac9d4-8407-477f-9752-8d2ee607c0b3","myeloid"
"262","07bb422b-90de-401f-a4d5-b82d4ad86dd3","epithelia"
"263","07c749c9-273c-4620-8fc1-01e1c96f8e3f","epithelia"
"264","07c79ad6-369a-4eb3-b604-bb02ee9c6ae5","epithelia"
"265","07c8dd26-835d-4e1a-8050-2eb03a8e0c4a","epithelia"
"266","07d0241f-e116-4d90-941a-600e32f08cbe","stroma"
"267","07d361f3-a0a5-4716-a270-d1fba51a241e","epithelia"
"268","07d39eb0-2875-4354-a11f-e4cb0bae5717","stroma"
"269","07f61e30-42c3-452c-a520-3d47260798e0","epithelia"
"270","07fe821a-7eb4-4456-83e8-cc3a6530587d","epithelia"
"271","0800ab99-eaad-4bc5-81b6-44605db78859","epithelia"
"272","080ce0b7-c723-42e2-b7f9-9f12cb3efdb0","epithelia"
"273","080fcd1e-d232-4f68-821c-7d9c4f34b781","epithelia"
"274","082128f8-633f-4e9e-bc9f-09e2f3f41cbf","epithelia"
"275","0835a104-9848-4a53-9596-15be3cebcb6a","epithelia"
"276","0836cc60-62e6-49b3-8208-d52ccae50dd4","epithelia"
"277","083f4241-1859-41cb-948b-50015843a046","epithelia"
"278","0842dc16-6801-4c90-9bb8-1f78d0904a36","Treg"
"279","08543946-e2dd-42a2-ac72-f3cd9c29ffc2","epithelia"
"280","085658df-d0dc-4f38-936e-507fbe654145","epithelia"
"281","0858c0c1-1a60-4286-95e0-c73be55ef039","epithelia"
"282","08592ced-5106-4a94-b983-3d5ea4a1f2b4","epithelia"
"283","0867444e-39ee-4ea5-b1e0-42013e934ad8","epithelia"
"284","087da214-4163-4f95-bcd1-e540944dcda9","stroma"
"285","0882c147-d6ec-4166-84e6-4add9e88fa6a","epithelia"
"286","08864f0d-9400-4d5b-a6d8-d6dad535d15a","epithelia"
"287","08916aa0-b542-4a49-a4a0-0f24dd7c50a5","Unknown"
"288","089197d1-19ae-49e5-9c63-98eec9d0c037","myeloid"
"289","089555c6-127b-42e3-b12e-5831ce8526fb","Unknown"
"290","0897b17e-3453-4533-b6d3-6049fee11e9f","epithelia"
"291","089926d3-9c01-4298-9e4a-28fed909d603","epithelia"
"292","0899e173-c192-416d-a18c-46bbaad41de5","epithelia"
"293","089a56d3-b07c-4998-8a08-755d4fdf846d","epithelia"
"294","08a99733-7505-4dda-a83f-596513012fba","epithelia"
"295","08b53263-76ac-45fc-80bd-ed4560e1f349","epithelia"
"296","08b6765f-121d-452c-b662-66980f360235","myeloid"
"297","08bb6167-4a5a-4a14-9299-af4d4d1907ff","epithelia"
"298","08bc1fdc-153e-42ca-bf88-6b46100eb67d","epithelia"
"299","08d79328-1fe0-4f6e-b2de-e5ef1100e3ef","epithelia"
"300","08e35d1c-2a04-4f02-8335-dc4bd624b640","endothelia"
"301","08f022e9-71db-4de1-b950-709c314c2cbb","epithelia"
"302","08f0e2c1-f187-41b8-8446-03557f68a4b7","epithelia"
"303","08f472bf-741b-44f6-a453-16caefd49866","epithelia"
"304","0902836b-38be-4698-bc8e-030749002141","myeloid"
"305","090428f5-3945-43ae-94e4-a220ca77cefc","epithelia"
"306","0912fa08-394e-414c-9e0c-5f278bf34406","immune"
"307","091f3edb-e3c9-42ff-9e30-34c160ddf27d","epithelia"
"308","091fa339-47cb-44a3-9722-4e04c46033c3","myeloid"
"309","0921952e-0f73-4e67-b249-208181f63660","epithelia"
"310","092281d9-035c-40c7-8c0c-19e0b9bdada3","epithelia"
"311","0928dc35-2db8-4e8b-b66b-741cfd96def6","epithelia"
"312","092d7acb-00fc-406e-9aed-ac65c65cf382","epithelia"
"313","093550e3-7620-48c6-864c-a8eb45f71c30","epithelia"
"314","09397477-4d5a-4ea9-8620-98bf710f782b","epithelia"
"315","093a2c3e-8437-4ec6-81fb-edb32203da45","epithelia"
"316","094575ab-4424-48c2-91ea-366a0fe5ac19","epithelia"
"317","09495104-db8f-4cd6-8c63-fdc2c6e5b5f7","epithelia"
"318","0956b316-1e80-432f-84f7-825c74c54701","epithelia"
"319","09578f43-88f0-4476-afc4-d9b73de7d36f","epithelia"
"320","09666dd8-546c-4372-8a47-7c243f36b55a","epithelia"
"321","09671744-19b5-4164-91d0-6a6767588372","epithelia"
"322","096bdd8a-5589-4e34-8ccb-08d3265552dc","epithelia"
"323","097209e9-78aa-4eb7-9d61-537125260509","epithelia"
"324","097c7636-e9f2-4918-ae67-a9bded6db76a","epithelia"
"325","09828440-1aaa-4daf-b799-3cb0493324e2","epithelia"
"326","09855bcf-040f-4e47-807c-c3bb1c2e2897","epithelia"
"327","09ae9ab3-751f-451e-9752-61946ab39e34","epithelia"
"328","09b4ce98-4eba-4187-bd07-0db4e098a8f1","epithelia"
"329","09b5ca0d-71dc-4045-8bfb-9ad3f55ea64e","epithelia"
"330","09b8cab9-2e83-454f-a91f-63bd83fa5bb4","epithelia"
"331","09bea136-aad6-4fa7-ac80-4fbfcecfa9ad","epithelia"
"332","09caa5df-cf1b-439d-b87a-daff3a6464ac","epithelia"
"333","09cbef89-0d66-425e-992a-3473b97dab78","epithelia"
"334","09cd6ddd-5e0d-4663-b6a7-c02ea30e89f9","epithelia"
"335","09dfaf04-1e83-4f92-ae05-08f5c1792820","epithelia"
"336","09f889a9-c825-4511-9924-8c14fd620a59","epithelia"
"337","09f99e07-82f5-4f15-8af5-aef024dd3dc4","epithelia"
"338","09fb9521-1abd-42de-9402-b6888dc6dae9","immune"
"339","09fc342f-a74d-4c17-af6c-4c72f5cab147","epithelia"
"340","09fdd822-c099-4ce8-9427-8c16467ea1c7","epithelia"
"341","0a08e17b-1abd-478e-9c6b-8b195f37f56a","epithelia"
"342","0a0ba0cb-63e6-4074-84f8-08ff51a1417c","epithelia"
"343","0a102853-b385-42f5-93ca-1fd0983e17eb","epithelia"
"344","0a27fc9a-3014-46e3-97f6-cdcfdf0a5199","stroma"
"345","0a29218f-dedf-49af-8564-6470dfb6ab30","epithelia"
"346","0a31d5b0-a528-406b-9453-6d02a6b5ec0d","epithelia"
"347","0a33e8fd-9cdc-47d6-84b2-dbde536e9792","epithelia"
"348","0a34e119-5861-447f-b2b2-8baaf02aa23b","epithelia"
"349","0a3c2fa5-127c-45cc-94e7-fdbe9535a3c8","epithelia"
"350","0a45e12d-f10b-44ac-bd0d-e7e57c5bd849","epithelia"
"351","0a4dfbb0-30bf-4f6a-a26a-ae74f842161b","NKcells"
"352","0a4f02f3-1e77-4bb6-90f0-7c9a5ba35c10","epithelia"
"353","0a5a1053-7535-43d7-b65d-285167fce88a","epithelia"
"354","0a5f5f3b-51ff-4502-850e-4d489f30edfb","epithelia"
"355","0a628b59-85c5-4692-b21a-3df692f48712","epithelia"
"356","0a66532f-6867-4720-bc3e-d526a3031f89","stroma"
"357","0a68b100-f10e-4b3b-9f30-97c528031eff","epithelia"
"358","0a69c292-1e2b-4e59-9b35-6b61d2caa2d1","epithelia"
"359","0a6f9e70-985e-4a87-a99d-c97f9b050cd9","epithelia"
"360","0a730aef-6b4c-4206-8427-a9e6912d2550","epithelia"
"361","0a7354b3-20af-4b6e-9e28-105d83c96b98","epithelia"
"362","0a75aa8c-492a-462e-b0f2-23788232bb04","epithelia"
"363","0a760d00-aaa0-4a55-b212-3f1e7878a0c4","epithelia"
"364","0a861351-f36a-4a8e-adbe-8b4b0eabcdb5","epithelia"
"365","0a86d042-bd6f-4422-8bf3-e17f2e1a521f","epithelia"
"366","0a8994c6-0eb4-43f4-80fd-0ba3e81aea59","epithelia"
"367","0a8aacc1-36da-4e90-a4c3-6148d695ac2f","epithelia"
"368","0ab3cf3b-49df-4bf7-bd8b-35e39e75e6ca","epithelia"
"369","0ab41bd3-b565-4b95-b0fe-a2b13f7f5734","epithelia"
"370","0abf7e01-7554-41f0-9d1f-5ed907c0a376","epithelia"
"371","0ac54aa5-70c1-4792-ad70-e14962ccf07d","epithelia"
"372","0ad4791d-ec56-4e08-a4df-53019f24b9a0","epithelia"
"373","0ae2d1f8-616f-4a3a-8925-4acd1091990e","epithelia"
"374","0af264c7-db02-4d39-9c0a-1f2ce768644a","epithelia"
"375","0af28ac1-5bd1-4fbe-8d47-4a990a42aba0","epithelia"
"376","0b075799-948d-4a51-b7e3-a216d01b6a04","epithelia"
"377","0b1c1901-ee97-41f7-b12f-8b5a7a3fad3d","epithelia"
"378","0b1fb748-b975-42dd-bc83-5dea564bcef7","epithelia"
"379","0b20a0b5-14cd-4004-a84c-e2f7a8f2c43b","epithelia"
"380","0b306a99-b9c3-49f2-9c1f-dd13b1e2f2f6","epithelia"
"381","0b38f4e1-4a67-4961-bf3f-42709e418825","epithelia"
"382","0b3caf98-6304-4637-9e80-3f1061415853","epithelia"
"383","0b50632e-6cac-49e8-acb1-0fef6d903459","epithelia"
"384","0b544177-596d-4402-b814-bde77f64d713","epithelia"
"385","0b600836-f985-4603-8d33-5e73eeaf9562","epithelia"
"386","0b601b34-9349-406c-bdb7-307a47d4b38d","epithelia"
"387","0b62a52d-646d-4991-b21d-a3eff5197c76","epithelia"
"388","0b6ce1b0-1b43-4e90-8e98-5b68479ee4ca","Treg"
"389","0b722be1-efc7-4ac4-a90a-b3cccef29b06","epithelia"
"390","0b7f7559-f48f-43dc-bcef-756a79cbb4dd","epithelia"
"391","0b81c4a9-973c-4b05-80c8-4398c3a4adeb","epithelia"
"392","0b831ece-7c21-4fd6-b6f3-755b607ad333","epithelia"
"393","0b8370d1-f8d2-4e32-8e9c-ecef645a4d3f","epithelia"
"394","0b9b8707-a5b1-4b63-94a4-f386f7a01dba","epithelia"
"395","0ba1ba69-d054-418d-bdb0-0749e1465d15","epithelia"
"396","0baa1463-216f-4d1d-b8af-538b4abc00ac","epithelia"
"397","0bad36e5-7d36-4d08-937d-be8ecaf11be1","epithelia"
"398","0bcf9b1f-dc8e-4f00-9c6a-7f34c523feb8","Treg"
"399","0bd27172-e166-4990-9c80-533276d29826","epithelia"
"400","0bd71bcb-ee30-4700-8937-46b63ecdf0bd","epithelia"
"401","0bda8005-e5c2-4a0e-b3f6-900a00026fee","epithelia"
"402","0be88b95-e12a-429f-bc93-0bd52249411b","epithelia"
"403","0bf439d9-2ff6-4c64-9ac2-488031ee2e29","epithelia"
"404","0c05c314-abb7-4ab3-8a6c-3881c88b4bd3","epithelia"
"405","0c0f5142-9b9b-48ae-8525-253e3288545f","epithelia"
"406","0c1311b6-1515-4451-bd2d-c1bd1cfb4a82","epithelia"
"407","0c159477-d735-4ee4-8542-e78dacc80b0a","epithelia"
"408","0c19cb8d-63b5-4a67-b8e3-79cb5d0d7487","stroma"
"409","0c1d3918-4577-4467-93af-184d87dfb6f9","epithelia"
"410","0c26fc5d-88a0-4626-9984-b655dd3cf9f6","epithelia"
"411","0c2f4457-44fb-4406-8b25-936002ba20bb","epithelia"
"412","0c4551d8-3116-4784-8798-915c7b7edb1d","endothelia"
"413","0c4d0d57-f436-4e82-be94-a14cf16154e7","epithelia"
"414","0c5d90a9-fa1c-4f2f-80cf-3bf24e8c7eae","epithelia"
"415","0c668eb1-0e57-4447-8024-b90565828af3","epithelia"
"416","0c694a00-8eb0-4efa-bb22-435614bd4b2c","epithelia"
"417","0c6aa149-0914-483b-847a-6541d0aa649b","epithelia"
"418","0c6ae658-a683-4dfb-8b7f-f18b869d1bfe","epithelia"
"419","0c70beea-8f51-4614-84a6-3450df12e966","epithelia"
"420","0c881bd2-4a2c-4a5b-9847-4867c09906b0","epithelia"
"421","0c903356-cc7d-4ebf-978b-fc23235c2a50","epithelia"
"422","0c93eccb-4df9-41a8-9d32-2bb2f9b21f4a","epithelia"
"423","0c960d17-177a-468b-9bff-edfeefebbac0","epithelia"
"424","0ca0c990-ccff-4147-ab74-8c836d181b37","epithelia"
"425","0ca56fb3-72d8-41e4-9af6-15db29449630","epithelia"
"426","0ca6df7f-1dfa-4b10-8a5c-e9531cde80ee","epithelia"
"427","0ca75b6e-d197-4102-9889-152b08463b93","epithelia"
"428","0cadc679-cdb5-4236-bdb2-fcdd8bca2e24","epithelia"
"429","0cb5c525-0ff6-4fa2-94b9-e00a95e5bbcd","epithelia"
"430","0cb61e9d-8b5f-4e71-8769-def3cb59602f","Unknown"
"431","0cb9beec-372d-479f-a4fb-869e346bae03","epithelia"
"432","0cbc1b13-958c-4aed-a1f4-980279d88603","epithelia"
"433","0cbe5e47-48d0-4559-9b5a-c6ae934856ee","epithelia"
"434","0cc13fd2-2268-4c73-9f38-e795330f3707","epithelia"
"435","0cc6eb16-45ed-4108-aa8c-f6efb6f12ae0","epithelia"
"436","0cd62d20-a794-45b9-898d-16e4947439ae","epithelia"
"437","0cd8e166-9c5d-4b13-ac55-170456f5346f","epithelia"
"438","0cdd2ef9-ecde-462d-9f64-54cd51958c87","epithelia"
"439","0ce1c45f-eb78-44f1-95d5-6f164dea47c1","epithelia"
"440","0ce8a867-d0ea-4e91-8252-314a61615db2","epithelia"
"441","0cee1003-f595-49a3-817e-499c8fe6fa3f","epithelia"
"442","0cf1d50d-5d01-44fc-aba6-83af8b77a08b","epithelia"
"443","0cf9b632-9930-47ec-9539-a3abf6891511","epithelia"
"444","0cfbff7b-5faf-41ec-8a92-1ddd3ac51aa0","epithelia"
"445","0d020765-d62a-4a92-a8bf-48f21e12c754","epithelia"
"446","0d042b0d-404b-4a6e-bf3c-35c65687d219","epithelia"
"447","0d0cdb1a-70e5-4a75-ba5e-19847c2f88a2","epithelia"
"448","0d160a93-87d2-4620-b19d-cd2b59d8df80","epithelia"
"449","0d1c1435-f0fe-465f-83b4-0ffb56f83cf2","epithelia"
"450","0d25f363-57af-42fe-b764-bf590d53e925","epithelia"
"451","0d26f0a0-b033-4c2a-8b72-7c91e6579730","epithelia"
"452","0d32cee1-7c78-4ae0-9064-72026b9e2a96","epithelia"
"453","0d336f32-0061-47e8-864f-1ec49cdb6128","epithelia"
"454","0d376618-1777-4647-9fbb-20f60d282853","epithelia"
"455","0d4b3257-48e8-4bf6-a472-4e56fa0db5ee","epithelia"
"456","0d4f4e07-3f0a-4254-bb84-ac2586ff219d","epithelia"
"457","0d51ec90-4d3e-4d79-b6a0-d236a2696046","epithelia"
"458","0d533f92-3ae2-4c0e-bb7d-560681850f1e","epithelia"
"459","0d5515ef-bb42-4905-9c6f-4af834c32225","epithelia"
"460","0d571839-20df-432c-a20b-527e7992bab9","epithelia"
"461","0d585269-a0c7-4ebe-b0f8-cd41fa739036","epithelia"
"462","0d5c389a-35d6-4586-8d3f-1d2f65890a24","epithelia"
"463","0d5d38fd-b099-40cb-81fc-dc044f374ab1","Unknown"
"464","0d659193-4df4-4c8e-acfe-9da2f13d48a2","epithelia"
"465","0d687408-d313-4f6d-b7a4-cf9b96bbdd43","epithelia"
"466","0d6e85f8-1d97-4e7a-ae8c-e82d619186b1","epithelia"
"467","0d786c96-8c98-41ba-a4d6-117b5266a379","epithelia"
"468","0d7af24a-2f88-4e8c-b441-193c5f54584f","epithelia"
"469","0d7b1dcc-0171-478d-8ad9-35713c6fe83e","epithelia"
"470","0d81e967-800f-401d-af10-9076b16ef246","epithelia"
"471","0d8e29b9-a217-47bf-b88a-c9b9c31cc349","epithelia"
"472","0d93a095-82d6-450a-bfe7-1a8d6c19afd5","epithelia"
"473","0da23a79-fd33-4b73-82b8-7986e4ae45e6","Unknown"
"474","0da2913d-4a77-47ac-8d0c-0caac0eb42ef","epithelia"
"475","0dabf7d7-040d-407c-bba1-325eb0f9d18a","epithelia"
"476","0dacaf28-17ac-443c-beec-681de0b1e262","epithelia"
"477","0db0a1b1-d225-4372-9407-2cb59e498b47","NKcells"
"478","0db44fc6-a963-4d8c-b6d9-99bc0ff9ee95","immune"
"479","0dcbd79e-2b5f-4754-beba-597a422f0a8c","epithelia"
"480","0dcc1921-3745-4ad6-9096-4a616bac16c1","epithelia"
"481","0ddd3277-ca99-4211-ada8-e07f12d9822c","epithelia"
"482","0de061b9-02e2-4ddc-b1a1-d5442cd69d41","epithelia"
"483","0de19f02-8d46-444e-8ce6-d68d37dc9906","epithelia"
"484","0de4e73b-c139-45e2-acdb-0fe36398d678","epithelia"
"485","0ded9fe4-85f3-414c-b083-ff9b6bdd2269","epithelia"
"486","0df7e1b8-e1a9-42e4-a2ee-a28b8e304e07","epithelia"
"487","0df87f51-7f0e-4b19-b3fe-094945bf082a","epithelia"
"488","0df957ef-603e-4953-87e9-b00d66c32ede","epithelia"
"489","0dfb9f80-904c-486e-8ed1-d1e25ae3ec61","epithelia"
"490","0e0005ac-4ff3-462b-a379-5035e06cbc84","epithelia"
"491","0e0de02b-ddd6-486a-8480-a31d784ae77d","epithelia"
"492","0e126f93-dc9f-423f-891f-4dbe4198ed95","epithelia"
"493","0e233006-8331-473b-ad60-f6cad81d6094","epithelia"
"494","0e2b83a7-51f5-4be1-be86-13c2777c6662","epithelia"
"495","0e2ce394-3e09-4095-80c5-e38ec963a0f1","epithelia"
"496","0e2ec9fe-1954-4f7b-8c40-2ca85af452d8","epithelia"
"497","0e308517-cd17-40f1-ad3b-f42a29c44942","CD8_T"
"498","0e3674e4-a7dc-4322-91b7-6d7c83cfa381","epithelia"
"499","0e392c15-92df-4bc4-8aed-c413f9baeb1f","epithelia"
"500","0e472a4c-0397-45e4-8bd9-c0c88ca00436","epithelia"
"501","0e6d04e3-3911-41cf-976d-cc95530dac67","CD8_T"
"502","0e6d9276-d43d-4be7-8289-6024fad24486","epithelia"
"503","0e7d181f-b54b-43f9-9dc0-22cf21727983","epithelia"
"504","0e894f2b-4386-46e2-a019-b8c3af6c4b42","epithelia"
"505","0e90118e-5d24-4c3d-8644-bc76acfeeff9","epithelia"
"506","0e94c805-1eab-433a-89cb-6cad61d52efa","epithelia"
"507","0e9dfd31-990f-4571-9dca-cc404362c58d","epithelia"
"508","0ea0e8aa-80b7-453e-970e-243c8abe0d17","NKcells"
"509","0eb84bee-6d8d-4886-a1e5-a891fa9a2b4a","epithelia"
"510","0ebe9353-a13f-4102-aab2-5133493481e7","epithelia"
"511","0ebf5ee1-9515-4250-93e4-1d52749f2db8","epithelia"
"512","0ec12b3c-907c-4575-9c16-c7f32f916d0a","epithelia"
"513","0ec44555-834d-423f-8a14-eafd2e4a0141","epithelia"
"514","0ed30e2a-ebb4-4403-a860-a0a40fe9c2cb","epithelia"
"515","0edff2d7-29f9-451a-8607-583f5bdff83f","epithelia"
"516","0eed200a-c8a8-4f1b-8b23-7395bc3ea9c1","epithelia"
"517","0ef1d355-dad9-41f9-8661-2f36aeea3bf4","epithelia"
"518","0ef665f8-9537-4b66-a860-80a3be69790f","epithelia"
"519","0f014b03-4f65-44c6-9115-03acc0fde781","CD4_T"
"520","0f053529-0062-461d-9af2-b5ccb2382c42","epithelia"
"521","0f05a72f-f3fa-410a-92c6-d20939027bda","epithelia"
"522","0f070fa8-47ee-4b23-95a5-2863bc045932","epithelia"
"523","0f1373aa-1077-41ae-a7ef-f60ea1647cdd","Unknown"
"524","0f156d83-364f-41f4-ad22-960bb54d0916","epithelia"
"525","0f18389a-2823-4e3c-8645-87462104e2a3","epithelia"
"526","0f1997aa-b45f-4ba4-ba85-2d4bb84020be","epithelia"
"527","0f1be5c5-b98b-4aa4-8214-8ea0e155d46e","epithelia"
"528","0f295861-f2ed-44e1-902c-2710b5a04484","epithelia"
"529","0f3feb1a-c21d-4b5b-93df-11e7bc08dbf8","epithelia"
"530","0f469137-c95a-4d2d-a95c-57391376dd8b","epithelia"
"531","0f469c8b-050b-47cc-b8dd-a686d65ea988","epithelia"
"532","0f4b10b1-e2c2-4981-abb5-dc69ef9219fd","epithelia"
"533","0f5bf742-08ba-404f-a9f3-350e5ae19c42","Treg"
"534","0f5ff661-7761-45a3-ba37-899847a2a5d3","epithelia"
"535","0f61e674-e423-4032-9047-f280ee51af21","epithelia"
"536","0f641d54-6ffc-484f-8a8f-39925ee3c8db","epithelia"
"537","0f657e61-0955-4525-b5a0-eb620188efb6","NKcells"
"538","0f6a8786-de5b-4285-a8ac-fdd974304b7d","epithelia"
"539","0f6b33d7-2de4-43e8-902c-b69300a3a9c0","epithelia"
"540","0f7b2303-5b92-4bd4-bd14-562207efbc13","epithelia"
"541","0f7d6ed6-0fc9-43a0-a0a3-554192adf367","epithelia"
"542","0f7e4d00-0c2c-43d3-9246-9196f7202b1f","epithelia"
"543","0f89b242-83cc-4ec2-9ecc-628ff5b1d252","epithelia"
"544","0f92da4b-0fd7-4d07-90c4-263884b64a59","epithelia"
"545","0f95b609-9e6b-435c-9417-52f23cffd010","epithelia"
"546","0f9d93dc-252a-4a25-b362-db2effee4f26","epithelia"
"547","0fa070b1-e2b5-4adb-8cb9-6257f4d2d5de","epithelia"
"548","0fa76914-e7ea-4a7f-acd2-ff0415375302","epithelia"
"549","0fab7c97-08d5-4028-b059-cbe5c06e0520","epithelia"
"550","0fb21c8e-59b7-4ed7-8794-813ae73e75b8","epithelia"
"551","0fc5aee0-4c43-4d99-9563-e895660cce5d","Unknown"
"552","0fce2809-89fd-433d-b7db-4b7b83e48a4e","epithelia"
"553","0fce8239-ae70-460e-a239-50bf3b0d8c5f","epithelia"
"554","0fd35cc6-63d7-473b-a344-edbbab62b20c","epithelia"
"555","0fde0dbc-1a5a-4863-81a5-aec08c740f87","epithelia"
"556","0feb8e58-3cc5-44e6-897c-af131e1a666b","immune"
"557","0ffe1cc0-f753-47b9-8144-8f5b11ddee67","epithelia"
"558","100264f8-2c3d-44fa-ab92-c80402663ee5","epithelia"
"559","1003bae6-0d55-44d0-b92b-030aef9b971d","Treg"
"560","10077ab3-235d-415f-9ffc-f3a8bc0b7356","epithelia"
"561","100a4186-afe4-450b-ab11-dba8464216a7","epithelia"
"562","1012e562-4f1e-405a-887a-04833b0026a9","epithelia"
"563","101a90b0-8c83-4f0b-9fae-6ca47681e92f","epithelia"
"564","101b87d3-ce97-4184-a365-852de4f8cbcb","epithelia"
"565","1027a209-b86a-4cc7-9fb5-0d8e04291d2e","epithelia"
"566","10281f81-52fd-43e2-95ab-0dd682a85a74","epithelia"
"567","102c4a72-cfdb-4a2b-881a-6b17b3ecdcf5","epithelia"
"568","102d1446-139c-410d-9a3c-c02ff7b80afd","epithelia"
"569","102e40fa-129a-4fad-8779-d8f4c535be0c","epithelia"
"570","102f6d76-9adc-4030-9170-9c0bc1510db7","epithelia"
"571","10302649-86ed-4a5a-a073-6a91683011b3","epithelia"
"572","1035ce45-8bc2-48ed-b7e6-22f38cf6ee01","epithelia"
"573","104c2570-0f0f-4dd6-a48d-c3b7451626bb","CD8_T"
"574","105302d6-bb17-420d-99cf-f9fc7fec7348","epithelia"
"575","105c4781-a5c8-43f9-879e-ea42b5fbb035","endothelia"
"576","106ead65-e053-403f-911c-0ed87187edfd","epithelia"
"577","10731a83-1262-4893-9b63-b2ad084fede3","epithelia"
"578","10778608-ad31-4748-9050-d9b5779e6e0f","epithelia"
"579","1079ddbd-6a0b-4c09-a20e-c2a6352430e3","epithelia"
"580","10805e8c-7436-4506-8419-6adb03af304c","epithelia"
"581","1087b21f-e090-40d8-b683-edfdf496f6d8","CD8_T"
"582","1091b079-17fa-4358-a0e7-dabd2d04b3a0","epithelia"
"583","109360a7-ca85-46f2-9c6d-c81485d40a11","epithelia"
"584","10996023-dff1-465b-8fb7-0cfeb613e81f","epithelia"
"585","109a359a-faee-49ff-b4f3-207033294cf1","epithelia"
"586","10ae1948-9d6e-4848-8533-37c6b91ca7f5","epithelia"
"587","10ae7f48-cfd1-46ac-964b-746fee2400a0","epithelia"
"588","10af5b23-a38a-46f2-a482-6d01dd156261","epithelia"
"589","10b0da19-f3ae-4b07-89c9-169083256d52","epithelia"
"590","10bf19c9-ea91-47a5-b3d9-6129260c5d26","epithelia"
"591","10c422f6-5f4e-41e1-9c1b-34f3795404bb","epithelia"
"592","10c5350b-961f-4b7e-b79d-88007ef28542","epithelia"
"593","10e5c052-37ed-4ea4-b6f6-4a5831b75ea2","epithelia"
"594","10eb62cd-93fe-430a-8ebf-8dd92d4ec778","epithelia"
"595","10eea4bb-7a40-4dae-acb2-099bc6eac204","epithelia"
"596","10f50b81-1bf7-451c-9cc6-9870d02eafd9","epithelia"
"597","11010a5e-801c-435e-8668-2eedd87e2e61","epithelia"
"598","1103aa59-ed7b-4049-9f76-95586cb60686","epithelia"
"599","1108b8f1-7f97-46de-9d35-81dc7a3bbee2","myeloid"
"600","1109debc-e22e-45b1-ba06-ec81679eee44","epithelia"
"601","110c5d35-23ae-4ebb-b51a-6aeeb39da1d7","epithelia"
"602","110cb1be-b571-4a04-9f2c-ad5c97b9bada","epithelia"
"603","110f2837-49e6-498a-bb7e-97062accc44f","epithelia"
"604","1114dd1b-ded2-4c47-ad7a-45b24f5f2711","epithelia"
"605","111cb315-9e0b-4300-b553-f4e83d2c5b8a","epithelia"
"606","11224a4e-0571-4be7-be07-60e1692c2fc2","epithelia"
"607","112f38d1-00b4-4795-9fd7-ba9e8f265bed","epithelia"
"608","1133d186-9e50-4b00-a656-de7ae02425c5","epithelia"
"609","11364b0e-e5c9-48b6-95e3-c16204be538d","epithelia"
"610","114a5cf9-972d-4784-931c-c9e78e5cc323","epithelia"
"611","114d98c2-e6b7-4446-a3d5-24f8b339ba21","epithelia"
"612","11628021-6bfa-4051-9cf5-8c6b9f1a1e0a","epithelia"
"613","116523c0-b817-4ad5-b07e-a579e4daad34","epithelia"
"614","11686c75-978d-4ff4-8be4-58600b0f4fa6","epithelia"
"615","116f20a5-bc27-4296-9fbe-321e1c35cfe1","epithelia"
"616","11a5f8b7-0572-430b-84b7-3acef63b1297","epithelia"
"617","11c2eba8-a960-4f80-b7ee-7291f9268b0f","epithelia"
"618","11c36cec-77b0-4be6-b604-229e99e690fe","epithelia"
"619","11c6e660-3308-4b58-b441-5db5065be737","epithelia"
"620","11cb5108-2e5a-4b4e-a8ae-4b145a82b161","epithelia"
"621","11e52a7d-3c3d-4b4a-b27f-3849aa748d6d","epithelia"
"622","11e5d43a-b7a2-4a78-b5c0-4a8dea4704a0","epithelia"
"623","11e60865-0ec3-4a5b-b082-5ec0051c0898","epithelia"
"624","11ec1767-05cb-46d5-bd9a-60110cc8cc98","epithelia"
"625","11ec6929-7081-4990-b626-6c80c1eb036c","myeloid"
"626","11ec8f2e-e930-4f40-b7d5-b9748ac46373","epithelia"
"627","11ed4107-449c-45aa-b268-b27d67ab4f70","epithelia"
"628","11efa47b-8e8f-4c4b-82d0-c21bc5ca469f","epithelia"
"629","11fb769e-6629-4655-93e6-3f6eac94a9f2","epithelia"
"630","1209b71f-6769-4427-86f6-172df1d7a64d","epithelia"
"631","1211339f-68b5-48bd-a0e2-d4a43deab01d","epithelia"
"632","1216b2f8-0c9c-4a0a-ac56-b5a352cd5a15","epithelia"
"633","121a77c6-e016-4b4f-b54b-84d673c002b6","epithelia"
"634","1221a0e2-4157-4965-82b5-2753aa48a407","epithelia"
"635","122989a9-afc9-4390-8d9d-cef9804d18dd","epithelia"
"636","122a6a20-d0b3-4917-a9e1-d34b5f92fc57","Unknown"
"637","122ba1fb-69c4-4fc4-92fe-396e517454d3","epithelia"
"638","122bd3ac-8927-4458-b9d8-967630cf5020","epithelia"
"639","122f0f84-e0a7-4ff1-8ae7-4c7eb9cee171","epithelia"
"640","12338476-7c9e-4455-ad55-c1b8916319c6","epithelia"
"641","1234f01a-a773-4dd7-b9c8-5c30e942c614","epithelia"
"642","12381d55-1a11-4016-8891-817eb7c811eb","epithelia"
"643","123ecf06-4304-4a50-98d4-e5226fd6e803","epithelia"
"644","123fa0f8-a320-4006-a0e3-87627d599342","epithelia"
"645","124693ec-bee4-41bc-a841-d2a2fa75064b","epithelia"
"646","1250af4c-3821-4fe9-b565-49a752ceeab9","epithelia"
"647","12587d92-7fc2-4262-b8c7-a80b99f5d1a4","CD8_T"
"648","125ccfe8-2e78-4eb6-9773-72e8b7a9f91d","CD4_T"
"649","125f01fc-d7e6-4688-8ef8-c63e5ca3b11f","epithelia"
"650","1264b1b2-7f1e-412a-ab1e-914facd58cf5","epithelia"
"651","1266a7ec-9b9f-4ce6-a0ec-1d4294ee5c3b","epithelia"
"652","127660ec-bd98-4299-b32e-ad19b34318d9","endothelia"
"653","127c1b81-4d39-4eca-a4a0-3957138981c7","epithelia"
"654","128c3473-5ac0-4ddb-82ab-0b1a019619bd","Bcells"
"655","12954653-a7c8-4948-8d8f-8b3bb0731a11","epithelia"
"656","12a231bb-5605-487a-8926-4b751ff1d899","epithelia"
"657","12b1676d-401c-4cfd-af51-fdb7bcc13ae8","CD8_T"
"658","12b7cb95-1714-48e2-b0d5-15ca37d0ff07","epithelia"
"659","12b83cb1-9369-4597-bcfa-bf1e3562d905","epithelia"
"660","12b9ac35-ad45-4e3d-93cc-4d3482b39b92","myeloid"
"661","12ba81e1-98f4-4b59-8894-24d2dc826d2e","myeloid"
"662","12bd389c-317f-40af-8a77-e28b494970a0","epithelia"
"663","12c07f44-bfd7-4fee-9ac5-2b16abf0f562","epithelia"
"664","12ceeef1-9a6a-4dc0-b05e-f692391017f5","epithelia"
"665","12e0d3fe-90b9-4b08-9790-d4507bbe8a93","epithelia"
"666","12efb0f8-c4eb-4a57-9fc6-338959f4d4d8","epithelia"
"667","12f45911-995c-405f-bf8f-0c0f415207ea","epithelia"
"668","13031562-80f8-461c-89cb-874a32833fb5","epithelia"
"669","131045be-f949-419c-8fb8-43aa13e94b30","epithelia"
"670","1324b2d2-630b-4fe9-baf2-3579b0ef566b","epithelia"
"671","1325bd17-b536-4862-8d80-6af557dfe235","epithelia"
"672","132921c8-ce90-4002-8c4a-9d363983774c","epithelia"
"673","132ecab1-1296-4099-8fd0-00e569c2c0da","epithelia"
"674","1331003e-386f-405d-8505-939124cad26e","immune"
"675","13350929-a490-4906-bc45-86db19f8b1b2","epithelia"
"676","133714a8-b24c-4c64-87a2-fa04db155ece","epithelia"
"677","1339d3b8-6405-4d62-bef5-b0c763dbaa46","epithelia"
"678","133b253e-d2d2-42b0-a020-83f730c5883d","epithelia"
"679","133de8ac-d163-4e1b-956c-1485eb9080df","epithelia"
"680","1340c45c-910d-430f-8b5f-3d55e2149318","immune"
"681","1348beb3-345d-4537-b9fd-625f7841d7ac","epithelia"
"682","134ef771-7216-47ec-987d-503498fe1dd6","epithelia"
"683","134f92cc-7e0c-4757-a713-bab1379c5920","epithelia"
"684","13540684-055d-4e90-820b-daabab52657d","epithelia"
"685","1355a143-2d1d-4058-b272-b1f18ecaa1c6","immune"
"686","13560bb7-18b9-4dd3-ba74-e9b3c2a5cb49","epithelia"
"687","135aee5d-5bf3-402f-a8ff-34b110cd7a2c","epithelia"
"688","135c9abc-5df0-4902-a87f-7ead0676ae0b","epithelia"
"689","13788fe4-4855-4b25-b08e-70ac6c9c622d","epithelia"
"690","137a17c5-1907-4e66-963c-67b462d80ff3","epithelia"
"691","137c86c5-a195-4f86-82e2-e5e6b048f1b6","epithelia"
"692","13965b6b-9d14-47e7-b4f6-76ff26027638","epithelia"
"693","1398e197-a49e-4c71-b210-96ff2b4baf83","epithelia"
"694","139a7483-bfcb-495f-8bca-4c42d588b429","epithelia"
"695","139e26b0-8a3b-43a1-88ed-13171edcc36f","epithelia"
"696","13a1ef42-7629-4af3-981b-3437a2a6c769","epithelia"
"697","13a2701e-979d-4a37-82fb-e8603c56b2fc","epithelia"
"698","13ab8e6f-bb8a-4b25-a77d-abacbc45e93b","epithelia"
"699","13b8fac4-6d1a-4bba-b52f-b575cfbba5ba","epithelia"
"700","13bc03f6-1c99-4744-8a9d-bde2b7d98aeb","epithelia"
"701","13be3501-2d10-4829-875a-359d45baf3f4","Unknown"
"702","13bea19e-250b-4cc5-bc61-c6d54b8c96a8","epithelia"
"703","13c34e67-b4bf-4070-a926-dd8abfe1dac9","endothelia"
"704","13c48871-6631-43c3-afba-d418f2976a76","epithelia"
"705","13c8b0bc-995c-4af9-8f8b-b7a2fea2dd62","Unknown"
"706","13d09268-9c4b-4825-85f7-4213b8fdd713","epithelia"
"707","13d777b1-0c7e-489c-b3af-51e28ef040bf","epithelia"
"708","13d8bdec-45b6-4f8a-b702-231c5b751444","epithelia"
"709","13e1e7c0-5502-4135-b620-567008fd85e0","epithelia"
"710","13e35850-0b06-49c7-8dfc-3ca0a22fb4ff","epithelia"
"711","13e5c711-95c6-4d13-a8e0-4346f90b9a4e","epithelia"
"712","13e5f57a-eea6-4003-bcc7-82656d93eafd","epithelia"
"713","13edb500-8881-484d-ae75-8f789fc4c5b4","Treg"
"714","13f7f084-fe35-4e74-b6c7-7ed0e9dfdd73","NKcells"
"715","13ffa561-b659-4c72-80cd-896dc7e215b5","myeloid"
"716","1408f01b-cb7e-459a-8b41-bb19d1d80211","epithelia"
"717","140bdca0-502b-44bf-acb4-4dd0c86a2455","NKcells"
"718","14105e4c-d938-4645-ad9b-1f4bf8ea2c27","epithelia"
"719","14154aa2-907c-4df4-9788-b02ae57ee18e","epithelia"
"720","141d581f-993c-4daf-a1a0-4cabe4e2d894","epithelia"
"721","1422eda3-d828-4d5c-a4cb-a6ca9f432108","epithelia"
"722","1426bb46-6b81-4a8b-8e38-96a33a9715a7","epithelia"
"723","1427e9f0-3029-4209-8683-be819273feaa","epithelia"
"724","142a4832-2b1b-4623-927a-26b184715098","epithelia"
"725","142f410f-7fbc-4dde-bda4-d0f277949ff8","epithelia"
"726","143f3b0a-689d-460d-8cb4-84c69a767368","epithelia"
"727","1449fa85-3d9d-4f9b-bd6f-fe81ea97f196","epithelia"
"728","1453425a-3eeb-48ea-9133-07ca7809a6ca","epithelia"
"729","14546e0f-06ab-4bc0-b483-59e913ead24a","epithelia"
"730","1457527c-5c19-425c-89de-589e3a0ef515","epithelia"
"731","146049b5-7ebf-4015-90a6-a43eee90ac5e","epithelia"
"732","1476d0e1-537e-41cd-b16a-ed4bced921de","epithelia"
"733","14780aee-bdae-4ff9-b60c-cef13fae9ec3","epithelia"
"734","147814d0-7e49-4b11-8a08-c2dc27a9e49d","epithelia"
"735","147a1bdc-9ea7-4d47-b2e0-b390987dacf6","endothelia"
"736","1480f8c4-93c5-47e7-9024-d76da3127615","epithelia"
"737","14851eae-8317-4b53-b4f7-5e777b5902f3","epithelia"
"738","14874eb3-ff78-41e3-8cee-b8a5006e87e4","epithelia"
"739","1488a08c-9ba4-4a6c-85c8-6662421a21df","epithelia"
"740","148c0d2c-1f6a-4a20-8459-902206dd2cdb","CD8_T"
"741","148f481e-7f72-47e7-958b-ee2b31d6ac21","epithelia"
"742","14924b1f-8fb7-439c-8a84-40ba91643d3d","epithelia"
"743","1492bef0-1fd4-4729-a50c-85f9ffdf5d86","epithelia"
"744","14a1636f-fe07-4b7b-af7b-54c1ade0746a","epithelia"
"745","14aa6964-5714-4cee-bc9b-d61adf3167da","epithelia"
"746","14ae835b-1db4-4c3c-918e-457cb6f7db9a","epithelia"
"747","14c0c198-976d-4b79-8c45-b203bea85110","Unknown"
"748","14ca027f-236f-4477-91d2-ab00f9686469","epithelia"
"749","14cfd1dc-7ea7-4361-b015-0ea548e9fb42","myeloid"
"750","14dc57f6-c039-4e9a-875b-e23312235ba6","epithelia"
"751","14e31499-e87a-42d4-b07f-84959243e9ad","epithelia"
"752","14e9ed35-1384-4528-aaa8-b7f8b010051b","epithelia"
"753","15028b0a-3099-4b1f-9dbd-856d0fcbf438","endothelia"
"754","1505879b-c7c9-4014-991e-3de264f13896","epithelia"
"755","150ddbc4-5488-48e8-a11e-20b6126cf6bb","stroma"
"756","15125b3d-7e2c-4cd9-97cf-c2c6378e0632","epithelia"
"757","151bb002-10aa-4fe4-89c8-822f2b120496","myeloid"
"758","1529d085-8b16-4bfe-a5f1-e8e937cfab20","epithelia"
"759","1535a4d3-fae2-477a-9979-edde7d983bfc","epithelia"
"760","153add6b-a847-40ad-8d9a-c9ea7ee0d69a","epithelia"
"761","153b7e41-2503-4cf4-b544-30ca3d47ad74","epithelia"
"762","154334d2-a57a-462b-8d8d-bf3e2e53570c","immune"
"763","15450ba1-4ccd-4744-9228-addc81138269","epithelia"
"764","1552b36c-d6a7-452d-86a1-c09808a6c7e2","epithelia"
"765","155a84d4-58e8-4fb6-ae8b-06e04c67833c","epithelia"
"766","1560f828-4095-41e6-ba45-36fa8bd0b34b","epithelia"
"767","1561ae1f-3043-4dd4-a196-d903d03e7a26","epithelia"
"768","15643a2a-cbd4-4a1d-a9d2-1db7b2fff59d","epithelia"
"769","1565fb0a-e64e-4680-8962-29e122b25cd2","epithelia"
"770","1569bafa-deec-4cdc-b7dd-aa2ca9cc7826","epithelia"
"771","1571e9ae-9e70-4c35-8f56-b6ddc70315a7","epithelia"
"772","157ea3e1-33cc-4f9d-9f50-7e9f06b167bb","epithelia"
"773","1585dcb4-f56b-4517-a910-df0368e69b3d","epithelia"
"774","158e08f2-74ea-495b-8e81-58986a252366","endothelia"
"775","158fb53c-cc57-4113-a4a7-02c0ccac6110","immune"
"776","1595c0b2-0310-4a29-b497-2394919b9e86","epithelia"
"777","15968f8e-edd0-498d-8ce8-344cfb886848","epithelia"
"778","15a0b8c0-1599-4093-b481-6874358c0f58","epithelia"
"779","15a48ce5-edac-40ef-9e8c-ba03c851e0de","epithelia"
"780","15a4a1c6-8f86-477c-a60e-ab0b4b7eed53","epithelia"
"781","15a82903-8205-459d-9c91-1b485b02c8eb","epithelia"
"782","15b71292-9b8f-404d-b7cb-4e3797dab232","epithelia"
"783","15b8c1b5-0f81-459b-9641-c8e0c4fc81f1","epithelia"
"784","15ba737f-37ca-4449-b4d1-2690881a8175","epithelia"
"785","15be690d-a5b9-4dce-9de2-76151546d30f","epithelia"
"786","15c2799e-9c02-4b75-981d-fa407ec4c3b8","epithelia"
"787","15c86edc-a9f5-42d9-999a-71d7917f890e","epithelia"
"788","15cdb5cd-f09c-47b2-bc1c-7a76c59a0a83","epithelia"
"789","15d2a3cf-c063-46c8-9db1-6ffdcbb3562e","epithelia"
"790","15dbf180-8b49-48e4-934c-b4b7d2449496","epithelia"
"791","15df80df-f5b1-40fb-bf0c-e4f7bcf7366e","epithelia"
"792","15e51d71-493f-44e3-aa7e-ac60f79e881c","epithelia"
"793","15e6e772-3f35-4277-b4c0-aaa50bd3c1e0","epithelia"
"794","15e94146-2f72-42d9-b47a-7421366c4833","epithelia"
"795","15ebe540-c7e2-42a8-9050-17202642354b","epithelia"
"796","15ec522a-96c0-4570-bd98-714f1a09dd07","epithelia"
"797","15fea8bc-48b7-4db4-88b7-a5c262e1f9a2","epithelia"
"798","1603dea5-7d3c-4ef2-a1d6-359e2fe169ab","NKcells"
"799","16079293-9ab4-47b7-a97c-0a60e9558455","epithelia"
"800","160a583a-47a4-4a41-b390-641fc6edf298","epithelia"
"801","1613e91f-845d-421d-8fdc-1b6a75aead35","epithelia"
"802","16154cee-4fc8-404d-bae4-5b5c3f77f025","epithelia"
"803","1615855b-1d0a-45f9-8038-d62811748040","epithelia"
"804","16184784-6ed1-4016-908d-ce722244bdcc","epithelia"
"805","1623f4aa-e2e6-469d-8c27-11da8de59073","epithelia"
"806","16357747-0766-4692-bcdc-782f0ab1fdda","epithelia"
"807","163a3fec-a21f-4435-a7ca-dab9bd55f672","epithelia"
"808","163f386b-1efe-4918-9141-7bf8bc70c8a0","epithelia"
"809","1644fb1b-1ddd-4e76-8e1c-8b3c0d060d87","epithelia"
"810","16453ea1-4b4f-49ae-91a9-ea7c946ffce9","epithelia"
"811","16577ebf-c06b-4a82-8250-6014d3e136e0","stroma"
"812","165c7e8b-dd85-4318-846d-28a4b7d1660c","epithelia"
"813","1663ac30-0008-4026-bcfa-2dffa92db874","epithelia"
"814","167299c8-1395-46f3-ba24-123891849d4b","epithelia"
"815","16759008-4aad-49ef-844e-1f200b2e856e","epithelia"
"816","167a96b6-44f5-4a77-a402-c7e8f8d2625f","epithelia"
"817","1689567b-40ce-40e8-9d2b-0bd05dd4b6c2","epithelia"
"818","168b26dd-fa46-4b97-a85f-199e47da8d9c","epithelia"
"819","168bd841-8704-4ad4-9d2f-5767a03b7d1d","epithelia"
"820","16996468-b638-4343-b9b6-35a85a4397d9","CD8_T"
"821","169de583-5f8c-4f0a-bb4a-68f750a8055f","epithelia"
"822","16a413d8-2f4c-47ec-8999-8c7f3d9352e2","epithelia"
"823","16ab80bb-2e9e-4787-839d-df8710596748","epithelia"
"824","16b50cfe-0cb8-4156-bdc6-5300aaaecf88","Treg"
"825","16b6eb1a-3c72-4e88-93ec-e27ab9a79d22","epithelia"
"826","16c22adc-ed40-4ce8-9e85-cb2195e267e8","epithelia"
"827","16c2345e-5807-4148-ba04-7556808b496e","epithelia"
"828","16c2bfc5-ea34-4d2f-947a-0480292fd8e6","epithelia"
"829","16c51785-12a7-48fd-9c50-a94b85c7ca7c","endothelia"
"830","16cc7194-9402-4db2-a141-700a8605a410","epithelia"
"831","16d6bcc5-fa05-4f38-aa08-a1ec0b800e25","epithelia"
"832","16d985a6-6a77-4e9e-bfe6-3f96ed134591","epithelia"
"833","16db7070-0ac3-4114-859f-21ca4d9e21c4","epithelia"
"834","16f62c66-a87d-43ae-a29b-da070f34e73d","CD8_T"
"835","17020ead-2277-4054-8cb5-18f8061d4b52","epithelia"
"836","170632dd-cf52-40ad-a5de-596908c1915a","epithelia"
"837","170aef76-4453-491c-8b03-df484b10288c","epithelia"
"838","172609e3-8640-4d99-bbd1-3e9b04278f87","epithelia"
"839","172b0e93-9d35-4e4c-860e-90b0fde2db94","epithelia"
"840","172ca808-0bd8-4bee-a8d7-5e3f74a22c08","epithelia"
"841","174193e1-6017-4ba6-be29-c975ee39ddcc","epithelia"
"842","1743a325-c83f-460d-829a-0e0577bf97d3","epithelia"
"843","17534c9a-ab56-4593-bb69-2b9d039e7be9","epithelia"
"844","175d66e9-528f-4410-9d19-ce9f76bc3e71","epithelia"
"845","1760b4e2-2e38-40c4-9682-29197200f2df","epithelia"
"846","1776cb4e-a763-463e-9073-aeb65dfbbad2","epithelia"
"847","177a188f-990f-48c7-8d2a-9372dc8e8c66","epithelia"
"848","177d6437-23f4-4d2f-94da-6dda45d2e04d","epithelia"
"849","177e52ed-c695-47cd-91c4-f7c3abfebc2f","epithelia"
"850","1782744e-b384-4069-8afe-d0ac5c5e0d7f","epithelia"
"851","17873048-72ad-48f9-9208-dd1f641bb484","epithelia"
"852","178b4726-2263-43ad-8653-9ef196e0afac","epithelia"
"853","178def6c-9742-4e11-9d30-b822d01e45ce","epithelia"
"854","1799b3ba-841c-47ad-9559-caf8b7c88c01","epithelia"
"855","17a7befc-e37b-45d7-90ca-b540300ab38d","epithelia"
"856","17ac8cba-9aad-4a9b-be82-970dd6c0ff0a","epithelia"
"857","17b15433-2dce-4e04-98c0-151f09f56f5a","epithelia"
"858","17b8a833-4d1c-4322-90d5-270aa27d5844","epithelia"
"859","17bf6a13-0fda-4f98-826e-ece3f028125b","epithelia"
"860","17bfa593-59d0-497c-b94f-00d632ccfe94","epithelia"
"861","17cab48e-01b6-4d1b-b6d7-dcf74863f250","endothelia"
"862","17cedf56-b65e-4d17-b9a8-5ca949ba8dd9","endothelia"
"863","17cf85ed-0cf1-46da-b617-fcc85f84589b","epithelia"
"864","17d9b4f5-5fef-45c6-993d-9b45aab1d30d","epithelia"
"865","17e364af-06ab-4b3f-9544-b9fabd0e608b","epithelia"
"866","17e8caed-4e5a-4ce9-b761-69d7a373eedb","epithelia"
"867","17e8dfae-eeea-4054-b090-b5495796d4ae","epithelia"
"868","17ea9b03-a3bb-439c-a023-b7f29a0f0d7c","Unknown"
"869","17ee53cc-1f0b-4695-97d8-d5a4936abe4c","epithelia"
"870","17f68d6a-1462-47a5-b562-ee411a78ef92","epithelia"
"871","1805d27d-b182-4695-bb83-7c1b5af9cdc5","epithelia"
"872","180894d7-dfd3-49f1-a125-7ff04f71a00a","epithelia"
"873","1808f547-54cd-45c8-b5e3-a5d0f5829963","epithelia"
"874","1809206d-8695-4c94-99f4-30db61e957ff","epithelia"
"875","1815d3f6-d0dc-4b2f-8bc0-2d3df5bb4a6b","epithelia"
"876","1820f30c-dcce-4dec-8bd7-3cfa4672949f","epithelia"
"877","182a48fc-e2f4-44dd-945c-9458d3ea5e1c","epithelia"
"878","183c03df-84ea-43d9-9ad4-3bd5a731b9f9","epithelia"
"879","1843450b-9859-44a4-adc8-99de3836754d","epithelia"
"880","1846dc34-e0d8-44fa-a5f8-56f2e1e9b626","immune"
"881","184ea09f-bf15-4345-9827-97feae7a0047","epithelia"
"882","18548f64-069d-4e6e-871a-89b4c682bd36","epithelia"
"883","185996e1-5429-4812-98b3-40b3416e9a76","epithelia"
"884","18686ed8-f467-48f0-980a-552c83fd8f2d","epithelia"
"885","186c22aa-9623-485f-9762-07cfc3a9d072","epithelia"
"886","18722d57-f1a4-4af2-9303-6cd45c565e76","immune"
"887","18805399-bccd-40fe-97dc-0307346a8f9e","epithelia"
"888","188336ef-7ca3-4987-bfbf-92b345b69f46","epithelia"
"889","18883164-70b1-4d05-9a6a-939623bf2117","epithelia"
"890","1892411f-683c-471c-bae6-bb8d923e10d0","epithelia"
"891","18ad3c23-a12f-4751-97fb-8837f28dd293","epithelia"
"892","18aed66b-9cea-49b8-a8bc-26746605c467","epithelia"
"893","18aedd4a-dcdc-4fca-8a9e-f447b1d5ea36","Treg"
"894","18afe519-3321-4bfd-95e0-e6dec40ed3b5","epithelia"
"895","18b54f20-6497-43f2-9ca5-03d12e4da625","epithelia"
"896","18bc1ecc-b400-4bf1-8c5d-a8a4b051e0f2","epithelia"
"897","18ca8783-f7cb-4da4-acdf-7fd1c2a1a6e8","NKcells"
"898","18e88303-3bde-405a-8407-361706ee2051","epithelia"
"899","18ee109b-f012-4d94-b4bb-5a717d63ba60","epithelia"
"900","18f0fcfa-64e5-44c2-94f3-50ccbc1a3b7f","Unknown"
"901","18fc8a44-8f09-493f-9d08-c3e8127a08c4","epithelia"
"902","19043ace-6c1f-40ce-8c6c-43d0dade6322","epithelia"
"903","19086118-be64-4338-b978-503abffccc19","epithelia"
"904","1909279c-b3e7-41ca-b253-ba5f99e4be63","epithelia"
"905","1914ec7d-2964-46fd-8fcc-5f77f000d55a","epithelia"
"906","19153950-e32f-4365-a4a2-171ed4960c07","epithelia"
"907","1921d442-80b2-4d6d-a66d-612a3a2d4327","epithelia"
"908","1925038b-0aea-427e-b1e9-500a29410376","epithelia"
"909","1934c5ef-c3be-4dad-9fcb-5cfa0f3f4e17","NKcells"
"910","1939525a-28e2-4069-ab15-56bb2cb8f482","endothelia"
"911","193b935a-7ce0-4ba9-8996-d6cf96e2119a","epithelia"
"912","194c9e89-082c-43dc-84a9-431b53d898c9","epithelia"
"913","1954529a-9aaf-430e-8bc6-58c8ab0171b4","epithelia"
"914","1958cf25-8e67-43f5-b592-a7bb29a222ad","Treg"
"915","195a34d5-3baa-4320-a6a9-751cf1105e72","epithelia"
"916","1961282d-2c01-49f4-bed2-c5893c68e5ff","epithelia"
"917","1967d535-da1c-4334-9784-453d890a160c","immune"
"918","196a6d16-ecc0-46bd-913d-103f65aeaff2","epithelia"
"919","196d0a3d-77c0-422a-b7ce-b0b841913711","epithelia"
"920","1972fbb7-3790-4764-88a6-1661eb37a644","epithelia"
"921","1981c9e2-30b1-4d00-8e5c-d13b8a1446f6","epithelia"
"922","19842748-5ad3-4678-bda2-c6082e17859c","epithelia"
"923","19853532-9720-4399-883c-518e8d4d1d8d","epithelia"
"924","198bf282-dd4d-460a-9838-f6d6c77419bd","epithelia"
"925","198e2ee3-ccf6-4d11-827e-ab2adb89dfa4","CD8_T"
"926","1997b2e1-6629-4ff7-b09c-d03e926f69d0","epithelia"
"927","19a8e2ee-ef31-432e-9e57-45d8f7799e36","epithelia"
"928","19b4f518-a71d-4968-aff9-4d8edbfb8217","epithelia"
"929","19ba276c-3086-4be4-a0a0-2b249cee19ce","epithelia"
"930","19baf6b0-2a3c-441d-b9c2-c521c443a6cd","epithelia"
"931","19bd01ee-29af-4043-a95a-690b49fd5dab","Treg"
"932","19c20302-b9c9-4cea-b33c-c640c82a5339","epithelia"
"933","19c8bd70-8bf4-4c77-adf3-c3462fd87273","epithelia"
"934","19cd24a6-0c1b-41b5-815e-0209a7b8ee57","epithelia"
"935","19dafb6e-4bb9-4f78-8a60-63cc419e2a61","epithelia"
"936","19e50dc6-7588-46f5-af3e-66d0307c997f","epithelia"
"937","19e69c8f-3453-4612-afa5-40509d8a517a","epithelia"
"938","19e78cc7-b0a7-491b-ac82-b5652156ebf7","NKcells"
"939","19f6d6c5-f5fa-4163-9752-b1ea2a6f7eb7","epithelia"
"940","19f80ca6-d2f8-454c-9c42-11740aa11196","epithelia"
"941","19fb992a-3563-4965-be8a-0250db6dcd7a","epithelia"
"942","19ff62bf-2b72-454f-896c-c4d28fbda81c","Unknown"
"943","1a0a17ff-4143-4a8c-8070-19d01b3374ba","epithelia"
"944","1a0d698e-9a22-4da5-94db-c44e40d9ae8d","epithelia"
"945","1a1a5bf2-790e-4594-babf-3590fff9c6cb","immune"
"946","1a256384-8657-44f4-8315-ae60bf56b1fa","epithelia"
"947","1a278a55-7aba-4d4d-a561-0b7467f2936b","epithelia"
"948","1a374527-e068-458a-842f-c564c6b415c4","Unknown"
"949","1a390d31-9897-4238-bb4d-34c75dc609f5","epithelia"
"950","1a3cfa65-1be2-4a30-b25c-81abc9171a98","epithelia"
"951","1a41995d-4328-483e-985c-317f9ffaefaa","epithelia"
"952","1a49a621-0040-4d08-8223-32903db24429","epithelia"
"953","1a49af5e-c403-40ed-b41a-d9c18d5ff563","myeloid"
"954","1a4b3ddd-8408-4bfb-a468-c96729b0e810","epithelia"
"955","1a5bd160-063a-4178-8736-093f9c8d7f46","epithelia"
"956","1a5ea5fe-d990-40cf-bf38-ee91ad122686","epithelia"
"957","1a5f0b27-94a8-4484-a3c1-2f80e3893df3","epithelia"
"958","1a7c3337-3f03-4985-abec-34f09e1cd9dc","Unknown"
"959","1a84179c-ba58-4f11-883d-6fe639186fed","epithelia"
"960","1a85fcb9-bfc4-4aea-9d4f-05f549593e03","epithelia"
"961","1a8638e0-87c1-4e3f-94e1-e71821d4a431","epithelia"
"962","1a87e9d9-f0b7-4ae3-975f-95aea9419ca5","epithelia"
"963","1a87ed81-4226-40ce-973d-8cda1fef6d44","epithelia"
"964","1a910fd6-fae0-4fd3-bf66-cf472aec55eb","epithelia"
"965","1a966beb-c6ab-4273-8ff2-dbad46b0d66e","epithelia"
"966","1aa0090c-c16d-46a4-9634-b82708e5e92c","epithelia"
"967","1aa7b10b-c15f-4c3e-a07d-37b3599aa389","epithelia"
"968","1aa9a8e6-6b98-4bc8-acdb-3c093913057f","epithelia"
"969","1ab7fe00-fd97-49bd-9cb8-822546a5695f","epithelia"
"970","1abc8ee4-0d15-4f93-ad46-0b34910c4b80","epithelia"
"971","1ac1a0b4-d054-4af0-b333-86f443348c56","epithelia"
"972","1acde9ee-ae2e-4058-a738-e5c9d0b36897","epithelia"
"973","1ad43f6f-d127-4635-8dcd-aaa980cd3062","Treg"
"974","1addcc38-cfcb-4a8b-9568-5568e9bfeb72","Unknown"
"975","1aed5d6a-a4ea-4d6d-9334-e5b47c64ebf1","epithelia"
"976","1af1ea1a-ea31-457d-8432-46148e79f7cd","epithelia"
"977","1af5ebdd-4a65-41fd-ae03-77a5c19fa5b6","epithelia"
"978","1aff1a83-80ac-47df-8d8f-d2bf897206cb","epithelia"
"979","1b0b3d23-2c26-45d3-858c-35fbbb30557a","Unknown"
"980","1b134272-65e0-4741-8518-be35821411b6","epithelia"
"981","1b14a386-0e00-4b95-a604-7ceb7a18d534","epithelia"
"982","1b164d08-c168-4779-866b-3e50365af7f3","epithelia"
"983","1b215958-e249-4b47-a05a-2d79f24f1deb","epithelia"
"984","1b234284-60ea-4c0e-bc5e-9f25656d17d9","epithelia"
"985","1b27e6fe-9e69-43d8-be63-7cbbd7525341","epithelia"
"986","1b2c50d9-6c43-4937-af2c-171cda87f535","epithelia"
"987","1b2e33b0-13d2-45fe-ba0f-b47d680c34a7","immune"
"988","1b2faa0d-3c0c-4269-a461-416f90688dab","epithelia"
"989","1b305329-de15-44d0-87d3-02c6b1bfd50f","epithelia"
"990","1b3d2c2f-083d-46c0-9cc6-2d049e555ffb","epithelia"
"991","1b3f83c4-339d-4c4d-a69a-037af6748289","endothelia"
"992","1b432c8e-6d1c-41b8-807b-f839195bb6e9","epithelia"
"993","1b4512c7-d395-4ce2-a9a5-e30fee04ab38","epithelia"
"994","1b4714fc-9d75-4872-82d3-b51fc358af4b","epithelia"
"995","1b48428b-bc54-49ae-9c7c-ca30ab2e1ddf","epithelia"
"996","1b56623b-7f44-4919-ba7f-c4d33e07d5c3","epithelia"
"997","1b57b852-4a73-4b0f-8ef9-dae50d1480fc","epithelia"
"998","1b5a82ee-1152-4a2e-b90b-86dd5eba28ab","epithelia"
"999","1b5f4e6a-d61d-463b-b5dd-d60287280d64","epithelia"
"1000","1b688077-e149-4101-bced-deee1c25652c","epithelia"
"1001","1b735174-b0f2-4005-a040-5537dfa3b7a8","epithelia"
"1002","1b7b0e13-0d60-4a03-9c44-88d605d6067b","epithelia"
"1003","1b822751-01b1-4089-b7d1-7543fea38bd0","epithelia"
"1004","1b83a8d7-4324-416d-93e5-4966e87ec12f","stroma"
"1005","1b9624bb-aa1a-40bb-b22f-eab9945222f8","epithelia"
"1006","1b99806c-6b36-403b-9cf2-200517d30f4d","epithelia"
"1007","1b9f7b92-6e90-4e6a-91de-5f6c88830e9c","epithelia"
"1008","1ba3c39b-1c29-4916-aa22-14b847ae6948","Unknown"
"1009","1ba6335b-342c-4f13-a96b-57b1792e49c6","epithelia"
"1010","1ba86d95-cc58-4e2d-848c-aea4d2fc129e","epithelia"
"1011","1bacf19e-6fa3-4b23-a1a8-4331864c2103","epithelia"
"1012","1bb039d6-42d6-4536-b836-7ca35a48e9e4","epithelia"
"1013","1bb383e4-26c1-4ac5-8a38-13c9fc81c7b5","epithelia"
"1014","1bb735e5-2081-4248-8415-71b9f924ad28","epithelia"
"1015","1bb87e0c-092c-444d-b36e-ec0185cab088","Unknown"
"1016","1bbe35de-0fc3-4320-99f9-cfd3bc9d1ac8","epithelia"
"1017","1bd749b3-8294-446c-a13d-ca2ad4ce1ed0","epithelia"
"1018","1be253e9-0946-4a40-b62b-bb7e93d2a07a","epithelia"
"1019","1bee339c-9c78-4a3f-b18a-cd261839adce","epithelia"
"1020","1bee8fad-4192-45dc-bc15-a82b01f6d883","epithelia"
"1021","1beffb88-e6a6-4a89-957a-8462aa930de2","epithelia"
"1022","1bf01f3d-cfb0-48be-a5e5-79d7234bb70f","epithelia"
"1023","1bf466e4-3302-4318-aab6-8ff1ae089ddd","epithelia"
"1024","1bf5d64b-4739-4379-9c6c-5c04857150b2","epithelia"
"1025","1bfabf59-a7a6-4850-b9fe-6aee45190b65","NKcells"
"1026","1c01e759-e376-4251-b7fc-a81741677696","CD8_T"
"1027","1c06530e-b17d-4978-9aef-4b9d5ac27575","epithelia"
"1028","1c10a9cd-a4d4-4548-ad6d-f257410f13f2","epithelia"
"1029","1c110f31-0f87-4a97-9ffc-118bf91d1f38","NKcells"
"1030","1c11c0d8-292a-42c5-a446-0087a3a8ba95","epithelia"
"1031","1c170e72-be01-4eb1-be56-ced028d56cba","epithelia"
"1032","1c210aa9-8cb6-4565-a818-262db973f52e","epithelia"
"1033","1c2ed9da-fbb3-4618-80fa-5196a3960d8b","epithelia"
"1034","1c303ecd-01ef-44cd-b08d-c1a2db75cb4a","epithelia"
"1035","1c352c93-6de6-41d5-89dd-59118675b8a5","epithelia"
"1036","1c3e9ebf-b869-4dc6-8ba2-76d3d4933188","epithelia"
"1037","1c445069-1110-4b95-a25d-c4cfac81cdbf","epithelia"
"1038","1c4a9370-fd7f-4da8-bdc3-fe5e758b3963","epithelia"
"1039","1c53ad7f-62c6-47e2-9429-9a1089c2bb4d","epithelia"
"1040","1c57c8e0-9cb7-4bec-82b2-f437a4760804","epithelia"
"1041","1c58d3bf-16e7-45b9-8b90-b5b1c7a256ff","epithelia"
"1042","1c61e519-a6ad-4d3e-a36d-0929f49b9f60","epithelia"
"1043","1c664f6c-4264-464a-84d2-f94c2026d937","CD8_T"
"1044","1c7bc444-67bf-406a-a169-809f36ade1b3","epithelia"
"1045","1c8c0e49-0c48-4db0-a4a4-ff586872b608","epithelia"
"1046","1c98cccb-b4ab-4255-952d-d62a36ee5b58","epithelia"
"1047","1c9a4c98-8013-436f-9867-b5004ede1ff6","epithelia"
"1048","1c9f3edc-8c0c-49a6-a64f-6820f539213f","myeloid"
"1049","1ca8072e-b120-4d7c-8266-fbc6089daef2","NKcells"
"1050","1cab0873-b4ad-4eb6-941b-66136add62db","epithelia"
"1051","1cb7e557-ae1a-41e9-b20d-6f8e7bd9d162","epithelia"
"1052","1cc30ee1-51af-4e14-a86b-e141617f9e9e","epithelia"
"1053","1ccdd700-bf96-4bc4-9787-688a4506ed6c","epithelia"
"1054","1cdf561b-fe46-4c78-a965-9946d1a1fe0a","epithelia"
"1055","1ce12ad8-91e1-4d61-b26b-aa981589e418","epithelia"
"1056","1cef9eb5-9c0c-48d8-9144-49ec6d47c00a","stroma"
"1057","1cfb43c9-b9ba-4786-a38a-3a510a03ed0f","epithelia"
"1058","1d00c5f3-2f77-4d0b-823c-4d78d23852c5","epithelia"
"1059","1d059e2b-195d-4c33-b5c0-06f45955b82e","stroma"
"1060","1d05ff60-425d-4678-bc90-d911527abbd4","epithelia"
"1061","1d0885bd-d4b8-4469-9b59-5719d82ca7a0","epithelia"
"1062","1d08c59d-3bff-4e06-9691-3103a2204934","Unknown"
"1063","1d145678-d6c5-4f65-8100-a4b9448273e0","epithelia"
"1064","1d1eb5b4-782d-459f-8dd2-8d6c344a7edd","epithelia"
"1065","1d24e0d7-6a8f-4656-813a-1a0cd1d44a20","epithelia"
"1066","1d2e2683-1a24-4290-a362-35ceb89a454e","Unknown"
"1067","1d3b878a-056d-454c-922f-20fa368a8678","epithelia"
"1068","1d4255e1-d109-483a-aadc-f166883f3d86","epithelia"
"1069","1d4dbd13-e851-4ee3-8a64-a0b6955c9851","epithelia"
"1070","1d6f962b-1bd9-4e49-96b0-3fd971ccb0f9","epithelia"
"1071","1d76def7-9444-441a-88cb-892937526795","immune"
"1072","1d7d0bc5-a832-451f-8f8f-7d25c7b15296","myeloid"
"1073","1d84a0d3-08a7-49f9-bed1-4fc1cb6b2263","epithelia"
"1074","1d85bd26-3436-4b3e-b4b1-be540122d582","epithelia"
"1075","1d8f7e75-c5d1-4d34-aedc-1efcfc84c38a","epithelia"
"1076","1da39ffc-d1dd-48de-b1e8-5f793762ee0b","epithelia"
"1077","1da97c0e-7a0f-49bf-8c1b-de52a23f3db2","epithelia"
"1078","1dabe828-4fa7-43c0-bf4b-12fb823fd197","epithelia"
"1079","1db73dd5-cdb6-48e3-ab71-8c804930e108","epithelia"
"1080","1dbd3667-7930-4f2b-94ba-54847ae4f755","epithelia"
"1081","1dc2f1f6-9761-4bc0-84e7-797b8b980027","NKcells"
"1082","1dca33f7-1d59-4a6b-af51-61e77d19d5f9","epithelia"
"1083","1dd39ed9-8a3d-486e-8542-742981ec6027","epithelia"
"1084","1dd6b155-e7f8-47a0-b9a9-d11edbc93653","epithelia"
"1085","1dd73a6b-a8d6-4f81-a132-4aff873c8f49","epithelia"
"1086","1de12017-7bdb-42d3-882d-a8bc2dc5db41","epithelia"
"1087","1de1e253-b3d1-4f39-af46-9062e4fda9e7","epithelia"
"1088","1de33b43-840f-4c49-8b69-c23eca9b1780","immune"
"1089","1deac771-dbda-48d7-8847-3387af25791b","epithelia"
"1090","1df32366-8cb7-4c19-ac8a-223048f82a2d","stroma"
"1091","1dfb3779-e896-4cb3-9824-e7c16fecf045","epithelia"
"1092","1e02dc07-c68d-4ee1-979f-1c0347c2aec7","epithelia"
"1093","1e0d04d9-b479-42b3-84d2-b546d47cfe7f","epithelia"
"1094","1e119aae-7d90-4846-8deb-f4cbdcc06913","epithelia"
"1095","1e2e05b2-e0e3-4ca0-96db-9ece9418a4e6","epithelia"
"1096","1e371df5-5289-4609-bbf4-8116fe8c45de","epithelia"
"1097","1e393cc7-08d0-4bf7-8355-bd53060af206","epithelia"
"1098","1e3aa665-b5eb-4a60-996e-885da99e3312","epithelia"
"1099","1e40afdf-f3cd-4956-8545-48d5a500d946","epithelia"
"1100","1e49afcf-e1d9-45f4-a5b8-c1713abff199","epithelia"
"1101","1e4a7887-c476-4001-b53c-43136e0b494a","epithelia"
"1102","1e4db3bf-4310-4463-9200-4fa7549f4db8","epithelia"
"1103","1e5415e4-501c-4206-bfa7-6b846a59597e","epithelia"
"1104","1e57b1af-5ccf-4131-8d17-89b1b65a17a6","epithelia"
"1105","1e6294cf-9a2c-4f27-9dd5-1ce0ec73ee9c","epithelia"
"1106","1e6a3afc-d8aa-4b0b-b932-e2dc5a0905fe","epithelia"
"1107","1e6e1418-97a5-40c8-9568-e2ec84394ba0","stroma"
"1108","1e6e1e31-df36-48b8-ba96-cefa89dbc5f5","epithelia"
"1109","1e708bde-28de-4d4d-a256-e9b5007fd3b4","epithelia"
"1110","1e756da2-6e41-4ad5-a208-3d30ef84afca","epithelia"
"1111","1e78812d-9d74-4224-a14a-971428717447","epithelia"
"1112","1e7a1888-5cad-4b7b-8637-739e6f796c5c","epithelia"
"1113","1e870ec2-22c6-4c9d-a6b7-6779518456dd","epithelia"
"1114","1e8d65a8-17d9-45bb-85b4-b22d2177ff6f","epithelia"
"1115","1e8f6384-1648-438e-a555-cbd8d42505ea","epithelia"
"1116","1e971e07-6c03-4fee-ad05-3a9fd213391a","epithelia"
"1117","1ea7f73f-7b26-473f-8b16-1416024a6e99","myeloid"
"1118","1eaa2848-b0d5-470e-8560-41fa27ee6baa","epithelia"
"1119","1eaaa5c0-64f7-4d9d-8238-dce06e932467","epithelia"
"1120","1ead00aa-1905-4176-ac8a-af8586a224b7","epithelia"
"1121","1ead7ecb-c321-45e2-9e71-e4935f7db84b","epithelia"
"1122","1eae8fff-d263-4a0e-b22c-9549d1b27250","epithelia"
"1123","1ebb571b-0ff0-49ef-bf68-fba8424c9c0c","epithelia"
"1124","1ebe9c50-d90a-4bdd-922d-7f1af18f552b","epithelia"
"1125","1ec4363e-1b4b-4fd6-9fcb-cb466ac8d30f","epithelia"
"1126","1ec6632b-e6f6-47df-97e8-b92a5382320c","epithelia"
"1127","1ec77c92-3bf1-4621-ab5a-97cd560fa280","epithelia"
"1128","1ed0f46b-e652-43f9-bfdc-d3f740ff14c8","epithelia"
"1129","1ed1726e-4b8d-4957-980f-14d33fa30479","epithelia"
"1130","1ed4180f-d35c-4b5d-996f-4f93a1cd49ea","epithelia"
"1131","1ee72988-c22b-4c51-96ce-049650ec442e","epithelia"
"1132","1eea927a-4782-492b-bdfb-4c057645b4bd","epithelia"
"1133","1eefab9b-10e9-4c11-ad0f-5185107d4925","epithelia"
"1134","1ef22007-95f0-40b9-854d-3172c89bcc67","epithelia"
"1135","1ef5ea79-958d-4d8e-9147-31562ab31958","epithelia"
"1136","1ef6ccdf-4e3e-4d22-9d20-dddd7e8f10f8","epithelia"
"1137","1f014863-8e1f-48d9-b2f0-976d5eb841da","epithelia"
"1138","1f08bf47-b031-4801-8270-a828f85b4e22","epithelia"
"1139","1f103651-a757-497d-b5ea-5c42c4ab7f00","stroma"
"1140","1f184c8c-083a-49c3-bfeb-d58c7e3c0e37","epithelia"
"1141","1f23577f-e51e-4b90-9c64-150416945658","epithelia"
"1142","1f398ed0-2949-4301-b558-c02bec80acfe","epithelia"
"1143","1f430723-78e5-43f0-9e7b-fd91433c705a","epithelia"
"1144","1f4b1dd0-ce18-4371-b815-2fc7fb80de23","epithelia"
"1145","1f534dfe-789a-420c-83cd-3bbe4fcd81c4","epithelia"
"1146","1f53e691-4ad4-4e5d-bbc0-fea8f005c322","epithelia"
"1147","1f53f485-92c0-4b19-8318-7a0ad937081e","epithelia"
"1148","1f656d12-b901-431b-b2af-81deb212cf19","endothelia"
"1149","1f661765-5f2d-49d0-88b7-f1f918318e86","epithelia"
"1150","1f6b7c0f-ece1-4d77-a1e6-d49fc5cfee33","epithelia"
"1151","1f735cee-a836-4ff6-88c1-726e50e0a058","epithelia"
"1152","1f7b046d-d127-4c26-ac10-23ea930adca4","epithelia"
"1153","1f85e96f-ba2a-49a5-bc9b-8024065ff0f2","stroma"
"1154","1f90c6ba-fd4e-473b-a750-8d30444f8342","epithelia"
"1155","1f97496d-9055-4260-8157-ae647dd87b72","epithelia"
"1156","1f9c1ee6-42ef-4d98-adf1-eb8a856b7332","epithelia"
"1157","1fa622d8-c9ab-4fd1-8097-a93ffb43419a","epithelia"
"1158","1fab8752-cb53-4804-9b8e-f461c7eef120","epithelia"
"1159","1fb74996-b3ca-4d41-8c19-db60d2c23954","epithelia"
"1160","1fc6a6d7-21c3-4393-902b-1a9962d36b1f","epithelia"
"1161","1fc85bc1-8fd1-4bea-9219-4f7c7bf146c3","epithelia"
"1162","1fdd25d9-e38a-4bdd-b7d7-aeb4acd7e4c9","epithelia"
"1163","1fdd709a-7c75-4271-b522-58dfc4ce8905","epithelia"
"1164","1fe73570-c200-465c-abe7-019a5c337556","immune"
"1165","1fed59ea-2412-467f-8684-b0dbd3ef6b9b","epithelia"
"1166","1fede98c-5ef7-49cb-a52f-74956b8490fd","epithelia"
"1167","1ff530b8-8f5a-45bf-8482-0d6daf366134","epithelia"
"1168","1ff7ff33-024b-4434-a9b8-f8c71a99f6f6","epithelia"
"1169","1ff9d299-6124-4850-8150-cef29cec0475","stroma"
"1170","1ffb170d-7d5a-4cd6-ad64-154175b52046","epithelia"
"1171","1ffc83ca-213c-491c-999d-1328bd96248e","epithelia"
"1172","1ffcf3df-b332-4c39-971a-c48e1cd7e35f","epithelia"
"1173","2000d042-4fef-4e6c-8fbe-1bbed6eaff8b","epithelia"
"1174","20022d41-c937-41d9-ab15-e38cff33b428","epithelia"
"1175","200ce1ac-b9d3-439c-9f33-1cfb78b64e4e","epithelia"
"1176","2022524f-7946-455d-a661-6937deb9f14b","epithelia"
"1177","2023970e-c597-43cc-ad05-e249c133e726","epithelia"
"1178","2029cd1b-742e-4338-af69-b2e4e488f10b","epithelia"
"1179","2037501d-e953-454b-98a3-bd89291104c2","immune"
"1180","20413ae2-f2ff-45c2-af15-ce78edaa4836","epithelia"
"1181","204c8f3f-b2aa-411b-953f-8ea85d1e870a","epithelia"
"1182","204ce7ef-2869-49a0-89c3-b7c323d31555","epithelia"
"1183","205a2356-78d3-41a8-8280-a3b693fca92f","epithelia"
"1184","2061a7ba-4b7e-48b4-b7ac-8168e52a80c8","epithelia"
"1185","206b4fbd-ccac-4673-a018-72abf0656731","epithelia"
"1186","2070a9a6-64a9-4cd0-9408-e4cd5dfe662b","epithelia"
"1187","20730d3d-ee4f-4136-a500-8073af320990","epithelia"
"1188","20785d5c-2bee-4976-afb0-883d0a9ea9cf","epithelia"
"1189","207cd178-d033-449b-9c08-fe0243c5845f","epithelia"
"1190","209b947a-e56c-4ae2-a8d4-9ca6a13458e3","epithelia"
"1191","20b1de09-fdba-4ff6-8a08-1254cacbc6a1","epithelia"
"1192","20bb66ef-9f70-4ee7-b2ee-fb6a361a20b5","epithelia"
"1193","20c9f38f-34eb-4c74-8eb0-803e5c5fb73b","epithelia"
"1194","20cb7ce7-4ebb-4432-869e-b3800b854579","epithelia"
"1195","20cc6d88-c3d0-4988-b269-47aef2f9b327","epithelia"
"1196","20d3d595-5182-493d-8367-682d772b013c","epithelia"
"1197","20d88bd3-597e-45ea-af6b-78491c764f60","immune"
"1198","20dfe4cc-c70f-4cba-a8c6-02819d65dfad","epithelia"
"1199","20e5c8a6-0b1f-4edd-9656-285653409cfe","epithelia"
"1200","20e8bdb1-0702-4e9a-935c-cce8a1377fae","epithelia"
"1201","20f55435-29eb-4dcc-8c86-27eb53154755","epithelia"
"1202","20fd4f2f-96d5-4232-aa0d-1d924e735c8a","NKcells"
"1203","21004e0c-059a-42e3-b0bb-51b6bce8b4d2","epithelia"
"1204","2103a2dd-efc1-4cf9-9cb4-fc2bd6bb733d","myeloid"
"1205","21040b9c-26c5-4394-ba8e-c33af569fce0","myeloid"
"1206","210612ee-6efa-4766-8985-16c8a57716a3","epithelia"
"1207","210c97f3-7809-4a1c-b1d4-9178a2b14316","epithelia"
"1208","2112c908-9ae2-4da0-a1fd-5e1464a85c7c","epithelia"
"1209","211c2aa1-ad1b-4f9f-b6d0-ffe744c38eca","epithelia"
"1210","211c6144-1143-4acf-a1b4-a5d176fe8feb","epithelia"
"1211","211c65a2-b9fc-474f-b647-8def72783576","epithelia"
"1212","211f0353-5a76-4a3f-8dc2-6190933de2fa","epithelia"
"1213","21330e99-2177-4979-b606-95dc80490a53","Treg"
"1214","2136bfc1-1e9a-421c-8942-287ed1290867","epithelia"
"1215","214c9cb5-8923-49e0-a5f0-dae710dd3aaf","epithelia"
"1216","215afb43-81a8-45e5-bb54-5ca1d0422fdd","epithelia"
"1217","215b1186-e20c-4a69-a1ba-b7b56362e933","epithelia"
"1218","215c5248-65fa-4bd6-9744-3e24f8f595d9","epithelia"
"1219","215dcbed-2200-4b22-a3cb-b63d468a3d4f","epithelia"
"1220","2164997e-11a3-4b3f-9e07-d54b69095718","epithelia"
"1221","21723f63-ff71-412c-9ea7-3ea2bf166a33","epithelia"
"1222","21747ba8-7953-4baa-b251-0123e620d940","epithelia"
"1223","2177ee64-dba8-4eb6-a3a4-ea6330d6c0e1","epithelia"
"1224","2189c65e-acac-4ab7-9c67-04bca67d15a9","epithelia"
"1225","218c2cad-1b1f-4423-aaaa-cea7b4643f75","epithelia"
"1226","2196ca08-8a3a-4186-83a0-5c93da825ab7","myeloid"
"1227","2199401c-becb-4f8c-80a0-ba7bb6c8a9fe","epithelia"
"1228","21a6bb02-5c81-4e0f-a21b-3c1b201d9530","epithelia"
"1229","21aa16dd-5e0f-4e5b-bd1b-a97f82a89093","epithelia"
"1230","21cf56a2-ca8a-4301-b149-efaf8686063a","Unknown"
"1231","21d68b52-afd6-4a1e-a320-91b2c0e4981a","epithelia"
"1232","21d75ca1-e9ce-403c-b558-67ff040b0b39","epithelia"
"1233","21ddc550-b3be-4057-95b2-f7be49ef07b0","epithelia"
"1234","21e8046f-a2fd-406e-b545-2f8c3ef96bea","epithelia"
"1235","21ef32f0-e694-4771-a3e9-07f3ae884ac9","NKcells"
"1236","21f5d8c5-e1d0-40c2-a9ee-5c25b242d41c","epithelia"
"1237","21f9a3ee-97a8-404b-8716-e3ac37791160","epithelia"
"1238","21fdb0d7-d2fe-48e8-886f-e9c9e3072c35","NKcells"
"1239","2203d6a8-fe09-4bde-9a2f-e240ad6eef65","epithelia"
"1240","2206ddee-ce1b-49d0-adf7-aa5ad1062e88","epithelia"
"1241","22084118-67e7-49a8-b664-9ef8d5124a57","epithelia"
"1242","220caa0d-42c1-4f98-9f39-0871c2d14692","epithelia"
"1243","220ef4fb-a513-4e1c-bbb8-d3ec0dbcd546","epithelia"
"1244","2217250a-2e90-4976-9066-842c96bc4a6b","epithelia"
"1245","2221e272-ef9b-4870-b02a-2950850acc3f","epithelia"
"1246","2238b399-0512-43fd-a536-6206395a0357","epithelia"
"1247","223be9ce-0837-4c7f-b41d-3f4032a2aed6","epithelia"
"1248","2242a9ec-0acb-4b28-8d05-4a16c0d28fdd","epithelia"
"1249","224e720d-188a-4031-b077-b05d476a998a","epithelia"
"1250","2252dc72-c59e-45b9-b772-3511245e642c","epithelia"
"1251","225906ec-1d66-4c7a-8b30-f8dd733dee3e","epithelia"
"1252","225b4052-e705-4d55-baed-ed0d437ced4d","epithelia"
"1253","2260bcc3-1a95-4836-a553-75d36f9bd085","stroma"
"1254","2263f849-d058-4bbd-919f-01e6e7b28aaf","epithelia"
"1255","226ecd95-2d26-457f-ac68-8bd015d30ffe","CD8_T"
"1256","226eeccc-1aaf-4fae-bdd9-4cd88c0bd64e","epithelia"
"1257","2276b766-bbe1-4618-8aea-b286549e42e8","epithelia"
"1258","227cef6e-40e0-40cc-9980-81d88c4ffa35","T_cells"
"1259","227d0d2c-60e4-446a-87f9-5746aa17f1b4","CD4_T"
"1260","22871127-192e-41e4-88a1-c34a56293fe8","NKcells"
"1261","228f5c38-11df-45df-a6db-61e6927ca6e1","epithelia"
"1262","2292911b-0b8d-4934-9672-9242371c522a","epithelia"
"1263","2297acd0-6a9a-4ae5-aff7-229b9d5411c8","epithelia"
"1264","2298bbf0-35fa-4292-8bc4-05f94a693a1b","epithelia"
"1265","229b0c6b-0aa9-42c4-8908-f4c5fe88f0df","epithelia"
"1266","22a2dd6f-3072-4334-9b97-f991ca0df4f9","epithelia"
"1267","22ace54b-49b1-4aaa-a8c0-62a36c0a15bf","epithelia"
"1268","22b0f8a8-e273-43da-aa38-4cd4e1b7072f","epithelia"
"1269","22b2677c-9938-4e49-82bf-b8f54ed2c81c","epithelia"
"1270","22baf528-d36f-402c-8e70-e652bcee8f88","epithelia"
"1271","22bb8423-d74d-4c40-877f-85fef7a2a86a","epithelia"
"1272","22bd3cc9-6901-4f53-9e7c-219e1301f982","epithelia"
"1273","22bd8fb1-a16b-4995-a7ba-d72d31c37955","epithelia"
"1274","22c33b10-6e7c-4af3-996b-a05ff17f85a3","epithelia"
"1275","22d5863e-c504-4b05-a72d-39ec46d4504a","Unknown"
"1276","22dfb99c-cc86-4136-9027-cf3e738a3982","epithelia"
"1277","22e63390-03d4-483d-b9bc-4758940af9fa","epithelia"
"1278","22e7ece4-3fd9-4f72-b961-4b99fcc28a5e","epithelia"
"1279","22f0773a-26f0-45fd-ae28-e14af97868b2","epithelia"
"1280","22f1e6b0-b6c9-4ce2-acf7-830b73f0134a","epithelia"
"1281","22f273f7-461a-40d7-bc4c-33daaaea8fc5","CD8_T"
"1282","22f8408c-f529-401b-8c80-a2bd11b889a3","epithelia"
"1283","22fa06cd-f0d9-4c28-9152-74c8920d7e62","epithelia"
"1284","22fa65a5-94f1-4467-93c0-1d9fcf5ce0a2","epithelia"
"1285","22fddf33-ddd5-4c94-8fd6-1dc8934d0b68","epithelia"
"1286","2306c21d-0264-49fc-b2bc-e92bf9fa1a5a","epithelia"
"1287","230bd797-549d-4c14-ada6-034980f2ecd1","epithelia"
"1288","230ff342-b514-4b58-a7fd-1f82c9265fda","epithelia"
"1289","23197c90-920b-4e42-a54d-6153b99c3cfd","epithelia"
"1290","232aaaee-1165-4eb0-9228-8e185c9cdcb8","epithelia"
"1291","2332a3dc-95b0-4397-9ae2-917aea59d114","epithelia"
"1292","233a7454-ac1f-4080-9b44-3426d2d685ab","epithelia"
"1293","23529837-288b-412d-9c07-23687555ccd8","epithelia"
"1294","2353c057-a9b0-44f4-a11c-098668c3ebf4","NKcells"
"1295","235bfa1b-1ea4-4f47-a977-a642bec5032f","epithelia"
"1296","236e8830-7076-4744-b3e9-0e2d64dfe700","epithelia"
"1297","237034b0-29bd-47a0-818c-a6e1ab22e3a5","Unknown"
"1298","23772faf-a8ab-49b8-bf70-12cf7bb34de7","epithelia"
"1299","23838aba-f7a7-4f9b-9cc1-4688c86bd985","epithelia"
"1300","23987e05-8b2a-4877-9465-ea5e9bb0a2f9","immune"
"1301","23a30471-f5bf-490b-96d2-eb929314cbd2","epithelia"
"1302","23aa1c8f-c8ea-4fdd-b4fb-0d7a6a12e300","epithelia"
"1303","23be4ecf-b610-4067-8d8c-8a2047470290","epithelia"
"1304","23bf2a37-35fb-4f5a-be1b-41b735e5831e","epithelia"
"1305","23c0fee7-98c3-4b8b-9664-640421c27f69","epithelia"
"1306","23c55024-645d-4bd1-98f4-c4d999492a9e","Treg"
"1307","23c78ae6-4bac-4bd9-abe0-5748abeab6a9","epithelia"
"1308","23d4827d-f543-4a56-bf2d-33a0f51d0000","epithelia"
"1309","23e0c6f7-c5e3-42fa-af97-0675b773aa07","epithelia"
"1310","23e21aa3-dcbe-4a26-9546-c56d0ea7a1d8","Unknown"
"1311","23eb5ae8-583e-4c35-a94e-c9046294d145","epithelia"
"1312","23fca2d4-fa19-415f-b2fd-2579ea2dce97","epithelia"
"1313","240a0213-b243-47dc-a8a4-0c1eedc589aa","epithelia"
"1314","2419c1ad-810a-499a-9176-19b40553c4ed","epithelia"
"1315","24256ce4-2a47-4a87-80f5-e89c04392b2a","NKcells"
"1316","2425d9de-90ac-4a39-998c-0f36c26257a1","epithelia"
"1317","243307ab-2291-48be-9700-c97115d54e4e","epithelia"
"1318","2437a7e0-6ce9-4bf1-a011-ddb08a8cc878","immune"
"1319","2438d837-22a6-4174-8fc1-ff3d75cdb441","epithelia"
"1320","2449080c-b06c-42f1-b40b-5267c113c536","epithelia"
"1321","244fb758-2a70-4019-8d6e-557e898ea470","epithelia"
"1322","2452e361-a1a6-4548-9414-60681aeb6af0","epithelia"
"1323","245869b1-dd0d-41f4-893e-29cd574ef4c2","epithelia"
"1324","245a8833-e3c0-412f-9391-290c9458901a","epithelia"
"1325","245a972b-41c8-451c-b94b-418bb7e028ab","epithelia"
"1326","245da38b-16f2-41a8-b54c-432ea3b500e4","epithelia"
"1327","245ec183-eb5d-40ad-883d-d1e10a369aac","epithelia"
"1328","24601eb7-4ce7-4dde-9506-5dd6fcf4b845","NKcells"
"1329","2469249e-7af7-4448-95bc-22f0aa85c6be","epithelia"
"1330","2478818a-ea3c-42e5-a694-fa7909000b44","epithelia"
"1331","247c1ed2-6b6d-4d80-8957-bb45e4df8fc0","immune"
"1332","247d6cd7-d6b0-43d5-ac53-ae8a59e75f76","epithelia"
"1333","247e8b8f-162b-49f8-a1b5-d2e5f66503b6","epithelia"
"1334","248e8646-4247-4f95-9c8c-a22b840cdcb1","epithelia"
"1335","24906b3a-ad8b-4edb-b341-98bbb6db6493","epithelia"
"1336","249072dd-4cc4-41af-81a3-b4eb4a2ae99c","epithelia"
"1337","24955532-ad2d-488b-bfa7-d1966ecbb74d","epithelia"
"1338","24982264-763b-4632-8ddd-40ced8b48a4c","epithelia"
"1339","249ae460-b107-4abb-95cc-c1102645ad20","epithelia"
"1340","249fce12-e99a-4e68-a7e7-9697f515c9b1","epithelia"
"1341","24afffe5-90b2-4eab-b03d-2000675f91cf","epithelia"
"1342","24b80b41-12bb-4c52-aceb-6fc2b2d453d6","epithelia"
"1343","24ba04d0-2102-4c9c-9990-6024bfdf9792","epithelia"
"1344","24bf0360-576f-4985-9048-f3de124d7deb","epithelia"
"1345","24c6313f-3908-494a-b108-704f4253bba1","epithelia"
"1346","24d74f4f-2f61-47d2-9e19-ee20bf5eb319","epithelia"
"1347","24ec6deb-6bdd-470c-996c-ea5a5074739b","epithelia"
"1348","24f16d07-53d0-40da-b066-2a9939a7be07","immune"
"1349","24f56e2f-055a-4022-a203-aa327d7228f1","epithelia"
"1350","2504e784-801f-4caa-bdac-d2d35e0991eb","epithelia"
"1351","250a43e6-94c0-422b-a279-45e07271e003","epithelia"
"1352","2513a33d-b1ca-4d1f-8106-a806872ca38e","epithelia"
"1353","2515fa73-d6e9-4165-b907-65973f362b42","epithelia"
"1354","2518862c-5c71-4b16-9d88-c7d00be2cdea","epithelia"
"1355","251a28ce-2a4a-4af8-afd6-00e2eacf005e","epithelia"
"1356","251ab24d-5e8d-45c5-9cb9-4f3e2b4e7340","epithelia"
"1357","251d5c22-f0aa-4b8e-8afc-b49f9f22c08b","epithelia"
"1358","251fac81-ac95-42f9-97e0-014107654aa6","epithelia"
"1359","251fd968-384a-49f6-9d52-7289bc542457","epithelia"
"1360","2520f475-3215-4498-8410-1abf5e4edeff","epithelia"
"1361","253deca6-3b63-4998-86a8-75645d7599e5","epithelia"
"1362","254b243c-33bb-4b07-bef9-41c96caf6d14","epithelia"
"1363","254ec7f5-e978-44a4-8528-57f0fa1b1e64","epithelia"
"1364","255181fd-ac94-46e8-bc82-a7a42beb4467","epithelia"
"1365","2555545b-1ae5-4932-ae74-c2197da7d077","epithelia"
"1366","25585db9-b0db-4683-8e74-92334f28a2a3","epithelia"
"1367","256776aa-3ac0-4fd5-9e35-fbc727475e34","epithelia"
"1368","25714d41-569a-4a60-8d77-8007fda7a999","epithelia"
"1369","2571aeb9-33fd-4dc5-8025-3ac0acf230a1","epithelia"
"1370","2579bc4b-c170-4c7d-a0bb-12c84d8462b1","epithelia"
"1371","259c8a73-1d8c-41cf-81aa-7b6c9c883342","epithelia"
"1372","25a900f2-9643-49be-a292-814e5325dc76","epithelia"
"1373","25a93e59-263c-499a-b696-b140f1922412","epithelia"
"1374","25aab34a-0595-4f0b-9617-e1757274fda4","epithelia"
"1375","25afc15e-4b2f-4cdd-902c-b51a95d9116b","epithelia"
"1376","25afc2f0-1106-4e4e-be2b-e5a5c7109acb","epithelia"
"1377","25b62347-b0db-49d1-9165-5d601ccd9ffb","stroma"
"1378","25bb7231-f0e5-4b72-8230-0c289cd9b73d","epithelia"
"1379","25c2033b-82cc-44d1-a7ec-ba42c9e20c3c","epithelia"
"1380","25c26faf-e8ec-4054-8dbe-e44d9def257c","epithelia"
"1381","25c39f6f-dcf5-41d1-a89d-c281d4ee8401","epithelia"
"1382","25d2b9c7-5fe2-45f2-b378-6f17dc392e8e","epithelia"
"1383","25d52e81-8366-4da2-b64f-3baa54f90aa0","CD8_T"
"1384","25d8db89-a2eb-487b-b03f-2fe5e428740e","epithelia"
"1385","25da96bc-5879-4d42-ac81-f7f3e24d54ff","epithelia"
"1386","25db85b3-bea5-47ee-8a22-4d591f096ca2","Unknown"
"1387","25dfcf39-f0a0-4042-87e5-72e219a1acc7","epithelia"
"1388","25e20715-65be-49f0-9564-028a2b64266a","epithelia"
"1389","25ebea53-0e48-4301-ab85-78c1360e0fb8","epithelia"
"1390","25efd06f-5e45-4c05-9eb7-a7f0eef6d6c6","epithelia"
"1391","25f1a397-73d4-4ded-809b-c1ad64f98323","epithelia"
"1392","25fbd49f-0533-4ade-b12f-fb1d50387fb8","epithelia"
"1393","26063bd1-7655-4e06-871c-bf5c0da06b16","stroma"
"1394","261186a0-5040-4e29-9995-685876c1379a","epithelia"
"1395","2628b915-c2d5-467c-8d70-1c3ca3eccb03","epithelia"
"1396","262ab37b-db24-4e1b-91c8-a7e672eb6ea9","epithelia"
"1397","2631c445-b1ae-4dec-a33b-177d5a0bd943","Treg"
"1398","2632bd44-2749-47b6-b134-6e82bea8a352","epithelia"
"1399","2635e09c-a39c-46b4-b089-4ecbd66b2069","epithelia"
"1400","263ad0ee-db0d-4662-8bbe-2ed203343795","epithelia"
"1401","263c9bd2-95b0-40e8-b352-c966d5af8c2d","epithelia"
"1402","2643f2fc-fa08-440b-8253-05c516fc9ce2","epithelia"
"1403","26466ff4-1862-4285-a291-3248fc7c5044","epithelia"
"1404","26497306-dcd4-4ba3-ba31-0cb24f710132","epithelia"
"1405","264c8197-7786-4b46-a765-e95d44124281","epithelia"
"1406","2653a86f-3917-4738-ba2a-6cf59268080c","epithelia"
"1407","2659e4cf-c393-40ba-aa70-36d2b8570107","epithelia"
"1408","265a6476-64b0-460f-8e0b-a2113f55d857","epithelia"
"1409","265fcfcf-a263-402e-b236-3e5c2106a577","epithelia"
"1410","2664f0cc-5ac5-4ffb-9b4a-7e78564a65f0","epithelia"
"1411","266548f2-b467-43ca-b7e4-0bfa861f3bfa","epithelia"
"1412","26689990-1ae8-49de-ab84-f3d941e3ea40","epithelia"
"1413","2669cc9c-b92d-4712-8c0b-3533c2c66bc3","epithelia"
"1414","266a839c-e83e-421e-8ab8-bec42a674d2c","epithelia"
"1415","26735fa4-65da-4359-b14e-edb551455abd","epithelia"
"1416","267a6d21-3938-4d86-a99a-8ffec4e56396","epithelia"
"1417","2687fef3-4683-47eb-bf3e-1eae6e26c862","epithelia"
"1418","2689b28b-7909-400f-8e52-aa86f0687ff3","epithelia"
"1419","26905cc7-c132-4ed1-87c2-318f89c3beff","epithelia"
"1420","26a8a1cf-27c2-4605-991f-6513b7e23ad6","epithelia"
"1421","26a92782-73a3-499c-a61c-78cdaec8ff08","epithelia"
"1422","26b74dfd-8c77-4f96-b666-a6ea747d1acb","epithelia"
"1423","26c00a4e-1881-41a1-91b3-980530c34fbb","epithelia"
"1424","26c02528-d7dd-4ee7-babb-526b32573936","epithelia"
"1425","26cb57e2-6cab-4121-a8f6-d69eb8370c24","epithelia"
"1426","26cc39e0-169a-4ece-857c-bbb45ec9ba67","epithelia"
"1427","26cccefe-8681-4b70-ae3f-b1ec1770be2e","epithelia"
"1428","26d07462-86c5-4e61-8bc9-f4bafa4c8fbc","epithelia"
"1429","26ea8fe0-310b-4a54-ba04-c1580393c998","Unknown"
"1430","26f206d9-9aa2-4f55-96df-c4a0a0f1eeb6","endothelia"
"1431","26ff10f0-47f2-4473-b49f-06f66c748acf","epithelia"
"1432","26ffac77-a2c6-401f-bd25-f94ab1242499","epithelia"
"1433","2705ced8-097a-48cb-bb49-77f47da5e53f","epithelia"
"1434","271e9c14-0a2b-4ef9-a1b8-5ec09a445536","Treg"
"1435","2721cfcb-3530-4fd7-8452-ea2dea57ac22","epithelia"
"1436","2724c192-2784-4394-aac4-bf645127df6d","epithelia"
"1437","2726a865-b5bc-4305-9e14-201e5cc3c7c7","epithelia"
"1438","272d5e66-1c14-4238-89b4-2b90db37213d","epithelia"
"1439","27378ac7-e4c6-4898-8d23-a0ddd28d989d","epithelia"
"1440","273c9ab0-f999-421e-8928-39e34bb62944","epithelia"
"1441","2750350e-b952-4836-94cc-77e186a3294c","epithelia"
"1442","275fa748-3648-4cd2-b137-d003090a7b3b","epithelia"
"1443","276486c7-0244-4b78-804a-baf365f8a62c","Unknown"
"1444","27660e67-b727-4e4e-b6bb-1678236f1b22","epithelia"
"1445","2766790f-32e3-41d3-87e8-f2c009e63176","epithelia"
"1446","276b215f-c7f4-4b50-89de-39244752111f","endothelia"
"1447","276c2c62-668d-40cd-a2c7-ed28de909220","epithelia"
"1448","276feab2-b3b0-4aa7-beed-230b1eafe581","epithelia"
"1449","27757738-6a0e-444b-8bad-09d1f82d2f90","epithelia"
"1450","2777f46c-7ecc-4f27-a5fa-5e2294052813","epithelia"
"1451","277a0519-5455-4ec6-81cf-438014fc9560","epithelia"
"1452","278017a7-9e81-4898-92c8-71ae5bf8a360","epithelia"
"1453","278c438c-b3c2-4601-9a94-f09e9c1ba5cd","immune"
"1454","27963a64-c9ad-4036-a9fe-2f861767da7a","epithelia"
"1455","279f2b01-fd60-48da-a742-d3922df278b9","epithelia"
"1456","279f3fe9-a20f-44e8-9161-c1c9adc9b414","epithelia"
"1457","27b0a04e-f2e5-4c54-9b2a-6620c76d849d","epithelia"
"1458","27c0382d-95d5-4293-a1bf-a2c1d8240a7d","epithelia"
"1459","27c6de32-49af-4b1d-af4e-cf4c229902fb","Treg"
"1460","27cad794-afcd-43f9-b823-5fce0907e184","epithelia"
"1461","27df22d2-1235-4403-bd81-afd76813ff9d","epithelia"
"1462","27e6161c-2b6b-4cb4-ae89-a1b99590706b","epithelia"
"1463","27e6d60b-a0ca-4f5d-bd4e-87cf0bd14cf0","immune"
"1464","27edc33a-a998-416c-9ee7-65ff110b7658","epithelia"
"1465","27f295d7-6264-47e7-93d6-b21532856738","epithelia"
"1466","27f94cd0-28e9-4424-94b5-f980d9142f60","Unknown"
"1467","27f9a243-446a-41a3-9ffc-98f79b8c7529","Unknown"
"1468","27fb75a7-c085-486e-8602-ed5683b2583d","epithelia"
"1469","27fb8fc5-9230-4846-99a4-27c435c16b16","epithelia"
"1470","280388ed-7290-4a22-b37c-84cab91e5369","epithelia"
"1471","281dd20a-b5ec-46a7-99b2-c99bfded8e58","epithelia"
"1472","2824edef-eaa0-4333-aff0-1270de9b59c1","epithelia"
"1473","282a7fd7-05d5-4ad1-b087-c8a7e32fbb61","epithelia"
"1474","28309eb3-d3dc-4e88-af22-fa4e822e47e2","NKcells"
"1475","283edf49-27ae-44ea-b163-8776e2732506","epithelia"
"1476","28400128-9d28-476d-84a2-fbdc80fe0cef","epithelia"
"1477","28421dd7-c064-4d41-9cce-4c6038008e57","epithelia"
"1478","285737bc-85f2-4e80-8141-65f65c0db42e","epithelia"
"1479","28725df0-c09f-45a9-a017-4a7e94bcdcea","epithelia"
"1480","287db5a7-8fd2-407f-a77e-8c289e5b05ce","epithelia"
"1481","28848e70-7920-47a1-a77d-04cbeab276e8","epithelia"
"1482","288d94e7-e249-4001-83af-cfd15dd0c80f","epithelia"
"1483","288f1e93-8988-4dee-a5b7-0dba744ab15d","epithelia"
"1484","2897ed68-acf0-4bb1-8e38-7fcdeddb27da","endothelia"
"1485","289a032a-532a-4d08-b760-a858a39d36db","epithelia"
"1486","28a3aef0-cc0c-42e1-9726-ed8e8f571813","epithelia"
"1487","28a72da6-a065-4fa6-90c3-33a8422d936f","epithelia"
"1488","28b04373-224a-4391-a1ba-8a94b5b8eb5f","epithelia"
"1489","28b92397-8834-43cc-af73-7b81ae3246c0","epithelia"
"1490","28b94532-e0fe-4638-b123-38a0e2c16bd4","endothelia"
"1491","28b9c50a-31be-4140-8366-43e51aca2304","epithelia"
"1492","28badcfe-158e-4fd7-95ce-5a9e206e5669","epithelia"
"1493","28c1fd86-5e81-4f2c-8f5f-5e0a9107092e","myeloid"
"1494","28cacabe-e926-4f4b-883b-0d284b3b0944","epithelia"
"1495","28cd30c0-ef79-4db0-bdf0-e9641d1b1dba","epithelia"
"1496","28d93435-ff77-4651-8402-f3cef3aca8bd","epithelia"
"1497","28debafc-ced0-4ec6-acdc-888a63b6367f","epithelia"
"1498","28e4963d-1cd1-4ef7-9e8a-059455328333","epithelia"
"1499","28e869a0-50d0-43b3-a6be-5b3e76dfc9a7","epithelia"
"1500","28e9c9fa-5bc6-4b21-a8ca-73c59ba5b2aa","epithelia"
"1501","2905398f-e731-464a-90ec-720c717cc54b","epithelia"
"1502","29055e8f-4349-418c-ae24-c2058feb20b3","epithelia"
"1503","290579c2-466f-4a15-bfb6-95d156e6fac2","epithelia"
"1504","290af98b-a8e8-4606-892b-2caaa8243cf3","epithelia"
"1505","290ef75c-a8f8-469f-851c-dbba3425f3ab","epithelia"
"1506","291a81e7-f09e-4580-9be4-30422c40b744","epithelia"
"1507","291b339c-18d6-41c8-a3c0-a8aa584e7486","stroma"
"1508","291e9edc-cd1e-4522-87c9-3fc8388f0217","epithelia"
"1509","2926cdaf-f34d-4dbb-a53a-356634beccff","epithelia"
"1510","292900dd-587f-4816-9ff3-015eaed05903","CD8_T"
"1511","29309580-1005-4f94-9a52-6d06cab0496e","epithelia"
"1512","2936eb79-f4ca-415f-ad82-507fe62a89b0","epithelia"
"1513","2937b49d-411f-4506-ad59-f3478a211350","Unknown"
"1514","2938dd35-e9ea-4f16-945c-a85055330353","epithelia"
"1515","29403002-eaaf-4734-a601-e77a5f9ffe4d","epithelia"
"1516","29423468-7e5f-4db5-afde-a4c6c97d2f7f","epithelia"
"1517","2943dc3e-a7aa-4e3e-a0db-541d20e1d7f3","epithelia"
"1518","29457162-c4e2-41df-ba25-c7f8102d9c69","epithelia"
"1519","2947155c-bf82-4087-80e4-037851264d0f","epithelia"
"1520","2947f443-91fc-475c-9f2a-35aae1ee4f26","Unknown"
"1521","295e8193-d6d9-475a-831b-7ea4d4be6a24","epithelia"
"1522","296ae8da-20d1-4e93-beb1-fe1a6d2bf427","epithelia"
"1523","29710760-aace-40d4-9259-99e9a9f41841","epithelia"
"1524","2974da04-639f-4b9d-a59f-a5598465dc6b","epithelia"
"1525","297665db-f0b1-46fb-b48f-381ad07b03e1","epithelia"
"1526","2978507a-0f6b-4dbe-b536-a0257c714ccc","epithelia"
"1527","2979b023-b168-49c6-b38b-5c2191db0fc1","endothelia"
"1528","297d7de6-c0ee-47cf-89c4-7ed22f8f2b10","epithelia"
"1529","29816561-b958-4e56-bc7a-3da072f64a8c","epithelia"
"1530","29837fbd-1430-4e04-b2fb-3f6f7c60f7ac","epithelia"
"1531","298c1dcd-c054-4b1a-aff9-f595b416f1c3","NKcells"
"1532","29914ec5-89ba-4aaf-9058-a6a415d5838e","epithelia"
"1533","29932484-1942-4b76-acca-fa3bcbc36f88","epithelia"
"1534","29997cee-2451-487d-b3f7-3c7036bc6bf1","epithelia"
"1535","29a0966b-b15f-45ef-bc8a-bfa125d1f3d9","epithelia"
"1536","29a20cac-4dab-47e7-b20f-67610209dc13","epithelia"
"1537","29a52596-d19e-40c7-9fce-c5e37a80d892","Unknown"
"1538","29b3244f-dc89-4e9f-8c10-bedf9efde68a","myeloid"
"1539","29b691cc-7f76-4f3e-80bd-859ff328f14d","epithelia"
"1540","29b8dbe1-0dfa-45fa-8f4b-e67f03657822","epithelia"
"1541","29bcaf43-8b2d-44bb-ae9f-bc34758d2d06","epithelia"
"1542","29cf45d7-94c7-47e3-8b21-62a755b70469","epithelia"
"1543","29efbcbd-b611-4466-bd07-339ab3b510d5","epithelia"
"1544","29f41019-50d0-4b41-a563-0138f28b3c09","Unknown"
"1545","29f69c05-61db-4cc6-bdc3-a5dad2622418","epithelia"
"1546","2a023491-dd60-440c-975a-be0d1d3245b1","endothelia"
"1547","2a0974ca-1657-4d1e-acea-223d10dd16ff","epithelia"
"1548","2a0b60fd-382e-4b08-ac7a-6d9787dbc54b","epithelia"
"1549","2a0cc2b0-f41d-43b3-9190-9e51d22868b6","epithelia"
"1550","2a13a2b6-0528-439a-9934-708eafd03974","CD8_T"
"1551","2a16c1d5-a588-4990-bbaa-f180d0cf42a2","epithelia"
"1552","2a1f2456-f0c2-41ab-86bf-4db8f0c16d01","epithelia"
"1553","2a2eb716-0730-4bc0-badf-c27da3fec1ac","epithelia"
"1554","2a2ffbd8-0476-45d1-8785-2f8d0a13dd23","epithelia"
"1555","2a3b05ae-0a85-4aff-8c7b-ab2509fff45b","epithelia"
"1556","2a425b23-ec48-49c6-80e4-af4e35c9a941","epithelia"
"1557","2a43aa66-6b70-416c-8753-6e28d36b1ed9","epithelia"
"1558","2a49bd57-d0ee-43d5-b195-2c3c2a99a6dd","epithelia"
"1559","2a4c2224-798c-498f-a355-ffebe0f8715b","epithelia"
"1560","2a4d3a51-6ff0-48f1-9ff9-139af926a5c2","epithelia"
"1561","2a4e7ff0-8022-4cee-81db-815f8313b6e1","epithelia"
"1562","2a50e520-9d02-4af5-b820-5fa1cfdc0f03","epithelia"
"1563","2a51840d-8f1b-478c-94af-e5ed46825029","myeloid"
"1564","2a56b6f6-1c36-4da1-b897-ef324e8fb2f8","epithelia"
"1565","2a5cced8-f9bd-4ca6-ae68-8e1cd94eb6d8","epithelia"
"1566","2a5d8ecc-b82b-4e09-8e34-216a1154165d","epithelia"
"1567","2a64f2d4-bfd4-4d20-8987-ec0e4470d7fe","epithelia"
"1568","2a69cba6-37b0-4bd4-9046-e5becad54b22","epithelia"
"1569","2a6e372a-f08f-4702-84f1-5673237f0928","epithelia"
"1570","2a753422-1928-45e5-b299-9c2126c07a05","immune"
"1571","2a7a15a0-f9d8-418b-9530-b0e120eba05e","epithelia"
"1572","2a88ebf7-92ed-4bb8-9d50-623453401c10","epithelia"
"1573","2a89c09c-5514-47a9-b19a-be8d6365bb4c","epithelia"
"1574","2a978895-8a28-450c-80fa-7e94bb7aed3a","epithelia"
"1575","2aa37ef7-68e0-47b3-bc6b-d61468cdc8a7","epithelia"
"1576","2aa8ad22-8045-4231-addb-27cf7487f8e8","epithelia"
"1577","2aab7ddc-8da3-427a-b50c-df6b8b4a6496","epithelia"
"1578","2aba0697-98dd-445a-a6f7-77c6cb606a49","CD4_T"
"1579","2ac36030-89b0-4f18-8cf0-58a3c18ba23a","epithelia"
"1580","2ac366ee-1c23-48a3-94c1-06373dbaf277","epithelia"
"1581","2ac39bf2-c150-4b53-b08f-d7dcc63da6d7","epithelia"
"1582","2ac4ed7b-15af-47b5-8b95-740a8285bfc4","epithelia"
"1583","2acf7b9b-e444-4152-9e17-a6fc8a450927","epithelia"
"1584","2ad8a4fb-301f-4ddc-ab6f-e8ce5ab597e2","epithelia"
"1585","2adcc9f8-6f4a-4f85-b511-7e4489d21ba1","epithelia"
"1586","2ae99958-3465-40ce-95c5-cff1a1f57a61","epithelia"
"1587","2afa7f55-b1f7-4c85-afd1-2d871743adb7","epithelia"
"1588","2aff7e4f-bc7b-4b4f-b9ef-e209d70ddb90","epithelia"
"1589","2b046736-954a-4ab1-b6c4-e9925217843a","epithelia"
"1590","2b070002-acf0-4972-b067-f9fa9995ea08","epithelia"
"1591","2b0710d5-9128-4790-8e40-8caec35c484d","epithelia"
"1592","2b0954dd-619d-41d8-a704-bfe95853b98f","epithelia"
"1593","2b09b7ca-78eb-456c-8ba1-18b97f9805a4","epithelia"
"1594","2b10df6c-ea58-4d27-81e3-376842e810e6","epithelia"
"1595","2b116a13-e604-44a9-b183-a15afd0e901f","epithelia"
"1596","2b12a0be-2e79-4658-ba1c-823a9801bb62","epithelia"
"1597","2b17a1b3-7c0a-4496-ae16-6c0ac417434a","epithelia"
"1598","2b196ba7-fb97-48c2-a0e6-8fe74beae8c0","epithelia"
"1599","2b1d2132-687b-4d01-95cf-1a232cf40168","epithelia"
"1600","2b235782-771e-4db6-bc3c-ae2c6d7c938f","epithelia"
"1601","2b27015d-e562-4ff9-b04b-13dba136148f","epithelia"
"1602","2b276104-b4ce-417a-a20b-7f466cff0711","epithelia"
"1603","2b298219-449a-4ae5-b99f-2f855a0b9e44","epithelia"
"1604","2b2aa54f-ecf4-4725-ac5b-0c4b2365075a","epithelia"
"1605","2b2b53e4-cf2e-4f58-8859-4980f92c3319","epithelia"
"1606","2b3373a2-0c04-43d0-87cf-df7a8fd5e2cc","epithelia"
"1607","2b51b9f2-cf72-4571-a625-b9f91d37f7db","epithelia"
"1608","2b559f42-4490-4680-80dc-9408a86caec1","epithelia"
"1609","2b5d07ca-fc5d-4648-963e-ab2b1e8488cc","Unknown"
"1610","2b5eda41-adce-4dbd-b920-2f2c42ada35d","epithelia"
"1611","2b642727-244f-47f4-90ff-0939646d288a","epithelia"
"1612","2b682191-f72a-432f-8e5c-a52a1ad5c935","epithelia"
"1613","2b6a5672-631c-4e51-906a-6ba6ce937fc9","epithelia"
"1614","2b7139e8-e9cc-4a70-9096-d20a2efb02aa","epithelia"
"1615","2b85978e-e69e-4316-a167-dcdf20a07793","epithelia"
"1616","2b90e5c1-292e-4941-8f7b-97022debe710","Bcells"
"1617","2b96dff7-4f2e-471c-b997-89ac27cf04b8","epithelia"
"1618","2ba26cb9-2152-4146-b47c-4bf0dc8197d6","myeloid"
"1619","2bb7f428-cb4a-4d8c-b06e-d01689796fa3","epithelia"
"1620","2bb8b489-5dd0-4415-855d-f63d6cae3f6a","epithelia"
"1621","2bc611ef-dbe2-4298-9702-94f745bf2e78","epithelia"
"1622","2bcab915-0678-40ff-8eac-8e0cca57b991","endothelia"
"1623","2bd38ee2-67ad-40b6-a7b4-e482d52e6fa3","NKcells"
"1624","2be8252f-9948-45f7-a687-7acea69bc7c6","epithelia"
"1625","2bfc963d-4bf6-4c29-9e11-88d8eb188153","epithelia"
"1626","2c00d6c8-7828-44a6-9b7c-12ebe1cb5e13","epithelia"
"1627","2c19a4eb-a022-4812-9f63-cddd25501f4e","epithelia"
"1628","2c1a078f-6109-42ac-bc14-a74acc47e297","epithelia"
"1629","2c24d679-1010-4717-908a-a0a5ba9131f3","epithelia"
"1630","2c2ae449-e533-48a4-b9d7-bbaed47f39a3","epithelia"
"1631","2c31504a-82b6-4259-a363-ef75f6acf56d","epithelia"
"1632","2c4b3caa-a033-4acb-849e-2fedaeef560e","epithelia"
"1633","2c4e0d44-0013-42eb-a1db-364d71ee1113","epithelia"
"1634","2c5a7fe2-49ff-4ec7-b0c3-5f643c07e548","epithelia"
"1635","2c5d85c6-21a7-45bc-be7f-290b95bcdbba","epithelia"
"1636","2c5dbfde-9af1-4261-b796-d6bb0bfc502b","epithelia"
"1637","2c649871-330d-4c25-a542-1d52925bf1ab","epithelia"
"1638","2c68ad77-c0eb-44e1-a80b-0f4bf3ffb1d6","epithelia"
"1639","2c68c8e5-1bff-49c6-b8d6-e6b5c28e7170","epithelia"
"1640","2c73352d-45de-4235-a51a-81ef485da8fd","epithelia"
"1641","2c740e4a-9380-41b4-8222-fc93eec1a9b8","epithelia"
"1642","2c76cf28-397d-4022-8f42-016c01c00e0f","immune"
"1643","2c82f7b6-a453-4cdc-a207-40e24a2a4223","epithelia"
"1644","2c8917f6-a069-4f0d-a488-c375d4fea0d6","epithelia"
"1645","2c8f9162-e47e-4860-9be1-f98c7fb8e1f7","epithelia"
"1646","2c931bd5-4f74-485b-a776-43cddc8f55ab","epithelia"
"1647","2c93a816-ca11-4495-8cd3-e5b6628b856e","epithelia"
"1648","2c966378-d863-4e3a-bfa0-7fe395c3c840","epithelia"
"1649","2c9eb6df-1b81-42b1-ab22-b50b8ca3ecef","NKcells"
"1650","2c9f4ae9-0cd2-47cb-93bc-fcd816f8341e","epithelia"
"1651","2caca511-6392-4920-b700-fe1b3c96a89e","epithelia"
"1652","2cae580d-dcd2-4796-8106-d6dc27a2f8df","epithelia"
"1653","2cb9a206-b500-4f38-a9ae-312e7ba9b51b","epithelia"
"1654","2cbdf251-f178-4f48-9a1b-6defeba8b71b","Unknown"
"1655","2cc47554-43f7-43e7-bb4a-a7eb8d25b75c","epithelia"
"1656","2cc622bf-7a0a-422d-89a4-d833ee9194dd","epithelia"
"1657","2cca0d0e-0c35-4e2f-ad0c-7ea84c198174","epithelia"
"1658","2ccdd822-1c49-41bd-b0ce-858cdd745498","epithelia"
"1659","2cd40e59-6572-4753-93f4-b0185326b5e1","epithelia"
"1660","2cd63250-e18f-47d8-b239-ec9a95f20e65","epithelia"
"1661","2cd6e3a1-952e-4ddd-be83-ebb33660bbdf","epithelia"
"1662","2cdefcaf-d4be-4c61-baa0-59c94bee960a","epithelia"
"1663","2ce45adf-646a-4bdc-877a-c883839787f4","epithelia"
"1664","2ce73166-545a-4205-afed-c80c6d0f64bf","epithelia"
"1665","2ceb2f2e-c9c4-460c-b16b-202e9febae01","epithelia"
"1666","2cfd46bb-0ed5-4e5b-9ff5-6a8ee320074f","epithelia"
"1667","2d0003e2-a5a9-4488-be9c-4c316a34c0dc","myeloid"
"1668","2d0177f0-be06-4173-ae2f-fffd13059d7f","epithelia"
"1669","2d07ff19-5712-4706-9bcb-dfccb51f9501","epithelia"
"1670","2d082b42-4ebc-43c5-9568-417b24ede645","epithelia"
"1671","2d0a1741-4ade-4f87-a753-50bfcf01f9a7","epithelia"
"1672","2d1c5a65-555c-4867-825a-551a154d2bdd","epithelia"
"1673","2d23b1c8-3db0-4500-a385-417ef4ed6f98","epithelia"
"1674","2d2528a0-cb2a-4523-a4df-d9487e20cb0b","epithelia"
"1675","2d262ca9-6eb0-4e52-bc16-146df5ccbbb0","epithelia"
"1676","2d26f36a-5991-4be3-84ce-f6c033c05b36","epithelia"
"1677","2d27e1e3-6bc6-4cc2-a550-b38187f16897","epithelia"
"1678","2d2ca233-1ce7-492c-b26c-3514dd10a21e","epithelia"
"1679","2d2f59f3-5d2b-4fb3-8b30-107acecca18e","epithelia"
"1680","2d2fec42-7ec3-4b44-83ae-7c9938c97037","epithelia"
"1681","2d31323a-7dcd-4652-b737-700fed841637","epithelia"
"1682","2d360e72-b05e-443f-bebc-131b9408f20c","epithelia"
"1683","2d41d426-6d79-4e1d-9568-fcbf50cf92da","epithelia"
"1684","2d43e58e-6a34-4cf8-806a-3b0193cf80aa","epithelia"
"1685","2d53768f-832f-4f61-bafb-98eae0a1487b","epithelia"
"1686","2d57ba02-e745-4e65-9476-2d65d1682066","epithelia"
"1687","2d5d4bea-ffe6-47c9-8a95-69a08c7486cd","epithelia"
"1688","2d63cb4a-4100-48f5-ba0c-aef1a9a2ab84","epithelia"
"1689","2d641601-5252-43aa-913c-95dea0f5faee","epithelia"
"1690","2d674be5-c015-4b0d-816e-70afef28fe7f","epithelia"
"1691","2d7175d9-82b7-4fb5-bf7a-ca6e24ba7447","epithelia"
"1692","2d762863-20bd-43dd-b270-17bf06b369f5","myeloid"
"1693","2d7771a1-0753-47b5-9639-a8d48ddacbf6","epithelia"
"1694","2d7d7b0e-a23a-42bf-a2ad-cfd1eade37fb","epithelia"
"1695","2d8415d4-af5f-4e79-a57e-c6c86abdbd12","epithelia"
"1696","2d867221-b58f-4787-b8a3-ae313fcf6d62","Treg"
"1697","2d96e468-0ed4-4324-834b-5b9c99783b78","epithelia"
"1698","2da7b691-9116-464e-8086-197b5e701128","epithelia"
"1699","2dab9cbf-f3ec-47a3-a4e8-4c7f488ffe0c","epithelia"
"1700","2daffb38-da2a-4da0-86cc-e294c6d8e6ff","epithelia"
"1701","2dbdddb2-4e23-48c0-add9-e2754666fd19","epithelia"
"1702","2dc0579d-01f1-4fdd-894a-57cd51edb2d4","epithelia"
"1703","2dc3ecf9-5e81-425d-81a3-7ce3db59c8b3","epithelia"
"1704","2dc5edd5-146b-40fc-85cd-1e836d1a6cb5","epithelia"
"1705","2dc78fab-88cb-44a2-aa98-37fc1e8c9cb8","epithelia"
"1706","2dcf73df-6124-4a8a-8b0e-d24a9faf0634","epithelia"
"1707","2de3e70f-4359-4c08-b72c-c277364c2413","epithelia"
"1708","2de74cca-8070-4ae2-865a-d6028c2d4dfa","epithelia"
"1709","2de974dc-59a7-4af3-b409-2c56b093b0e5","epithelia"
"1710","2ded6576-17d1-4467-8f2d-345c9e47e4ab","epithelia"
"1711","2df08a88-09a4-401b-9d58-253db3eeb8b3","epithelia"
"1712","2df6d055-afb8-44cd-b7d9-fe3f32066e72","epithelia"
"1713","2df7c728-5ee8-4456-91c0-9391b322fcfd","epithelia"
"1714","2e11a88d-5d32-43ed-bbf3-a5924ce80e66","epithelia"
"1715","2e26e9ed-9dba-4e5e-b9a0-36a425042ae0","endothelia"
"1716","2e273562-7f1d-4067-861f-e3e1e6b55c15","epithelia"
"1717","2e2bece8-5573-4c8e-bcb6-aedb799de571","epithelia"
"1718","2e2f69bf-7298-49cb-a2eb-9c0fcf43dbd6","epithelia"
"1719","2e3c779a-78e3-4b94-b3a0-f939fe2a5924","epithelia"
"1720","2e3cfbf1-480a-4b0c-a470-e154377c2f91","epithelia"
"1721","2e3d274d-2d86-43da-a33d-b0d514d1af9f","epithelia"
"1722","2e48b7b8-50c8-466c-916d-70bfb1d591b3","epithelia"
"1723","2e4c6a6e-b86f-43d5-ae24-9867204379ac","epithelia"
"1724","2e4e073d-6a8a-49ff-a415-2c1918d2f3be","epithelia"
"1725","2e4fc456-9f99-4274-a4d4-02e93698f250","epithelia"
"1726","2e62a215-42f3-43b2-88ee-c98e231f6fa9","epithelia"
"1727","2e753e53-fec3-4870-9d2a-0bec7f5166a7","epithelia"
"1728","2e7a772d-0ea3-4b97-9669-c4ec04541c33","epithelia"
"1729","2e7e87d9-abc2-4957-a162-99550dd5f47d","epithelia"
"1730","2e7f22eb-1629-4477-b914-a5f8b576db40","epithelia"
"1731","2e81b6e8-82ec-4331-a8a8-353d41433a3f","epithelia"
"1732","2e84e0d6-6f67-47fe-92b7-bfc392224ff3","epithelia"
"1733","2e99819d-a993-4c0e-9e4a-8b37c6562cb9","epithelia"
"1734","2e9adfd3-e438-4e75-bcb3-9e88ddd33e14","epithelia"
"1735","2e9c8797-30cc-459e-916c-624a8ede6c48","epithelia"
"1736","2ea0148b-a570-4b52-ae81-7be4a3c4e9a1","epithelia"
"1737","2ea10ce7-3837-44bd-93c2-f69f0ec27506","stroma"
"1738","2ea1c8fa-d80d-4b08-940d-81f4956153c0","epithelia"
"1739","2eab5ad7-7378-40b9-b135-09750c6c9a81","epithelia"
"1740","2eaddff4-7d51-4cc6-b39d-33b8257ad0d5","epithelia"
"1741","2eaea704-1e9c-451d-aacb-7166d5bd2d80","stroma"
"1742","2eb22dd3-700a-458d-957e-af58112c6eff","epithelia"
"1743","2eb666f3-9d45-4dd5-b82f-334a48ef3875","epithelia"
"1744","2eba0ed4-fef1-40a6-bacf-d21a66870ec7","epithelia"
"1745","2ec041cb-e290-4616-9016-894061557274","epithelia"
"1746","2ec473e8-95f3-4a39-8dc9-d38fc7a4d8d1","NKcells"
"1747","2ec564c5-21d5-4062-baf0-c8e335eec0d1","epithelia"
"1748","2ec7c223-94b7-45be-ad05-7be78301966d","epithelia"
"1749","2ee5f50d-ee1e-44a4-8751-10eaa588e0c6","epithelia"
"1750","2ee77a9a-30cb-4862-97e4-02dbfd815bbe","epithelia"
"1751","2efc0d4a-32be-4c86-a339-bca321db0c81","epithelia"
"1752","2f09c117-f2fa-4972-923a-449220a216a1","epithelia"
"1753","2f0c67d4-b6e1-46aa-a45d-ea127292631d","epithelia"
"1754","2f191fc3-a8ff-4883-a07f-f7207c8f2109","epithelia"
"1755","2f1dae71-ce81-43a4-8b04-67bda0cf44ea","NKcells"
"1756","2f40fb06-1353-48b0-a9bc-3cc7ebe3a17e","epithelia"
"1757","2f420020-17bc-4621-abe5-a0352a1a6edd","epithelia"
"1758","2f46e535-69a5-468d-ab51-e6d73ebbe65c","epithelia"
"1759","2f4ab942-2130-4294-8f26-63eb6c29a1a4","epithelia"
"1760","2f582169-0301-4bb1-ac35-bb87a6db7c6f","NKcells"
"1761","2f5838aa-88f5-4745-a126-6aa068eae93d","epithelia"
"1762","2f6588e4-fa1f-4ac6-923b-48f3a4105a87","epithelia"
"1763","2f6786cd-d33d-484a-a16d-325c7bcbd118","epithelia"
"1764","2f68fb80-9087-45d8-826b-71e276f410d1","epithelia"
"1765","2f76d127-1c52-491e-996b-8bbd7f48aacb","epithelia"
"1766","2f7d0be3-841f-4c2c-92ae-093061300015","epithelia"
"1767","2f809d71-2d85-4bb7-bc9f-b7f092a359f7","epithelia"
"1768","2f849c11-6c3b-4292-9179-5069865a51f1","Treg"
"1769","2f854a7b-705f-4e70-88dc-fcc684feac0f","epithelia"
"1770","2f9c3eff-aab4-4f8e-be6b-23f916d18a00","epithelia"
"1771","2f9c4733-43e8-4d8e-9606-162c77a701fd","epithelia"
"1772","2fa0ff37-8b70-44d7-a1f3-6222c465d836","epithelia"
"1773","2fcb74c4-007a-47a2-9569-84c82f04c1d1","epithelia"
"1774","2fd5d0d3-eb86-4eee-b235-218654168eac","epithelia"
"1775","2fdbb9e1-25fb-4681-ad52-5e6d98522016","epithelia"
"1776","2fe1d503-ec70-48ae-ae9c-e7e15427f04a","epithelia"
"1777","30008f0b-a41d-4c8b-bafa-5bc60ededa38","epithelia"
"1778","30020fe6-873e-4441-9dcd-d7835ef27521","endothelia"
"1779","300da872-bd4f-4e24-bed2-1f9c15d08b6a","epithelia"
"1780","3017dae4-aa9a-4eac-b3a7-8b1453726a98","epithelia"
"1781","3018e392-05ad-4f45-84f9-09d6f6861b50","epithelia"
"1782","301b05d5-6f27-4f73-845f-77ebbfdfd182","epithelia"
"1783","301b4e75-6f9e-48cc-a4d6-b4747e1af3d7","epithelia"
"1784","301c277f-f43a-458e-9d04-7ae7aabf6609","epithelia"
"1785","301f5571-d5dd-44f3-b15b-6d4c670095b8","endothelia"
"1786","302732b4-bc09-416f-9b2d-42def6c04b3b","epithelia"
"1787","302b3770-3ed5-4ce2-b474-b807f04d2c11","epithelia"
"1788","302b8a5e-df25-410d-92ab-e133e028ea27","epithelia"
"1789","3030c3a1-575d-49da-b518-395afde2e074","epithelia"
"1790","30339f24-4998-44e9-b588-7b033beafb7e","epithelia"
"1791","303d6552-c65f-496e-ab74-8ff3c0e088a2","epithelia"
"1792","3041b56b-b3c9-485a-b6ce-56789cce9fbb","CD4_T"
"1793","304e4abd-d4d8-4973-8c8c-6f298e781a1b","epithelia"
"1794","3053bb1a-1d84-40c9-b4b7-724128b14a53","epithelia"
"1795","305bb988-f80a-4194-a4c0-73c0f6e4c650","epithelia"
"1796","30719ad4-e735-4d1c-86b6-4a0855da28de","epithelia"
"1797","3077dee3-b76b-4c86-a5c4-f99578dc436a","NKcells"
"1798","30833bee-1fe6-4463-b453-e16f383d9c08","epithelia"
"1799","308ede04-bef0-49fb-9fdf-a6b8494145c3","epithelia"
"1800","3094f1dc-9973-478c-b786-0e429f9a1349","epithelia"
"1801","309fb8ef-d98f-4e90-ac68-93a4766afedd","epithelia"
"1802","30a0c25a-8fae-4c92-9d6e-9aa04dcb1524","epithelia"
"1803","30ae8978-d60e-4744-a412-fedba587d4b3","epithelia"
"1804","30b1fc8c-ef9c-4c4a-9dce-822b127f0ed5","epithelia"
"1805","30b28c20-3660-4e45-a615-58b97f23e17e","epithelia"
"1806","30b32444-f308-436c-969d-575d2bb146d7","epithelia"
"1807","30b3d2d3-6a52-4821-ab1a-2a349086e4b0","epithelia"
"1808","30b74fd9-62e0-44ff-b4ac-fe8f3a21e101","epithelia"
"1809","30b88c37-7b1b-415f-9b9a-509af71c5b4f","epithelia"
"1810","30c935c0-7968-4823-8865-0e766717f152","epithelia"
"1811","30d34ba2-ca5c-49c7-a384-1e24bfe32491","immune"
"1812","30da4688-ad44-4136-852c-d97d91189994","epithelia"
"1813","30e17b19-f156-4de3-bcc5-f53b0390871d","epithelia"
"1814","30e18d93-4c8d-43f0-8fb6-3d385021c328","epithelia"
"1815","30e4b40a-c672-444e-9c24-080892573e29","epithelia"
"1816","30e9e274-9901-42f2-bf91-d49734a9c00f","epithelia"
"1817","30eb4d9b-2661-4afa-a844-722ebad420ac","epithelia"
"1818","30f22496-82b3-43d7-a248-d1597f553278","epithelia"
"1819","30f42f3a-9fec-4484-82a3-422e9dca0e8d","epithelia"
"1820","3101ca13-e7d4-4a83-97e2-4d1a8236035f","epithelia"
"1821","31078f10-81a2-4bdb-a541-91dfa17320b0","epithelia"
"1822","31085a54-864e-40a3-9e81-cc8008ea199c","epithelia"
"1823","31101639-4e45-4358-af6e-12297d15b199","NKcells"
"1824","3110d8b9-5ce3-4035-8636-d5c543608ea0","epithelia"
"1825","31170698-200e-41b7-bdf8-803d7181d27a","epithelia"
"1826","312088f9-efa6-457a-a006-d7b4709baf7a","Unknown"
"1827","31296a5f-6c1d-4cd9-8c08-d56a5373e8a8","epithelia"
"1828","312aedce-b335-433c-856f-df901c2971ca","epithelia"
"1829","312b5e9c-cbb4-4166-9d76-f1b6a1bbe27b","epithelia"
"1830","31305675-ece6-445c-bb89-95398b97e931","epithelia"
"1831","313186bd-3c47-450b-9bfa-cd966eff27ef","epithelia"
"1832","31328f62-5e6e-4279-bbc9-4b8b00489260","epithelia"
"1833","3132e985-64d0-4bce-a7d1-c86dcb085824","epithelia"
"1834","313794c8-6469-45b6-aa5b-c06b35748f81","epithelia"
"1835","3139265d-e23c-46c4-97e0-4f8c820c32a9","epithelia"
"1836","313d0b99-b994-4f2d-8a67-4b2d4c85e54b","epithelia"
"1837","313fa741-2c7f-4ff3-a2f7-b25f3e7563f6","epithelia"
"1838","31407611-aaf1-4b98-bb7e-a0d74a3026bc","epithelia"
"1839","31427261-db06-4bed-b77f-80412e0705e2","epithelia"
"1840","314c7e57-5a58-43fb-9572-94b68edea9b0","epithelia"
"1841","3152f79a-00c3-4a03-b3ee-a95c5696b33c","epithelia"
"1842","315442a5-1a25-4287-9680-e43a8622ed15","epithelia"
"1843","3154b0a1-0b0f-4725-9e7f-10d8da3d2ee7","epithelia"
"1844","31646b0c-19f7-45a0-9b1f-0c2ce295ae51","epithelia"
"1845","318e670c-c74b-4379-a56d-71886879b1fa","epithelia"
"1846","318ec09a-7169-4a42-a132-ae571fa3bdb3","epithelia"
"1847","319ba66c-3fd7-4a6f-8596-9bb10224896f","epithelia"
"1848","319c65e6-a454-40ff-952b-c37e534a5893","immune"
"1849","319d6c62-d39b-42cb-9b13-7574c4844d14","epithelia"
"1850","31a4c334-ff1b-4327-9078-4984c57f4288","epithelia"
"1851","31a7b7bf-23f5-4d7d-9c52-c0defa7aad14","epithelia"
"1852","31ae523e-5368-433d-9353-acbc392ab283","Treg"
"1853","31b013fa-dfcb-4b82-a1e4-d5db94c3b56f","epithelia"
"1854","31ba193f-7889-47f8-a633-e45ece18f43a","epithelia"
"1855","31be744d-bfbc-41ce-978c-e1f1d8b0740c","epithelia"
"1856","31bf0c77-4974-4948-ad80-a7e5ccf36942","epithelia"
"1857","31c74d03-90de-47cc-b5f6-b96d5bec3826","epithelia"
"1858","31cf7e4a-901d-49a6-96c8-cc7e98b9867f","epithelia"
"1859","31d31fac-f41c-4315-9ad0-d89067cc4de4","epithelia"
"1860","31d9ffb3-2637-428c-ad88-18086bd141c1","epithelia"
"1861","31df9bfc-4da9-4e62-9a85-034b7916f14f","epithelia"
"1862","31e532d7-e388-48bd-8aa1-b3dd79244a48","epithelia"
"1863","31e6665e-a092-460a-b3a6-d6a6020df62f","epithelia"
"1864","31e94089-7333-4a50-bd5b-d00ba00988a6","epithelia"
"1865","31ec2554-de04-4502-9874-8f007f1b433b","epithelia"
"1866","31edcc1e-9885-4ddd-819b-a20d7724b8a2","epithelia"
"1867","31ee64e0-f861-4d76-97f7-b4d5a6f5740e","epithelia"
"1868","31f01f82-4de5-4063-b8fd-a9f5f8abc53f","epithelia"
"1869","320018c4-b900-4c45-9bb5-4e85aef7517e","epithelia"
"1870","32012a05-0a43-456e-9fe2-dacba55db034","epithelia"
"1871","320aa080-bdd7-41db-98b6-341a3a13e1ee","epithelia"
"1872","32132db5-8495-43e3-b5d4-af609c8931ba","epithelia"
"1873","321506fd-1525-448e-90b5-d56b78652238","epithelia"
"1874","32244aeb-0762-4992-bc39-56fa44c4935f","epithelia"
"1875","32275bbe-65b7-4900-9d67-321b6de13714","epithelia"
"1876","322c62a4-710c-441f-8789-8be4cf21c4ac","epithelia"
"1877","3230e048-717d-4e9a-bd42-e916dfa7688c","epithelia"
"1878","32369a22-a0ea-4a6c-af6a-4c2bfb5759ae","epithelia"
"1879","3239e675-1106-4d81-848e-252ce483c459","epithelia"
"1880","323b3a95-5efb-471b-8c5f-10aab14558e0","Unknown"
"1881","323c42f4-788d-42e0-9e4f-d612c04417f0","epithelia"
"1882","3247be74-4aa0-40cf-9bac-4b919b1dbf59","epithelia"
"1883","32515504-33f4-452e-b58c-94eade7e7678","epithelia"
"1884","325586f4-f2ab-4f20-91e1-508191659e60","epithelia"
"1885","326c238e-4c2a-418d-914a-0ea55498dd15","epithelia"
"1886","3270e7a6-8da7-4593-866b-a8450431ce91","epithelia"
"1887","327ccdfc-0bdd-46f7-a44b-439c4ab1bf46","Treg"
"1888","32820a3f-77e5-4880-aa36-a3f4567d6f16","NKcells"
"1889","3290984f-6466-47ef-ab61-2a34d770b8a9","epithelia"
"1890","32925b0b-761f-4c70-9e08-6f5202439611","epithelia"
"1891","3294f3b9-a893-4a65-9ff2-b35a09752944","epithelia"
"1892","3297c9e9-d1dc-423f-a3d2-4985b5c8e967","epithelia"
"1893","329e5cdd-a355-4bd1-8f33-1d99700e322a","epithelia"
"1894","329f2913-080e-4674-99b7-372f79789d5d","epithelia"
"1895","32a4d433-f41c-441f-9dad-52068bbb9317","epithelia"
"1896","32a603c2-38cd-4b9a-97c3-0a30bd256db9","epithelia"
"1897","32a966da-2022-4e13-81e1-d10be7da50ba","epithelia"
"1898","32aa7e1e-2627-4ef0-b936-bc8e27ac06ed","endothelia"
"1899","32b0e2c5-0a6d-4f20-9deb-d4d2b33a86eb","epithelia"
"1900","32b4cf21-0e68-4577-8659-037c84b7fb8d","epithelia"
"1901","32b5682a-48fc-43cb-82f2-53378b19bacb","epithelia"
"1902","32bccab5-0460-4f05-86aa-d06dd92d67b4","immune"
"1903","32c500d9-93d7-44c8-8946-f5f000e3ab97","epithelia"
"1904","32e1c0e9-8643-4b19-bca4-2c0151c93922","epithelia"
"1905","32eb3ed5-863d-4731-b8f1-aee7de78c51c","epithelia"
"1906","32f14a37-d814-4265-a526-e8e0b3b228da","endothelia"
"1907","32f1df07-f1b7-4e7a-a132-65273ccf2137","epithelia"
"1908","32f84fca-c177-418d-b492-2ea4e996dd4b","epithelia"
"1909","32ffa3ce-b5e6-484f-af45-862d81b6b2b5","epithelia"
"1910","3307facb-bce0-4438-a4ef-6066897c18ff","epithelia"
"1911","3310e977-506e-434e-a62e-ae4206345a89","epithelia"
"1912","331b97fa-f0bf-4f16-9c78-4169deee2738","epithelia"
"1913","331db1b9-a1e2-47ae-b5f4-3ac29601a243","epithelia"
"1914","33209ebe-db71-4e8c-9a09-b5db76003cfb","epithelia"
"1915","332412e4-af87-4ccf-b41b-1abab6d7d374","epithelia"
"1916","332575a9-8efe-48d8-b1ff-873ae0f0fd87","epithelia"
"1917","33345401-b6ff-4911-b9f0-ea1ab74fd4eb","epithelia"
"1918","333d9841-0c27-4284-a85f-2606064fcb75","epithelia"
"1919","334be0bc-7ae4-4224-b7e5-04c5abfe4af6","myeloid"
"1920","33536cf7-2cf7-43c9-9353-7605f77709d8","epithelia"
"1921","33566418-5189-4fbf-a5bd-9ba499f1f296","epithelia"
"1922","33579b46-c8c5-40d6-a1f6-32ad7c74d7b4","epithelia"
"1923","336ef57a-f7e7-4dd1-9889-27710e50bba3","epithelia"
"1924","337a2078-a25a-43ce-8efc-2832e297de05","epithelia"
"1925","337ec10a-81e8-4c07-8720-1ef8659c51a1","epithelia"
"1926","3387b3f9-c7d9-4de9-8f9e-6be57b726759","endothelia"
"1927","339af1f8-bb72-4f85-b1f2-9b1e70f995cb","epithelia"
"1928","33bce149-ab88-4236-8d4e-3b7c3dcc3c34","epithelia"
"1929","33c4c57f-5991-49ae-bc81-cb6afc4fd329","epithelia"
"1930","33cf4a78-1a0f-4b4e-8b70-2660c5d61b46","epithelia"
"1931","33f1db61-bc90-41aa-a16e-aabf205c2381","epithelia"
"1932","33fb00a4-56ed-4220-aa28-2d0f1077f57d","epithelia"
"1933","3404a6c5-8b0f-4492-bbed-bba713e6e109","epithelia"
"1934","3408fd71-5b56-4841-9864-a3ee8cfa098a","NKcells"
"1935","3410290e-c73b-4a1a-8ec6-556f86e5ddea","epithelia"
"1936","3410fcd7-9d6b-414c-8889-f50fd25192f8","epithelia"
"1937","34158428-9857-4094-b70c-ba1077994381","epithelia"
"1938","34231855-a0f1-4660-9d3a-59c1a1532dda","epithelia"
"1939","342345c3-875a-49b8-b87b-2ce094bd4887","epithelia"
"1940","342a1bcc-28dd-4405-90b0-dceeb1ada2bb","epithelia"
"1941","342d23ba-bf0a-41f2-b3df-df1eec83ae3f","epithelia"
"1942","343466ca-2b5d-45ba-8492-b41dfaec0b63","epithelia"
"1943","3436eafb-8c09-44ea-b066-e9d25533206a","epithelia"
"1944","343aaab1-ca92-4914-beb7-4bc9d32cfff3","epithelia"
"1945","34435224-f334-48c8-bd21-a97cefc5e681","epithelia"
"1946","3446ee59-7a15-40ca-9d0f-4582547decbf","immune"
"1947","344f86e3-d95c-484b-9a80-c5011d1265a0","epithelia"
"1948","3451a850-1ec7-4a62-bea2-c3083cfe013c","Unknown"
"1949","3453d4c7-ce1e-4883-afd6-bf758ab4ccdd","epithelia"
"1950","346aabc4-805d-4ea8-8395-5012887da823","epithelia"
"1951","346b5dd6-8d4d-4733-a141-408b4e00100c","epithelia"
"1952","34734ea7-1ac6-42e0-a8f4-a685e5ad3e54","NKcells"
"1953","34778fbc-7dde-46cd-8b1b-e57453184c14","epithelia"
"1954","3477fad4-94a7-49b8-a2e7-38bced658c9e","epithelia"
"1955","347a2ad4-75dc-47f9-9dd1-a9f79f512af6","epithelia"
"1956","347a91ff-f6b5-4688-bb88-267b184787ae","epithelia"
"1957","3481e28e-4b9c-475b-a3b4-71482ac7a37a","epithelia"
"1958","3483116f-3699-4743-b9a2-fa8bf310a8b7","epithelia"
"1959","348d7f18-46b7-4285-801d-9262a8dd6d65","epithelia"
"1960","34925cf7-ae21-4953-a106-aff54345257b","myeloid"
"1961","349721da-46dd-4f50-af4b-60e4c7592c10","epithelia"
"1962","34994048-e80f-4ff3-a4e0-08096501548a","epithelia"
"1963","349b0627-c97a-4185-9019-bc315240528e","NKcells"
"1964","349dac00-75bc-4956-aa63-8d8b2c34fb25","epithelia"
"1965","34a43ba8-84a1-4916-a324-65fc6dd9933e","epithelia"
"1966","34a9aca3-5de4-430e-ac38-a5f54f0fbf16","epithelia"
"1967","34adbc18-fd09-49cc-a117-7deef1270819","epithelia"
"1968","34c0e801-ff80-4d19-891e-94a202e7adad","epithelia"
"1969","34c225fa-e29c-49be-9b2e-2a4b140c741a","NKcells"
"1970","34c290c4-9261-4b60-9816-80eaadb7925c","epithelia"
"1971","34c68a5b-a9e3-4884-833b-c9fc28156755","epithelia"
"1972","34cdf993-90c1-4c70-8fe8-a1a86566d2a2","epithelia"
"1973","34d1953a-78cc-4689-a2aa-5201b61275ea","epithelia"
"1974","34d246d8-32c9-4d0e-ac0a-d264f090ed8e","epithelia"
"1975","34d399cf-6770-4507-95dd-efe0040a512d","epithelia"
"1976","34da2cc5-c174-414e-997f-600de4f62692","epithelia"
"1977","34dede40-800b-4c2c-b59e-156f3d400f43","myeloid"
"1978","34e4e127-f562-4bc3-aad2-ec52c300c1e7","epithelia"
"1979","34ee86a0-3f72-416f-8d5e-ab96368a9dfe","epithelia"
"1980","34f3970d-6602-4015-b1f6-0a98b3f7a14e","epithelia"
"1981","34f4529b-1918-4c56-b4a5-26fa114c6fc1","epithelia"
"1982","34fa510a-0211-4dbd-8475-61de0f80856e","epithelia"
"1983","34fb71cd-bcb6-4d2f-99d6-5a0b996ebbbf","epithelia"
"1984","3500b4e0-2a5e-44b7-8a6e-3119754a1f41","epithelia"
"1985","3501f808-27e3-4b5a-8cf3-111d1a1dda62","epithelia"
"1986","350cd7ed-34df-4254-9e07-2d1e5f1c3775","epithelia"
"1987","35134ad3-7033-4dd3-93ea-60aba593151a","epithelia"
"1988","3520d4b8-b2d3-4bf9-b94f-0d305e7fc037","epithelia"
"1989","3520f48f-1192-442d-ae5b-fcad293efc24","NKcells"
"1990","352709ba-f485-4aef-8d33-f569b2126a21","epithelia"
"1991","35288e29-7231-4d1c-8d75-eade0074acc0","epithelia"
"1992","3536ae96-fd33-48f4-b4f9-1c42fa0b5b45","epithelia"
"1993","353ea1a8-0107-48bb-b1b2-49f60d2618cc","Treg"
"1994","3541ebc3-cea4-40c2-97b7-74dd2311fb96","epithelia"
"1995","3547cd62-ad5e-4ef7-992b-1672d926f162","epithelia"
"1996","354909f4-3539-448d-ba9b-66eaf64cc867","NKcells"
"1997","354d74a1-5501-4e89-abe1-0ee52319e2e7","stroma"
"1998","3558271c-f5a0-4e95-b251-1b0cefd641ab","epithelia"
"1999","3559b6f2-fd34-4646-9920-6c3c39c9b8f4","epithelia"
"2000","3559c437-df64-4a3e-88b4-f426b428f513","epithelia"
"2001","3563e369-3b56-42e9-a8f5-b3bc96815027","epithelia"
"2002","3588e9d8-d9ec-4c44-8f84-881dc8e402d5","epithelia"
"2003","358c312f-4c49-4552-ac18-b64b1271f5b6","epithelia"
"2004","358f4054-0ece-4e70-be3d-d78c18c88f4e","epithelia"
"2005","3591eae2-e321-47e3-b053-6f2eed5a2616","epithelia"
"2006","3592fae8-e286-4b6b-9308-13da1635d36f","epithelia"
"2007","359d80a9-a00d-46fb-8d27-11b13aa20f81","epithelia"
"2008","35a6843e-520d-4107-971c-243c75a35a2f","epithelia"
"2009","35a701c8-ce4d-47de-9cf5-482a30f293fa","epithelia"
"2010","35ab50c9-f6e5-4b00-a3c1-a6f6fb6f112b","epithelia"
"2011","35ad32ea-9530-46ea-8cf9-11e473818520","epithelia"
"2012","35b0c86e-a4d3-4a7d-afa8-b53304edf5d4","epithelia"
"2013","35bca84e-3871-4ae7-a94b-580544de47c1","epithelia"
"2014","35c7a1f4-74b5-4e5a-b14e-00e49ccd42ce","epithelia"
"2015","35cb4fe8-7adc-4213-a7e8-de41df11710a","epithelia"
"2016","35d84fa1-e995-4db8-99fd-8db0a7be883b","epithelia"
"2017","35d979e3-dea6-4242-b2b7-c9b097da499f","NKcells"
"2018","35de4c44-50ab-4c74-931a-449a2730041f","epithelia"
"2019","35e2b8a2-a1e3-4021-ad02-28bc7ef77c2e","epithelia"
"2020","35e44838-660f-4fd2-85d3-33fbd203b3b1","epithelia"
"2021","35e7a216-155f-4b55-978c-8e4ab5891813","epithelia"
"2022","35f36334-ac53-4c02-ad23-91457047dde8","myeloid"
"2023","35f5e9f9-a071-44a8-a48b-7a1f8991b35e","epithelia"
"2024","35f65628-295b-456a-9a81-eda0d99edfad","epithelia"
"2025","35f8e249-0389-49a1-b4fd-614fe0a98bbd","epithelia"
"2026","35fb7124-4c43-4424-b85c-98884cbd4ec9","CD8_T"
"2027","3602a30f-efeb-45e1-affe-6cf01cc32e37","epithelia"
"2028","360af1d2-0cfe-4e8e-96ab-bcac381af966","epithelia"
"2029","361774a9-20b8-44f5-930b-65a784f400c4","epithelia"
"2030","3617fa3b-1e31-4880-97da-fc49756ba549","epithelia"
"2031","362dc5c6-a40d-43ff-a60c-2f120f5cf622","epithelia"
"2032","362f315a-6076-4e87-916a-be5ed4c01779","epithelia"
"2033","36310eb7-70b1-40a7-a622-0fbd1a5ab30e","epithelia"
"2034","36367522-a561-4e3a-8bf9-843dc11a72a8","epithelia"
"2035","3642fee0-2d98-4890-9d54-8bc503045a30","epithelia"
"2036","3643998b-cec8-4186-8eef-908856b7a383","epithelia"
"2037","3646da8a-f10d-4150-af3b-99bbaf1ef22c","epithelia"
"2038","364883b0-81cd-438e-935e-83a2454265d0","epithelia"
"2039","36489526-8ed0-4212-aa5c-ccbee9b1b80d","epithelia"
"2040","364b795d-ddd5-4eaf-bb1b-9bd75ddfcd49","epithelia"
"2041","364e0367-edb6-4c02-a91c-8025b12b8c10","epithelia"
"2042","3651b139-bbff-4834-b5b7-02aa19322edd","epithelia"
"2043","365b7070-01ba-48b4-90ac-a286e28a75e9","epithelia"
"2044","366a41f0-7e55-41c7-ad4f-4f7610d2ddf8","epithelia"
"2045","366dd633-25d9-473a-8839-a9162ba8df65","epithelia"
"2046","366e17cf-1a06-4881-aa13-da0423e4c30c","epithelia"
"2047","3670469e-ee86-4ea1-9b6b-ebb34d61757d","epithelia"
"2048","3695e66e-b060-48e8-a002-4ebb190fc87d","epithelia"
"2049","3699851c-ed33-4d12-bf94-eb10ccbeb2d4","epithelia"
"2050","369a5fbb-8a89-40da-8057-5e987bce730a","epithelia"
"2051","369f8821-d733-4091-9e64-f2b135c9cb69","epithelia"
"2052","36a59739-2e30-47e4-80a8-4a8f8e1fc4d0","epithelia"
"2053","36b12cca-8df6-47fb-92f9-61d84309c365","epithelia"
"2054","36bc509f-3d0d-483a-a037-c8cdabaee578","epithelia"
"2055","36cb89a2-1b66-4dc3-abc4-ea0d6becac9f","epithelia"
"2056","36ce05a3-1bc5-487a-a493-e2214f0f00b5","epithelia"
"2057","36dd86e1-4b26-443c-8400-293ffc8248b0","stroma"
"2058","36df48c8-c4a1-406d-99df-f4af45d6df0f","epithelia"
"2059","36e50e95-d15d-4c1c-978f-059a4f64274f","epithelia"
"2060","36e90e6b-65e1-48ce-947e-67061db55594","epithelia"
"2061","36fe4794-6b3f-4ecc-8f7d-c9a0cc16159c","stroma"
"2062","370dc180-992d-42c5-bed5-1a771bddbe48","epithelia"
"2063","370f8d20-ec5f-4933-8428-b361427a3f54","endothelia"
"2064","3735734a-6067-408e-b6be-382d8fa5efe7","epithelia"
"2065","3736fbc7-e263-49e3-86bc-4b1ad03dd5a8","epithelia"
"2066","373c9f92-0d2a-497d-9347-4f7cf92bff52","epithelia"
"2067","3757e88a-a0ed-4628-9736-1d9711229972","epithelia"
"2068","3758ae3c-8243-4e85-9fae-d8ab05d355f8","epithelia"
"2069","375b5c63-2d50-469e-8332-2921a9f1ba3c","epithelia"
"2070","376db196-aa94-468a-8e33-0c920ca57103","epithelia"
"2071","3786b694-334f-4e20-a962-49c01a309425","epithelia"
"2072","37873f17-7393-482e-b1c8-a20539c67d4a","myeloid"
"2073","37917874-6dce-4535-9cde-66a30e032aa3","epithelia"
"2074","37951ead-2a4f-4170-ac7e-4a32ca885019","epithelia"
"2075","37992a87-4140-4d14-bf46-5004b25e786f","endothelia"
"2076","37a4faaa-28e9-4b7e-87aa-174f9ad9e046","epithelia"
"2077","37aac16a-28ee-49d6-b5df-2b9835d2fd21","epithelia"
"2078","37b025d1-ddbd-40df-85aa-0ad63e912006","epithelia"
"2079","37c038f2-77e6-49fb-8572-b781c5f99153","epithelia"
"2080","37c0398d-9f31-4a19-b6c7-9b63f54b03ce","epithelia"
"2081","37c7520c-95dd-4f8f-9c15-affb133c040e","CD4_T"
"2082","37c7fb52-a886-4635-b320-b4536c5a45c8","epithelia"
"2083","37ca3d87-1426-4a69-9e71-3bf08725e006","epithelia"
"2084","37ca7a90-0338-4e7e-86f0-646b5da127fc","epithelia"
"2085","37d009a2-ae1d-4cfc-9061-ff1c32e0d828","epithelia"
"2086","37d98941-ac05-4852-8513-aa113262ce80","epithelia"
"2087","37dc5abf-4384-4173-9e76-4067e7f8b845","epithelia"
"2088","37df85a3-fc8b-4ee7-bf9e-d27f3c0ab242","epithelia"
"2089","37e90aa3-f349-4ccc-94b8-93d5cfc719bf","epithelia"
"2090","37f53440-a2da-44dc-8b07-233bcb60611c","epithelia"
"2091","37f86584-d04e-4ebc-a9f6-a08afe6e1b48","epithelia"
"2092","37f9c218-6c36-4535-bc87-03d98d929f1d","epithelia"
"2093","381dda27-9277-4243-bd11-df1fa750df93","epithelia"
"2094","381e52cb-a1d3-4a6c-a579-a4baaa3ae2b6","epithelia"
"2095","38263996-59b4-4c1c-b810-e475b959a8b9","epithelia"
"2096","3827aa24-ce15-41a8-800f-41613a9dbf50","epithelia"
"2097","383089de-8b40-467c-9f89-9befb5e13cd4","epithelia"
"2098","383fd769-9860-4c4f-801e-701f02cd7040","epithelia"
"2099","38438901-1f18-4e11-b4c2-8307d918f815","epithelia"
"2100","384b73b0-eb65-4ca6-8158-6d69c5ab0a7b","epithelia"
"2101","384c4ff6-244a-4a60-9e28-de590674dcd6","epithelia"
"2102","385183a1-e8e3-40e4-8267-60ac95d3f477","epithelia"
"2103","38538a78-de59-468f-a9b4-465018da697f","stroma"
"2104","385c3009-7038-4d68-b1b7-764f6a57f111","epithelia"
"2105","386a099d-90ba-4dbc-aee9-04a65b32cc36","epithelia"
"2106","3889138a-7f4c-473e-a307-9ba496cf8ba9","epithelia"
"2107","389307cf-21da-4610-a448-8154a570f7c5","immune"
"2108","38965f48-3168-4202-9cbd-cc9123d06eb5","myeloid"
"2109","38973e38-ce8f-450d-bd2d-1fb9f0bb1777","epithelia"
"2110","38a20a35-25c4-40b4-8d80-f33b4079d1f2","epithelia"
"2111","38a4a34f-bc02-4885-8025-ee03de5cbe55","epithelia"
"2112","38a7519e-b46e-4acf-8d3a-65fa5bbac8e8","epithelia"
"2113","38a91388-4054-4930-9809-e29541db9053","epithelia"
"2114","38b1a0f5-2a41-4feb-96cb-c55f9d940bf8","epithelia"
"2115","38ba15e3-b9d1-407b-8f89-be660293ed71","epithelia"
"2116","38cbfe99-2cd5-4c94-8cfa-8c369c2928fa","epithelia"
"2117","38d4869d-0a76-4452-8e0b-5890dd7074e1","epithelia"
"2118","38e35e6c-912c-4415-a9c7-880d9172e790","NKcells"
"2119","38ec297d-6db8-4770-8771-a059881e7351","stroma"
"2120","38f336b2-a5bd-47e1-b3c0-6f6fd0eccbe6","epithelia"
"2121","38f7ef12-05c2-417c-8fe1-e955358ae5d7","immune"
"2122","3900cfa3-cd8b-4643-b4e5-65d48bb6c406","epithelia"
"2123","39136c11-f225-487d-bd13-b2cb0ee20ee2","epithelia"
"2124","39202af8-5348-4df5-bcd7-13201bbb489b","epithelia"
"2125","39238904-5e91-4f30-a92b-5b82a171f550","epithelia"
"2126","392b78aa-5b1a-4fe0-bfb2-7c5dd3df89c5","epithelia"
"2127","392ef9a1-a0b6-4141-8d42-fa402ff1659f","epithelia"
"2128","393255a9-c08d-4584-90e9-8129dd11cc4c","epithelia"
"2129","393e01c6-aab6-4d0e-9faa-2e969887817a","epithelia"
"2130","39403f72-5497-4fcc-92c2-949c74894fb9","stroma"
"2131","39503138-cc69-457d-859f-e59e69bfb5f7","epithelia"
"2132","39615e1a-a91b-46a0-917c-28f31676ccec","epithelia"
"2133","3963e6b1-c3ba-4ebb-b2b4-4c8282b7d0da","epithelia"
"2134","3968b5db-6abf-4abd-8c04-c82c03a7c75f","epithelia"
"2135","3971c38d-c164-4eb6-a082-a7c0878beac6","epithelia"
"2136","39732aac-bd29-446c-8937-1abff877943a","epithelia"
"2137","39741329-220f-4400-9db7-c6f2d4adae1e","epithelia"
"2138","397ad926-468a-42cb-b1f9-55c9354cfdf1","epithelia"
"2139","397bdb61-1b3b-417e-8dd0-f003be3802f0","epithelia"
"2140","3984996e-f04d-49ea-99d0-c617cf77c619","epithelia"
"2141","3986c3cf-60c6-44a4-8caf-fe26fa9bb6ff","epithelia"
"2142","39894d7e-9efe-427d-85e7-3b7f8e9d4f8d","epithelia"
"2143","398d4cf7-b75f-4e80-8e99-0abd1e6367de","epithelia"
"2144","398e6d06-9cde-4d4e-8c1a-f0a2b7dd0221","stroma"
"2145","39924b51-36f3-459c-a55e-97f847d91ee6","epithelia"
"2146","399b68ad-e80a-41b1-9322-81c2bfd21aed","epithelia"
"2147","399df103-4546-47a4-a72c-af1a5930067b","epithelia"
"2148","399e4949-0c8e-41b1-89f6-9e05f900f929","epithelia"
"2149","39a5d535-efc4-4eb6-8db4-e53d25eb6b02","epithelia"
"2150","39ac4452-909c-45d2-aa2f-45a8d0a9104e","myeloid"
"2151","39d5f382-32c0-46de-becd-f7c00d77babf","epithelia"
"2152","39dafd93-ed89-477b-a7f3-4d0d296e1881","epithelia"
"2153","39e1e357-480f-4b33-b5a0-819f51e1f4b0","epithelia"
"2154","39e5e581-73e6-4a92-a493-c574d9681c8b","epithelia"
"2155","39f26dac-03db-4eda-8684-01c4727e0980","epithelia"
"2156","39f3946b-73a2-4f35-8323-f6a1c854f92a","epithelia"
"2157","3a06d424-ab06-4ae9-9657-d0f562c4d0d7","epithelia"
"2158","3a09ef2a-433f-442e-8cab-f615de987f4c","epithelia"
"2159","3a0b1e85-381e-4f82-85d0-b8199cfadc0d","epithelia"
"2160","3a0e69f5-e968-42b7-b946-f84521182f0e","epithelia"
"2161","3a1e2cdd-bc36-40ca-a861-98b58e47d097","epithelia"
"2162","3a1f617c-c04a-499b-b28c-a423f86892d5","epithelia"
"2163","3a253af2-3189-4628-9e6f-d4c82d36b605","epithelia"
"2164","3a3661d5-3e65-4bcb-8bd6-cd72cb3e8b7b","epithelia"
"2165","3a3b6f2a-a6e6-4c0f-9f32-caa09364ad2e","immune"
"2166","3a3bc81d-3cfd-4979-b429-f884b24786ce","epithelia"
"2167","3a458d60-774b-4302-9528-490e11349d1a","epithelia"
"2168","3a4a06c4-90f7-4b5b-97a5-aa3794867ae3","epithelia"
"2169","3a5063de-46e3-4bbc-a37c-ef9cb0951010","epithelia"
"2170","3a53a091-c5f3-4795-8f6d-10733085b413","epithelia"
"2171","3a6a00ab-5862-4049-96ac-3e17cd4d01d1","epithelia"
"2172","3a835d69-f37b-4b2e-805a-e18e17d894b0","epithelia"
"2173","3a8d9f45-55de-4e19-8972-e892cf6293c2","epithelia"
"2174","3a9446da-20df-4e73-8883-90cc10a848e7","epithelia"
"2175","3a98e4ed-0652-426b-a5ac-bb09c8c552a4","epithelia"
"2176","3a9d5e3c-fb23-4a2f-8786-b7bd0e8d25f5","epithelia"
"2177","3aa04f74-5615-418d-bfc4-250419e40702","epithelia"
"2178","3aa51530-79e8-4839-a6fa-7537f7031716","epithelia"
"2179","3aafc20b-991c-4963-a9a4-442f94e3f9aa","epithelia"
"2180","3ab0dcac-90aa-4296-9af6-d7009f1585c9","Unknown"
"2181","3ab3d325-ecd1-44bf-8460-7b5dd15ce3a9","epithelia"
"2182","3ab526ed-67b4-45db-a8d9-47bbc47399c0","epithelia"
"2183","3ac04c3d-8d68-44fb-9558-3754a7e37435","epithelia"
"2184","3ac7961f-4477-4b73-99f9-e6bacf581ce3","epithelia"
"2185","3ad10c51-96ff-4c95-bcb4-bbbbe986f6a2","immune"
"2186","3ad2177c-9b72-4ef3-b90a-9b0b1dd7a773","epithelia"
"2187","3ad9cde8-93f8-450e-9cd7-a94488e2268f","epithelia"
"2188","3ae0608a-f14b-4815-8fee-a329f2bdfd90","epithelia"
"2189","3ae2f629-18f5-4b7c-aab7-388db145f230","epithelia"
"2190","3ae8b4f3-c7fb-4c5d-b37e-850ff8219778","Unknown"
"2191","3af3ea19-94bc-412f-a8c1-cfd820f4c8d6","epithelia"
"2192","3af677bb-99c1-46ad-8ab8-852489055b28","epithelia"
"2193","3b03f8b1-cf9e-4305-82e4-fa66f0c62f11","epithelia"
"2194","3b0ab70d-fb4d-4f91-a433-2211627261b1","epithelia"
"2195","3b127fe5-ebf2-4148-8ce3-e7feff877074","epithelia"
"2196","3b19f2a5-66fa-4154-b62e-6bb823c150c5","epithelia"
"2197","3b1b3033-fdaf-4c03-bb09-6153e6db616c","epithelia"
"2198","3b1bb97a-2877-411c-ab57-bff9a4f83a15","epithelia"
"2199","3b27a902-f562-4f36-9ead-a0a34342da42","epithelia"
"2200","3b28f13a-d96a-41eb-819b-bfee074ecc3c","epithelia"
"2201","3b3d4ff7-bd37-44bc-9577-5ebdab539ab9","epithelia"
"2202","3b3e7909-a387-4c0b-b635-ad79f5553fe3","epithelia"
"2203","3b408e79-8cfd-4144-850d-0e050d840efc","epithelia"
"2204","3b487bca-f2fa-4bf3-bc77-87c963532301","epithelia"
"2205","3b50e871-865a-4910-a94f-e542cb1dc135","epithelia"
"2206","3b52430d-4368-4715-9146-a1ffb7e28297","epithelia"
"2207","3b5a5504-5cd6-4458-bd6b-671d216cbfed","epithelia"
"2208","3b5aec47-d4d5-464e-8cf3-4afa803fa1c2","epithelia"
"2209","3b5e1b30-fffb-467e-8699-349c2d851438","epithelia"
"2210","3b62d7f0-c4f4-4769-acb8-69e9292f5a02","epithelia"
"2211","3b6f4a4f-5bab-453a-8c42-0f67b38e4485","epithelia"
"2212","3b6fda1f-158d-4efc-9301-9f11bdb5cf26","epithelia"
"2213","3b708b09-d882-479c-bfcf-8a33f72e425a","epithelia"
"2214","3b729584-1290-4528-bc8a-c9d830613fd3","epithelia"
"2215","3b7a5994-f809-4c52-b8e0-e4cefa20859f","epithelia"
"2216","3b962ccc-ed3c-4d17-b19e-f54db979d2de","epithelia"
"2217","3b9c9693-8a5c-4872-817b-60f30080df88","epithelia"
"2218","3b9d0af4-49d7-4b37-b8e4-a054e66cad1b","epithelia"
"2219","3bac0eb8-8d18-4e5a-9513-743e6e6c8c9d","epithelia"
"2220","3bae510c-7d2a-49f8-87c0-c6139b7ae222","epithelia"
"2221","3bb453c5-f462-475a-9a68-a4d5a7d935e0","epithelia"
"2222","3bb53a4f-1732-4a56-8a5e-d1385a531799","Unknown"
"2223","3bb8d1d1-bed5-4215-8ae7-c5cf9de29e6e","stroma"
"2224","3bcf178b-5ba2-44f4-be7e-a07bccc50d39","epithelia"
"2225","3bcfb8cc-8480-44a9-a8ac-2d6c3a312e06","epithelia"
"2226","3bd77063-0cd7-45d0-a8bf-883f2bd6a21d","epithelia"
"2227","3bd81e38-5801-4a0e-bdde-4543e187ce41","epithelia"
"2228","3be6e890-dfac-4bba-9556-00ce16dd30dd","epithelia"
"2229","3be850da-9140-4c9f-91ce-d7953e5ce6f5","epithelia"
"2230","3bf0709f-7d58-4fbd-a54b-e249a22614b5","epithelia"
"2231","3bfa075a-db9a-4238-98bd-4449398f496c","epithelia"
"2232","3c042436-b3a5-4d91-94df-33913c8174aa","epithelia"
"2233","3c0e691f-7534-403c-9451-356e0341adb5","NKcells"
"2234","3c175fe6-d399-4b2b-bed7-1405ff52dece","epithelia"
"2235","3c1aac86-2398-4d03-9b5c-81c739168c42","epithelia"
"2236","3c1c5f91-0a37-46c7-83b4-9f5f0d157b85","epithelia"
"2237","3c228168-c633-4ff8-a61e-3d3f716d0a7c","epithelia"
"2238","3c296611-242f-4e0d-8b3b-b90f6fc1a285","stroma"
"2239","3c2c234e-0636-4302-b9ed-824f5c99c4b5","epithelia"
"2240","3c38a4a2-b3cf-48b2-9987-9817cbc4c58c","epithelia"
"2241","3c46ca56-54c9-4e09-b38c-ca9643fcd00f","epithelia"
"2242","3c4832b0-c2bc-4f33-a137-6b3253743a19","epithelia"
"2243","3c5a91f0-cd8f-481d-a9aa-33e6d0fcdf02","epithelia"
"2244","3c6b5047-91fd-47ff-944d-a4ffdd0670b1","epithelia"
"2245","3c748063-e341-40a9-bed3-3b637a29a7bf","epithelia"
"2246","3c777c4b-c6df-400a-8574-888d5e3c98e0","stroma"
"2247","3c8168b2-764e-4303-ac36-36bfac3b9534","epithelia"
"2248","3c8a94e3-d057-448d-b890-efa39e00490a","epithelia"
"2249","3c9986c7-9772-41af-8a97-f231d8f6265c","epithelia"
"2250","3c9a55fe-bc3b-48cc-a461-c1f2aa00a54b","epithelia"
"2251","3c9d801b-09ef-4eb8-af2b-6bebb18293f3","epithelia"
"2252","3cb52f1d-fb47-4b2e-aaf2-7902273d1353","epithelia"
"2253","3cca120c-d38d-4d7b-bbc3-3d554b00dce8","epithelia"
"2254","3cdb96ac-8df9-4321-8dc4-5567e70e84c3","epithelia"
"2255","3cde1702-0a3e-48f6-a601-9d944200801b","epithelia"
"2256","3cdfd633-4e50-4fc0-847e-8eecadc9fad2","epithelia"
"2257","3ce4ad15-ee17-4a62-88ce-a1cfd3a7938f","epithelia"
"2258","3cf193a8-cfb7-40e4-8f68-f04d9ef0bc39","myeloid"
"2259","3cf6950f-60e9-4f4e-9d8f-be3b4cc79d82","epithelia"
"2260","3cfa73e2-f48a-471b-b68c-1d2aa75e846b","epithelia"
"2261","3cffb58a-1a2a-496e-b437-4d4bf4abe347","epithelia"
"2262","3d0ea523-e160-4316-b9ef-e7b24c5037ad","epithelia"
"2263","3d10b6b3-45f7-4600-97d5-cb2b9715bb1c","epithelia"
"2264","3d1712d4-8577-4620-91cd-dbe360635708","epithelia"
"2265","3d2b3cda-fa85-4ce7-8b9d-838c5fc48573","epithelia"
"2266","3d2d4ba7-6134-4a64-97a4-fb1a12161801","epithelia"
"2267","3d2ff898-cec4-4abd-a32b-79628be9d638","epithelia"
"2268","3d3ddea1-bb71-4c2f-b7c0-3d076a82bc49","epithelia"
"2269","3d43bf98-fcd0-406e-aaad-25cfe6c9f044","epithelia"
"2270","3d599d38-f392-477c-b599-7832f41b1bc1","epithelia"
"2271","3d62622d-3442-494f-98e6-215b3cbfdf0a","epithelia"
"2272","3d6a8a62-e379-4f1d-8fa2-5c24b042155a","Treg"
"2273","3d6ca9f8-0586-4d6c-b17f-ab8358cf4c47","epithelia"
"2274","3d6dc9f4-5c9e-438e-9442-26b4d45dfea3","epithelia"
"2275","3d6edb5e-6cce-4a9f-96ad-b1700f922692","NKcells"
"2276","3d6f652c-8e7e-4ca5-8d78-79843e4e6fd9","epithelia"
"2277","3d764322-a030-4673-aeb5-9ad56fb6f8a5","epithelia"
"2278","3d8b272b-9884-4ca7-b242-dcb44a8adb01","epithelia"
"2279","3d8c4cc0-4247-47aa-bc33-db343af0a803","epithelia"
"2280","3d94bf61-f718-40ad-a97d-de923a600b1e","CD4_T"
"2281","3d9f1250-beb4-477f-a530-26a37168dbea","epithelia"
"2282","3da86225-fdfe-4458-9b8b-1261ea925de8","epithelia"
"2283","3daae6c8-20f2-4f51-a599-15b041c53f42","epithelia"
"2284","3db5e0f2-893e-4c2c-bd33-4eb083e1b596","epithelia"
"2285","3db6753c-4f8c-43b4-a8bb-e798c40854bd","Unknown"
"2286","3dbfd560-de9e-44cb-b611-545e68f6e23b","epithelia"
"2287","3dc34c89-d44b-4bac-bcda-34f91ee37657","Treg"
"2288","3dcb8f8e-1bc0-4f53-b877-95b83f5b61a0","epithelia"
"2289","3ddac3a4-2ef4-4cd5-ac2d-de1959c20167","epithelia"
"2290","3dde9abf-95c6-40c2-8946-da7fc1340ce8","epithelia"
"2291","3df009d3-12dc-4797-9b59-ce16cd6405e1","epithelia"
"2292","3df2badf-e071-4eeb-ac5d-96e85782f760","epithelia"
"2293","3df81e98-8cb4-4dc8-aee8-6add47d5d390","epithelia"
"2294","3dfa2bce-e04b-4384-b9a7-cd024be64125","epithelia"
"2295","3e00abb5-d47c-4766-abbf-a827a07614fa","epithelia"
"2296","3e013187-efa0-4af3-ab2f-268ccd0ba2f6","CD8_T"
"2297","3e0dbdc4-9460-40e1-b846-c61d4952f6f2","epithelia"
"2298","3e14ecc5-b51f-43ef-a08e-b11af2a50ad2","epithelia"
"2299","3e231103-9341-48ef-80c5-4361e0762c09","epithelia"
"2300","3e2bac5c-bfc7-4031-a4b2-3da5a248ac24","epithelia"
"2301","3e35957f-dfbe-4f41-8da0-1337e3cb008e","epithelia"
"2302","3e46452c-b436-49b8-985a-57b668aa85f5","epithelia"
"2303","3e4e4188-03ed-4f91-96f2-fc010430c1dc","epithelia"
"2304","3e4f47bd-5736-4365-85bb-a2fc0ffc346a","epithelia"
"2305","3e5e2516-08b0-45c5-aeee-8316c244148b","epithelia"
"2306","3e64ef9c-59c6-4103-9d48-5bd212d1a3df","CD8_T"
"2307","3e691c4c-2144-4f03-ba89-97886d9e4d73","epithelia"
"2308","3e702a09-40f1-418c-be6a-2989240770d5","epithelia"
"2309","3e79e2b1-e42b-40c3-ac7f-5f28032ec1c5","epithelia"
"2310","3e7dc8c0-c844-46d2-975b-7f239efdcd14","epithelia"
"2311","3e7e8ec5-1060-403c-9e29-d8cc7fb0cf13","epithelia"
"2312","3e7ff1cc-1ba2-4436-adb4-76579cdb2207","epithelia"
"2313","3e8090e5-54ca-416a-bc7f-1e7335d5a99f","epithelia"
"2314","3e80e79b-9fc3-413f-a71d-91ede4c6d83d","epithelia"
"2315","3e9661db-aeba-4d08-b3b5-f8f4b2b411be","epithelia"
"2316","3e9abc60-7ff9-4f24-a919-3ed47e795da4","epithelia"
"2317","3e9bc754-4c94-45f2-b633-cca43ddf3c84","epithelia"
"2318","3ea03d41-008e-4338-8f49-1d963da2ae8c","epithelia"
"2319","3ea5a2cf-9791-46c4-812e-e1d58697ef1e","epithelia"
"2320","3ea64560-d680-425a-83dd-90cb08323cd4","epithelia"
"2321","3eaaf24d-2bff-407f-9663-52ea6d365b6e","epithelia"
"2322","3eaf5ecf-2c36-48e6-9452-34b0ff91e739","epithelia"
"2323","3eb84891-69a9-4360-8c8f-0f549d96c201","epithelia"
"2324","3eba31f1-c59a-4c27-8b0f-446d4ad143aa","epithelia"
"2325","3ebdf8e6-22b0-4e83-abd6-ec9d64b49a35","epithelia"
"2326","3ed21295-8d67-4724-9175-90d40539da48","epithelia"
"2327","3edc6a37-baa7-43ae-9170-9b269c36295b","epithelia"
"2328","3edcdc23-3edf-4212-a2e2-04456c367731","epithelia"
"2329","3ef2a074-2424-41d8-a2e6-8c665e0d414d","epithelia"
"2330","3ef5caa5-c98c-45ac-a148-bcda84b0b104","epithelia"
"2331","3f060d69-a0ad-42ef-9789-48807eb1fd69","epithelia"
"2332","3f06d69d-7ab1-4841-b3e0-2bd54d4f525d","epithelia"
"2333","3f0c5a0b-ecd4-4a24-826f-442069211de2","immune"
"2334","3f14de08-e15e-4c28-95a7-4c71ae381b1d","epithelia"
"2335","3f20b314-5a64-47d0-920d-0f0774cc09ae","epithelia"
"2336","3f239307-e4a3-4dd5-ada4-f78390201973","epithelia"
"2337","3f2cfefe-8629-42fb-a6b8-370dcd7eb71a","epithelia"
"2338","3f2eaf97-b6f7-483c-a65f-9942ac4ec984","immune"
"2339","3f3036a4-0428-45ab-98aa-94ce66278cfb","epithelia"
"2340","3f34f90d-2dc3-469f-860b-d1d4762f8b39","epithelia"
"2341","3f410425-b5c5-42d7-b70b-bc6283bd0400","stroma"
"2342","3f46d8e0-ed2a-458e-9e8f-4e8466568eda","epithelia"
"2343","3f4857ab-aa5b-4cb2-81b8-91f5a6f81d58","epithelia"
"2344","3f4c2282-9a93-4b7e-9a0b-40318dc71033","epithelia"
"2345","3f4f362c-e65b-406b-9b66-d7abc606ab51","epithelia"
"2346","3f501170-7c3b-4c7b-84f8-e8f99eaa04ba","epithelia"
"2347","3f685e78-7fdf-48f8-95c3-a53bfb529294","epithelia"
"2348","3f6cc3f4-afa5-4a18-b22a-2160f50d98f0","epithelia"
"2349","3f6f83a7-0324-41ff-a3c9-3ebdf1f64fa5","epithelia"
"2350","3f730607-f320-4682-bd36-42d1d3a55c49","epithelia"
"2351","3f7a3699-f32d-415a-8ddf-d490cda1a8ad","epithelia"
"2352","3f7af683-33ba-4028-ac9d-97d096450555","epithelia"
"2353","3f7fb46f-44ce-4f31-b9f2-37ce9665a7b1","epithelia"
"2354","3f80cfcf-ce27-4e93-813b-10efaeaa00fa","epithelia"
"2355","3f95669c-51b5-472c-bb2f-56c9f2e9bd88","epithelia"
"2356","3f95b42a-f6de-4d29-a13f-9545df243b25","epithelia"
"2357","3fa57344-1fef-4e7a-9230-f29b98f5313a","epithelia"
"2358","3faebcaf-7b3f-4da1-a43a-d55501cb1237","epithelia"
"2359","3fb548dc-2424-4cc5-a416-a2596435db6c","epithelia"
"2360","3fb58508-c0ad-43c3-b268-3628e0be0417","epithelia"
"2361","3fb5e3e8-febb-426c-9e62-a8d8dd8d2658","Unknown"
"2362","3fbb4701-26cf-4d33-9262-6d6736d77b89","epithelia"
"2363","3fbcc188-8e4e-4170-b8a3-ed9fff0cddce","epithelia"
"2364","3fd0b47e-c439-44cc-a23e-8b700701369a","epithelia"
"2365","3fd1d5cd-94d5-4b09-960f-47ac62be08a1","epithelia"
"2366","3fd1e53c-a728-44e5-af6c-005124fa6840","epithelia"
"2367","3fd3402d-a707-4397-9fb6-373b7dc8a9ac","epithelia"
"2368","3fd41f2e-9f3a-4ad5-abc0-def7db3ed456","epithelia"
"2369","3fdb5a6e-9d82-46b8-b6bf-632e0628aa02","epithelia"
"2370","3fe264e8-95c3-4386-a155-7e609e263297","epithelia"
"2371","3fe92fe3-c38d-44c6-a696-47b220e973b3","epithelia"
"2372","3fea703a-74a4-48e5-84f6-1632aa930ede","epithelia"
"2373","3fefe1b3-c041-4e4d-a91b-14d497f1f305","Unknown"
"2374","3ff017cc-cac4-4056-a2ae-cbba502078a4","epithelia"
"2375","3ff8bb2e-061c-4ed1-8857-d214f5e17933","epithelia"
"2376","3ff93bc3-9c45-4ad7-ba26-0c1906620327","epithelia"
"2377","3ffcd9b6-7c0c-4000-ae1d-9261877b149d","epithelia"
"2378","4001f263-bd1a-4642-9d71-365f31989ad2","epithelia"
"2379","40052e59-5fbd-4526-91ac-324e434a6b4d","epithelia"
"2380","4005f4b7-2a74-400c-a613-2552bedde482","epithelia"
"2381","400b3fa8-1d5d-468f-9a46-bf44663b3b54","Unknown"
"2382","4016dd6b-35ee-4965-9c00-7c4826fa2d43","epithelia"
"2383","401ac26e-48d8-4fd8-a0b4-c3491aa5fb4f","epithelia"
"2384","40241ee6-1779-4dc0-bc01-b2717752ce8e","epithelia"
"2385","4031fc64-490b-4e7a-b3d0-a635dccf9685","epithelia"
"2386","40378dac-da3c-4b5c-a55e-963601a43010","epithelia"
"2387","403d21b6-2630-43e8-ad75-f8c399502d19","epithelia"
"2388","4042b071-0da5-4683-a82a-cbe158b43596","epithelia"
"2389","404586f7-f8ba-461d-8008-1fd01beffbc9","epithelia"
"2390","404b74b2-578e-4fa8-a594-4117744a92b4","epithelia"
"2391","40527925-66ab-4671-97d5-ad0f0a26b6ad","epithelia"
"2392","40546133-df1c-427d-ae79-7bdfa3f4cd2a","epithelia"
"2393","40557e88-29cd-4f9a-bb30-a608ce123545","epithelia"
"2394","406aa435-df63-47dd-8e98-d6d096c7fa21","epithelia"
"2395","407ded70-d8a0-477c-9c48-5ae8e1c6bd96","epithelia"
"2396","407e5118-bb94-4054-95ae-91e506697958","epithelia"
"2397","407f1ab2-8947-4d52-9f6a-81efc66a3551","Unknown"
"2398","4080bd3d-f371-492f-aa5e-a74466ecf779","epithelia"
"2399","408565d9-00fc-4c11-8235-d0aef73e5c38","epithelia"
"2400","408a7042-8a82-4e83-9295-e7e53cfd85a0","epithelia"
"2401","409b6bee-8555-41eb-814b-9b9bde039550","epithelia"
"2402","40a244f0-5a3d-4eae-9661-6e71d8613d5b","epithelia"
"2403","40adc84c-9536-4ed8-a496-461623f113de","epithelia"
"2404","40bf1d39-eb1a-437b-8a95-689a64f953c8","epithelia"
"2405","40c42149-af23-4cfe-a600-cddee806f34e","immune"
"2406","40c55827-7b33-4266-89f6-28238921fa59","epithelia"
"2407","40dc4649-57e2-4777-a58f-4410f541c7db","epithelia"
"2408","40de1e1e-1a17-4269-9daa-d23d58665ef7","epithelia"
"2409","40e0147b-6cc3-4292-8ce2-02842bc09344","epithelia"
"2410","40e624b4-880c-4aec-b957-fcc9e621073f","epithelia"
"2411","40e7d9a1-1df9-4b05-89fc-0130c4414bc2","epithelia"
"2412","40f2f7c2-7ff0-423a-90c1-5c17e139b2f9","epithelia"
"2413","40f3e9e8-ccf0-4175-9755-949016ad8abf","epithelia"
"2414","40fd1f08-4bcf-4f2c-87d7-4bb12251d995","epithelia"
"2415","4105003b-c6e2-4e46-8bcc-c134304e77b6","epithelia"
"2416","410f5692-0674-4ee5-b672-742bdc0700c0","epithelia"
"2417","4113decb-5318-4943-bd08-719f4060a2e3","stroma"
"2418","4125a753-aaf2-4712-b5fe-b1ad3f6794ae","epithelia"
"2419","412d5bcb-63a1-4de6-81ec-fb8679695181","epithelia"
"2420","41315f7d-5552-49a7-ae4a-820eea1e4b86","epithelia"
"2421","413848c0-968e-4d7a-bd39-5f80b49c5dfd","epithelia"
"2422","413c2a71-def2-458a-86be-346c36c528dd","epithelia"
"2423","4141eccc-6f87-4262-8576-27fea456fa78","Unknown"
"2424","4143d657-a791-4a28-b5df-92ce9aacca56","epithelia"
"2425","41461edf-7d66-4223-830f-8af36e493bb8","epithelia"
"2426","414681fb-2eca-496f-9db9-c8da46befc0b","epithelia"
"2427","414818c4-64f8-465c-93cc-5acbb6ccd860","epithelia"
"2428","414b4f38-31c3-4c98-9fea-15b13cf02912","epithelia"
"2429","414e1cfc-c81e-4fd7-b2db-25fc158b394c","Unknown"
"2430","4150bc60-7359-4550-9a0c-a3f9370a3a91","epithelia"
"2431","415e8e3a-1927-486c-a974-a8705195ad22","epithelia"
"2432","4162ab45-00d6-46f4-9766-73c33fa8dced","NKcells"
"2433","4165d130-03ee-417b-b882-56d4eac0d3f2","epithelia"
"2434","417f4384-152d-4222-998a-fba1cac2c247","epithelia"
"2435","4197171c-06a6-424a-b9b5-2c8b998d1262","epithelia"
"2436","41aa69bd-0fcf-491f-b110-a0d92b8cf7d3","epithelia"
"2437","41b03e6b-be15-464f-854b-02e20290ade6","epithelia"
"2438","41b2a6f4-2cb6-4f5f-b768-f1131601b417","epithelia"
"2439","41b8fcbb-79b1-494d-9619-aef528bc1a99","stroma"
"2440","41bbc908-600f-4c65-a6a1-64fc0bc4b4ec","endothelia"
"2441","41bfcf3a-b702-416b-9138-7b562acca580","epithelia"
"2442","41c2f988-24dd-48fa-b537-172bfb2f3676","epithelia"
"2443","41c6353c-b3f6-42c5-a2e2-ba6c00a18abe","epithelia"
"2444","41dc7cf3-719f-467f-8996-dd3d25029db8","epithelia"
"2445","41e31e7a-61cb-465b-900b-4488f0735f8a","epithelia"
"2446","41ecc076-200e-4236-8088-4f6ed89cb1de","epithelia"
"2447","41ecfc0b-ec35-45be-b7a9-2c183bb597e3","epithelia"
"2448","41f0b0fa-e100-4fe4-8146-56688aefd62c","epithelia"
"2449","41fca4a2-5494-42aa-b74f-f9b6d366eb18","epithelia"
"2450","4201a5bb-d02c-4612-a13b-3d968e1fa5c6","CD4_T"
"2451","4206c5a4-6bc7-47b5-878b-df124bd475c7","epithelia"
"2452","420c293c-6c0b-429e-bd5d-4ac7c2c21026","epithelia"
"2453","421bb93e-8b73-4e8e-9797-3acb09f980a7","endothelia"
"2454","421f53be-b33b-473c-8003-94a0a6b9df13","myeloid"
"2455","4234aff8-9fe0-4459-aecb-8b0aabeb96f0","epithelia"
"2456","42351287-b039-49de-8817-71a66a376f7b","epithelia"
"2457","42486e45-6c8a-445c-afbe-523fe76e5643","epithelia"
"2458","424cc71b-f239-4bef-9553-825614cc027f","epithelia"
"2459","425bd1cb-f805-4adf-8a1e-5ef58d1d89ec","epithelia"
"2460","425e1548-7535-472a-b6c2-77e3166230ae","epithelia"
"2461","4261a57e-4602-4397-9ced-cb375e5f9ef0","epithelia"
"2462","42710fbc-2d3f-47c2-8642-106a64c56ebb","NKcells"
"2463","42711e91-6fee-47b9-a5f1-327da31f8f7c","epithelia"
"2464","4273ae9f-2590-4981-865b-af213c8fd0f5","epithelia"
"2465","427ec3f9-b612-41c8-a1a8-acb36a0ffb06","epithelia"
"2466","427ef702-ef4c-4174-9b52-22425a4b2d48","epithelia"
"2467","42a1b79d-d45a-4853-8d71-6eb6f04b9996","epithelia"
"2468","42a44bbf-9ddf-474e-b299-78e7ddfa472e","epithelia"
"2469","42a9d723-c205-48c3-901c-4ea4c616e7c2","epithelia"
"2470","42c15f8e-4c64-43cc-a156-6dea84dda285","epithelia"
"2471","42c2ebae-4d85-4a6f-b22d-91fb4c3118aa","epithelia"
"2472","42c48240-c4b6-457f-badf-d3c86d36d855","epithelia"
"2473","42d637c5-17a3-4ef3-bad8-1ffc545d0c97","epithelia"
"2474","42d8e4f0-4f73-4f3d-bdca-0d970db0ca2d","epithelia"
"2475","42dd3d1a-62f2-41cf-930a-81db848e9a72","epithelia"
"2476","42e4dbb0-5a6f-4451-89ec-f635abda81c9","epithelia"
"2477","42e8f441-8404-4567-b610-1244b66ca28a","endothelia"
"2478","42ec82cb-89e5-4d77-94ce-c1c864e6a52e","epithelia"
"2479","43016a10-7606-4a57-ac07-50f83ad558e1","epithelia"
"2480","43086a1b-89bf-4cb4-a8a8-6bffdf1259b6","epithelia"
"2481","43088f7d-de5b-462c-9eac-0870436ed170","epithelia"
"2482","4309c6ee-8966-4e24-a667-38c02919df7b","epithelia"
"2483","430bec75-45f9-4e82-8fb8-53e042e1ffff","Treg"
"2484","430f8268-939a-41fc-ad8b-c7fb3a00c77d","epithelia"
"2485","431a998d-def6-473e-941d-dbd34cb98895","epithelia"
"2486","4330b005-69c1-40bc-9101-329cc5316595","epithelia"
"2487","43326c42-6d49-44b9-a427-bb159fafc2a4","epithelia"
"2488","4338c7cd-ea19-4374-afe9-1432bc7fc539","epithelia"
"2489","433beaa1-cf8e-45e0-8e1e-f4ed69f14660","epithelia"
"2490","433c70d5-8676-44bd-bc36-3d5f63a16137","epithelia"
"2491","433e4a64-80ad-423e-b408-d738416be8d4","epithelia"
"2492","4347794c-d7d9-4902-804e-21ba1aed1e10","epithelia"
"2493","434ed53f-67f6-4a1b-8fc5-d47e6b0c3c72","epithelia"
"2494","435990f6-1861-4c70-9bec-89947f9a4e34","epithelia"
"2495","435dea0a-da03-4a06-bc83-f9c777bb12b9","epithelia"
"2496","435e5816-bb73-47fc-a8f5-c1bcf39e17c0","epithelia"
"2497","4365ad7d-e337-4024-ba75-39533ae6dad2","epithelia"
"2498","436f3d96-78e3-41fe-af74-b203e1ec3e48","epithelia"
"2499","4374638f-6cd4-498f-acae-c7334b47a4d8","epithelia"
"2500","43828305-1f7d-4ea2-91cc-5b846fb2e342","epithelia"
"2501","438624f8-5726-411e-aac3-9d19132afae5","epithelia"
"2502","438748fb-a1f0-48bd-87af-c92b463f0279","epithelia"
"2503","43926189-6588-4c9d-be70-1608f6465205","epithelia"
"2504","43989617-09bb-419d-bc5e-17242985d112","epithelia"
"2505","43a1e022-81e1-464c-a23e-d815e0dff62e","epithelia"
"2506","43a2a287-a8fb-4e6c-8a58-7e018165d1c1","epithelia"
"2507","43a47216-3b6c-4732-8141-3671b5000a19","epithelia"
"2508","43ab868c-486f-4626-a9e2-a4a6493a2772","epithelia"
"2509","43af30b4-e3a8-4fce-bf45-0e671d6dd728","epithelia"
"2510","43c0c6c0-258e-45f4-8fdb-966b7275fb46","epithelia"
"2511","43c2f57a-8cf8-4f0b-8d7c-8dd20051f990","epithelia"
"2512","43d0a42d-8872-461c-8f20-b22091544552","epithelia"
"2513","43d1bf54-d44a-417c-b688-5bf4178582f2","epithelia"
"2514","43d1f143-7217-43ba-82e3-8ad18e69df58","NKcells"
"2515","43d2ce46-c6f3-4798-9389-37082932c453","epithelia"
"2516","43d77ea8-da79-4ea7-9190-58bbf6a44018","epithelia"
"2517","43dba556-f1a7-4381-a2cb-0a774bed53a6","epithelia"
"2518","43dcbd13-94d0-40c6-8231-1b5cb3419dc6","epithelia"
"2519","43dfbd1d-2d2e-46eb-a88a-36b9160f0227","Unknown"
"2520","43f6b18f-246f-4714-bc00-388970efb5b0","epithelia"
"2521","43fa4ff2-617c-4cd2-88e7-73f24543eab1","Treg"
"2522","43fc8ab7-a74e-4a5a-b231-4e964dac5200","epithelia"
"2523","44020a3d-82d5-4118-97e2-c9091a156efd","epithelia"
"2524","440ab4d2-aa5c-42fa-98c8-acbaa7b95cc5","epithelia"
"2525","441174ec-63af-4eda-8410-3feb5be43f58","epithelia"
"2526","44131c48-b4b3-4c98-bf74-fbad346a49c8","epithelia"
"2527","4413959f-6601-4859-904e-9aa7da634799","epithelia"
"2528","441bf192-a107-4c0f-9242-20bd4f41b8eb","epithelia"
"2529","4429d84a-bc58-46da-8279-797a51236083","epithelia"
"2530","44312d24-540a-4e08-8169-2c085e539a58","epithelia"
"2531","4442299d-85a3-45f3-a292-3f8215181455","epithelia"
"2532","44467ce3-eee2-4c49-9ff4-722c8acc0b5c","myeloid"
"2533","4446d819-8f42-4c73-82de-8fdea750d52e","epithelia"
"2534","444a91c2-835f-40dc-8974-1119cc3545bb","epithelia"
"2535","444b04fb-5fa6-485c-989f-eb00427bdd54","epithelia"
"2536","444d8d7e-1a81-4752-876f-6264ffef7cee","epithelia"
"2537","4458aada-0c27-4f4b-9e79-94b9adfe21da","epithelia"
"2538","445ab5d2-d593-4b09-835f-3dca0ad1b54c","epithelia"
"2539","446039fb-fbf0-4a14-bde1-d2694fb390f9","epithelia"
"2540","4466fa4d-f033-49c8-93c9-1ddb2c93680f","immune"
"2541","446ef4ca-e862-418a-9af7-0ef269567ca7","epithelia"
"2542","447a32be-ab07-42b9-8fe2-a0deb4b58e97","epithelia"
"2543","447a4970-6c42-489c-ab9f-608814f4d354","epithelia"
"2544","4480f4d3-3c93-4d78-bc97-d7bea77faa1b","epithelia"
"2545","44817037-6e86-4b59-9b89-e819d35f360a","epithelia"
"2546","44949761-ec3d-45d6-8004-dd95b95fb203","epithelia"
"2547","449a64a2-cc2f-4669-ad69-4ad9a36df53b","epithelia"
"2548","449e4b43-dfdb-41ae-a6bf-6c68a518a05d","epithelia"
"2549","449f09e9-8b55-4bca-8897-b2dbbfe4865d","epithelia"
"2550","44a7a2fa-f121-436b-bb2c-c93e9ab88bc4","epithelia"
"2551","44a8acff-8499-42cd-a941-9a1ec02997b7","epithelia"
"2552","44ac9d4d-3154-41d7-8094-f68bed672cde","epithelia"
"2553","44b3f073-2545-46e3-a15b-efbbc563ad04","epithelia"
"2554","44b7b9f3-693f-48ca-8892-23654ae513f0","epithelia"
"2555","44c58c63-8917-450e-bcbb-a3cab82dfc32","epithelia"
"2556","44cd1514-65c6-4459-a4db-0026dbbae705","epithelia"
"2557","44cd426c-2afe-4917-b5f4-4e002098f8c3","epithelia"
"2558","44dd5119-95e3-4183-aa2c-86f20c9e7f39","epithelia"
"2559","44e6e704-0f12-4654-bfae-752651f0256a","epithelia"
"2560","44ee7048-d059-45d8-88d5-e056cf31043d","Unknown"
"2561","44f4641a-ca70-438b-9071-eca3d6cf55ad","epithelia"
"2562","44f7c044-c6d1-478d-883f-533cad3d45b6","epithelia"
"2563","44f7e24f-d689-4922-99ae-70ec9c2c2f29","CD8_T"
"2564","44f9c0ac-6ab8-495c-9752-d17e458692dc","epithelia"
"2565","4509d403-cd15-48d5-a97a-13deb6971be4","epithelia"
"2566","4520d506-48bb-4558-8fea-a89850af6e68","myeloid"
"2567","45258a16-4c47-45ed-a783-e8c755fdc15b","Bcells"
"2568","452b3e7f-5286-4161-a405-39871af1fa31","Unknown"
"2569","452b5883-8362-4804-9b58-acb13bb6c7c0","epithelia"
"2570","45318b02-326e-4f12-b08b-558396c8c966","epithelia"
"2571","453b1194-e034-48d6-87e5-35822bae3485","epithelia"
"2572","453b4d02-0bd0-43ee-ab88-2c10884acb48","epithelia"
"2573","453c6e2a-8c7f-494e-9921-bb5d687fa954","epithelia"
"2574","453f4247-4b5c-45fe-9363-a2ca2f22392e","epithelia"
"2575","4546d75b-eff5-416f-9ce8-342704601f80","epithelia"
"2576","454d2a54-f696-4da8-a4e4-202e79ea594d","epithelia"
"2577","4554a8ec-a006-4e3d-b34b-2ced5d7143aa","epithelia"
"2578","455ad5d4-d671-4a3d-ace7-bcdc1ea246b5","epithelia"
"2579","45624bb7-5494-48e4-88ec-9c4140c32bc6","epithelia"
"2580","456b1453-9b88-4469-9ab5-f7e383e644ad","epithelia"
"2581","456c6e6b-a1b1-40e5-b450-9cd9b0118a92","epithelia"
"2582","4588266b-1937-42f2-8c03-28e3a5f872f4","epithelia"
"2583","45b8e24d-cd74-4ade-a804-4932c1e91b4d","Unknown"
"2584","45c08532-b2a5-4e95-a867-3656d994f6af","epithelia"
"2585","45c5500c-7b50-48e8-b862-cbfcb01db80e","epithelia"
"2586","45c8ec0f-5d3c-4422-9afb-28dc02d2f039","epithelia"
"2587","45d86b55-c093-4297-9112-b15ba2c77957","epithelia"
"2588","45d8fc8c-e64d-40b9-a563-3ff05276a818","epithelia"
"2589","45dc6132-cae6-4745-96fb-70927a65a7fc","epithelia"
"2590","45dd2a72-f28d-4a2f-b06d-e0195d7d00f1","epithelia"
"2591","45ee4a15-d135-4b6b-90e1-15abdac91d39","epithelia"
"2592","45f14013-9a90-44df-94f3-36af461ce75b","epithelia"
"2593","45f5e76b-8db8-4abd-92c6-abc4a9234e27","epithelia"
"2594","45f79846-59d5-4a00-8a64-71181fc2f1d5","epithelia"
"2595","45f7e724-715a-476c-8d20-6c90ebe7bcb8","myeloid"
"2596","45f9bd8a-fffc-45b4-abd9-c1e6c2fd6995","epithelia"
"2597","46045c2b-dc66-4add-90d7-b9eec01b2deb","epithelia"
"2598","46054ee3-63d4-4b56-9beb-52cae374ebbc","epithelia"
"2599","46149402-831e-43fd-83d0-c8d5e3a42053","myeloid"
"2600","461eb459-6565-4679-a0c8-f31e76a0f7d6","epithelia"
"2601","46247428-aa6d-48fc-b175-8cbb5318b5e5","epithelia"
"2602","46263047-54b8-4a67-8011-59982ae3162f","CD4_T"
"2603","462a7760-b5a6-48da-be92-773fd642a934","epithelia"
"2604","462f22a5-1567-46c0-854e-7f8196a8e4b2","epithelia"
"2605","463138b7-43b2-402b-969c-5c6c151c0dfa","endothelia"
"2606","46335d36-ebef-4e67-9c6c-47790c293cc4","epithelia"
"2607","4634480c-03b3-4e27-83ea-28f46eadbfac","epithelia"
"2608","46486071-1dea-428c-9f26-6208daa3bdee","epithelia"
"2609","46591b61-2a2e-44bf-8a26-58bde9b9dca6","epithelia"
"2610","465edd9c-aaa5-4442-942e-adcbde6299da","epithelia"
"2611","4666f457-231e-41d0-ae78-a3eb281361e1","stroma"
"2612","4671c10b-d2d3-48cb-b7d0-5cdc767d071e","epithelia"
"2613","4677d3d0-75b0-4e2c-9c43-f2fc9d9ca819","epithelia"
"2614","4679d4e1-5bbe-4013-b458-93d27adbe117","epithelia"
"2615","467b1326-8c5c-480b-bddd-8fe31f3f9b32","immune"
"2616","467bb8e0-9a06-47ed-81ef-49f565c1672d","epithelia"
"2617","4687e5d5-16eb-4a34-9b62-0abcbb3a40ef","epithelia"
"2618","468cb6ac-3a4b-4bae-9b41-d781dacc958f","epithelia"
"2619","469144cd-4b80-46ee-aebf-7c388cab663a","epithelia"
"2620","46959263-b465-41a7-8035-70e0ea3e6333","epithelia"
"2621","4698837f-2737-459b-a32a-bc8494b607f4","epithelia"
"2622","469b113f-7ad9-49a8-81e1-1cf843e1f6cf","epithelia"
"2623","46a14555-20e3-4f8b-87e6-a93afe818fe1","epithelia"
"2624","46bb564d-76b4-49d8-b51d-f737b0c3bac2","epithelia"
"2625","46bcde09-8b57-4f80-8323-c39dfcdac216","epithelia"
"2626","46c6fe1b-0d77-4b0f-90d8-30cf38ea4ed8","myeloid"
"2627","46d9df55-b82b-4b22-8849-f7359583ace9","epithelia"
"2628","46dc5433-b70e-4674-8840-e231ca802e1e","epithelia"
"2629","46e3027c-9ee3-4cf0-bdad-9f3fd4713f5e","epithelia"
"2630","46ed2d93-1410-4a12-abd2-44fc9b3c40e1","epithelia"
"2631","46ffe1c9-9feb-4080-aa66-3073709db73b","epithelia"
"2632","47035f58-a9ee-40cb-b999-20fa990403c9","epithelia"
"2633","47091687-6536-4ddf-8a25-81f1c09e3c32","epithelia"
"2634","471360f4-2cde-4d57-ad41-6ed4da82caa1","epithelia"
"2635","4717c1c8-a884-401c-bdc3-f4c238a6ee9b","epithelia"
"2636","4718fefe-4495-43b0-a5e7-0626f6ab336e","epithelia"
"2637","471968d9-ced4-4090-9439-bcfbf9ca8ecc","epithelia"
"2638","471f3c69-05c1-41ff-98b3-32808e95f681","epithelia"
"2639","4723ef58-daea-4452-931b-67e89f906e64","epithelia"
"2640","4726bac0-bed2-46b9-a7fa-7e5e7fa90e2c","epithelia"
"2641","472c1862-8f5d-4eeb-9e80-132bfe9d4ec0","epithelia"
"2642","473d94aa-079d-4f3b-b59a-0d6c157990fb","epithelia"
"2643","473dc83b-b7c2-4bf3-8d04-4bee49242b0f","epithelia"
"2644","47400359-7c01-43d3-9e08-9aaa43e3b6e1","epithelia"
"2645","474d05a9-276c-4b2f-bcaa-322f40b12691","epithelia"
"2646","475d8224-891f-47c7-92f4-7168ad9c917c","Treg"
"2647","4763fa1d-678c-401c-b333-bcd0a6c0347d","epithelia"
"2648","47658984-19cc-463b-9169-18dd6a6af241","NKcells"
"2649","477d1660-c2eb-45af-98bd-0387f6652745","stroma"
"2650","477f5501-a4c7-4d02-88e2-15e6f727e99d","epithelia"
"2651","47865b37-b976-4eaa-8e02-947303acbe1c","epithelia"
"2652","478708bc-ba3b-4134-a1fc-9ecc9127e279","stroma"
"2653","47874fc4-c025-49df-a69b-42cc901e08b2","epithelia"
"2654","478c55cd-0399-4b34-a05f-4c9c526d6673","endothelia"
"2655","478d00f3-2a95-4df2-8235-bf23ebd38e03","epithelia"
"2656","4797abad-cda4-49e0-af0a-a301dd77406c","epithelia"
"2657","47990cdb-201a-4a6b-bdc3-5dd0ecea6df9","epithelia"
"2658","479bb62f-4631-46b8-840c-2c0f2481fe8e","epithelia"
"2659","47a288b2-7b0a-422f-b86e-edb3bb4c7af5","epithelia"
"2660","47a3f1e5-e755-4afd-ade1-9706f586fbb7","epithelia"
"2661","47a850ca-86e0-4a03-b2dd-663ef82466ae","epithelia"
"2662","47b18ae6-383d-4bf8-93fa-3789b0fbd12c","epithelia"
"2663","47b53bba-1f55-4184-a047-3b147bfaa567","epithelia"
"2664","47b957e4-643f-48ca-936f-c173af899f88","epithelia"
"2665","47bb42ba-7891-4f83-afa2-e6a9db8e8e67","epithelia"
"2666","47bc711c-325a-469b-bb36-32e8989b4184","epithelia"
"2667","47ca0c9f-d3dc-49dc-80ab-50c0598ed362","epithelia"
"2668","47cc8999-41fc-4fe5-a200-d6666fdb40ae","epithelia"
"2669","47ce61a1-38c5-471f-bd94-873134a07b76","epithelia"
"2670","47d370f1-ffcd-4949-9999-ab3f68578734","epithelia"
"2671","47d45a15-541d-414b-a512-65dc8a0b34b0","epithelia"
"2672","47de40a2-8cc1-4861-8f37-3165d4654f46","epithelia"
"2673","47e919d7-fc88-4fd0-8592-383e25a46aba","epithelia"
"2674","47ef5475-1498-496c-a97e-220187bc42ae","NKcells"
"2675","47f27c82-a7a8-478e-b67b-fe1f73d9202e","epithelia"
"2676","47f4b589-1c27-48a4-b0d1-584b73f5ed9a","epithelia"
"2677","47f5245d-40ee-40c8-86af-bcec6c9b0ca2","epithelia"
"2678","47f55db2-f0e5-4741-bc7d-2c6c1f951601","epithelia"
"2679","47fd1868-767b-4c8a-b526-341565e7fde0","epithelia"
"2680","4807bafa-331c-4a8c-bbba-1665faecaa9b","epithelia"
"2681","4816a482-332c-4e54-b3b5-609d628b6bee","epithelia"
"2682","481cf426-df17-4730-b9eb-010de4f9eee8","epithelia"
"2683","48263882-2aa5-402f-9813-60fa1344519c","epithelia"
"2684","4838603e-41fa-4e8a-9380-5981df7f7ad9","epithelia"
"2685","48391b16-9361-476d-9204-d150ec9058e6","epithelia"
"2686","48393b96-a7a5-44c8-8b7d-dfa653c73570","epithelia"
"2687","48399da9-addc-4ff0-84b3-ee5182da21a9","epithelia"
"2688","484ec2bb-7ed5-45c5-909b-7d98fee1cacd","epithelia"
"2689","4852b2da-e8ab-4f38-8cf4-3a0a04dab81d","epithelia"
"2690","4852d601-8939-40ad-a5ef-c26b9ae3c129","epithelia"
"2691","485351b1-9ec7-42ac-8607-b8aedc889791","CD8_T"
"2692","485761b4-ab0a-40d2-8d63-be1981196cd0","epithelia"
"2693","4862877d-9e60-4d91-8355-28b41af202dc","epithelia"
"2694","486473eb-6072-42e8-94c6-0975a238ad2a","epithelia"
"2695","4867a24b-869e-4d30-aea2-18d211eb7737","immune"
"2696","486f4bb4-08c5-499e-8e5b-5b11928c0921","epithelia"
"2697","48761a75-be9d-4efa-86d5-3cd13c7b06a5","epithelia"
"2698","48832800-4cdc-490f-ae81-8733170f6043","epithelia"
"2699","4886219e-f452-4aa0-972a-73d78177303b","epithelia"
"2700","48925497-c618-422e-a0e9-2ff79a82a414","epithelia"
"2701","4892d341-bbd6-4d8a-8e4d-166620edfe65","epithelia"
"2702","489931e0-c4be-4cfe-8c54-c8d9f58e6595","epithelia"
"2703","489ae899-c0ee-4049-ab49-f6c1d2e85d43","Unknown"
"2704","48b7032d-1b32-422c-a36d-5673f936144b","epithelia"
"2705","48ca6dc9-f424-4bd9-b0cd-9ca12324c9ea","CD4_T"
"2706","48cfc628-cb26-4308-8828-dfff4932fb1a","epithelia"
"2707","48d07726-4d5e-40e2-a482-ad09697005c6","epithelia"
"2708","48d2ad25-2edd-4932-919f-44754b927ee5","epithelia"
"2709","48deeee6-7ee7-4e36-92db-eea3991fed09","epithelia"
"2710","48def14c-9045-498d-b954-f1298e358467","epithelia"
"2711","48df0c05-34d8-4db9-8947-c355845a13c3","epithelia"
"2712","48e32a84-8644-4209-8d84-1b26bef994b9","epithelia"
"2713","48e6ebeb-a532-42a9-b579-bbbeee674936","epithelia"
"2714","48e825d8-75e6-46e7-8592-1ba2185cfc59","epithelia"
"2715","48ed3088-d9df-4043-b558-85d27bc8805c","epithelia"
"2716","48f6f927-bbd1-4e1f-90bd-2c60cf6b76b2","epithelia"
"2717","49020a07-0eda-4dd1-9691-ee939b8fe50a","epithelia"
"2718","49027a7e-79a8-4256-805d-921f7c8305b0","epithelia"
"2719","4911d3c9-f14b-479e-b262-18d67fc53dfc","epithelia"
"2720","4912bb4a-d1c3-45fe-88de-7eabad69c0c7","epithelia"
"2721","49167d77-832a-40b3-9881-95d57df81756","epithelia"
"2722","4917a8cb-4700-4755-b626-7d449615e397","epithelia"
"2723","491b7e06-4674-4fb5-9b64-baa17bd8f86e","epithelia"
"2724","492fe627-ba58-40ab-9120-b1b065cadb6c","epithelia"
"2725","493df467-11fe-4531-aa1a-87e75a200b66","epithelia"
"2726","49401099-271a-41e6-8673-af6c64064559","epithelia"
"2727","4942c30a-e600-476a-9a7a-a33f1aa0390a","epithelia"
"2728","494ca562-8c62-4e00-b909-0b9b9b67f186","epithelia"
"2729","496a9733-9978-476f-a299-58f4fef7b7f9","epithelia"
"2730","496b3b1b-a312-41c1-9bff-ffdf564e47a1","epithelia"
"2731","49707a5a-6fac-4e31-b957-e0dcc39fa215","epithelia"
"2732","4970f9a0-8d45-4e76-89a4-8fc98701d5ea","epithelia"
"2733","49717501-6bfb-4394-9459-601e1a2dd052","epithelia"
"2734","497199f6-ed56-41e9-86a1-d20d2815143b","epithelia"
"2735","4971d109-3411-4cf7-b002-66bf9be5b2a7","epithelia"
"2736","4973ec55-b785-4dca-b5dd-a7945684ddb3","epithelia"
"2737","4974f6ce-b2bc-494c-88cd-69c57ba21ac2","epithelia"
"2738","497a669b-55b0-4036-811e-981c00ee8e1e","epithelia"
"2739","497f1c07-e34d-4960-993c-d9bf1308182d","epithelia"
"2740","4989a1a4-fc59-40c1-819c-f1ff14ad1826","epithelia"
"2741","498a2ce3-46f1-4009-839e-b66152373581","Unknown"
"2742","49a523e3-c6ab-4fcc-a414-d3a378a0e3cc","epithelia"
"2743","49a5a605-213e-40be-bd3d-0073e75d4884","myeloid"
"2744","49a882f4-3bdc-4758-bc61-7f2d577ded38","epithelia"
"2745","49a8be10-e8bd-47dd-bfbf-67aeb7dd9164","epithelia"
"2746","49b39b1b-ca55-41b8-b325-5fd1ef37f7d9","epithelia"
"2747","49b3cd1a-2b4c-44af-94f4-9de9aa936113","epithelia"
"2748","49b4a268-ba5e-4198-9fc2-1b0258ca9c64","epithelia"
"2749","49cb4c29-e749-4ab3-9546-1baa781291fe","epithelia"
"2750","49d583b2-5f11-400a-8012-9d2748abae46","epithelia"
"2751","49d65a9c-7892-421c-b647-6571acea315c","epithelia"
"2752","49dae1a6-9d60-4fd4-96d5-0b06295c15da","epithelia"
"2753","49dc5085-e760-49d9-a7d0-1c996ceaf462","epithelia"
"2754","49eadc2e-a286-4ef2-91c4-49415ef468b8","Unknown"
"2755","49fd4171-1f16-430b-b4f2-6470a29ac602","epithelia"
"2756","4a0a6f78-3617-44ae-a112-dfc0e1c8eb90","epithelia"
"2757","4a0b1cf7-c166-426d-920a-25d50aae7d09","epithelia"
"2758","4a0e0d62-e507-41f6-bf5c-bef5e7b23663","epithelia"
"2759","4a0e7cc0-803d-45f4-a006-af4e61e424d8","epithelia"
"2760","4a1425de-7371-41cb-b963-4113efca6752","epithelia"
"2761","4a1c3237-1ec0-4c4c-976b-6b89b205b8ff","epithelia"
"2762","4a2c44b9-7a60-4c06-abf4-96e33416bd34","epithelia"
"2763","4a2dcdc8-59b0-4903-bef0-f60f637eca37","epithelia"
"2764","4a301e4e-4922-4c67-bd12-a150c5eb05ad","epithelia"
"2765","4a30fc4f-38ef-4f06-947e-6b5edea73921","epithelia"
"2766","4a33ab4f-3364-445f-8fe6-a94c56f4c0fb","epithelia"
"2767","4a350861-8ab0-4954-b8ec-7f645aaea24f","epithelia"
"2768","4a508fd2-9982-48ef-8ba0-65d07d48f948","epithelia"
"2769","4a564b85-2cc8-42dc-a143-fd3181f8c3a5","epithelia"
"2770","4a56a1f5-5ab3-4aef-80dc-0efada821b34","epithelia"
"2771","4a5886fe-b751-420e-8761-e28da04a0b19","endothelia"
"2772","4a5fe444-43d9-44f5-903c-b12f881e17ff","epithelia"
"2773","4a6de29b-5ba9-4145-b32c-3daeab23b94b","epithelia"
"2774","4a7341da-429b-498d-bb6d-99cc38bbe326","epithelia"
"2775","4a751d62-b1c0-42e4-9590-c6d607844bc3","epithelia"
"2776","4a77a882-7f87-40e5-b547-042bc1d0c440","epithelia"
"2777","4a7c542d-c062-4603-a74d-cad85e5c0b5d","epithelia"
"2778","4a8017b8-0353-4f19-8ebd-58757311bbdc","epithelia"
"2779","4a82a4f7-f894-4374-9dd4-24f353b779ff","Treg"
"2780","4a9c5675-1af1-40a2-8d06-b3e2758f09b7","epithelia"
"2781","4a9e0449-ff42-4ed5-b828-99d4fa3818af","epithelia"
"2782","4aa262fb-471c-46ff-8527-af15d0f3e56e","epithelia"
"2783","4aa9c0c4-0ea4-4fcc-88a4-0ccfc61e0bf6","epithelia"
"2784","4aaaca4a-ef1a-4e4c-af57-eafd36688783","epithelia"
"2785","4ab2694d-e3c9-4a30-bbf6-97a56ca920b4","epithelia"
"2786","4ab8e6d4-10d3-4a41-8559-f31c8e8a2a95","epithelia"
"2787","4abc9848-cf14-4a95-93ee-b7c6187fd120","Treg"
"2788","4ac03236-8726-42e9-976e-f975ba4919f2","stroma"
"2789","4ac6cbef-c2c1-49e8-853b-a2be11418ee6","epithelia"
"2790","4ac9ee5e-ca81-4fc4-b83d-c24427d1033e","epithelia"
"2791","4ad7ba39-3df6-424e-bbe0-094be473b3a9","epithelia"
"2792","4ad7bb7f-c680-49f4-a288-be11e08c425a","epithelia"
"2793","4ae1f333-3aaf-4a1d-8413-273bd257aaaa","epithelia"
"2794","4ae39cac-ecf6-45e0-b539-ebfaa544819b","epithelia"
"2795","4aec9785-9cd7-4451-9648-1e1a7cdec25c","epithelia"
"2796","4b094347-a87c-4041-bf6e-8e1cdf284e99","epithelia"
"2797","4b117410-937b-4bd8-b0d8-70a29cda4360","epithelia"
"2798","4b133a10-e6c6-496c-adb5-c5c64fda503e","epithelia"
"2799","4b1a1496-0e2f-4323-99b0-39747bd7f8db","epithelia"
"2800","4b1c35f8-8f32-49c2-a520-19a2aa433a05","epithelia"
"2801","4b256335-b813-48a0-bbbd-6d27538a7af4","epithelia"
"2802","4b33305e-e744-4019-ad46-647fc9c6c07f","epithelia"
"2803","4b3732b5-0429-4bf1-9dc0-e106de34a6bb","epithelia"
"2804","4b6af88e-01fe-40f4-9d9f-1e5fda609236","epithelia"
"2805","4b76d03b-5f68-42db-9768-5b05ee5c8aa3","NKcells"
"2806","4b7da1cd-c038-4f78-925f-16265bb29cb7","epithelia"
"2807","4b86a30c-a3aa-4493-829f-91e70ebc7192","epithelia"
"2808","4b92261f-0ced-4290-8b51-a57dae84996e","epithelia"
"2809","4b97b23b-c710-4fa5-94c5-f32e995ad9fe","epithelia"
"2810","4b998d64-506b-4b57-ad7f-62bf8b3e71a9","epithelia"
"2811","4b9b2e26-524c-4f9e-90f1-5d0ce13fd365","epithelia"
"2812","4ba38113-5dc1-4f8a-9105-39d7fbd0cf6c","epithelia"
"2813","4bace4c0-8d79-4ba4-bc43-b1ec9ef6077d","epithelia"
"2814","4bb66712-2a65-4329-af73-5fd026525f2c","epithelia"
"2815","4bb6b1b0-849b-4eed-8980-8a2486069689","epithelia"
"2816","4bc9796f-a6d2-4c39-a7e3-4d8473da7199","epithelia"
"2817","4bcf531f-c597-4a73-a14b-4d0787feb56a","epithelia"
"2818","4bd47235-4e71-451c-8550-5f7228a155ec","epithelia"
"2819","4bd864e8-cbdb-499e-9237-5b955a2c211a","epithelia"
"2820","4bdd1800-5ab7-4962-bfea-2519a7f84f76","epithelia"
"2821","4be83c96-03b7-4d46-9d48-291a01da9380","epithelia"
"2822","4bee2c23-68d7-4d98-b61e-66eac786086a","epithelia"
"2823","4beedd83-d9e4-4b7a-839f-1c0bc56eab84","epithelia"
"2824","4c0bdd0f-9361-4a07-8c6b-bd324e6ec674","epithelia"
"2825","4c140a5f-2dfa-40be-bc0e-e5b37b234191","epithelia"
"2826","4c1cdd4b-c599-4b99-af98-f013515784f5","epithelia"
"2827","4c1d8cc9-5fb5-4906-b176-e3455b0315cd","epithelia"
"2828","4c384795-1b9f-4865-abec-7e3243d1c896","epithelia"
"2829","4c3fd6c5-c02d-4b51-91a2-26d16af4e96a","epithelia"
"2830","4c46883f-4ead-4e9d-ba92-f68747d0ab3c","epithelia"
"2831","4c57826c-3163-4845-8fea-59423a4ab3ba","epithelia"
"2832","4c5d0874-1792-4303-b131-293adb4c553c","epithelia"
"2833","4c624c63-0583-4c92-b6f4-19f971153f1a","epithelia"
"2834","4c6624d2-1632-430f-bc0c-3da48ef3f791","epithelia"
"2835","4c7636f7-07e8-408e-ab4c-1dbdad38967f","epithelia"
"2836","4c78e815-4388-403c-b7c8-f9812c523493","epithelia"
"2837","4c8218a3-9c10-4093-8239-3ed500479a4a","epithelia"
"2838","4c82f490-104f-4402-8626-353820a21c5c","epithelia"
"2839","4c8caa01-4437-4234-830b-6577f27d460e","epithelia"
"2840","4c8fb716-6556-4292-aaf8-3e15240166db","CD8_T"
"2841","4c9046ee-e362-4b76-b8f3-bd116cf25691","epithelia"
"2842","4c9afc54-73ea-477f-94ce-6dc442a35b57","NKcells"
"2843","4c9c2e28-24ff-4f10-8b2b-c56eb3a25a22","epithelia"
"2844","4c9df15b-60af-40b1-ba8d-177340fab0d1","epithelia"
"2845","4ca4e998-d3cf-413d-aea4-031745f7ee14","epithelia"
"2846","4cb1b74e-42ca-4f75-a9af-159cd8327245","epithelia"
"2847","4cb543a0-e42e-4a51-8619-6f2bee93372c","epithelia"
"2848","4cc096c1-a72e-4838-8287-7acb42c5cb5e","epithelia"
"2849","4cd30e08-f168-4feb-b844-15c30577fca1","epithelia"
"2850","4cd40905-3e61-4037-975a-a494303dab8a","epithelia"
"2851","4cdf321b-bb86-4f11-b15d-dffe4b0e542c","NKcells"
"2852","4ce1d52e-50ed-479b-97b7-e9c0449b081f","epithelia"
"2853","4cebf72b-376e-4f4e-8c54-ba20e8aac158","epithelia"
"2854","4cedaac6-afdb-4e80-a11a-13209f21eee0","epithelia"
"2855","4cf232ae-8f59-44dc-ae8b-1c28fc6737ba","epithelia"
"2856","4cf3a266-3774-4401-8517-4c991ca09c6a","epithelia"
"2857","4cf3d037-a002-4d27-a48d-5581de6b6668","epithelia"
"2858","4cf77db0-00fb-4e98-a7b9-b195d839f2b6","epithelia"
"2859","4cfd91eb-9fe3-40d4-8038-d3e3868ca1aa","epithelia"
"2860","4d06ffb3-f2c9-40dc-bc7b-d1ab1ada7b1b","epithelia"
"2861","4d11d976-a5ea-44bb-9be1-2a2bc9c61c6b","NKcells"
"2862","4d135f47-8681-4e3e-a98a-02fb83a81f80","epithelia"
"2863","4d22380a-0499-45c7-b955-646a88a89771","epithelia"
"2864","4d29a69b-f884-4892-8c7a-5d9c0a1a134f","immune"
"2865","4d33537d-da35-45c1-b1e3-ab84e4196690","epithelia"
"2866","4d4bd0a5-70a7-45aa-8b79-2f4c450f8629","epithelia"
"2867","4d5404ad-75f3-4e26-a287-64cb0440c026","epithelia"
"2868","4d5697cc-6c70-4b63-8695-fd2e864168eb","epithelia"
"2869","4d578fb6-730c-4d8b-a082-999ce5783b60","immune"
"2870","4d6a250e-b540-4682-82d0-1de34985cbe9","Unknown"
"2871","4d736fa8-4b52-4510-8b1e-2638ce00055c","epithelia"
"2872","4d785331-76ab-4284-8467-e39420a91541","immune"
"2873","4d7a9cec-a250-4310-97c7-623c0398d00a","epithelia"
"2874","4d8f3455-8a41-4da8-aa68-1421ed14d1a7","epithelia"
"2875","4d91309c-fc53-4349-96c5-4533e82ddb8c","epithelia"
"2876","4d99c965-656e-4642-87c4-1123d539188f","epithelia"
"2877","4d9c77b6-5f1d-4870-adf6-b10dea86ff09","epithelia"
"2878","4dac438a-e23e-462d-a9d9-2ff4e797bb97","endothelia"
"2879","4dadf899-36ed-4149-9472-62fe695b3d33","epithelia"
"2880","4daf35d9-f451-4f6d-9e65-9faee2f341a0","epithelia"
"2881","4dbdf8ae-b96b-41bc-a5a6-57006e621b5d","epithelia"
"2882","4dc2af5b-48ff-48c9-949d-e7fbc8960a3c","epithelia"
"2883","4dc58d17-5bab-4427-8a2a-1aa4f443ba7e","epithelia"
"2884","4dc62dbf-d0b9-4272-86d4-9bc56491baf4","epithelia"
"2885","4dc7480a-2e8a-44a8-82fd-cff630d461f9","epithelia"
"2886","4dca8797-71ac-4e4f-b4fa-faa43db03fc8","epithelia"
"2887","4dd13259-e373-4c23-902a-5003a8f41686","epithelia"
"2888","4de0b5dd-d909-44e0-89e7-b4ed5e2d69f8","stroma"
"2889","4debff17-f8ff-410b-aa4c-d2c2c93733fa","epithelia"
"2890","4dfd93bd-2d96-40ff-8ef2-a0b48768a6bd","epithelia"
"2891","4e02c646-5571-4d09-b80b-6cb73362e0c7","epithelia"
"2892","4e07f547-a5b0-4db2-bc66-66be3d27e6d2","immune"
"2893","4e1526d5-b1e0-4290-9ba2-379277b097e5","epithelia"
"2894","4e26065c-322d-4b21-80c0-eca154cc40fe","epithelia"
"2895","4e2e2470-7185-40e0-8166-0ff4c091704b","epithelia"
"2896","4e366223-c9b1-42e7-9d3d-39c3897e754b","epithelia"
"2897","4e3fd1c0-e8b3-4fb4-9f45-1e827371905a","epithelia"
"2898","4e5c68d0-e8d9-4ed0-8528-816196260838","epithelia"
"2899","4e6c3502-dc4d-4ee9-a76d-14fa1c5ad21e","epithelia"
"2900","4e6e7cba-bf67-44e5-a449-097679b8b5e7","epithelia"
"2901","4e730916-755c-448f-a7a5-768195a536bf","epithelia"
"2902","4e78219a-54dd-4b15-8ad2-935b1d0c59c1","epithelia"
"2903","4e7db7d8-f54b-43dd-a745-bc3474560dab","epithelia"
"2904","4e7e6436-0847-4d62-8f5a-91c08a9b1902","immune"
"2905","4e88a6b4-094b-4849-8559-07a6add5096f","NKcells"
"2906","4e8b8439-243a-4c6d-a96c-f5944ebb781f","epithelia"
"2907","4e96b7a1-9297-4262-8fdd-055165c77a86","epithelia"
"2908","4e9818bd-d791-4cd4-94a2-502fbf5d0c86","epithelia"
"2909","4ea57463-eed4-48f0-88cc-2ebaf233c72d","epithelia"
"2910","4eb35569-1513-401c-9e9d-cbfa576372c8","epithelia"
"2911","4eb95230-8b24-4bb0-8b89-80c487006df5","epithelia"
"2912","4ec77c8c-2fac-4e8e-9c70-fc67b750e984","myeloid"
"2913","4ed7f788-fc64-46f8-92f2-5693d03f317c","epithelia"
"2914","4edb0da0-968d-4bf1-b789-84d83c93bd26","epithelia"
"2915","4edb3f13-4568-4359-a023-1bb1c18a8f37","epithelia"
"2916","4ef48ed1-23dd-45e2-aef4-8043b9380788","epithelia"
"2917","4ef58975-a8d0-4d72-9ca0-1370648a9d4d","epithelia"
"2918","4efc5071-21cf-4f0a-99ef-2881d1b10b07","Unknown"
"2919","4f07446a-daeb-465b-ba40-616b780309c7","immune"
"2920","4f0c7861-11c8-47b7-8a3c-fb0d88bf3f27","epithelia"
"2921","4f126c58-1703-4717-aa50-481d4c86387b","epithelia"
"2922","4f131cbc-de01-416a-99d2-9b381cd0ddc6","epithelia"
"2923","4f165312-735d-400c-adc5-4146f4fd9ae2","epithelia"
"2924","4f2a4735-ae62-48a8-a0de-4e978effe92a","epithelia"
"2925","4f2a6240-459d-47d8-be1d-788f84b2da11","epithelia"
"2926","4f2ca67f-25cf-4b1d-b180-834bf21443bf","epithelia"
"2927","4f33414d-f819-41c0-b600-dadb8a7fec47","epithelia"
"2928","4f3475c1-70bf-4f82-b1c7-1d1d378d8136","epithelia"
"2929","4f377bd3-f3bd-44d7-8087-de7abe57ef74","epithelia"
"2930","4f3f9938-19ae-4770-bae6-245bf5a5dbf9","myeloid"
"2931","4f4217cd-cf3b-4bc3-9750-f5953ff8c45f","myeloid"
"2932","4f47f1f6-1592-45af-a4c6-6afd3660b55b","epithelia"
"2933","4f4896f7-4fd7-4e3c-b163-d1183d901f3f","epithelia"
"2934","4f4d14ac-eb15-477f-be99-fca5f74ac909","epithelia"
"2935","4f509145-dc9d-4300-af39-6067156901b4","epithelia"
"2936","4f524414-f390-47d3-9e6b-ac449d6bd3ab","epithelia"
"2937","4f5379ab-8d71-45d2-b5b3-72657e560cb1","epithelia"
"2938","4f56cb31-f848-4414-a9d4-34d883fd39ae","epithelia"
"2939","4f675dd9-d1e2-4943-8255-c9f89b9ba54f","NKcells"
"2940","4f6e4b9e-865b-4225-a03e-e3dd1936e5bc","epithelia"
"2941","4f6eba6d-4b3d-4062-8cae-f6f4dfa3353d","epithelia"
"2942","4f6eeabf-a5ba-4ce1-ba1b-88c14731ecc9","epithelia"
"2943","4f7e59b4-8ff5-46de-9209-16a8a58d388f","CD8_T"
"2944","4f861a1a-a05c-406d-88e3-1e4ae7d5cb6c","epithelia"
"2945","4f880ed7-25e3-4cd4-a22e-97cb7ec47395","epithelia"
"2946","4f8a6af2-92ae-46a0-bf06-3e264a5b36a4","epithelia"
"2947","4f8ef5f6-626f-46ca-91d8-ca2e8806ad79","epithelia"
"2948","4f8fc1ec-6212-4d87-8db3-00776eb466dd","epithelia"
"2949","4f941c3b-9a1e-4801-9929-4c867f0aa394","myeloid"
"2950","4f9bd8f3-bdd0-4cc2-a469-9a673137a3cd","epithelia"
"2951","4f9c2e4b-cb93-4a57-9ec2-42625ac7e249","epithelia"
"2952","4f9dac1a-e2d1-4955-8763-5ed873d11170","epithelia"
"2953","4fac3f72-eada-427d-838b-9aa8632c00a7","epithelia"
"2954","4fb43efb-fa5d-48ef-82b2-19f35cd80020","epithelia"
"2955","4fbd4f7d-4d95-4f52-8e88-9b1ce6b64bd6","epithelia"
"2956","4fc03120-a500-4e79-9ebf-a33bc5dd3a70","Unknown"
"2957","4fc053fc-cfac-400f-8358-659a1b0ef857","epithelia"
"2958","4fc062de-4d17-4dbc-b74b-0e2b69800370","epithelia"
"2959","4fc9946c-5469-4882-8adc-c6c640cbc240","epithelia"
"2960","4fd0c9dd-78ff-4d0b-a30a-d21c6d0e8e6e","epithelia"
"2961","4fd375bf-5626-477b-b1cc-711f2d3223b3","epithelia"
"2962","4fd40f20-e1cd-4da2-a902-031e0a62bb0a","epithelia"
"2963","4fdfa8f4-ffa6-4c2f-969c-a681c1e9d6bb","epithelia"
"2964","4fe54a7f-4b30-43f2-ac02-fcff3334022c","NKcells"
"2965","4fe86b16-44a3-41e9-a17d-88eb5874867f","epithelia"
"2966","4fe8e723-420a-449e-95de-6db9191aa1ea","epithelia"
"2967","4feaae86-e6ea-4bcc-a859-7009c66f1425","epithelia"
"2968","5002df0f-17ab-4e65-916f-b8e080fa0c7c","epithelia"
"2969","5007e8af-251b-492c-98a0-64942cacdcb4","Treg"
"2970","5012efc9-6179-4ea5-9a0b-9fa8cc4f5f6b","epithelia"
"2971","50169317-f4d6-48a1-8e9c-e3468621a0ea","Unknown"
"2972","50281bea-630f-4679-b347-eb8139f24403","epithelia"
"2973","5030a1dd-7881-4260-a8b2-90aa50891443","epithelia"
"2974","5033e81a-f183-479e-8dfa-b22860bb50c3","epithelia"
"2975","5036f072-c5ff-4d66-a1c2-a8350163bf19","epithelia"
"2976","5038657f-4595-4b9d-b9e2-84fef65ac57c","epithelia"
"2977","503a9bd6-505a-4fe5-bdec-42073ff055ca","epithelia"
"2978","503c6994-5da8-44af-9bd9-e93fae7f51ac","epithelia"
"2979","504ad086-de5e-4e31-a332-7f7439c870b0","epithelia"
"2980","504c1c00-cfd9-4e04-bf54-b51c83748483","epithelia"
"2981","50590e39-cb26-4f3e-bad5-dcc8f7e70ae3","epithelia"
"2982","5060903d-6068-4332-8a36-753604cd4132","epithelia"
"2983","5061166a-a580-46b0-8d27-c85a20e19f0e","Treg"
"2984","5061ddae-a2c8-4f56-bdef-18519aff5cd4","immune"
"2985","5063e5a8-d701-421c-a70d-f1ae5ac84894","epithelia"
"2986","50640314-8549-4e59-ba9b-93311a9b79da","epithelia"
"2987","50652e59-d300-45fd-83fd-b3b20d05c347","epithelia"
"2988","50673c5c-4a15-4dfd-9462-5cf80e86b3fd","epithelia"
"2989","506d58f2-aa85-4f1a-9a77-0b47dfd29ebd","epithelia"
"2990","506f5f9b-99dd-4d29-8549-bd8ed847df35","epithelia"
"2991","507031c4-2d3b-46cd-9cbd-591ce9caf171","epithelia"
"2992","5079ff46-4323-48ad-997c-d86033ae8bf4","epithelia"
"2993","507a2de9-06a3-469f-a40f-70109fa75db1","epithelia"
"2994","507f8336-db77-49d2-8a6c-6f460063b4f0","epithelia"
"2995","50886744-cba6-41c2-a890-87e2b857fb1b","epithelia"
"2996","508b2881-6e1a-4b75-84fa-c4e9a41799de","epithelia"
"2997","5090adb0-f44c-4678-9e0a-de5c87ec8113","epithelia"
"2998","5092298f-01bf-4db3-8131-1f3e6087e4cf","epithelia"
"2999","509d6cc8-615f-4283-9310-fb8d2f5caa50","epithelia"
"3000","50a5cba5-9f79-4c51-aa2e-3dfae9ad921d","epithelia"
"3001","50a82a5f-9444-4511-b39a-fb603cf0bc54","epithelia"
"3002","50b52b1f-0f17-43e3-a8f9-147ce82d0400","epithelia"
"3003","50ba9d1d-66a4-4591-8bd3-12aaeb2213d7","epithelia"
"3004","50cbdeae-a3ae-45e9-8fbd-0b9b98d8b4f9","epithelia"
"3005","50ceadc7-06e6-4638-bdd3-afcb5c2a4974","epithelia"
"3006","50d1201f-20f4-4db6-bbf2-4f72dee088d9","epithelia"
"3007","50efec9d-5f29-4b85-9579-9d12d5e2e889","epithelia"
"3008","50fcb5e8-30e1-4472-a337-1e86a63050ae","epithelia"
"3009","511510db-04e7-447a-99ad-d874f7a6088e","epithelia"
"3010","51229fb1-43fd-4205-a9fb-cbfaad767679","epithelia"
"3011","5125789d-8dac-4b80-a02f-dd27bb27b7d2","epithelia"
"3012","512a8d5b-1412-4e90-ae32-11360d6ff117","epithelia"
"3013","512bcf53-85b8-40e6-a57b-b03fbe29f36c","epithelia"
"3014","512f9401-64b3-45da-9d94-d0155e987642","epithelia"
"3015","51450d57-450a-4ca8-b5bb-706289bdb2ed","epithelia"
"3016","51465072-fef2-4613-9397-06e9a129b3ae","epithelia"
"3017","51606a07-2470-4c39-a626-94a3104df025","epithelia"
"3018","516e685f-0316-4ace-877c-ea6cb3a7959b","epithelia"
"3019","51791f5c-9cea-4840-8bbb-d6964e9b46ad","epithelia"
"3020","51811539-15cc-41a1-afe9-fa30f18cbac8","epithelia"
"3021","518f340e-3f47-4140-ad67-e11801cbfdbb","epithelia"
"3022","51a42645-de86-406c-bfab-80bf75d65768","epithelia"
"3023","51a9abf2-9e27-4dd8-a742-bf9e2fe23101","epithelia"
"3024","51af7147-080e-456c-8b20-6fb3ceccd89c","epithelia"
"3025","51be91e1-156c-4645-9525-10ed3c54503c","myeloid"
"3026","51c2e02c-ba76-4637-81f6-9d0d89c2f5a6","epithelia"
"3027","51c65e69-c0f1-44bc-9053-8511bb5d39af","Unknown"
"3028","51d0b3b3-6061-4077-aeb9-997a0455ff5a","epithelia"
"3029","51d3df0d-a5f7-424d-8a1e-5e0f58cc592f","epithelia"
"3030","51d59270-8a0e-4bf7-a0ed-acdc3f5380ea","epithelia"
"3031","51da98f9-a301-4549-9ece-e66b666caa43","epithelia"
"3032","51dd49d3-24c4-4c05-83b3-82bd2f118728","epithelia"
"3033","51df585a-a2cb-4181-9560-8c6ace9b492f","epithelia"
"3034","51e496a2-6f1d-4752-82d6-4f41b0199c0f","epithelia"
"3035","51f5a194-1093-4736-8b19-56bde0983f15","epithelia"
"3036","51ff6ad8-df1e-4732-b6a0-f020b1e19124","epithelia"
"3037","5208c2c7-d97a-4b9c-9737-9b0c2da3066c","epithelia"
"3038","520bf463-1ae2-4746-8027-18eabdd35973","epithelia"
"3039","521399b1-5518-42da-8b57-8d6903e374be","epithelia"
"3040","521bbe3a-40c1-43d1-a561-86ef781cc719","NKcells"
"3041","52202cf8-185e-4019-888e-144939c69fe4","epithelia"
"3042","522de80c-81f7-4d6f-8bea-fb0f4335dc46","CD8_T"
"3043","523359a3-76f2-4766-8834-f15c9068e0e9","epithelia"
"3044","523d2882-0e5f-4910-b85e-b96c48930a34","epithelia"
"3045","525461cc-a504-42c2-bf5a-929ea0f42f8c","epithelia"
"3046","526810a0-78c5-4c42-a79c-910dcbbf563a","epithelia"
"3047","526bf559-b36b-468b-a07e-ab8a2ff2592b","epithelia"
"3048","526c6277-73b3-4e64-a48a-721611963fe9","epithelia"
"3049","52725ac1-03d0-47bf-8f74-7a37284f27f2","epithelia"
"3050","527674b3-bfa6-4d02-9457-a6cd0561b4b1","epithelia"
"3051","52891922-3170-4403-ae20-36abafb627d4","epithelia"
"3052","5289abae-e225-4680-959d-d903613d226e","epithelia"
"3053","52917f57-01fe-47fc-b605-83ef0cb0c89f","epithelia"
"3054","529c8053-2217-49bf-9990-f7b1538812d9","epithelia"
"3055","529cf71b-6689-47db-9453-779da7a0e55f","epithelia"
"3056","529e4fd8-ad05-41da-9e84-245bee0ce632","epithelia"
"3057","529f3635-93fc-4012-b0c1-9fffc82e74eb","epithelia"
"3058","52a23f84-95af-4c39-8f08-7d01a655be99","epithelia"
"3059","52a30f35-4392-4adf-ae45-28d1e527d484","epithelia"
"3060","52ad3440-9d4a-4c7e-a179-2e5f46613837","epithelia"
"3061","52b3cebe-c1d3-432e-b3b5-31d1d8ddfb0d","epithelia"
"3062","52b4b43a-006a-4ad6-80f3-82fe0d6ea08f","epithelia"
"3063","52b58ff6-8968-4593-b070-aa7e036e1634","epithelia"
"3064","52bf280a-b0b7-46eb-b71c-56bc1454b4bb","endothelia"
"3065","52c6ca90-d672-4050-b355-500b8ccc1f93","epithelia"
"3066","52ce1c57-e165-4bba-8b1b-656daef74f7a","epithelia"
"3067","52d7ec81-85f3-468a-8edf-01146dc362ca","stroma"
"3068","52ddac36-bb17-48af-9543-b271c300574d","myeloid"
"3069","52e83adc-c342-43c1-8ea8-14048385619e","epithelia"
"3070","52eff12e-3334-4902-91fa-cc7a6b45d880","epithelia"
"3071","5301782e-598f-443f-9817-a34da420edcb","epithelia"
"3072","530df420-4ef1-4e02-a398-baad4989c734","epithelia"
"3073","530f4070-51e0-4213-9458-a4a4e1c99261","epithelia"
"3074","53186795-9a91-494a-8b97-f4587e4c8772","CD8_T"
"3075","533067e0-a40b-4181-bbd7-78e73cf2848c","epithelia"
"3076","5331d574-c265-4b55-896c-4195bc0107ab","epithelia"
"3077","53518699-1a2c-4713-aad9-d55449f6753f","epithelia"
"3078","53560304-fb53-4a91-9d0c-598c5b79bcd5","epithelia"
"3079","536011c2-f726-487c-b81f-fc3b4ff35871","epithelia"
"3080","536b0a29-75c0-40ba-9292-d07f5aaa835c","epithelia"
"3081","536cf0d0-cdeb-49e5-a9ca-43d38ab55794","epithelia"
"3082","537009b6-e814-4fcf-bc26-e287148d8ac1","epithelia"
"3083","537635cc-7e23-422c-bf9a-6b91a3929e12","epithelia"
"3084","5379da96-4723-493a-8aa2-2d82b06bdb21","epithelia"
"3085","537d8e81-c24b-4fda-9990-ade276acf1c9","epithelia"
"3086","53835956-9449-428b-8f47-e96f689d5d36","epithelia"
"3087","5383a1eb-9c6b-4ecb-b4c7-bd2691e4921e","epithelia"
"3088","538dcc5d-555b-4f37-a31e-3a7c4c939366","epithelia"
"3089","53954f90-6bc3-443e-b6da-9b27543785ee","epithelia"
"3090","539887ce-ebf8-4560-8dbe-0b42e5f1a003","epithelia"
"3091","53991da4-73fc-4ab4-b7b4-cd56bbe311b2","epithelia"
"3092","539cccbc-ea30-43ed-8cc8-8428f731309f","epithelia"
"3093","53a7cd28-768b-4138-8c62-ca3d763ba331","NKcells"
"3094","53ab9206-c08c-40f2-a5fc-e82b458ec128","epithelia"
"3095","53b374a2-ef70-4096-962e-fab8ce727d95","epithelia"
"3096","53b42148-a17d-4e8f-bead-9d8729ed9f87","epithelia"
"3097","53bd3377-260c-409c-87b3-dc9ff5adbfbb","epithelia"
"3098","53c25489-9b59-4204-b88c-80b5d3d00eba","epithelia"
"3099","53c2717c-9288-409f-95cb-e921770be4f1","epithelia"
"3100","53c285e1-3b6a-4580-8be0-b63d2f765df1","epithelia"
"3101","53c92952-55ac-45e0-bfa6-dafde0ac1fe1","epithelia"
"3102","53d4dc3d-a003-4be1-ba54-41dca3024f5e","epithelia"
"3103","53d7db2e-ded9-4f4f-8955-3de6f0f2681d","epithelia"
"3104","53e8abd0-507c-4058-b43d-80f678a0512b","epithelia"
"3105","53eced28-07df-4570-adbf-082123838f25","epithelia"
"3106","53f2e5a8-c874-438c-897d-c12c682ae70f","epithelia"
"3107","53fc60eb-a4ec-4e72-9e46-27f317495cb3","epithelia"
"3108","540086d3-c5f7-4c99-8487-82a091ca4273","epithelia"
"3109","540a2e71-9afe-4a10-ba15-4e521d8e629a","epithelia"
"3110","541d2480-09a3-4406-8000-0345a680dafe","epithelia"
"3111","5422c0be-050e-4f26-a2b7-6d49f3b3f7c3","epithelia"
"3112","5429ee83-8a3d-4647-8133-eeac93ca8bfa","epithelia"
"3113","542f7580-261c-4dd5-b266-0a4eade74fd0","epithelia"
"3114","5441f465-9e72-4a81-952a-123342aae583","epithelia"
"3115","5446fb00-da15-4fe9-96fd-959f3dd03c05","myeloid"
"3116","544e27b4-86d2-4b39-b524-e7b5f5a95855","epithelia"
"3117","544f0dbc-0b46-4bd9-a745-7886b7d6f192","epithelia"
"3118","54646f71-602c-426c-9b48-c7feb7471a99","epithelia"
"3119","5465dc76-425e-48b3-8bbe-bdf72a956dfa","myeloid"
"3120","546c8440-b1cf-4760-aca4-036d50e1af18","epithelia"
"3121","547e3c3d-8c13-47b0-b0d5-b572da85ea62","epithelia"
"3122","5488acda-8286-4aec-97eb-01e5bfe9f736","epithelia"
"3123","54892796-7f72-433d-804c-6fbf91fc09af","epithelia"
"3124","548d41c6-69dd-428f-93de-00e6f30921a3","epithelia"
"3125","5494518f-dd41-42ec-a51d-51c0c627fda4","epithelia"
"3126","549a549c-7fe8-4bce-99c9-51f1d3e4de45","epithelia"
"3127","549ab8d1-0729-4aa9-8c02-f753f134ffeb","epithelia"
"3128","549f88e2-e028-4a90-b49e-bbc75a72f545","epithelia"
"3129","54b04c3b-2e23-4bfc-bd72-3294037c4357","epithelia"
"3130","54b107d5-3a56-4a56-9141-f0cf6deb4b6c","epithelia"
"3131","54b38e6f-dafb-4753-8a04-d077f8d8590f","epithelia"
"3132","54b3ab6f-7ae5-405b-aca8-49f332b090e8","epithelia"
"3133","54b4d024-9b67-4ec1-8d3f-0d22ab00e067","epithelia"
"3134","54ba598d-462e-451d-98cf-5cc06f6581eb","epithelia"
"3135","54c2f77d-2afb-4a09-bd32-2bde0b13e1c1","epithelia"
"3136","54d29096-6536-46c3-bff8-c4c21df8f731","epithelia"
"3137","54d3e2f0-089b-45fc-a4b3-08f0c7eb53e0","epithelia"
"3138","54da16f8-1f72-4dfd-a2b9-95591a3d8bdb","epithelia"
"3139","54dbd48a-e23f-42e6-872f-a7ab86732b69","epithelia"
"3140","54dee176-f590-4375-99fe-67113aabd099","epithelia"
"3141","54f04718-6be6-4a3f-94e6-05f7d428a576","epithelia"
"3142","54f0ef86-5db0-4b36-b191-c7e1e80a8883","epithelia"
"3143","54f60b98-07d2-4fba-8035-c2355e15aed2","epithelia"
"3144","550a0a59-f113-4b78-ab91-e9a11f5cc85f","epithelia"
"3145","550e54e4-256c-4977-8ac4-0be8f17907da","epithelia"
"3146","5513dff2-86bf-499f-81d9-e91ab94cf62c","epithelia"
"3147","551fa071-3251-4fdf-9f05-16f224893b0f","epithelia"
"3148","55201855-3157-410c-a1cb-61b4cf51fcc3","epithelia"
"3149","55222449-ff39-4090-b31a-e50d818b45e6","epithelia"
"3150","55231492-ffac-4076-9c4b-4d5501428edc","epithelia"
"3151","55233f13-fbe1-48fd-91b4-b4b75152a94d","epithelia"
"3152","552397ef-4717-444c-8491-5bec2d7af7c4","epithelia"
"3153","55253ac1-fdce-4ac9-8a89-ff55929be3b5","myeloid"
"3154","5527337f-62cc-41dc-8833-baee33686dce","epithelia"
"3155","552eabb4-6679-4f6d-9053-c4855ade4d2f","epithelia"
"3156","55422149-1c72-4343-9e21-912e4f24ce17","Treg"
"3157","55425a0e-e0ae-4800-a1ad-0e99803d2b1b","epithelia"
"3158","5553d1c5-eef2-49cb-bf3f-c1b35e5972cd","epithelia"
"3159","55585706-e3b9-4ebd-8c84-1892722c9634","epithelia"
"3160","55645a64-aacc-4615-8624-00f6545f9725","epithelia"
"3161","558006f9-0f9c-4bcb-81b5-23856f79d082","epithelia"
"3162","558d2643-1eb0-4f1f-9170-87c69da6a75f","myeloid"
"3163","55975e6b-b64d-453f-8552-d9e1c2e66b1f","CD8_T"
"3164","55a025fe-59e6-458e-9e4e-895395b61030","epithelia"
"3165","55a37fd5-438c-4244-822a-720c8eab31ee","epithelia"
"3166","55b27638-282b-4957-ac96-803cb2d8ad06","epithelia"
"3167","55b851df-6f56-47f1-a668-6a245ced7ea3","epithelia"
"3168","55b8e1a7-e1a2-4244-abe2-ce3eeb82238c","epithelia"
"3169","55cd449d-cc8b-4d73-9d69-a94701a905ab","epithelia"
"3170","55d6bc74-48a1-4d53-8531-00d3a1494178","epithelia"
"3171","55da9ff4-b330-4e42-98ec-8876c9f6dd39","epithelia"
"3172","55dd8bb0-af82-4041-97a2-a1483f85c1fc","epithelia"
"3173","55e1aaa5-e0db-49a0-943f-e625e70e728d","epithelia"
"3174","55e298d4-93da-47f5-afa2-7906e766cdee","epithelia"
"3175","55ea6444-9f85-4277-8ba1-54d46d604034","epithelia"
"3176","560662a6-2188-4963-b962-b8f939495172","epithelia"
"3177","5607b74d-d556-438c-9276-d27848c30a8e","epithelia"
"3178","560bc4e8-7ee5-4106-893a-c0f46df3ae9a","epithelia"
"3179","56115380-f9a7-4dea-8805-1887264156a4","epithelia"
"3180","561476d7-3809-4955-ad04-fbd87938feb2","epithelia"
"3181","56157215-22c6-4afb-8c39-e1826cf1682d","epithelia"
"3182","561ec5dd-750c-4383-82ed-c76af5a752e8","epithelia"
"3183","56308230-c38c-4dd1-8197-7b262cbbdeef","epithelia"
"3184","563dd446-7072-46fd-af40-065f3914493e","endothelia"
"3185","5642ef3c-dc0f-459c-a7d6-d5f0e785ec85","epithelia"
"3186","564377d1-94af-4e08-9219-c497bb4b872a","epithelia"
"3187","56497b41-d9ff-4ab1-9f52-5a275eca3018","epithelia"
"3188","5651541f-c104-41a3-830e-f294eeb09459","epithelia"
"3189","565756b3-4273-4759-b184-7daed37b6f73","epithelia"
"3190","566b9741-7e02-4b07-86e3-cb5bd00f04b7","epithelia"
"3191","566ea154-1deb-4cf2-9bf5-06b5cb822182","myeloid"
"3192","56720dc6-f42d-47b7-b83f-180f3c18dbd3","stroma"
"3193","567ceef5-ce55-4474-a3b8-812fb3c8762e","epithelia"
"3194","568e0856-23a3-4b0c-af31-b4ca63cda4ef","epithelia"
"3195","56944afe-bba6-427d-a26b-1b9d72c5779a","epithelia"
"3196","56a030e9-26e1-405e-9b0f-3ece61b9b52a","epithelia"
"3197","56b71db1-2586-47db-a553-2afbe28bd844","epithelia"
"3198","56b83b18-807e-45b2-8960-a9bd0aa33eee","epithelia"
"3199","56c22348-125c-45db-bc9b-188cabd3149e","epithelia"
"3200","56c4edfd-f65b-413e-8b84-bd1052cafa77","epithelia"
"3201","56c899fb-cad2-4865-9853-744d7dd1830f","epithelia"
"3202","56e4bccc-05e9-4c0a-8be6-56bffb327d67","epithelia"
"3203","56ed4eae-4e48-4f9b-8cc3-9ee231398c00","epithelia"
"3204","56ed7bf0-6227-4f90-9b53-8f50750a8c77","epithelia"
"3205","56f023d1-16c4-4626-aec3-3dc78581d2b6","epithelia"
"3206","56f1fd05-94e9-4fbb-bcb7-7081f4cc7410","epithelia"
"3207","56f8d270-166b-4dc3-8391-74f92cfaebb8","epithelia"
"3208","57018868-837d-4fa4-93c4-fc7738253f6b","epithelia"
"3209","5701bb83-7321-4593-b835-969e1dcb4884","epithelia"
"3210","57033229-bf43-45e2-a241-1ebfd2d80a3c","epithelia"
"3211","5714c05b-1c10-495b-aff4-1e8f31b25312","epithelia"
"3212","57208c2a-321e-4d7f-aea9-9678c70ce08b","epithelia"
"3213","57216cdc-f4e0-4dcf-bf7f-780b12b1e08f","epithelia"
"3214","573bd0c0-1600-43ed-b027-59d5a981b21e","epithelia"
"3215","5744556b-de97-4869-9667-3ea210a3477b","Unknown"
"3216","57544fa6-1a61-4176-ba17-93f0e8f2f061","epithelia"
"3217","575da744-4e82-4981-8594-a8d9e64c7d84","epithelia"
"3218","576eb537-b0e7-4b33-85ff-206743e11bcb","epithelia"
"3219","5776988e-3fe4-4b68-80db-0f7689a8bbe3","epithelia"
"3220","577cd70d-c16f-45dc-b66e-572d1b817c74","epithelia"
"3221","57826116-c91c-4935-910e-a36a2474dafa","epithelia"
"3222","5783a213-0226-42fd-9de5-050edc975ed7","epithelia"
"3223","57879966-3259-4029-994b-8a45c86cf8a3","epithelia"
"3224","5789f471-6e0c-4ec2-8107-991803d7cb8f","epithelia"
"3225","5792b16f-106b-4fda-8a85-7a84d0b6c3ac","epithelia"
"3226","57935d11-6c87-465a-a916-1625270f224f","epithelia"
"3227","5797e01e-1186-43d3-bddd-6add375bbc3b","epithelia"
"3228","579bb508-7717-40d6-a8bc-17bacf190359","epithelia"
"3229","57aefe8f-c2b9-44df-bd92-24bf89096d1f","epithelia"
"3230","57b07d23-2e8e-4c0c-826c-79a578d9db32","epithelia"
"3231","57b20fdd-802d-4874-96bf-c4d49eb94a16","endothelia"
"3232","57c5652a-1515-40d5-b43b-6b0e9b2d6b14","epithelia"
"3233","57cb339b-c2cd-4ad9-a55f-6d166297a581","epithelia"
"3234","57d03b60-6f50-4315-adea-a9fdd290e111","epithelia"
"3235","57d378a4-4245-489b-bae6-a9c5e33cb77c","epithelia"
"3236","57d73488-e43f-40a6-b195-a961f4bb108c","epithelia"
"3237","57d73561-6b6b-4b7a-8b4c-b6cd540f36f1","epithelia"
"3238","57dbebc0-7446-4413-8d8b-256b6a923786","epithelia"
"3239","57f8399b-0981-49ae-be1c-6feb5aece10d","epithelia"
"3240","58043203-7cf0-4d1d-90ab-01f7747170a5","myeloid"
"3241","580942e8-5b5f-4348-a673-41711af5559f","epithelia"
"3242","580d0756-8f13-424d-995d-c5c3d780ca41","epithelia"
"3243","580e9cc2-5c34-4fab-af4a-a54e54aa9d66","epithelia"
"3244","58113c3c-3ef0-482d-80a9-086c1e4d8cef","epithelia"
"3245","5816773c-5295-4d2f-9a54-d6ace72c4ed2","epithelia"
"3246","58291b88-7399-457c-acfa-66de68b59520","epithelia"
"3247","582cfafe-f4f7-4333-9693-cc31b0ac8996","epithelia"
"3248","582fae7b-fa3f-4e2f-bc74-329fff0f2fb3","epithelia"
"3249","584105ea-4ba8-4d77-bf05-3edebcd811e5","epithelia"
"3250","584208e0-8eaa-4970-a138-f25981b54684","epithelia"
"3251","5847e429-841b-427c-9401-a9ff13ed5d70","epithelia"
"3252","584a3a37-5b86-4135-b026-a54535698723","epithelia"
"3253","5853c9f4-86ec-4e60-a780-d3791eefe2e8","epithelia"
"3254","5853d61b-899a-4fb4-82f2-83f151b9f7af","epithelia"
"3255","585f27f1-3468-4bd2-87c0-079429181a6f","CD8_T"
"3256","586530d3-0832-4d20-988b-3b4cb10a1912","epithelia"
"3257","58670b44-5785-44e3-946e-5669bacb48b0","epithelia"
"3258","586e9cd2-07cd-4ed4-8278-17cbf20d956b","epithelia"
"3259","58836ec7-1210-4acd-aa2d-d9cff975be4a","epithelia"
"3260","5884af23-d1c5-41fa-a1ca-9294f55f2e06","epithelia"
"3261","5884eb67-da0c-4b4f-83db-2eef52516f54","epithelia"
"3262","588f8339-3564-4cf7-a2f4-72066aa81b67","epithelia"
"3263","589a2193-10c5-43b5-bbbd-8670ff6ee167","stroma"
"3264","58abb4cf-1137-46c9-a0dc-8ad859b2b5ef","epithelia"
"3265","58b25612-bde3-464d-9610-97c2b91c75f1","myeloid"
"3266","58b4a54f-559c-4884-a07f-6ed530ba66c4","epithelia"
"3267","58b62835-76f3-4781-8b69-54acd764973d","epithelia"
"3268","58b87129-8443-4cb2-b84d-0a490957c1c5","epithelia"
"3269","58c8fe72-c8f3-4a74-b62d-60674a6e77bb","epithelia"
"3270","58cc049b-cb41-4e49-aea5-a595d56ae643","myeloid"
"3271","58d21c9f-e75d-45aa-aeda-9cc7f91d79c7","epithelia"
"3272","58d22835-8013-4978-9980-7d6edac22aa3","epithelia"
"3273","58d53890-77b0-4833-8316-333ed28cc18c","epithelia"
"3274","58de311f-b6ec-44fa-affe-53376a92b04c","epithelia"
"3275","58df62af-c342-473c-b37d-7ade117774c3","epithelia"
"3276","58e46de9-c69f-4442-91b3-46995a23752b","epithelia"
"3277","58e7c6e2-f16f-4a87-84cc-e54a0234eae5","epithelia"
"3278","58fc0937-6d31-4280-958c-e2ac4c04c5ba","epithelia"
"3279","58fe0fc5-99fa-4272-8bd1-fd95ae9f42b3","epithelia"
"3280","59057fba-4423-4948-98d2-9f7d27d515e2","epithelia"
"3281","59072042-6946-493d-a648-0ae5e331372c","epithelia"
"3282","590e4487-d4f7-4c4b-ae70-92bd17f38d6b","epithelia"
"3283","591063f1-fc73-4446-8042-ae3f0156490f","epithelia"
"3284","5911fa08-cbf0-428b-a908-8d69b19999d0","epithelia"
"3285","5914593f-5bb1-4ddf-97b6-de9388474900","epithelia"
"3286","59170b62-79dd-4641-a867-714ddced3c8f","epithelia"
"3287","591aaa09-627b-45f0-a31e-0e484f16522c","epithelia"
"3288","591bebb5-7ba5-4938-b587-7f0a40fb8961","epithelia"
"3289","5924a2e3-13f3-413e-9154-fd2168aab05b","NKcells"
"3290","59292430-5fcb-42a5-8af3-f96518a690f7","epithelia"
"3291","59311050-4f85-47a5-839a-d261588429a8","epithelia"
"3292","593bb412-b19e-4e1e-9796-0e6b3bdf495e","epithelia"
"3293","593f25f6-52bf-4a04-89e0-f81bb1e2ec9c","Unknown"
"3294","59423640-81ac-4472-80a7-7772c3347651","CD8_T"
"3295","5944f138-1037-438f-96e1-f333f2304eeb","epithelia"
"3296","594661b0-55e3-4b03-b7f5-13a342cb54e4","epithelia"
"3297","59478450-0989-4130-942c-32c4742e264d","NKcells"
"3298","594fb152-4b51-44d0-8866-dffa0a6c068d","NKcells"
"3299","5965fe4f-c77d-4359-b74d-315250ea1a84","epithelia"
"3300","596e9b70-9cc4-4f3e-8161-915e3b837eb3","epithelia"
"3301","59712e94-f6a8-4d59-83c3-172c20e388de","epithelia"
"3302","5977a480-c6c9-48e5-aa9e-7e485cdfbcca","epithelia"
"3303","59797917-0a05-4c10-98a8-9f15f53d31e2","immune"
"3304","597ef370-4227-4913-b8d2-9def75bf5596","epithelia"
"3305","59859695-7cc2-496a-a8ed-0565663a9f08","epithelia"
"3306","59875e93-5aa6-4cff-ba58-5151c7c431bd","epithelia"
"3307","598ad87e-f960-4168-a16f-b0e55f54bdcd","epithelia"
"3308","598b6108-2d69-42ba-9669-4a6d6e0af9d6","epithelia"
"3309","598d2d55-ce5b-4b05-9548-fad869053777","epithelia"
"3310","59a1a7ed-c4e3-4e75-aef6-d272f0f812ba","epithelia"
"3311","59a3d6ae-7fa2-4391-acdb-a4fc6551e2b8","epithelia"
"3312","59b29a14-376e-4dde-bedd-c5b760da8445","epithelia"
"3313","59b4a51e-5e4a-4bd5-8d2f-aa4ffa16c0e5","stroma"
"3314","59c0b56d-6da4-487a-9f7e-206e11a6a0a6","epithelia"
"3315","59c48e08-fb69-4ab2-b792-5120900bc4b4","epithelia"
"3316","59c4c3c5-edf2-4753-8d3f-b69870424364","epithelia"
"3317","59c5b89f-99e4-4491-924f-da9ccd058dae","epithelia"
"3318","59c6f214-bc47-42a9-92c0-cd69d45fca8b","epithelia"
"3319","59c8c648-2cf7-4d33-947e-53488bdfece6","immune"
"3320","59cb8e6d-d35d-4217-a0fe-a9f98bff2e1f","epithelia"
"3321","59cc02ca-6bea-4502-8822-7fa543b957ee","NKcells"
"3322","59cf3cdd-9932-4db9-b826-47909b7842da","epithelia"
"3323","59dea243-b2ae-4b6c-94be-c19cba209572","epithelia"
"3324","59e6f34a-58f2-4123-894d-b70192e4dd5e","epithelia"
"3325","59f03395-9292-43e0-9ccd-a29fb7549b97","epithelia"
"3326","59f0a724-19dd-423f-af2b-46dcd0235970","epithelia"
"3327","59f0fa3d-cc17-420f-83b8-1f75971f596e","epithelia"
"3328","59f2fa45-4f30-458f-b6b9-472fb5cb4b0a","epithelia"
"3329","59fcdbb6-b627-4977-b608-55d7466ea506","epithelia"
"3330","5a134f97-4791-42cc-9a66-6f2877866a8f","epithelia"
"3331","5a19e5f1-dc6c-4df4-a40d-590e781a58e9","epithelia"
"3332","5a1f74b2-c7d7-4a0f-bbbd-bf69ecf28e49","epithelia"
"3333","5a258bc3-67a7-4461-9d06-c5ac89c27617","epithelia"
"3334","5a41162c-d576-4944-99c3-23b182e80ac3","epithelia"
"3335","5a54631b-197d-474f-a917-1ae272f636a2","epithelia"
"3336","5a547748-493b-4c80-a48b-2db2fce1b875","epithelia"
"3337","5a5ff951-423f-448b-a1ac-2a46a8646807","epithelia"
"3338","5a6ba2a5-3dec-4633-a73f-333e57fdc66a","epithelia"
"3339","5a96072e-a3e6-43b2-b82d-b62f57b926aa","myeloid"
"3340","5a983e86-b87b-4916-8385-8848ff2bc064","epithelia"
"3341","5a9a6f3c-2262-4515-adda-732b64831d9c","epithelia"
"3342","5a9b0c02-be16-4c9b-a827-f4b729a74434","epithelia"
"3343","5aae7351-59d3-480b-83b6-c7161299503f","epithelia"
"3344","5ab5ce19-1160-4b5a-9993-a8d6bdd0e27d","epithelia"
"3345","5ab7fb83-b8ae-4c62-94bd-6386f5cebd0c","epithelia"
"3346","5ab8bdf8-a383-4283-bb24-3fcdf42de9c9","epithelia"
"3347","5ad281b9-7117-4e7e-90d8-f19f0ed9ac79","epithelia"
"3348","5ad6f4d3-ac98-4017-8fd5-9e8897459c10","NKcells"
"3349","5ad76761-7b81-44e5-9ed3-296357d16bf3","epithelia"
"3350","5ae87869-3fac-4fd2-a597-63d06ea19086","immune"
"3351","5ae98313-2904-4c93-9c3c-bd4336afbcbe","epithelia"
"3352","5aeeb484-5969-422c-bd50-ac96f1e58d6c","epithelia"
"3353","5aef8340-35c0-4d6e-92cb-edd03191e867","epithelia"
"3354","5af1dff2-0c01-4525-b97f-943a4ac2e241","epithelia"
"3355","5af5c2e1-3618-4c19-a0bc-ae1eb8f18857","epithelia"
"3356","5af7c6ea-c5cb-4432-80e2-c4f262a601ad","epithelia"
"3357","5af9883b-7a54-4267-a5b9-7cc568dccf2d","epithelia"
"3358","5afa0207-880e-448c-bd2e-7e284b5f161f","epithelia"
"3359","5aff6145-a588-4ad6-9f43-2d7f8ed07215","epithelia"
"3360","5b064dd7-4a0b-4b0e-a96c-b45ceee73343","epithelia"
"3361","5b173e5d-d626-4866-b58c-528d76f3e39d","epithelia"
"3362","5b2230b7-e9c5-49ce-87cb-d2d6b714e51a","epithelia"
"3363","5b25f58f-560a-4cb3-a614-155b28a85620","epithelia"
"3364","5b262421-2b79-4d6e-8a8a-1a892a257119","epithelia"
"3365","5b2bf374-d084-4bfd-974c-e1b0a5fa0352","epithelia"
"3366","5b3c5025-9f83-4de1-8359-2b373c9610cd","epithelia"
"3367","5b3ffdf3-90e7-48b4-a908-fefad0c33ee1","epithelia"
"3368","5b40092e-0fc6-4889-9791-4e6b9be8bc52","epithelia"
"3369","5b4bebfa-9fa4-4879-b314-5fd94a08df90","epithelia"
"3370","5b577b66-a99f-4d75-a035-af854161b0cc","epithelia"
"3371","5b5b7b13-2312-4931-920b-e53a3f093181","endothelia"
"3372","5b5ef540-2ce5-436f-9510-f0b835bd227e","epithelia"
"3373","5b6bfd46-2695-47c9-9de2-9e2cd99784ae","epithelia"
"3374","5b75ccd8-1320-4c51-9f1d-c6439fbd04fd","endothelia"
"3375","5b82a865-604e-41f6-80cf-0c44f8f4f9d1","epithelia"
"3376","5b834743-c879-4775-ab3f-8302421e7ca2","epithelia"
"3377","5b848e91-956b-4429-90d8-7e846f8e2abf","epithelia"
"3378","5b8a07f8-3c51-43d5-91c9-f440d9f1ce3c","epithelia"
"3379","5b903b06-2462-4b71-b021-592d437624b8","epithelia"
"3380","5b925cef-ee29-4ba0-99c8-d242793440a9","epithelia"
"3381","5b93f451-9f88-4cbc-a76a-3e36cc142cb6","epithelia"
"3382","5ba213d8-544b-4801-98aa-8a2876a56a85","epithelia"
"3383","5ba7701d-9d98-49ad-9958-d8d3283e417c","epithelia"
"3384","5bb1c245-d089-4d41-a867-7e0faf6eaa10","epithelia"
"3385","5bb61006-0af3-419b-aeed-3eb51636165f","epithelia"
"3386","5bb99a84-26f4-425d-8bc4-c7b2504bc8ed","NKcells"
"3387","5bbaea83-f094-4b9d-aabb-f9b1b07c33d0","epithelia"
"3388","5bbcb527-e00f-4242-bae0-ae9ad7eae1a0","epithelia"
"3389","5bc68891-3f71-40b9-832b-733522c4c3e4","epithelia"
"3390","5bf79787-b79e-4fab-be08-679a2f8fd7f3","epithelia"
"3391","5bf95e90-05d4-4a6a-b6c0-9ebcf86637b3","epithelia"
"3392","5bfc1089-3197-4047-b50c-f80a314e2a78","epithelia"
"3393","5bfeffac-682c-480b-96fd-97271d39e797","epithelia"
"3394","5c088c86-73d7-403b-ae55-2ff46c4a6a11","epithelia"
"3395","5c0b2b73-5597-4cfc-b2ff-8ea7a3cc4fd6","epithelia"
"3396","5c0ceb45-af80-4142-80d2-7994d635abd8","epithelia"
"3397","5c1225b0-c4f2-4d78-bff3-9cb377013093","epithelia"
"3398","5c1e1c9c-dd91-43f0-b283-29b449f77aad","epithelia"
"3399","5c310b6a-6621-4d00-a49f-e61b311325f7","epithelia"
"3400","5c314335-e426-4e08-8e26-01ccb6a17324","epithelia"
"3401","5c3322d2-1bb7-403c-9f0d-fbdd12c2a4b6","epithelia"
"3402","5c416a81-4a37-4192-8672-2e30d8ae25a7","epithelia"
"3403","5c5f2875-c06b-413a-9512-3949aad1cf94","epithelia"
"3404","5c751801-5a02-451f-b1cc-9b98114038e3","epithelia"
"3405","5c8c3a46-707c-43f5-9eca-77aec2251c9e","epithelia"
"3406","5c904867-35c3-47f3-a3bf-ce465aafc30c","epithelia"
"3407","5c916674-3e02-474c-b7d0-7c24e75971cb","epithelia"
"3408","5c980a09-38f2-482e-bd04-b93ece0cb253","epithelia"
"3409","5ca03848-2d7d-47e4-8d87-0c7c0e094c52","epithelia"
"3410","5ca5c611-7a31-4215-b342-8af90c0ad6fe","epithelia"
"3411","5caa0887-4c79-471e-bfdd-9def2cb7ed62","epithelia"
"3412","5cac0c59-7843-4328-9179-be301a4392ca","epithelia"
"3413","5cb075de-cf0f-4964-aa22-c7f0de8a5383","epithelia"
"3414","5cb3354f-ce6a-4f6e-a9a8-21cfb3adad3f","epithelia"
"3415","5cb444cd-038f-49a6-b8e2-0c3be4b21519","epithelia"
"3416","5cc20c79-c399-47bd-a29e-c391c1919ffd","epithelia"
"3417","5cc8924d-5f96-42d4-8275-79b88d249d25","epithelia"
"3418","5cca3ee8-cd83-48cc-bb54-07c67d077f67","epithelia"
"3419","5cce18d1-4647-4b14-850e-6e6d98ffe7d0","epithelia"
"3420","5cd61bd3-57c5-433f-aef7-1563c4babb6e","Unknown"
"3421","5cde3512-5649-4bad-a31a-06b9d83e9796","epithelia"
"3422","5cf6cc43-4f88-4061-a016-b6e97a3cb995","epithelia"
"3423","5cfa5c81-b277-4fbc-939a-443aaf3a4c6a","epithelia"
"3424","5d02685a-b434-4195-af74-0838e38721fc","epithelia"
"3425","5d028b75-04b2-453b-957c-b41f183ff531","epithelia"
"3426","5d046ce8-bea7-4a87-bd02-33a2683f05aa","epithelia"
"3427","5d05767c-500a-4874-bf14-99372d99f122","epithelia"
"3428","5d0e2398-d27d-473b-a47d-61713c8b391a","epithelia"
"3429","5d0f988d-d78a-43d1-a2a0-abae014538b7","NKcells"
"3430","5d0ffa76-ff91-4537-9e9a-875c41155820","epithelia"
"3431","5d1162b8-185e-4310-b6cd-197b683011ce","epithelia"
"3432","5d1bf171-c014-4c91-9099-4ad54334aa33","epithelia"
"3433","5d1fac09-b62d-4173-9353-fbd9c39286ef","epithelia"
"3434","5d2a2963-3ac2-4411-a2a3-c03bc313d049","CD8_T"
"3435","5d2ff2e3-f1e7-437a-9130-ac0f61b0d400","epithelia"
"3436","5d35ac07-c583-4442-9dcf-e20511363d87","epithelia"
"3437","5d385108-6ced-46bf-9733-8bd7070900d7","Treg"
"3438","5d3875c0-afe7-4d38-861e-1b84953d1e4f","epithelia"
"3439","5d3960c1-89e8-4113-a163-9fbb5ae5835a","NKcells"
"3440","5d3e48db-4290-4a96-9915-655e11e7c5a8","epithelia"
"3441","5d4ae23e-35a9-4ce7-9534-d7ff6a13b4cc","epithelia"
"3442","5d4e292f-eff1-4c02-a892-9a5d5c23f6e8","epithelia"
"3443","5d543b90-a83d-4108-9ddb-6d79feb707c7","epithelia"
"3444","5d59c7d9-0a52-43f6-a4fe-af322aec92e7","epithelia"
"3445","5d628b16-a40a-4165-a145-ce875b715574","epithelia"
"3446","5d661efa-287f-446f-b5de-ad6de8fbffb8","epithelia"
"3447","5d6ef9d4-7458-43da-ba09-b9dd7820e030","epithelia"
"3448","5d704be0-3a9c-451d-abed-cfaed684e0d6","epithelia"
"3449","5d70a5a2-003b-4598-b773-75ff2f2986a9","epithelia"
"3450","5d747aa6-0809-404e-bf80-6a4a82608f12","epithelia"
"3451","5d7513f7-9c17-44f3-b820-3ec5aae5373d","epithelia"
"3452","5d797ff6-83b5-42dc-baf4-e7998fc6acb5","epithelia"
"3453","5d7c1fc3-2feb-4880-ab4f-db246070d0db","epithelia"
"3454","5d7fda43-63eb-4299-8033-51f6512a68e1","epithelia"
"3455","5d83e7b2-0126-46f3-8a02-a466435b02c3","epithelia"
"3456","5d8f80cb-3944-4f39-a839-1b160909849d","epithelia"
"3457","5d9035e0-e24f-4085-8793-0d17eaa780b2","epithelia"
"3458","5dad5bdd-7ba4-4948-908b-deeea74b9dee","epithelia"
"3459","5daf2455-6239-4be7-b74a-a606112ea838","epithelia"
"3460","5db1e6b7-c36d-4e95-8f32-161e9041f392","myeloid"
"3461","5db5abd8-2642-40d9-a6dd-180fcd51079d","epithelia"
"3462","5db68c86-4913-410d-85fd-e6ac3164227d","epithelia"
"3463","5db83435-8c83-4e25-bc62-406b17acd1a1","epithelia"
"3464","5dc1e5ea-4c43-48e3-983f-c5a8b31f1eb8","immune"
"3465","5dc1f8ca-9844-41c3-ab46-5fc24c5d9e75","epithelia"
"3466","5dcf87cd-d745-4ab5-b66f-1fc2e86bef82","epithelia"
"3467","5dd17c18-9863-42b2-92d5-4e135411cb6f","epithelia"
"3468","5dd2ef07-9015-4c39-a8c5-53320998aa03","Unknown"
"3469","5dd5ac5a-acb6-4785-b3d3-23082111e902","epithelia"
"3470","5ddd763c-5c8a-40e3-b79e-3042d03550b0","epithelia"
"3471","5de04d7e-8ffe-48d4-8c30-1906faa1ae43","epithelia"
"3472","5de5c83e-086b-4692-bdc8-26e046105a2e","epithelia"
"3473","5df22766-5cf3-4de4-86dd-3734aa038cb4","epithelia"
"3474","5df5b40b-e778-404b-abf4-251ae211bf16","Unknown"
"3475","5df7f81b-26d9-43a1-9cc0-b3e56f2d3560","Treg"
"3476","5df8b995-bf51-4ec3-8487-07cf480b3321","epithelia"
"3477","5df8c164-0d4b-4f0c-9df9-b8b18da8e5ad","epithelia"
"3478","5dfbc9ca-dd32-4f4d-aea1-155d98ae1ed4","epithelia"
"3479","5e0a63ef-3f3a-4bea-ace7-65bb5f596d9a","stroma"
"3480","5e1a26fd-3c3a-4485-872a-09cc63040705","epithelia"
"3481","5e1da5d5-69dd-4419-99b3-fe89c59a81ee","epithelia"
"3482","5e1ff556-86e6-476f-b56d-e2a6080ba98c","epithelia"
"3483","5e241132-412c-44ba-b0e7-6d16acf093df","epithelia"
"3484","5e2aadbe-51b5-4298-88ae-247de9eb3ad2","epithelia"
"3485","5e2fefd1-0e6f-4fdc-95ce-0396aac4d3ed","epithelia"
"3486","5e3413c8-ae87-42e5-b072-b1b036a84c85","epithelia"
"3487","5e3ae32c-55a2-4ba0-ba92-b0245d2d9d11","epithelia"
"3488","5e3be441-812f-40fc-9fff-60caa69279bd","epithelia"
"3489","5e3d3a82-f5c8-4051-ba94-bcaf914891a9","epithelia"
"3490","5e428e5d-681f-4d91-b224-821cac93bc60","epithelia"
"3491","5e4585f6-4233-4457-962b-79d31ff492ca","epithelia"
"3492","5e48b151-2964-4258-b82c-f8cbbc93c4b9","epithelia"
"3493","5e48ddec-3db3-4ad7-a3e7-fdd0b316c214","epithelia"
"3494","5e4cc8eb-bd62-40a9-af1c-971e7dffc86e","epithelia"
"3495","5e4fae1e-75d4-4dd9-a4e8-0bb614c375d2","epithelia"
"3496","5e5639cd-377e-4a1b-8671-8ab7b3a6f5e7","epithelia"
"3497","5e691f29-97ee-4363-8298-d704c73f612d","epithelia"
"3498","5e777fde-3392-4272-8402-f7546d84109d","epithelia"
"3499","5e7a6467-bbe1-4cdf-8a1a-0fa7d7231145","endothelia"
"3500","5e90dbad-cf51-499d-ae77-46471e62b931","epithelia"
"3501","5ea4e65a-9c99-48e0-b297-b58c85e19b42","epithelia"
"3502","5ea6484a-5b9e-4883-addb-d76cc59e988d","epithelia"
"3503","5ea869f9-5d50-41bd-8fe5-20e361a8e94c","epithelia"
"3504","5eaa4b0e-ac9f-40fc-bce7-86118a43f4c4","epithelia"
"3505","5eb6b7e6-df59-4f09-bcb5-b71ccb476d7c","epithelia"
"3506","5ec071cd-d8e9-4163-aecd-18748a7166a4","epithelia"
"3507","5ec777fd-33bd-4430-ab06-b857eeacbc38","epithelia"
"3508","5ed0dd63-e740-409f-af5f-755a7a379805","endothelia"
"3509","5ed1531e-40ea-4c0c-b387-38506fb0700f","epithelia"
"3510","5ed4828c-38e5-47b3-afb4-026f2177f5a6","Treg"
"3511","5ee9365f-1426-4a77-af0e-914f7bbb715f","epithelia"
"3512","5ef778af-b16c-4a11-a225-d9decc28d35d","epithelia"
"3513","5effb060-3efa-43cc-8bfc-aa081003efd9","epithelia"
"3514","5f0248eb-964d-47b2-82a5-a2b66ad2d8f0","epithelia"
"3515","5f099f7d-f7b6-4746-921e-b7a6480e15c8","epithelia"
"3516","5f0c76b0-21ca-4be0-8ed3-b05ea01fea64","epithelia"
"3517","5f13f9fe-3ea0-446f-9b9e-0d0a93f64e36","epithelia"
"3518","5f1b0b7a-c85a-497c-9717-8e7360cdb467","epithelia"
"3519","5f1ff593-49d0-4ba3-b9fd-80f311034b3e","epithelia"
"3520","5f2468bc-4878-4fdb-85a5-54b77b9cf960","epithelia"
"3521","5f25615a-ca37-4e65-b08c-18ab3c33be47","epithelia"
"3522","5f291d02-95cf-4434-abfc-ae512a4304e1","epithelia"
"3523","5f33aa40-364c-4f79-98c1-bd4e33d44e9b","epithelia"
"3524","5f3f12bd-e6b7-457b-acca-6f4a4bc02acc","epithelia"
"3525","5f43aa81-a72d-40e1-a4f4-ad0ebc9d5c2f","epithelia"
"3526","5f45bb56-bcaa-48b7-a97d-08451ef98529","epithelia"
"3527","5f57da92-511b-4929-a6c0-767067c3f6ea","epithelia"
"3528","5f5cb027-53d3-4539-bc7d-f085f85f4041","epithelia"
"3529","5f5f5499-dd07-4e39-ad86-09aa539efae6","epithelia"
"3530","5f6b8551-27c2-42a9-878d-6462ea2bb8ac","epithelia"
"3531","5f895dac-284f-42f8-badf-5f18096b7a60","Unknown"
"3532","5f8ef8e4-9cd2-4347-a835-1da7d1dce00d","endothelia"
"3533","5f93b3a9-ddf7-4427-8e5c-0c20fad3e6ee","NKcells"
"3534","5f9f3c77-ad7f-4dcd-8b38-c5aa3cb51ec6","epithelia"
"3535","5fab7631-ef04-46a5-a924-a2faaa6ea561","Unknown"
"3536","5fc25cd6-c7f4-4203-81a5-cbef91be77a2","epithelia"
"3537","5fe7af1a-1366-4eb0-83d8-3660c7620680","epithelia"
"3538","5feaff84-356e-41ac-a247-0598c298606f","epithelia"
"3539","5ff74d3c-e6cc-424d-ad30-e3517ca83e14","epithelia"
"3540","6010f18e-667e-49ef-a91a-06901a6c8189","epithelia"
"3541","6013bed7-4068-41ad-a3e6-a475d1bf65bd","epithelia"
"3542","6014fb6d-35ba-40e2-bb3c-4a3f3158551d","epithelia"
"3543","6020d133-11af-4372-a3c2-856bdfeb5df9","epithelia"
"3544","60303325-72de-4d5c-bdc6-13094fdd4826","epithelia"
"3545","6037a02c-f195-425a-9270-f01eca51f13b","epithelia"
"3546","604bbea0-c8d4-4c4b-b092-2923834f7b15","stroma"
"3547","60517227-2958-404b-b31e-27ad531a78ad","epithelia"
"3548","6058a8a8-bdb6-41f2-a242-614cb6938943","epithelia"
"3549","60599132-6303-42e4-bb72-ffe4d2199c1a","epithelia"
"3550","6059a47b-bd45-46f7-ab2c-70951c35fed1","epithelia"
"3551","605f09ed-786e-45a8-8f82-ef86b3e5dc83","epithelia"
"3552","6064bbc4-16be-4ddc-8aef-a638886ce39f","epithelia"
"3553","6068a90d-c16b-4840-942a-dafbebfc1496","epithelia"
"3554","606ef9a0-0448-4122-893b-f1d9f597afc5","epithelia"
"3555","6075e47e-b8c3-462c-b095-9e2de8dc1e5b","epithelia"
"3556","607bc35a-9050-41b1-8a0e-b4f3213569b9","epithelia"
"3557","607d2933-4bea-4b64-9b3c-755ffdd57940","epithelia"
"3558","607f3c4d-bdcd-429a-8285-8e3b72097ace","epithelia"
"3559","6082ef0b-3836-434d-9846-4e21e9b792ee","epithelia"
"3560","608b9ed9-84c4-4238-9fc0-b5efbcad6532","epithelia"
"3561","608e6bb9-4f01-4586-85fe-b633f07565d1","epithelia"
"3562","60925ca8-4dfa-4ce0-81a6-fb1b3e38bf2d","epithelia"
"3563","6095119e-ed0d-44ac-89a6-e80948290cb2","epithelia"
"3564","6095bc49-9272-4308-b8ee-ae370ad99c16","epithelia"
"3565","609e177e-009f-423f-a3ce-7c1d502c5c49","epithelia"
"3566","609f90b2-4688-44e5-8c5d-f54851c056f5","NKcells"
"3567","60a415ab-cccf-4d8c-af7e-b3534efdebb5","epithelia"
"3568","60a75e28-57f3-42e4-9517-6fdc76170512","epithelia"
"3569","60a75eb5-06e9-41af-b127-596bf4538d26","epithelia"
"3570","60a84ea0-04a3-4414-a1a6-251dc02054d2","epithelia"
"3571","60a86b5e-0fb7-48cc-a70d-010a08d24488","Unknown"
"3572","60b60138-e23c-4f61-a5b1-197ab89426e5","immune"
"3573","60bc70a7-260c-4a35-90cf-5dd2d9ec3623","epithelia"
"3574","60c114fd-8ce7-4a09-991b-1942cf8d592a","epithelia"
"3575","60c2cc5d-be05-4d75-9ff6-0f9acc5fb3ce","epithelia"
"3576","60c3cdca-91d1-4713-8a6b-f3f3da548ff9","epithelia"
"3577","60d7844c-e52d-46c6-a4b4-cca0aa8d5c7e","epithelia"
"3578","60deaec7-276c-45c9-bbae-7523a4fe4a72","epithelia"
"3579","60deafd7-a354-42f7-8af6-b3d071a73d81","immune"
"3580","60e1a908-0932-4f81-aae8-b11aa8884e71","epithelia"
"3581","60ec8066-fee3-45c6-92c9-2de8541d2902","CD4_T"
"3582","60f3e020-747b-41d9-928a-b2ebf44681ae","epithelia"
"3583","6109a14b-836f-44ab-8870-22b9dcc25584","CD8_T"
"3584","610e2ae9-3484-4866-b8a7-ec8c662410ae","epithelia"
"3585","611b35bf-6e2d-4eb6-9083-b2828fad004d","epithelia"
"3586","6127eab1-dfc8-44da-9884-52a3572a3d99","epithelia"
"3587","612e9d81-69ff-4087-b8e0-a1ea92e918c4","epithelia"
"3588","6132a628-8d8e-447f-85fa-0a9273443dad","epithelia"
"3589","6136da05-b329-4bcf-bac2-de06d32b2339","epithelia"
"3590","613bb97f-b862-49ef-bc77-0062dbf9744d","epithelia"
"3591","61453829-5480-437a-b4c9-a6a81116bd0b","epithelia"
"3592","614cdf35-e3e9-401c-8ea3-b168267b0486","epithelia"
"3593","614f3ff1-7560-49e0-87d6-d65c4a66313a","epithelia"
"3594","6154a217-0a73-4da8-8ac7-8477771e509d","epithelia"
"3595","6156eb55-2e73-4382-8817-3e2ade444bde","epithelia"
"3596","615ef95e-8aad-42d3-8db4-30bfb9a89a90","epithelia"
"3597","61618cac-dc89-44fe-9643-147823bdfb96","epithelia"
"3598","616db57b-9e01-4f1d-bdf2-2c101a16f599","epithelia"
"3599","61759e3f-703d-48bd-8b5b-a3fde25cce81","epithelia"
"3600","617659d6-1d8f-436e-8700-39b6537ab703","myeloid"
"3601","6189ee32-9802-4d01-9a04-0e3a55da1b0b","epithelia"
"3602","618c35d8-615d-46bb-bb8b-336ba7790881","epithelia"
"3603","619def6d-99fc-4d0a-afbd-8c46cd333837","epithelia"
"3604","61b0016c-d899-4e66-9b39-b4d76833e3fb","Unknown"
"3605","61bcc036-cdb6-47ea-9ea1-098628203f2e","epithelia"
"3606","61cc2a82-642a-4e12-9c45-629ae9a67080","epithelia"
"3607","61d7197b-9b30-4762-85e0-27d69914bc12","Treg"
"3608","61d92013-983b-4cd2-beb9-fad19ab31f15","epithelia"
"3609","61da521a-4f3a-4c01-b48e-e9bf21efe062","epithelia"
"3610","61da661a-29a4-4c78-9d1d-a471dd718eb4","immune"
"3611","61e11dc2-77a2-4de8-9f0e-7e3b88b9d1f8","epithelia"
"3612","61e1db5b-e8d7-47c5-b6e8-142272a601ad","epithelia"
"3613","61e37a7c-c8d9-44b8-9105-23633eeb4f23","epithelia"
"3614","61e59b23-9dd5-462e-8ddc-a222292f9371","epithelia"
"3615","61e68174-84d0-49b0-b3af-bf022a20adbb","epithelia"
"3616","61ed6909-e338-453e-bb61-8c3773d21087","T_cells"
"3617","61fb2637-ea94-49e6-8d32-a15ae65e05dc","epithelia"
"3618","62013788-2ac5-4ff8-a9a6-2632e502404a","epithelia"
"3619","6202eaca-7d75-435c-931f-04516e6bfddd","epithelia"
"3620","6204ea5a-df60-4e0a-aa30-a032857c3fec","epithelia"
"3621","620b8a6d-5996-441c-ba77-b25f1810e79e","epithelia"
"3622","6217857a-94a6-4e44-b5a3-94da77c47e2c","epithelia"
"3623","62187922-ad8a-4b2f-93bb-29fe15ca484d","epithelia"
"3624","6226ab29-b74e-458d-b293-c7bf01ab5f78","epithelia"
"3625","6230f49f-18d5-47d1-be30-61bd0562b6bd","CD8_T"
"3626","62470f4c-9088-4040-bcb4-693cbf469085","epithelia"
"3627","62665e77-9fa6-4b2e-aa27-5ea752fb467c","Unknown"
"3628","62678e67-7099-424d-9429-b0d5236703e4","epithelia"
"3629","628fcd16-eb9d-4ea4-a9cc-a9953b7d3fd5","epithelia"
"3630","629a28c8-3dc2-4188-8b85-56f94068c774","epithelia"
"3631","629bc673-cd5a-4de7-9c83-3fe967d73fed","epithelia"
"3632","62c51548-fce4-463a-9571-4369af0b0d88","epithelia"
"3633","62c6b35d-81f8-448b-b0a4-c9feb555a1df","epithelia"
"3634","62cb7bb6-fdf8-4b49-b0c8-0de7b2acfc38","epithelia"
"3635","62d58ffd-0e3a-47c9-9ff1-01cab8d9da19","epithelia"
"3636","62d838e5-8587-4905-b5f4-d046f764dfe3","epithelia"
"3637","62db4eac-88db-4405-a833-bf2d428c37bc","NKcells"
"3638","62deceb5-4a6b-4751-b11b-64b1498488b4","epithelia"
"3639","62ecdaf6-9e4f-4e14-bd6e-be257ec73071","epithelia"
"3640","62fa4246-14fc-4398-9127-633e7906ea3e","epithelia"
"3641","630786ef-67a5-47dc-a9dc-e26d75bffeca","epithelia"
"3642","63106e68-b91e-4af3-9800-6fc09ee828d8","epithelia"
"3643","631edca8-d6b4-416f-b942-fd76d02d9450","epithelia"
"3644","6323ab5c-2ef6-420d-8c7b-ec831a21808c","epithelia"
"3645","6325edda-14d4-4930-b7ac-5e1efee3571d","epithelia"
"3646","63273dd4-b646-455b-b397-30878d749321","epithelia"
"3647","632808f1-418d-4513-a29e-d1f5937a883d","epithelia"
"3648","632ae58d-c6cd-4446-bc24-bad83c1e00d4","epithelia"
"3649","632bdd8c-399a-4095-9c7b-64e9c7bb90d0","epithelia"
"3650","63380312-6f06-451d-bdf8-5c3856135c83","epithelia"
"3651","633df92f-f20e-4b07-8081-7a08455606fe","epithelia"
"3652","63405bca-7599-4ef9-ae8b-22a18d1462df","epithelia"
"3653","63407104-8702-42de-8bf5-d21e66e8ad82","epithelia"
"3654","6340fd02-8404-4e4c-960c-c81de755564c","epithelia"
"3655","63558cae-ea5d-453d-b293-f804052bdd21","stroma"
"3656","63567dfb-a0a7-4817-ad0f-24e8bfb88f3b","epithelia"
"3657","635fd3d9-7eef-4b45-b026-54c1466ffda7","epithelia"
"3658","63815be5-ff7a-4dfd-b63e-de951f107003","epithelia"
"3659","63829c54-bf20-4a0e-a92a-6caaafce1519","epithelia"
"3660","6384194a-465c-4153-8765-c71430964ba8","epithelia"
"3661","6385c168-f1b1-48bd-8753-45aa1768f114","epithelia"
"3662","6393bdef-b5c4-4a2e-8802-33eacdfa7e65","Unknown"
"3663","6394eed2-8980-4c9b-96a3-77e732e47f72","epithelia"
"3664","6396824f-5d7c-4618-b036-7dc2952da63d","epithelia"
"3665","6399efd3-e584-41bc-8e23-cf2c8275d92b","epithelia"
"3666","63a34073-948a-4372-946b-db165d45414d","epithelia"
"3667","63acc360-72a1-4706-8140-d3855323d819","epithelia"
"3668","63b7af6f-4eb8-4b70-8ce8-b800a43fa382","epithelia"
"3669","63c01026-023f-4827-928b-38e3316299f9","immune"
"3670","63d01c6b-868a-47fa-af4d-4edf96d2c8bd","epithelia"
"3671","63d184ff-c858-475c-9f9e-d1305c3edd80","epithelia"
"3672","63d9a575-6949-4867-b30d-3c3f748bf804","epithelia"
"3673","63daa999-a16e-4d18-9405-1f941f640ea6","epithelia"
"3674","63de161f-6c00-472a-b4bc-44b157f2777e","Unknown"
"3675","63ef6b1a-ea45-4df6-910d-85a217b38859","epithelia"
"3676","63faacd0-68c5-475c-abd4-0cc6a8e312dd","epithelia"
"3677","64056f85-9320-484c-a810-6fc43039b50a","epithelia"
"3678","6407d255-acf2-4ced-9318-577e11e7b7df","Unknown"
"3679","641c3748-d7e2-4f06-af23-86305ccd1a92","epithelia"
"3680","6439a7f1-ce69-49fb-a881-9b42b0496191","epithelia"
"3681","643d66d7-c0a1-4852-bf83-c0d4444c96ff","epithelia"
"3682","6441224f-2ba1-4b67-bdc5-376098780a2a","epithelia"
"3683","64463fef-840a-4109-a686-f50b9dbb041c","stroma"
"3684","644fe4a9-23f9-4453-81ca-1a214ebff45f","epithelia"
"3685","64520b58-a4d7-49e5-82d3-7c67fa907716","epithelia"
"3686","6453794f-cb8f-416f-b5c0-a18db7f696c9","stroma"
"3687","645a2119-ade5-4175-891a-8aa612188f89","epithelia"
"3688","645b5c14-1be8-4fd5-943f-4dbf555d970f","epithelia"
"3689","646127e1-801e-4a25-aae4-ea1324f2f6b5","epithelia"
"3690","6464d5ad-1286-47fb-838e-8277ec864eee","epithelia"
"3691","6469a90c-9481-4817-b0f2-b2a4082b9afd","epithelia"
"3692","6472e9b5-6c75-4191-9ad3-49f79bf46f5a","Treg"
"3693","647e4b6f-65df-41c8-9dbf-f92bb891cdf2","epithelia"
"3694","647e6615-9d87-4d9b-9445-8ca5fd09c0b8","epithelia"
"3695","6483915f-4622-43df-a185-fdc12964c927","myeloid"
"3696","648e1e11-90cc-4106-855a-b9d1ea17e466","CD8_T"
"3697","649412ee-91e7-4cd7-bd51-3e8e6f786b17","epithelia"
"3698","64a41699-9528-47ec-86a9-f543224a8bdb","epithelia"
"3699","64a493ec-d6d8-4673-9f7e-9b0f2cde464e","epithelia"
"3700","64a4ee8b-de71-4327-975c-fe9e30e83c1c","epithelia"
"3701","64b86bf6-137e-4e54-a1e1-fe31e79d1c8d","epithelia"
"3702","64b9cc0f-122c-46a6-816b-f52f6fb6f4f8","epithelia"
"3703","64ce6aeb-69ba-49d2-893e-71708ebff521","epithelia"
"3704","64d8c90d-aedf-4add-9356-e34a93cab848","epithelia"
"3705","64dab107-5ceb-49b8-ada2-e5eef4188180","epithelia"
"3706","64ddbb21-3b1a-47c2-9379-0d2952a5ae0d","epithelia"
"3707","64f36221-93e5-4c86-83a0-e01e41059865","myeloid"
"3708","64f5d2a8-6fd9-47a3-8592-a6183e4ac6eb","epithelia"
"3709","64fbe31b-70c7-40ea-b346-04b82969f6da","epithelia"
"3710","65056c3e-1dd9-42ef-8c53-fb8fe77a41e3","epithelia"
"3711","65079fb4-4d65-4432-8fb7-b314dc1a522d","epithelia"
"3712","650abc8f-c797-4c9c-bcc0-80181d8dc294","epithelia"
"3713","650db76d-4f62-4700-83dd-e229222872ba","epithelia"
"3714","65224eac-9731-4018-b186-6513cc89bcc4","epithelia"
"3715","65257fbf-19eb-4236-85a4-73cdfbd09707","Treg"
"3716","652b3d46-ccc4-464c-ae91-7ae50977f0c1","Unknown"
"3717","652bab94-2fb4-4027-9a53-6761f7a62c94","epithelia"
"3718","65306045-327d-459c-89ff-b9f7717e707f","epithelia"
"3719","65331429-0d58-40aa-b236-0ce7a681ec9c","epithelia"
"3720","65333c63-0b6f-4d50-9946-a01a6eb76b7c","epithelia"
"3721","6538a8b9-afa5-4692-96f3-2cd61071ac6f","epithelia"
"3722","653b1bee-006c-41ca-a518-6a144f4eabf7","Unknown"
"3723","65448041-d154-4467-af2e-23dd0da8492c","epithelia"
"3724","6546220a-4c2e-495e-806f-4572b30198ff","epithelia"
"3725","65537a16-7b86-40ad-9eed-2207841d9e56","epithelia"
"3726","65696f79-c3cc-4115-b8c5-b23d5a44f514","epithelia"
"3727","656f3e8f-bc87-4df4-982d-3f46db4d774f","epithelia"
"3728","657074c4-0751-418b-aab4-316cb15acac7","epithelia"
"3729","657d333b-1bcb-4fc2-b3b5-fbdd03a892db","epithelia"
"3730","657e213d-4e36-4a2d-acee-57e2b47bc7f3","epithelia"
"3731","6587e228-8957-4a1a-b505-5bada5e17e35","epithelia"
"3732","658923fe-a9b6-4338-994f-8f9f3af4c97c","epithelia"
"3733","658e9ee5-ff34-4a5f-ba02-cb6b98a0aa97","epithelia"
"3734","6592f718-5fb3-42f4-bf98-9df2d1aba224","epithelia"
"3735","659cd98a-8169-44d0-9892-4396c40eff84","Unknown"
"3736","65acf941-4393-43fa-bd7f-2a181276dad7","epithelia"
"3737","65b0adfb-34b0-4123-979f-5bdd4cbdd5d1","epithelia"
"3738","65b699d3-5813-4bcf-af7e-30177e96dc96","epithelia"
"3739","65bc6763-4033-439c-9e7e-000ae900411b","epithelia"
"3740","65c182f4-08ea-473c-b7a8-ff0d97ccad32","epithelia"
"3741","65d16ade-ed25-41a1-836a-3d3cab755882","epithelia"
"3742","65d6c57d-5672-4f30-aa1a-10d4b1339dde","epithelia"
"3743","65d8e6f3-7b12-43b7-9373-1a18fc72bfed","epithelia"
"3744","65df6777-0984-4467-b809-30874194c278","endothelia"
"3745","65e462f8-b60b-4efb-bd17-828cf4e7caa1","epithelia"
"3746","65f1b823-f76d-4e46-b900-95a61e8319d1","epithelia"
"3747","6602313b-07c8-4a8a-81b3-aa77354e8460","epithelia"
"3748","6602ff6e-be6f-4526-a10e-fe9a0c4a63dc","epithelia"
"3749","66040abf-e6a2-4b62-9181-86c1018bfdd5","epithelia"
"3750","66079f54-c318-4adf-aab5-3f0314fff40e","epithelia"
"3751","66099783-9167-4298-8e91-2771727e5769","epithelia"
"3752","660acde0-6e1c-4adb-8e5f-acbe77a61864","endothelia"
"3753","660d2fe8-9f46-4409-9ed4-ad3241b3fd0f","epithelia"
"3754","66176061-9e22-4f1e-b3e6-8f58b4493676","epithelia"
"3755","661b4844-4e8f-4ae0-a38c-a8557c22ad5b","epithelia"
"3756","6621264d-f01a-4543-8134-2d96fd7e22d1","epithelia"
"3757","6624617b-0269-4f66-8645-67b2135575df","epithelia"
"3758","66279051-9768-46e7-8e6c-f943f88aac4f","epithelia"
"3759","662ac69e-502d-4f4f-be62-302e60119d78","epithelia"
"3760","662b1070-858a-45ea-94b1-1ef1f7d4dc0f","epithelia"
"3761","662ffa78-ce4a-47ed-b526-5240a09e211f","immune"
"3762","66327d0f-3712-47ec-8d84-58f8edee2a0a","epithelia"
"3763","66364d29-3dee-4ecc-b63e-b38d857bf8a1","epithelia"
"3764","663a439f-67b3-4eda-affd-4e4e6a164126","epithelia"
"3765","664730e3-8db7-4b19-a81d-fae5c7b49ddf","immune"
"3766","6647f3be-7283-4bbe-8ed7-2e9779325277","epithelia"
"3767","664ef8e1-2ac3-4fed-8fa7-937b88e89513","epithelia"
"3768","6653f00d-3f13-420d-a4ff-42d415f8058c","epithelia"
"3769","6661da13-f42a-4a8f-b464-8eaf10aea234","epithelia"
"3770","6662706a-892d-42c7-8fef-048a00f4f857","epithelia"
"3771","66718f1e-d39e-4afb-9af8-a4c430333ee3","epithelia"
"3772","6672d9a7-b6e8-4ee8-9b65-ba704bea929b","epithelia"
"3773","66759290-90cc-44e4-b979-5e63515148e9","NKcells"
"3774","667aea83-4a69-44e8-affd-ee8a9b98486d","epithelia"
"3775","669071e6-b5bd-446c-9c76-98da42d0a32f","epithelia"
"3776","6690eb4a-e37e-4ffa-975b-6159b6e637fc","epithelia"
"3777","6699fe3d-ddce-4e30-bf06-b5c915c9e418","epithelia"
"3778","669ad04f-ff28-4d76-b7aa-030876f67976","epithelia"
"3779","669af304-1f3f-4509-8a77-fb30db998b3d","epithelia"
"3780","66a00bea-08da-4cee-9738-0a8b4c713f9b","epithelia"
"3781","66ad8ef7-215c-4000-949a-b859397b3492","epithelia"
"3782","66b68f7a-46cf-43f1-8415-fecce283019e","epithelia"
"3783","66b6b464-5d59-46e3-bb9d-57d6726333a4","epithelia"
"3784","66bbc1b9-b258-473d-a05d-b6bf3796fc4d","epithelia"
"3785","66bea6d6-ab46-400e-864d-bb5e7d87915a","epithelia"
"3786","66c08a87-210f-4fff-84a7-68a6ee9bf2d9","epithelia"
"3787","66c2825b-23bf-485d-98e5-fe9b0c121101","epithelia"
"3788","66c9210b-553d-4618-bd00-0c81fb7a0f7e","epithelia"
"3789","66dfa22d-e73b-4005-991e-4e2d033c8240","epithelia"
"3790","66e641df-d5c6-4c9c-8794-69d60fe5c7c2","epithelia"
"3791","66e87403-566c-4253-8c78-512f2017b33b","NKcells"
"3792","66eeb71c-9419-42a2-9a1c-4165cb1e3097","epithelia"
"3793","66f072a1-b115-49d5-8171-8621f76fa8a7","epithelia"
"3794","66f2c275-8cd2-4966-b1ee-85eb0b2b08a7","Unknown"
"3795","66fb7b0f-539f-48b9-9ed2-e4c1bc7e1c87","epithelia"
"3796","670540ee-47a1-4c96-bbee-1db92409586b","epithelia"
"3797","670fb757-5fd1-4a37-803c-6579d8688f66","epithelia"
"3798","67169cd0-f3da-4104-8325-e73d21006eb3","epithelia"
"3799","6716c70a-f6d5-415e-94dd-e54202ceb965","epithelia"
"3800","6717bf93-8f3f-43f2-a61f-af69746963e0","epithelia"
"3801","67206d46-4703-4efb-86e3-b7fb2cf8cd0d","epithelia"
"3802","672e65ac-02bf-457e-8c3c-bda6e6e3b366","epithelia"
"3803","67338c07-3e10-43a8-a9c9-f0a02fad789b","epithelia"
"3804","67340890-9eb4-4e3f-a458-e688b55eedfe","epithelia"
"3805","6751f935-db01-4823-b9a7-780ac4340b6a","epithelia"
"3806","67534577-eef2-40ba-a35d-7b37528a540d","immune"
"3807","6763e532-09c0-4363-8d86-383bfba2b9d0","epithelia"
"3808","67666b3e-6dfd-474d-9ebd-9d78f93ec9e2","epithelia"
"3809","67764769-d08e-4870-b13d-95a2a07ac0a3","epithelia"
"3810","67892441-95a2-4cc3-b073-f516deb80689","epithelia"
"3811","678af3d5-a15b-4c6a-b22d-d8063fb11211","epithelia"
"3812","678eb84b-21f5-4236-a0b7-f407ae86a06c","epithelia"
"3813","67924e23-e086-4f8d-addc-8a3b6d027ebe","epithelia"
"3814","679f0f8d-7854-4b25-8104-4d7f4e3bd027","epithelia"
"3815","67b529c7-43be-4c4d-9968-cbe4b7686491","epithelia"
"3816","67b599a4-16c8-4139-bed6-9d9f058f9c5c","epithelia"
"3817","67bcecd6-c96f-46f0-a86e-098074e303c2","epithelia"
"3818","67d2be30-3c2f-42a3-b08d-dd29d829a005","epithelia"
"3819","67db29bb-ad7a-4421-a4d3-0921cdb26c0c","endothelia"
"3820","67e28825-5ade-49eb-9a23-2404da28c5dd","epithelia"
"3821","67eea9a2-a67a-4776-904c-d37dc6e66eb5","epithelia"
"3822","67f0c4fb-5f27-4dae-97a8-ebaeb052606a","immune"
"3823","67f2fa23-496c-4f4c-b603-d12242a60434","epithelia"
"3824","67f5ae7c-e92d-40da-a4b9-8635d3a689f6","epithelia"
"3825","67f7d4f3-2794-440c-a6bd-29715dba4ee5","epithelia"
"3826","67f7e7d7-4e73-4148-97db-71b7eefcd81b","Unknown"
"3827","67f89f12-fa1e-4341-bb60-576f0c4527f4","epithelia"
"3828","67f96460-8be0-4155-a251-727ebd9cc260","CD8_T"
"3829","67fa9b64-0948-451c-9d99-025fe5eadb8a","epithelia"
"3830","67ff1dca-4dcb-4672-989a-b155875da054","epithelia"
"3831","67ff67cf-ab91-4522-aa36-46890c6714fb","epithelia"
"3832","680d00cb-6dc6-459f-a404-53334688a696","epithelia"
"3833","6811246a-1d1d-4f70-a043-af1e5a484307","epithelia"
"3834","6813bfcd-d2b2-44a4-82e4-bdeaec860252","epithelia"
"3835","6818bb34-06b9-4e3e-a0dd-d4d64ec1bf8a","Treg"
"3836","681cbf2f-4c6d-4f26-9e9c-b06036eca856","epithelia"
"3837","681db743-bacb-47d8-8527-7cadf26096e6","epithelia"
"3838","68278300-b2a9-438a-984c-7fc6a5962d0e","epithelia"
"3839","682972b7-00b4-48bd-a519-868858060cbd","epithelia"
"3840","682b38c7-6376-494e-81cc-1bafd7b88d94","epithelia"
"3841","68345082-9e6e-46ee-b630-d937813adbc2","epithelia"
"3842","683562ae-ad87-4b7d-8bd3-340cc2212466","epithelia"
"3843","683f53cf-fad5-42ad-82b4-1fd1ca0bfe86","epithelia"
"3844","68492ed2-2492-4c69-8554-631b44901e0f","Unknown"
"3845","685007a9-e139-48e7-99ee-ac12ef175680","epithelia"
"3846","6850ebf4-bb47-47f0-b854-8267be132329","epithelia"
"3847","68532f3d-2ae2-4845-a136-a12fccf69f1e","epithelia"
"3848","685c4047-c7b9-42c2-b7bb-e395ca834204","epithelia"
"3849","685f15b0-527f-4c85-b267-fbdb958b874a","epithelia"
"3850","68609370-31f2-4e28-b1fa-ca131dea1600","Treg"
"3851","6864e06c-bba2-412f-b0ef-1f0b32105f62","epithelia"
"3852","68785a1d-587b-4431-bed0-25e522ba1d2d","epithelia"
"3853","687fcd98-9fac-484a-89ed-c91ed133be83","epithelia"
"3854","68862f74-ab95-4c56-8f2c-d42e361982f1","Unknown"
"3855","68877ae5-175b-4a15-9692-f3e6b15252b5","epithelia"
"3856","688b6051-0810-431f-8086-db9b7404cfd6","epithelia"
"3857","6895e767-10af-4073-acc8-82cbec82ec0c","epithelia"
"3858","6896399c-d952-44f5-89a4-c82ae38ae00a","epithelia"
"3859","689bb946-ac55-4eff-9d11-b16e11489c39","stroma"
"3860","689eaee0-25a7-48bd-a6c9-fa645c19f0d2","epithelia"
"3861","689ec1a9-efcc-482f-9a3f-dafe57834e79","epithelia"
"3862","68a0b35d-b38c-49ea-bdd3-1dda3470d577","epithelia"
"3863","68ab681e-3884-4e74-b259-ffebbee037b2","epithelia"
"3864","68ac2812-aa87-46f8-afb5-df270ae7cf85","epithelia"
"3865","68b639b7-c312-4dc8-8a10-bd04e0073969","epithelia"
"3866","68c22c15-f1d0-41e6-81d4-82ca1046d226","epithelia"
"3867","68cd8850-b816-43ec-9993-c880e0408a55","myeloid"
"3868","68cdcb9d-ac24-46e6-a0c3-87c2a6e9adae","endothelia"
"3869","68d484ab-96bd-49f4-8084-2344cf3c866e","epithelia"
"3870","68e619a0-c7d9-4f6d-bde3-fd738df95c7d","epithelia"
"3871","68f102d5-39ef-4453-8d8a-881a8694396c","epithelia"
"3872","68f332c0-3146-4e7d-9086-3043161a8354","myeloid"
"3873","68fc84b4-3d41-4845-a4c5-26a3c2707380","epithelia"
"3874","68fed80a-4a1f-439a-b86b-9913990dba98","epithelia"
"3875","6900de21-05a8-4dc9-bf9a-03722fe25988","epithelia"
"3876","6911a884-0361-4b00-99af-1beed1d34ea5","epithelia"
"3877","69295082-ec33-44aa-b068-a556ae2642ac","immune"
"3878","69318dde-bd30-4bb7-bd91-b2bd16980abd","epithelia"
"3879","6932baa9-e7a0-4d60-aa29-bf25a942793d","epithelia"
"3880","693bcd76-5137-4f9a-b9e4-3f1df8fe80d3","epithelia"
"3881","693cb00b-b4f9-4746-898f-87dfc80edb47","epithelia"
"3882","694ba323-8830-4763-9a03-1350bf6989e8","epithelia"
"3883","6952b2bb-84d5-4a22-aa87-3c8f0df21a60","epithelia"
"3884","6953d1c2-e87f-4d90-a041-833399a38bc0","NKcells"
"3885","6954dbf2-2082-4779-972d-cb1c67fe3a60","epithelia"
"3886","6958183d-674d-462e-873d-8f5fa06e166b","epithelia"
"3887","695a9f62-9145-4a1e-b03c-42faae488fe4","epithelia"
"3888","69612481-e70e-402f-bcc9-7e5eb1acf411","Unknown"
"3889","69633828-c633-4570-adcd-e8d1a8f7c17e","epithelia"
"3890","696529ae-0d88-4c72-b505-0da91300ade0","epithelia"
"3891","696566b6-10c0-4ca7-9a79-d23ee95b5d50","epithelia"
"3892","6977c9a4-05ab-4939-bedf-b7f4e93e2e2e","epithelia"
"3893","697cc8d6-bc57-47ca-ada2-7358fc9f2a83","epithelia"
"3894","6982f95e-d892-43e7-9e2d-bcbbc6e3e515","epithelia"
"3895","69917668-9a8c-495d-abb0-07f82378aae9","epithelia"
"3896","6995ff33-9e35-45ba-adc2-2de0ccc38965","epithelia"
"3897","699921c1-af1b-4cd0-9261-87b1e470b2df","epithelia"
"3898","699d31a9-f735-45cc-a867-f0dee8f8fa7a","epithelia"
"3899","69bc0b08-f9b3-4433-b51e-cddfd0c079ce","epithelia"
"3900","69bf91a9-90b8-4fd4-98c0-9ef425238599","epithelia"
"3901","69c02650-ffb7-4be4-b96d-46908d185d35","epithelia"
"3902","69c38d65-92b5-4158-aa3e-c147e16e1893","Unknown"
"3903","69cc72ca-f664-4b84-b7c4-ea4a50c4e53f","epithelia"
"3904","69cdc1d0-3e76-4404-a768-203b2ddb3341","epithelia"
"3905","69f2fc91-fb67-4fdf-82fc-528b2668a717","epithelia"
"3906","69fb7e95-aef4-450f-8941-3ceb3299462b","epithelia"
"3907","6a18a78e-ef83-4f08-83e2-e0e7449747d7","immune"
"3908","6a1f1db7-d82c-4389-a3e8-2f10e9ed9805","epithelia"
"3909","6a29d553-6db6-4659-a4a3-ffc7ea989682","epithelia"
"3910","6a2d80e9-a83e-4e58-a561-8c3a536b45a9","epithelia"
"3911","6a391400-4e56-48af-9159-b5084765236f","epithelia"
"3912","6a3fc3a4-86bb-40c0-b152-40c149127b0c","epithelia"
"3913","6a492a18-9146-4a42-9ad4-1a7f1d78f0e9","stroma"
"3914","6a544e3f-cc88-4ef5-a969-19937334239c","Unknown"
"3915","6a5c7f6f-dede-404f-b0a0-5d3d06a13c86","epithelia"
"3916","6a5d0938-80c9-4897-93ad-d189c9a38483","epithelia"
"3917","6a5e7bf4-80f5-4268-a4dd-3711e03675fe","epithelia"
"3918","6a5fc233-8284-420f-8b85-87170e367f84","epithelia"
"3919","6a6999a8-19a3-4919-b8ce-4bf0c75b3096","epithelia"
"3920","6a69e975-bc78-4047-b422-4bf6ac9e28e9","epithelia"
"3921","6a73fa90-9a80-457e-a5f7-9f2595806134","epithelia"
"3922","6a7cd85a-5e90-4891-a18c-0a7c92a28cf0","epithelia"
"3923","6a7e2bb7-a5ff-4328-a762-8a6b49c10d7c","epithelia"
"3924","6a7fd422-8816-4e94-9fbe-f25b688c1d33","epithelia"
"3925","6a8104c5-82d6-4026-a99d-6c0fb4b97af8","epithelia"
"3926","6a90c055-13b4-4fe8-96da-b0a002425931","epithelia"
"3927","6a91068c-06f0-4aa0-aa45-8a4009168cd1","epithelia"
"3928","6a916747-e35c-46a5-a226-69c4a24ade32","epithelia"
"3929","6a96f1ce-aa49-42c2-8b14-b478ebb2c53f","epithelia"
"3930","6a99e571-e9c8-4ba8-9c25-c052b658d47e","epithelia"
"3931","6aa051bb-41f3-4cfd-85a1-65b9328a7950","epithelia"
"3932","6aaef65c-5cb5-48aa-a5e5-521b2d9b9a48","epithelia"
"3933","6aba009d-b0ac-42c0-a7dd-21417402dd5d","epithelia"
"3934","6ac02586-b733-4aa1-8f94-7ab5444b427d","epithelia"
"3935","6ac04ab6-5c11-4e2b-a981-4eb5d69aacd9","epithelia"
"3936","6ac393ba-b3ec-4c56-a527-bfb640dbb394","epithelia"
"3937","6ac68695-7473-4bd1-ba14-20e7c8ce60e3","epithelia"
"3938","6ad40891-3646-48eb-8f1c-ba667d57905c","epithelia"
"3939","6ad916bd-1e7d-4ca6-90d6-398e4277928e","epithelia"
"3940","6ae0bce1-8d2c-4f37-b88f-234d97abfa55","epithelia"
"3941","6ae177b7-893c-4cb0-b5ba-fab7f7e07878","epithelia"
"3942","6ae504c4-1a59-4968-abe4-7413b07c288c","epithelia"
"3943","6ae925dc-7ff3-4030-94ea-5082792999cc","immune"
"3944","6aeb903f-db98-4d18-8003-8dd67bb70c83","epithelia"
"3945","6af3ab1b-f2d9-4ef1-a2d7-f58d70ba8839","epithelia"
"3946","6af98719-1d4e-4f25-8f03-730f19db47ba","epithelia"
"3947","6afa8083-5b74-4f7b-89a8-7b70ee08119b","Treg"
"3948","6afb94d0-4bd0-4d3a-87ef-508992847320","epithelia"
"3949","6b09a46d-00f4-4a8d-86fa-c4e801f5d4e2","epithelia"
"3950","6b1a1be9-5e1d-4e7b-ac10-0f577eea933d","epithelia"
"3951","6b1e4844-adb1-4879-83a5-7d63f8f3a60b","epithelia"
"3952","6b2a8fdd-8fa4-45ce-aad7-c6cff65b27c4","epithelia"
"3953","6b41db31-0443-4808-b72e-ae7576851605","Bcells"
"3954","6b441648-d840-41d2-baea-adb09b901520","CD4_T"
"3955","6b4655cf-d0d5-423c-87ba-8831fea5cd22","myeloid"
"3956","6b4778ec-438b-4b39-b0f2-e92e7d9449e3","epithelia"
"3957","6b4be2cc-5d25-430d-901e-d52b86befe46","epithelia"
"3958","6b4f77c3-b7a1-4026-a2e7-cff395e7473f","epithelia"
"3959","6b5167de-ef01-48e7-aab9-8fb01c64461d","epithelia"
"3960","6b5c4c53-32f6-4b63-945f-41cf513c03ea","epithelia"
"3961","6b63327f-55e9-4244-b8c6-ded074127c17","Treg"
"3962","6b69918a-a0ea-4a7b-9daa-a672aa28df3d","epithelia"
"3963","6b69ca68-6aca-42b2-9af4-40e27cef8ad4","epithelia"
"3964","6b773fbb-743f-4c00-9210-a38f3ceace70","epithelia"
"3965","6b8c8293-b00f-441d-a02d-269b0b4b051d","epithelia"
"3966","6b93122b-d5aa-4e12-8063-cc6e6eae0b80","epithelia"
"3967","6b98e9e6-47db-4f0a-a7ba-6b6a31b45bf6","epithelia"
"3968","6b9fc0bc-121e-4b36-94f7-98bfb1c0c800","epithelia"
"3969","6ba0767c-cd75-430f-bbd0-d7c261f3e4fe","epithelia"
"3970","6ba22389-f882-4d89-b51c-e9a8f16ee70f","epithelia"
"3971","6bbfe62b-1e37-4fb2-98f9-2e97d71cdc6c","epithelia"
"3972","6bc6b6e3-e7b1-4993-a630-d7fb65782f0b","epithelia"
"3973","6bcf2608-2b32-4150-9d55-6088af1621d5","epithelia"
"3974","6bd3fe82-4e1b-4341-ae94-3f865847eed2","epithelia"
"3975","6bd42c88-549e-485e-bc04-aa6c57d57547","epithelia"
"3976","6be55b4c-26f8-42f8-90a4-5dea6001d5b5","epithelia"
"3977","6be93b77-55cd-4ca0-9aea-0bede0821c44","epithelia"
"3978","6bf014b5-9b73-474f-8f6a-709f3f9ddeca","epithelia"
"3979","6bf5124d-0200-4a01-84a3-af5ecb0768b2","epithelia"
"3980","6bf83a6d-1fec-41bd-a20c-dd4fc354caad","epithelia"
"3981","6c05d9c0-c77b-48b0-83bd-27344d24aec9","epithelia"
"3982","6c24c452-d117-4418-b138-ef23a5f2d0ab","epithelia"
"3983","6c275dc5-77dc-4eda-937f-ceb686390934","epithelia"
"3984","6c4dcb7a-2f8b-4dd9-a634-cad322c56beb","epithelia"
"3985","6c573dbe-f030-4b13-b48b-e41109fea811","epithelia"
"3986","6c6018f1-45ba-4854-857a-998192e6904d","epithelia"
"3987","6c8033c0-96b7-4760-845a-bae7b23aeb27","epithelia"
"3988","6c80a0de-9039-4333-8392-8bdfc0cc467d","epithelia"
"3989","6c8266dc-9f09-4853-ba26-998ecca68418","Unknown"
"3990","6c938a84-29a4-4ed0-920c-3cb733ee3a17","epithelia"
"3991","6c9ae473-c6fe-43c5-89e1-eb81637c823e","epithelia"
"3992","6c9b6651-88b2-45ef-b709-c846895739d1","epithelia"
"3993","6c9ca91a-b146-48e3-be58-669cbd46ecad","epithelia"
"3994","6cae6ad1-5d11-44c5-8c35-ce6d0b4c20e8","epithelia"
"3995","6cb412c8-6a3d-4fc1-aada-587aff7e0c00","epithelia"
"3996","6cca18fb-1633-44a4-a12e-8dcedd286334","epithelia"
"3997","6cd0d7d1-9d46-447e-93e1-84d9d296f730","epithelia"
"3998","6cd24844-3213-4a6e-be2a-926b1cb46ac8","epithelia"
"3999","6cdbb7a6-1d34-4596-98e4-2d853f100810","epithelia"
"4000","6ced0c1b-6532-455b-8516-a57e7cc0a4f0","epithelia"
"4001","6cee0587-d472-475b-93ff-d6e41d026ced","epithelia"
"4002","6cf39908-7290-4c97-b7d3-a3a4f6420f11","epithelia"
"4003","6cf6d212-1980-4de8-bfc4-de9cae7fc89e","immune"
"4004","6cfdfe51-5c3a-4fec-90db-0fd6d37f5500","epithelia"
"4005","6d11b2ca-bf9c-4c87-98ed-aae98676b759","epithelia"
"4006","6d184198-2499-4a23-a764-a39b0cbea1d9","epithelia"
"4007","6d1a6d50-8757-4b98-81a8-d237b5166cae","epithelia"
"4008","6d23435b-28cd-4b73-b7ae-55a7649a0b71","epithelia"
"4009","6d307d56-b0ce-4b79-87ef-f124f75b255d","epithelia"
"4010","6d356dc1-0d60-4596-8a00-299d1be1fb01","epithelia"
"4011","6d5b944a-cd01-4c08-b778-e35b677d7f5a","Treg"
"4012","6d5dc6cf-6442-4978-8c6a-b94294dea70c","epithelia"
"4013","6d5fd113-f9a8-44cf-bdc1-7a37ee25f5ba","epithelia"
"4014","6d60d8af-6051-4524-853a-efe911251aa3","epithelia"
"4015","6d643ba0-66d4-4ce9-9914-676101d5bbcd","NKcells"
"4016","6d66bb2e-bd5e-46e4-a066-86c92b035b4e","NKcells"
"4017","6d69ed2e-4622-4c9a-97a5-d2ca8c5f581a","epithelia"
"4018","6d710bd7-afe4-4a9a-a74f-c9a99e59c2ba","epithelia"
"4019","6d75e8b5-1e48-4aeb-848f-2642ed40e6a5","epithelia"
"4020","6d76f4d1-e9bd-486e-bbe1-ca49741bea06","epithelia"
"4021","6d7a8640-a293-4a06-85b9-f900f4c38e6b","epithelia"
"4022","6d7a9789-81e8-48b8-85f9-79080b96da71","epithelia"
"4023","6d7d8a04-e8ce-4392-a829-161b434e56ab","epithelia"
"4024","6d7f2774-8e1b-49a1-81a2-9fafc518c252","epithelia"
"4025","6d814aa8-b057-434f-af64-5bc978d233c2","epithelia"
"4026","6d872118-f995-411e-8670-ebbf0be8b64b","epithelia"
"4027","6d95921d-a874-4fe5-8121-0ea768e20887","epithelia"
"4028","6da220ad-dfce-4d51-8a16-54c903955ff1","epithelia"
"4029","6da9a27d-6d86-445b-9b7e-161c3b5c2816","Treg"
"4030","6dbd0aaa-b47f-4403-8195-7ddb59f15f0c","epithelia"
"4031","6dc55b8c-180b-41d9-a5da-adb6c4b6c882","epithelia"
"4032","6dd17a7a-c2d1-47df-ba16-b3cc45b6b11b","epithelia"
"4033","6dd1adcd-60fc-4260-a3bf-b665eeade0e2","epithelia"
"4034","6ddd7484-4210-4420-b9e8-cf87e49a5d50","epithelia"
"4035","6dde12e6-517c-481e-a95c-5fab6cbf44b0","epithelia"
"4036","6de05dc2-ec21-44c4-978f-cf7fe4402a8f","epithelia"
"4037","6de0717a-8d8d-4b9b-8c30-7ea18156acb9","epithelia"
"4038","6df051a7-30aa-4f55-82f8-1c637507f873","epithelia"
"4039","6df26e76-4afb-4f23-8645-9b2ac5138ca8","myeloid"
"4040","6dfab9d8-6be5-4529-88e2-3b49ab6c6de5","epithelia"
"4041","6dfc4b95-66dd-429c-9820-b81277368c9a","epithelia"
"4042","6e005d8f-7254-4dff-af93-b5049e525d64","stroma"
"4043","6e03600b-375e-46cc-b231-3765c888b0d9","epithelia"
"4044","6e05e34c-4b0a-4a5a-8a13-dec8de23de81","epithelia"
"4045","6e09f82d-132a-4405-9ea1-ae21af657cda","epithelia"
"4046","6e1ab342-43b9-4420-8378-cccb25a3b45f","epithelia"
"4047","6e1b12b9-606d-4789-9d8d-dbaf503e9c9f","immune"
"4048","6e261fbc-538d-4bb1-902a-edcfd3c9b82e","epithelia"
"4049","6e27714b-89b7-4546-8a9b-5d8357fcfa01","epithelia"
"4050","6e2f92e8-cd48-4806-8378-a382b122b873","epithelia"
"4051","6e32c2ea-e189-4236-af88-985df740415a","epithelia"
"4052","6e390911-56b0-4631-94ff-1a12c1dcfd47","epithelia"
"4053","6e3f1b66-df4b-4d27-a3ce-8c9e50ff7e30","epithelia"
"4054","6e413afa-4c0d-4363-abd3-58e8954cda92","CD8_T"
"4055","6e431f39-c84f-4a66-ab18-7c11e11960c3","epithelia"
"4056","6e4a91bd-4de8-40f4-9ba5-02e0983fd17b","epithelia"
"4057","6e4c8f68-5e81-4a92-ac74-cff413ae95b1","epithelia"
"4058","6e4e162f-c67c-4049-a112-2b83ee269c58","epithelia"
"4059","6e517eee-44b8-42eb-a175-1eed2883c1f7","epithelia"
"4060","6e5c3e9d-9a94-4328-a38f-5f5e99ddf71a","epithelia"
"4061","6e65ccf6-96b3-42ce-969a-270b9a466d3c","epithelia"
"4062","6e70c8ec-9c41-479e-a01c-7b87b28d8c1c","epithelia"
"4063","6e7fde65-f049-4f68-b629-37ad3bf409fb","epithelia"
"4064","6e807256-b054-4802-a37f-0a606499f7e7","epithelia"
"4065","6e8c8512-79ae-40f9-a90f-9b69e7af7664","epithelia"
"4066","6e8f0f5f-47e5-43e6-a7e2-19f6fac5201d","epithelia"
"4067","6ea4d06e-8379-43fb-938c-448739a29770","epithelia"
"4068","6ea676cc-edf1-4d72-bf31-d45209c2d807","epithelia"
"4069","6eabb014-7909-4a54-b904-225a39f66bb6","epithelia"
"4070","6eac0bc6-6d02-4205-bd57-8b976caffb1f","NKcells"
"4071","6eacfeae-4984-4284-b68a-afe841e24803","epithelia"
"4072","6ead458f-fd36-4b74-a29d-818cbb088a15","epithelia"
"4073","6ec084cc-2cc9-48d4-9dbd-22b35ad02bf0","Treg"
"4074","6ec476a6-5351-4410-bf00-4e926efaea25","epithelia"
"4075","6ec4bd05-6ded-42ae-81a7-c99e024e3093","epithelia"
"4076","6ed330c5-db42-4050-b8f7-8e94d8cd84b7","epithelia"
"4077","6ed63345-8c63-4f96-8d01-ea1c27318b91","epithelia"
"4078","6ed659d2-d3a7-47cf-aac7-e171fc20da07","epithelia"
"4079","6eda3d74-359c-42eb-8dd0-1d599b16b3d7","epithelia"
"4080","6ee67377-ab4b-445a-bf6f-1d3e1b6e601a","myeloid"
"4081","6ef216da-7fcd-4162-bbd3-f239d9433451","endothelia"
"4082","6ef30683-42b0-43eb-bae6-c899a58d373b","epithelia"
"4083","6ef9e913-4933-4ff6-8daf-e78141e500d4","epithelia"
"4084","6ef9fb65-df82-460d-a4af-84ae4b0c7c99","epithelia"
"4085","6f06a84c-91cd-4ad1-a441-faf9c989aa81","epithelia"
"4086","6f0b93a4-63f6-47c8-8183-342d58eb2b6a","epithelia"
"4087","6f1143df-e0c5-465b-8fdb-dadc1e9257f1","epithelia"
"4088","6f1475de-8d8b-41af-b754-5143216345b9","epithelia"
"4089","6f14ef3e-44ee-440d-aed5-1aac8ef59f25","epithelia"
"4090","6f160e1b-2b8e-4cc4-8c41-07a999e4b904","epithelia"
"4091","6f1f3c5d-509f-49e7-ad41-fb938d815041","epithelia"
"4092","6f25e4fc-d625-4f65-aad0-0486cb72aa9c","Unknown"
"4093","6f414f7c-a276-4b97-884d-d3ac449b1e14","epithelia"
"4094","6f41e6af-ecfd-4d5a-80c6-f3ce21a03aae","epithelia"
"4095","6f44d8ce-5f16-4ff8-9dd2-bd6fb12bf567","epithelia"
"4096","6f4a8007-aeb8-4ba4-a497-63cf2919090f","immune"
"4097","6f534e6e-4a9f-49a8-9dc8-190154ba98e8","epithelia"
"4098","6f61ad68-0e94-4e65-aaa6-5347f64e43b9","epithelia"
"4099","6f66c0b0-e7f7-44c7-9bba-6bb5fc1119d1","epithelia"
"4100","6f66e1a2-64c9-403c-bc9a-e2299d0d06a8","epithelia"
"4101","6f675160-5e2b-4a1a-8ff9-b033d3b6f66f","epithelia"
"4102","6f6948a0-833d-4385-94d7-f2f6f8c257ab","epithelia"
"4103","6f6b5be3-54e2-480e-bf4b-ec546186c52e","epithelia"
"4104","6f6c6c65-c49f-440c-a8ab-33c1feeab8af","epithelia"
"4105","6f7666a4-d81f-4fc0-b215-00a889644920","endothelia"
"4106","6f7d9a32-023e-433f-a281-213ecca5ad04","epithelia"
"4107","6f8f03da-e0c9-4e68-b50a-7367c97a5f6c","epithelia"
"4108","6f9b4bc7-e711-4906-acc2-ddce27c93a98","epithelia"
"4109","6f9d569c-0b1f-4f95-83ae-285ab422f294","epithelia"
"4110","6fac7820-d96c-4d8d-9a65-82eb30ba8e0a","endothelia"
"4111","6fb06d10-cda8-4a9e-ba67-d1a9bc3e6da2","epithelia"
"4112","6fb44b31-2e32-4aea-bf6e-3cce48961b4d","epithelia"
"4113","6fb8be8c-f872-455f-91e0-eaafa4f9bf4c","epithelia"
"4114","6fb9fde4-6a37-4570-8919-60588d368b4c","epithelia"
"4115","6fc4f784-8bd7-4650-933e-b567a49293e5","epithelia"
"4116","6fc5d350-49cc-42e1-8b0d-225cb0a6ad7f","epithelia"
"4117","6fdc5fd8-a157-4173-a550-50fe04caf8b7","epithelia"
"4118","6fe51aca-2a6d-4929-a659-e0f955ecb5c3","epithelia"
"4119","6fe7c815-8fde-49ee-bc0f-f13494e4688e","epithelia"
"4120","6ff09f32-e40c-4596-853c-402864a0ba02","Treg"
"4121","6ff2090a-1c99-4008-bf7b-94069e45a599","epithelia"
"4122","6ff5dc83-0993-451e-9430-28131824a0d9","epithelia"
"4123","6ff8118f-1d5a-4447-bedf-32fbbc844deb","epithelia"
"4124","6ffe5fca-2458-4e26-8c46-1ed6b52abbca","epithelia"
"4125","70005c67-d5d1-4fc1-a82a-d4abae85057a","epithelia"
"4126","700515fc-ce41-43d1-8704-618568970edd","epithelia"
"4127","7006655c-d1d9-4d89-b99e-b4acc57f395a","Unknown"
"4128","7006b81e-aff4-4f86-869e-b517165577f4","epithelia"
"4129","700a363a-f0d7-4208-9be8-4868b5997470","epithelia"
"4130","70147721-77df-44e9-8a61-bcb8f02ee5bc","epithelia"
"4131","7018a645-39df-46cc-a243-ca460f61e924","epithelia"
"4132","701a4554-5c1d-4034-933d-617a86833de2","Treg"
"4133","701a498b-1ed6-4695-a2e4-72ed4409119d","epithelia"
"4134","701d2630-9a29-472b-8cfb-effdd01506ef","epithelia"
"4135","70263029-0eed-4943-bd6c-ca0abdfa51d3","epithelia"
"4136","7033698e-d5a0-420b-a6b4-a0483a63885d","epithelia"
"4137","703ad33f-8ea6-4f2a-9614-fa6fb108fc86","epithelia"
"4138","70456404-5d39-494f-9476-926f5750f259","epithelia"
"4139","70473649-dbab-4e16-a32a-c22865addfcc","epithelia"
"4140","70475f3f-c89b-4a77-a20f-36b1424c6fc4","epithelia"
"4141","7051427a-d252-4f99-aeab-d3498dd6e6b5","epithelia"
"4142","705390c7-6f91-42fc-afd2-40633ee5078c","NKcells"
"4143","7053ac99-a2a5-4c0e-855c-2746eff953c2","epithelia"
"4144","7054ee90-8d49-48b5-b45f-e3bf2c788831","epithelia"
"4145","7056f50f-60af-4d9b-a397-64b48ce25cb5","epithelia"
"4146","705b441f-9678-440b-8e5a-12c89702afff","epithelia"
"4147","7062ff37-ffd4-4e9e-9767-b9663ebd6edb","epithelia"
"4148","7063aff0-9e4c-4e7e-b034-9a67a55440b9","NKcells"
"4149","70670b12-a01a-46ed-aac8-52170ac93a51","epithelia"
"4150","706b8983-023a-4d80-9b8c-2daf05d0f52f","epithelia"
"4151","706c7765-d36c-4055-862a-80bc66f0f329","epithelia"
"4152","707030f2-b799-40fc-ba79-b659fae351fc","epithelia"
"4153","7073e7f5-5456-455f-8209-28dea51af337","epithelia"
"4154","70756607-4adc-42be-ae23-9219f64c336c","epithelia"
"4155","708009fa-e425-4c8d-b882-332c4843fc2c","myeloid"
"4156","708b6800-96aa-488e-a635-7e034576f21d","epithelia"
"4157","7090e771-a79d-4aa8-9036-aa85dd450cb4","epithelia"
"4158","7095df8d-9980-460c-987e-ec689bbe67a0","epithelia"
"4159","709a3c81-1664-4001-a393-e9d9b0496dfe","epithelia"
"4160","709ff205-7504-4903-bec1-735f7f827f60","Unknown"
"4161","70b1f89e-8f85-4e28-893d-0766d9532954","epithelia"
"4162","70bd5ec2-5405-449a-a28b-ed1ce99d3ecd","epithelia"
"4163","70bf4c21-6f21-4811-adcf-1056449e99a0","epithelia"
"4164","70c091ef-1130-41ba-9cd4-7a385a1db5b4","epithelia"
"4165","70c2d71f-5691-45f0-b9a4-f75124daae55","epithelia"
"4166","70c3eab4-00df-4dd8-94cb-b0aa51695e77","epithelia"
"4167","70c9d64e-c278-4667-9da4-807f09f33458","epithelia"
"4168","70d23a8c-ab38-48c4-9a04-5c2fc81b081f","epithelia"
"4169","70e86c67-7746-48e9-881d-130ff49f8de1","epithelia"
"4170","70e8c180-b4b8-4f32-8f44-fdd947b37e23","epithelia"
"4171","70ed4cc6-3259-420f-ba94-69ba66f3d3d2","epithelia"
"4172","70ee9422-62bc-460c-bdfe-47b60dd1354c","epithelia"
"4173","70ff6210-334c-4b40-8a02-ec9da942a104","epithelia"
"4174","710b0b0f-3754-4cf2-83b7-a479e0e3c0a3","epithelia"
"4175","711a9f91-ff5c-41c0-8968-f863dc11f665","epithelia"
"4176","711acf84-e97e-45ab-b63c-73c0610b4c90","epithelia"
"4177","711c13da-c482-4df2-a5aa-c89df323cfde","epithelia"
"4178","712d2619-c4a6-4e05-93de-ff8355790bdd","epithelia"
"4179","712dab31-7eae-4439-95cb-369d100efc17","epithelia"
"4180","7138075c-46ac-45f6-9e0f-643e21f7d818","epithelia"
"4181","713886f0-4e2e-45e9-8681-e5b0be4d932d","epithelia"
"4182","713e0714-b4d7-40db-a0dd-ea6081134563","epithelia"
"4183","7144ef3d-b748-4eee-a947-c08ff6e863ef","NKcells"
"4184","7145e49d-d556-4003-8e10-dfc8e501b705","epithelia"
"4185","714bbf2d-834b-4ec3-96a4-7e700699ba55","epithelia"
"4186","7152bbf6-5917-4b12-a7fe-f5cf57af43ac","epithelia"
"4187","7157441e-a675-4b96-86d3-fe27aeb27a5a","NKcells"
"4188","715a9d1a-c7cd-4545-ad08-1bd8df888b27","Unknown"
"4189","715cf4f0-9bb5-4894-b875-17e1699c8d2f","epithelia"
"4190","715d42cb-5f1b-4719-8231-c87147fc7e87","epithelia"
"4191","71619481-8d0e-490a-9d1e-71f241044247","myeloid"
"4192","7165fbb5-30d6-46ec-b813-a61b7c4e4290","epithelia"
"4193","716a4d5a-58d5-43e3-bf32-62e5c95dac7b","epithelia"
"4194","716d650f-376b-4ae9-91e3-357d2080265c","epithelia"
"4195","716dfb70-2122-4b46-bf36-8206e3585be0","epithelia"
"4196","717b9a46-5b3e-4862-a948-a0a5884324e1","epithelia"
"4197","7185cee2-0883-4b1f-81be-9e88ba0f98f8","epithelia"
"4198","718a9a4b-d016-41f9-9ea9-f1373244bd1b","epithelia"
"4199","718b27e0-d9db-44dd-a3c7-3e560910255d","Unknown"
"4200","718d3471-a65c-40c7-bf7f-82601d49bcf8","epithelia"
"4201","718da4a0-f6f7-432a-ae9f-51b06c3268b0","Unknown"
"4202","7195604c-6575-4589-bba6-193785972d7d","epithelia"
"4203","71981432-340f-4a48-a253-353503b417ce","epithelia"
"4204","71b5331f-6251-4f4c-9358-1411805d8fce","myeloid"
"4205","71bc39fb-73e4-4be2-ab90-a68fcef3ecf6","epithelia"
"4206","71bfb4f2-0225-4583-a13a-e955942efdb1","epithelia"
"4207","71c63054-6a65-4d9a-89ec-e06cff271ec0","epithelia"
"4208","71cc4ece-8551-42d0-90ed-3a70ff8c027b","epithelia"
"4209","71d1550f-25fa-4a61-8993-733e95074768","epithelia"
"4210","71d49a14-f0e2-460e-b89b-4c1938b2fccb","epithelia"
"4211","71d5b236-4e96-430f-8de9-35693f6bbd46","epithelia"
"4212","71d6f6a8-3924-49b5-8e7b-57c6cdaef2d9","epithelia"
"4213","71dc9533-f81c-4296-8f20-3148d792c743","NKcells"
"4214","71ef5f3c-45e1-465f-bfc3-7713f740c07f","epithelia"
"4215","71f1df69-96c3-4442-9d03-042617707410","epithelia"
"4216","71fc1fe0-bd53-4260-88ee-b4a165f7faa8","epithelia"
"4217","7200fd5e-0d90-461a-9323-62420a01b2ab","epithelia"
"4218","7203067f-d5c2-48ee-9931-f639c67ebedf","NKcells"
"4219","7206f120-1f09-4e01-b0b6-e4e0d13432ae","epithelia"
"4220","720db19a-7136-46f8-8eee-527171fbe0ac","epithelia"
"4221","7214e6e7-e961-4394-9593-6b68dccbed8f","epithelia"
"4222","72163f43-328d-497d-a9cb-de43f4fd09d7","epithelia"
"4223","72189884-a745-46f9-8fb1-47e8c3f6c84a","epithelia"
"4224","721acb25-3b80-4159-b38f-af120b0842a0","epithelia"
"4225","721e3fea-01f6-4a89-975e-ec5e68747b9f","epithelia"
"4226","72232fa4-83af-402d-80e3-53bf40e96373","epithelia"
"4227","723bb486-0f64-4b87-a381-742758e0b50a","endothelia"
"4228","723f96a9-4eb1-49dc-931b-400029b7b2a8","epithelia"
"4229","7243ff12-670a-47a6-9ab9-0b41999b020f","epithelia"
"4230","72593ca6-08c0-406d-bdc2-22d7911e196a","epithelia"
"4231","725b23d7-8ba2-437e-9670-14bf884a122b","epithelia"
"4232","7267dfef-77dc-4345-83d8-c4070cf1c65e","epithelia"
"4233","726b682e-6234-46b2-852a-8d8b1e4b7182","epithelia"
"4234","726f1b2a-de78-4608-a369-d8ba760e906d","epithelia"
"4235","72790d38-cac8-4dd0-95aa-f837d8ad033c","endothelia"
"4236","727cced0-da6f-4d64-bab1-e7597006252c","epithelia"
"4237","727df62f-221e-4e63-9185-4ae2cd41af31","CD4_T"
"4238","72850f6a-1f7d-4999-8c8b-0efd17c195ea","epithelia"
"4239","728e0ca6-75de-44c7-80aa-7a18fdc258aa","immune"
"4240","7290f88a-522f-4f64-8f92-ecabf3361810","epithelia"
"4241","7294c61d-d4d2-45c9-8fdd-21e9452a1ff1","CD8_T"
"4242","72a03878-c869-47d4-bc20-4c181c54f9da","epithelia"
"4243","72a6deb3-0805-4ca2-9ce4-5a9dabbc73ad","epithelia"
"4244","72aa4896-6e0b-4705-a443-9470c549ee37","epithelia"
"4245","72bbfe36-5327-49e7-9ffe-fec4dcc49e58","immune"
"4246","72be5000-9dca-4ef7-9690-ddaf2b0faf79","immune"
"4247","72be5f21-b48d-4e2a-a316-9a4a1c275db4","epithelia"
"4248","72cb401e-933f-4193-9572-38c2eb3a4a93","epithelia"
"4249","72e69f45-7a72-46f5-8cdf-2c565f27f731","endothelia"
"4250","72e85a36-0471-4d56-a52c-8275bdcf477b","epithelia"
"4251","72e9759d-64b5-48cd-890a-4020033dbfaa","epithelia"
"4252","72ee3d44-0141-4626-bbca-c3b221ac5e12","epithelia"
"4253","72f84a22-fade-499b-8364-c04a48f93c98","epithelia"
"4254","73092190-4c25-4a9b-b907-4966fc1538bb","epithelia"
"4255","730c46a9-52fa-40f9-b6e4-27dd18594df7","epithelia"
"4256","730f5eff-7c93-4e07-8a15-6d2c47696fae","epithelia"
"4257","7315fa86-a579-4abd-b713-fc585aa8a31d","epithelia"
"4258","731beadd-34e2-4f74-a8b6-8b953c3daf92","epithelia"
"4259","731bfd75-14cd-4d88-b518-aae3844299c6","epithelia"
"4260","731c4321-be04-4230-8707-9618c3eb8ff0","epithelia"
"4261","731cc539-6be0-42db-b95d-825fad115050","epithelia"
"4262","7324f100-4e3f-4eb8-94fc-a33aca63824a","myeloid"
"4263","73292e22-2339-48c1-9d08-6eaaa3950d04","epithelia"
"4264","733b3fbf-5878-48f2-87cb-f0c028b17aae","epithelia"
"4265","733d179c-c5a9-470c-b9fc-5ee1a8293e98","epithelia"
"4266","73413f32-5d21-4d85-a270-4e1176ea8872","epithelia"
"4267","73527d72-88bc-41bd-bc61-fdca1bfb8247","epithelia"
"4268","735882c4-a7e7-42a2-b01e-1067cd907ceb","epithelia"
"4269","735a0b68-429b-4ffd-b64d-f64277d78af7","epithelia"
"4270","73693da9-8dc3-4717-994c-87dd2746ce9d","epithelia"
"4271","73704ea2-da7b-4383-ab44-14589e28a461","epithelia"
"4272","73708906-b0b3-4f68-bbca-939ad9536b21","epithelia"
"4273","7383f4fb-0ec2-43e1-8922-7b2aeeb265fb","epithelia"
"4274","738eb7ee-c674-41ee-8aa2-64917a93e111","epithelia"
"4275","73906690-e9f6-48dc-9449-b4f54e33df9b","epithelia"
"4276","73921963-1a27-493f-a417-5fa42e6bd48a","epithelia"
"4277","739bfb29-d06e-44c5-b93c-4f80a1aaa50d","epithelia"
"4278","73a4d58b-c34a-4346-b36a-464ad6b216b2","immune"
"4279","73a4e512-43d3-4841-91e5-fbac119a3901","epithelia"
"4280","73af1c72-2396-4850-9d07-d3f812c87fcb","epithelia"
"4281","73c15361-105c-4f1d-aa15-db57dd912fa0","epithelia"
"4282","73c6ac36-f455-432f-986f-beda9692718c","epithelia"
"4283","73c799f0-0a59-432a-ad17-076f3bfc0b3b","epithelia"
"4284","73de13bc-760d-4a7d-94b3-cecd7cb3c104","epithelia"
"4285","73e9b163-d566-47b5-b42f-c91b83bd86ee","epithelia"
"4286","73ea839c-8559-48c3-b433-6dd5410ec8ce","epithelia"
"4287","73edcbf5-c8ff-453a-8820-d3604d30a720","stroma"
"4288","73fe343f-89b9-4db3-9dec-b9dbdfccaa07","epithelia"
"4289","74106f66-3342-4410-b68d-b05f1c845aa7","epithelia"
"4290","741b4660-873e-4d4b-b24c-d38e8cfddba7","epithelia"
"4291","7422b377-4698-46c3-a194-264bc3b46ac5","epithelia"
"4292","7422d64d-c503-4d5a-badc-5df1989e86ba","epithelia"
"4293","74242f51-1689-49f2-b3d8-4f93c8b9d3ca","epithelia"
"4294","7428985b-60ad-4871-b2bf-17847d91122b","epithelia"
"4295","743878b7-47e8-4402-8484-160055c185ee","epithelia"
"4296","743882fd-6317-4dc1-8499-6100a973d08d","epithelia"
"4297","74402f9a-dcef-4784-81bf-b31046e522e1","endothelia"
"4298","7447ec2e-f754-430a-8ebd-a81b3d51fb99","CD4_T"
"4299","744ebcac-c34b-4495-98fd-5364167b677c","NKcells"
"4300","7455ad5f-508f-429d-a96b-95b839f553c4","epithelia"
"4301","7457aff6-25a4-40dd-9169-726425e6f7de","epithelia"
"4302","745aad65-441c-47da-9444-04cc2cb26a89","epithelia"
"4303","746571ec-3936-4bd9-abd8-74f818dce465","epithelia"
"4304","7467461b-0577-44f8-a270-205bd842ac78","epithelia"
"4305","74786b6f-3e2d-4934-90de-6db5d0394d28","epithelia"
"4306","747eaee9-79bd-4f9d-b072-382f58d6fa7e","epithelia"
"4307","74824030-aa64-4c9a-96a8-95f6010c25d1","epithelia"
"4308","74861e4c-d67e-4eb3-95d3-bf579f9b8e00","immune"
"4309","7486e561-5e19-49c6-a49e-669a88066d5f","epithelia"
"4310","7487a72a-cccb-404e-81b4-0667093c8b9b","epithelia"
"4311","7489df42-a6fd-4e6f-a256-728e0e15dd98","epithelia"
"4312","7496917c-b210-4b65-80e5-6cacd56cf50e","epithelia"
"4313","74adf39a-4542-4f15-9b1a-7b088b6bc726","epithelia"
"4314","74b4c9f1-e56c-4c33-b821-6908a7370263","epithelia"
"4315","74b4fa58-6368-4023-b103-77c7f8cd2755","epithelia"
"4316","74babc4c-aedb-4a68-b00a-871ed33a2a31","epithelia"
"4317","74cc020b-6d87-4838-9152-0652203165a0","Treg"
"4318","74cc32a5-feca-4888-a952-81a14892235f","epithelia"
"4319","74e013c5-1fe4-402d-baa7-5bb3e53338a3","epithelia"
"4320","74e0744c-14e4-4387-baf3-5c4ef70659cc","epithelia"
"4321","74efe18a-75e0-4b04-8480-16908306f9fc","epithelia"
"4322","74f55cce-80d1-4836-81af-03b1657db151","epithelia"
"4323","74f716c0-9d60-404b-a1c2-60d034ee8509","epithelia"
"4324","74f814b8-ba8e-4dc7-a93a-cc0ec58b85e8","epithelia"
"4325","75033b86-1e64-408b-9ea7-48b771e80c13","epithelia"
"4326","750a8165-2da0-4027-89cd-71db7b0b88f1","epithelia"
"4327","750b82c0-5bf9-489b-b698-799ccc8117cc","epithelia"
"4328","750eb2ec-f939-4fee-9755-257e97157c69","epithelia"
"4329","751013aa-ba84-4593-809f-69895e77d360","epithelia"
"4330","7519773a-5f6d-4310-a434-d758a9120765","epithelia"
"4331","75245b66-fb87-4d64-a426-f7b2cfd1d9bf","Unknown"
"4332","752b5e08-2a42-42af-9ca9-44b495d1f61f","epithelia"
"4333","752f12a9-5a00-4af8-928b-de021af94cfe","epithelia"
"4334","7535f7eb-452f-40d7-82b9-82fa28292146","epithelia"
"4335","7537e027-d658-4dd4-b941-4174d27101bf","epithelia"
"4336","754b7b26-4e4c-466b-b62a-37d911829b3b","epithelia"
"4337","754d03d4-4747-46a1-992f-5bc0eb6b4999","epithelia"
"4338","754f8e59-f175-46a5-aac2-893e2adb70f3","epithelia"
"4339","75552841-2562-4f56-9951-e98e987b2d26","epithelia"
"4340","756f75a9-4bf5-48f9-83fc-128fb720fd5d","stroma"
"4341","7583ab1a-7575-4222-9b8e-e7ed44b451cd","epithelia"
"4342","75847fa8-f0bc-41b2-8fdb-9739e8fd363e","epithelia"
"4343","7596cc6b-0115-4784-956a-f4e7a5e262d2","epithelia"
"4344","75a2b949-7d96-4980-8ccc-ec2fb60202eb","epithelia"
"4345","75a95aa2-19a6-4f5a-bd11-17d9b99f1356","immune"
"4346","75b4e50b-06c1-4620-a6d0-688170ff5920","epithelia"
"4347","75b865b2-e988-4f04-a654-a149de9f635a","epithelia"
"4348","75c3a6d3-0567-4df2-ac1b-b5ea6177cd2d","epithelia"
"4349","75cba6b9-e874-4f8b-907d-63cee51cd6c7","epithelia"
"4350","75d09fb0-be64-4a95-b71a-6486522e2c60","epithelia"
"4351","75dc4a42-5b3d-489a-ab00-c972a0ebb4c7","epithelia"
"4352","75e11e5c-de1e-4a49-8c90-78ae885a4790","epithelia"
"4353","75e21aec-e14d-4ae1-8220-c02b2445869b","myeloid"
"4354","75eb0afb-5eed-4b71-ab13-80bbfc9092e8","epithelia"
"4355","75f32d91-db1e-4ddc-9e9a-199d28312148","epithelia"
"4356","75f64dd1-e133-47d6-9d4c-238ec7320bfd","epithelia"
"4357","75fee0c0-6a23-47d0-815b-e29c19020ea0","epithelia"
"4358","75ffb751-c849-43d6-b42e-c146886ea236","epithelia"
"4359","760dd962-a0c9-4718-bbf6-854bc282aeb4","epithelia"
"4360","76154e71-7234-481c-bd12-0ef6ac23fa12","epithelia"
"4361","761d91ca-c363-48e3-abd4-b557ca3861e2","epithelia"
"4362","7633d0ed-ea21-4774-a4b4-8ef68dc5e34e","NKcells"
"4363","7639ab9e-b986-4bd9-986e-22cc546ea144","epithelia"
"4364","763c28d4-6374-42e5-b1e2-957adca0d59e","epithelia"
"4365","7658ff67-e14d-4d7f-9799-d9f6d83fccd0","epithelia"
"4366","76599a79-cc61-4c19-8248-bbd4112a21ef","epithelia"
"4367","76685b2d-b42d-44a8-a767-b98b3ee99865","epithelia"
"4368","767116e1-ded2-41ec-a27d-532086c67c22","epithelia"
"4369","7678645b-4e97-41e8-9bde-9ddd9c99dc93","epithelia"
"4370","76889e01-d33b-4f94-9dd5-694c3b334638","epithelia"
"4371","7693cd51-1bbf-4050-82de-74f47e98419f","epithelia"
"4372","769efb8e-ef35-4741-9728-e42ca3a4eb14","NKcells"
"4373","76a04466-9606-4589-bbda-faa841be0ca7","epithelia"
"4374","76a1da66-27bb-47a7-900f-91576b59dd4a","epithelia"
"4375","76a1fb99-e5fc-4a2c-a9d4-e64bca3fcd05","epithelia"
"4376","76ac333d-23e3-4584-9bc3-469d43e610be","epithelia"
"4377","76ae7016-8a64-41a8-a432-ae9941a3a3fb","epithelia"
"4378","76bd92b4-0eb5-483c-8ac9-7d14959cc266","epithelia"
"4379","76c29488-803a-4113-aafd-8498b501a4b6","epithelia"
"4380","76c74b51-a757-4078-83d6-1abb3de10e48","epithelia"
"4381","76d0a5d1-0e3e-40f4-82dd-29ecc682da29","epithelia"
"4382","76dee13e-fff6-46d3-8108-9ab09cb7ba80","epithelia"
"4383","76e2ad33-5755-47cc-9097-a234463471dd","epithelia"
"4384","76eb5106-d127-4670-9113-2f4c5e33942a","NKcells"
"4385","76fc1afe-9056-43f0-92c6-7185245bbcc8","epithelia"
"4386","7704de77-48cf-44cb-8444-bc69b2486500","epithelia"
"4387","77083cc7-9529-4980-b1c1-91305441837c","Unknown"
"4388","770c7e75-24af-4e0a-884c-5919fe8ad871","epithelia"
"4389","770ce358-fda1-45a2-9c0f-ddcea032cc1a","epithelia"
"4390","7712d707-9c33-40ee-828c-98771a51a52d","epithelia"
"4391","7716c9a5-06cf-441a-8683-85dc63e678ff","epithelia"
"4392","77182b02-e389-4812-9c78-36f36c58daf1","epithelia"
"4393","77225da9-f1ba-4f3a-baca-d0ccab6f6e12","epithelia"
"4394","77292f2d-b62d-415d-9c9b-1f5eefe8a857","Unknown"
"4395","7729e909-38f3-4ca6-b79a-06bfc573ec44","epithelia"
"4396","773a0c08-9a11-475e-920c-db79ec523b97","CD8_T"
"4397","773f5f19-a070-4eb9-b352-c7f95bfb8e32","myeloid"
"4398","775271cb-80e9-453b-8727-707c0ac3f61d","epithelia"
"4399","7757c6e6-809f-4e7c-b842-e54f8160afbb","epithelia"
"4400","7757f98b-2e38-4b73-9dbf-030cef374e66","epithelia"
"4401","77581ecf-7cb9-4160-b6ef-48405ae60b5a","epithelia"
"4402","776357fa-6270-4515-9fdc-b809854f87f8","epithelia"
"4403","77648f70-dcfc-455a-81a4-0d190ab19b0a","epithelia"
"4404","777815fe-f0bb-417c-9043-969f020f4261","epithelia"
"4405","7784bc5a-4734-413d-b69f-f2d1cfef2e4a","epithelia"
"4406","778ca006-c594-466c-b2fe-34ad23c2ca35","immune"
"4407","778df480-4ae3-4095-8b96-10f59b298e6e","epithelia"
"4408","77a69727-9896-49d6-b5b4-2b2dd5440e3f","epithelia"
"4409","77a84724-e40c-4d22-b8ca-99b19b16ee3c","epithelia"
"4410","77aca28b-ab95-455d-986f-ea65b54e49ee","epithelia"
"4411","77afc9a8-b368-48f6-91cf-4a165c15b1e0","epithelia"
"4412","77b2f45d-016b-47f8-93de-b0597369f771","epithelia"
"4413","77b87ae7-2630-4602-aa3c-a226cdb11963","epithelia"
"4414","77ba1547-e0f2-44ca-8012-835c8548dcea","epithelia"
"4415","77da8c1b-cd00-45c6-9532-7a49f743d841","endothelia"
"4416","77e0111f-5a82-4125-9182-5e1bd5b99304","epithelia"
"4417","77e6a6ac-df8b-40fb-a70a-86fa70a2f789","epithelia"
"4418","77ef42ad-4b00-4534-8fd8-1f0c19b7aa4b","epithelia"
"4419","77f17b9d-933e-4e7a-90fe-461f455c9ed9","epithelia"
"4420","77f299d2-41ef-482e-b629-1327eb2b36bc","epithelia"
"4421","77f2d87d-e76a-4476-bf51-6a010bb17083","epithelia"
"4422","77f87c8b-532b-4487-8ead-112d9f3e2d57","epithelia"
"4423","78071c3a-e02d-469b-b7ff-4c692c4c85f7","epithelia"
"4424","7812050c-ae5f-4f5f-8f44-48a6f3c9eb4f","epithelia"
"4425","7817f014-50ab-4a2a-93bc-040d97015520","epithelia"
"4426","7821e9ae-eac3-4c42-9166-55ba7cb8bac1","epithelia"
"4427","7827de1b-d607-43cb-afaa-fe664c8fbafc","myeloid"
"4428","78317883-0fe6-469f-bdd9-9849feb04e0c","epithelia"
"4429","784807c7-900f-4d4e-ae51-ac05690928d4","epithelia"
"4430","784efc6c-877d-4305-8b95-0930c730c07f","epithelia"
"4431","785cf918-ccb0-45e1-8ed2-5cae35ba07a4","epithelia"
"4432","7862028c-edab-4001-84ad-ea49b39f5943","epithelia"
"4433","7865dc3a-4459-4237-ace8-2c6120aa9b6c","epithelia"
"4434","786639d6-e155-4924-90c6-d5d55ad2bf12","epithelia"
"4435","786b9e81-0285-4c5d-9560-270d442bc8af","epithelia"
"4436","7875c2e4-1e96-49ee-a831-7b022e3ad821","stroma"
"4437","78785422-ac5c-448b-a56d-5fa610f6e8af","Treg"
"4438","78810667-ffd7-49d5-9883-bf5eb0ee3093","epithelia"
"4439","78880771-e172-4d3c-82aa-217de9f5eac0","epithelia"
"4440","788833d2-af28-4b3c-a7b6-c21fea52077a","epithelia"
"4441","7893e189-70c9-4f98-9d53-0058ffa44c31","epithelia"
"4442","7897dcc6-d1cf-4b6d-94f3-8742ed95ce1a","immune"
"4443","789cb5fc-fc8a-40a4-8bdd-877edff6209f","epithelia"
"4444","78a8a0ef-34b8-47d1-bdaa-6151f44cfb6e","epithelia"
"4445","78a9321a-3137-4144-b6a5-6b2393f201e7","epithelia"
"4446","78b034b9-6dc7-4fc9-a0ed-970526bde064","epithelia"
"4447","78b353ef-cdce-4d45-8285-9bd74506077b","epithelia"
"4448","78b5a1e7-0924-4741-b3ad-a1a33815b016","epithelia"
"4449","78b80b82-5ca0-4a6a-a274-23bb9abe5e59","epithelia"
"4450","78ba4f81-11b9-494f-af1e-b66c4f0c952f","epithelia"
"4451","78bcda0c-fcb2-46ea-bc33-56e72e3fd78b","epithelia"
"4452","78c69491-8ad3-48d7-8b51-40f73687d639","Unknown"
"4453","78c95891-ac51-4005-881b-0c6d78f3bce7","epithelia"
"4454","78ca17ed-ef6f-4122-8b98-157f7ca87480","epithelia"
"4455","78d20b34-3b87-4759-92f7-8bd2e928a0cf","epithelia"
"4456","78dc6060-258a-4a48-97bd-e05479d06cc6","epithelia"
"4457","78f3cbb3-045e-4d7a-9625-cf24619e8b0a","epithelia"
"4458","79013d2d-a629-4b40-852e-85ed86a8e83e","epithelia"
"4459","79029ec7-2278-4bd6-a9a5-3b5ac1a889f7","epithelia"
"4460","790551e5-7510-40a0-a19d-518f004a1cc9","epithelia"
"4461","790b7706-f130-4fc8-a6e7-9ab32a014cb1","epithelia"
"4462","7911fecf-c252-4d8b-8d6d-24f66ddc510e","epithelia"
"4463","791466aa-fb76-428b-9425-1b151a5e4c61","epithelia"
"4464","791ef33a-5fb5-4cea-82b2-901668d0a496","epithelia"
"4465","79258256-c5fc-4672-9ea8-d3fd84d7afcd","epithelia"
"4466","792b4d26-1d4b-4bbc-b91a-85ff10c6b3cc","epithelia"
"4467","79386bba-1c54-43d7-be88-a37958035788","epithelia"
"4468","793cbe7e-d3aa-4bc2-b034-95cbb74623c2","epithelia"
"4469","793f2e32-4ba9-4ba1-a79e-c8e3d00e47be","epithelia"
"4470","7942cf9f-2262-43d5-aaf2-315be4d1fbd8","Unknown"
"4471","7947e338-edcf-42f9-bfb7-202c26701bac","epithelia"
"4472","794b5fe7-ba96-4170-ace6-8619c2c4120f","epithelia"
"4473","794d19cb-b224-4b92-9ff9-b6830ee2d433","epithelia"
"4474","794fcdbc-1de5-48ae-85be-28870807e49f","epithelia"
"4475","7955513b-7c0b-46f7-a9b3-9dbd071c3748","epithelia"
"4476","7956ac89-961a-4fe4-bce9-d19bc4d19e7c","epithelia"
"4477","795cefda-acca-4e4f-aae2-88a9cda73681","epithelia"
"4478","796769c5-7443-4bd2-921a-253e12525d42","epithelia"
"4479","796f3ca3-5613-4647-b3ea-5b7deac2fce0","epithelia"
"4480","797d1a28-cfff-4b8a-8c6a-017900693341","epithelia"
"4481","79838b8e-6f29-4c0d-b9be-746d0afa8364","epithelia"
"4482","79936637-763d-4a69-b73e-d075bf3ddb8a","NKcells"
"4483","79967598-91b7-438b-b39b-412ebc9486e4","epithelia"
"4484","7999f85d-27ae-4534-8996-5bcfee43aad4","epithelia"
"4485","799dd3eb-0dbf-4670-baca-8a338381de99","epithelia"
"4486","79a5ae1c-89a5-4c4b-9d28-062799aa4d82","epithelia"
"4487","79abf98a-52cc-4dee-87e4-8b07d0d02c38","epithelia"
"4488","79acbab3-1272-4422-a9f3-bad2b8760f94","epithelia"
"4489","79b3c23e-bedd-4595-a9f0-e816d4fc8483","myeloid"
"4490","79bbdc0d-a4f3-4c31-bc46-20c82abc3bf0","epithelia"
"4491","79bd6609-3eb0-4820-b53b-fcf7e585a5a0","epithelia"
"4492","79bf8bbd-1f8c-41e2-9ba6-1376746d8037","epithelia"
"4493","79c0bb82-d313-4cc8-bdb0-b01c4a29a47d","NKcells"
"4494","79c9e5dc-6dca-427d-afb4-83cecfe3aa19","epithelia"
"4495","79cb9951-ca10-48b8-bf5a-eda33c86ee6e","epithelia"
"4496","79cbdf1e-51e1-43a2-8919-610b9b737ada","Unknown"
"4497","79cbf63d-1573-4240-b385-0bbc2bed1c27","epithelia"
"4498","79cf168a-dde1-46be-ad6b-2c2be276a0d7","epithelia"
"4499","79d853c1-f580-4656-931f-f4fac275fb2a","Treg"
"4500","79d9c0e3-10f1-4a18-b780-a4b193318b3c","epithelia"
"4501","79df2055-c34a-454b-9f3d-c5a091fa740e","epithelia"
"4502","79e41c8a-0489-4143-b5e9-102b2561deab","epithelia"
"4503","79e812a2-7374-4e32-9bb0-dc3f2f98d00c","epithelia"
"4504","79eb39dd-5fd7-49a7-bb8b-edf3a498c328","epithelia"
"4505","79eecd42-2b28-45df-b926-92a9b1de72a2","epithelia"
"4506","79f3ee3e-161d-4569-bb65-0f8eaefc58a6","epithelia"
"4507","79f4c0d6-ec98-4bfc-ae03-41e49195da5c","NKcells"
"4508","79fac5ee-d6f9-44f1-8a3e-18c8c0a4d8d0","epithelia"
"4509","79fc4d56-f433-4c65-a696-bc734a7b0734","CD8_T"
"4510","7a028967-c55b-4459-88ec-c0d6bf9ed6ca","epithelia"
"4511","7a0a0f0e-3366-4c1c-98fa-50b08e65005d","epithelia"
"4512","7a157cb5-8ea7-4776-a6fe-9c6465be5b60","epithelia"
"4513","7a331dfa-1ea8-4ad8-b824-7d8d586d66ce","epithelia"
"4514","7a36670a-081a-49c9-b38c-b2987b6b7b24","epithelia"
"4515","7a398b01-137b-41d7-bc84-42937849cf00","epithelia"
"4516","7a3ca65a-bfb9-4bc5-aa03-9463a6a009da","epithelia"
"4517","7a3ffed5-73e8-4439-a4b1-5842ac472f54","epithelia"
"4518","7a42b737-8e6c-43ab-b2fd-52d07a474c9a","epithelia"
"4519","7a48334e-b349-4aea-8f57-c6aaecfadedc","epithelia"
"4520","7a4aaf68-33e6-4532-b439-7e4582ea6757","epithelia"
"4521","7a597994-f726-4f5c-9117-d79c9b34a2c9","epithelia"
"4522","7a5da16a-c894-4167-93c0-7f45fb386906","epithelia"
"4523","7a6ace15-2069-4fc7-8929-300e6904f041","epithelia"
"4524","7a79adfe-efc5-4db2-876a-d2cd3652e3ba","epithelia"
"4525","7a8491cd-6de9-47fe-85c1-1133c8b2bc58","Treg"
"4526","7a897545-113e-4eed-884d-4aa5855a4302","epithelia"
"4527","7a8e62f2-5c8e-4382-b191-03c81d0d455e","epithelia"
"4528","7aa5caf3-1217-46b7-8d4d-485ee900d4ac","epithelia"
"4529","7aa99b17-1949-43c9-bd92-6b4a689c4b52","epithelia"
"4530","7ab52ac1-5957-4fe2-b00f-891e43ec4f95","epithelia"
"4531","7abe89c6-2b14-4356-b999-e56cb34f719e","epithelia"
"4532","7ac05409-9812-468e-aadf-4ef93a3a1e1c","epithelia"
"4533","7ac9fc31-3667-4fdb-8546-9e1ca62bc0a6","Unknown"
"4534","7ad94047-061d-4dbd-9bae-1367dcc699b0","epithelia"
"4535","7adc6c25-c5af-4311-a0dd-55ad6b981266","epithelia"
"4536","7ade43bd-c790-40e3-ba41-4fccdeaf8186","immune"
"4537","7ae6b446-1ea9-4d2f-bea6-7adc7d08d234","epithelia"
"4538","7ae9d90e-ab50-4868-87d0-67f3e92270ac","epithelia"
"4539","7b025053-4773-4fda-b158-ad9364a928d7","epithelia"
"4540","7b084277-b475-491a-b16a-260f893c7ecf","epithelia"
"4541","7b135014-a2ee-4e77-9332-c4cdea2a1eb3","immune"
"4542","7b1632fd-67dc-4f29-abc2-5e95617b8bad","immune"
"4543","7b1742d5-0bbd-402a-8826-4a8276e447d6","epithelia"
"4544","7b17c550-7bcb-42a4-942a-e91467f2c24d","epithelia"
"4545","7b26422c-d685-4830-bb83-b060e0c6f437","epithelia"
"4546","7b274510-958b-4ae0-84dd-ad53a1bc6563","stroma"
"4547","7b27626a-9ac0-48a9-9ac4-08a5f31180d7","epithelia"
"4548","7b3667c5-53cc-4cc4-bb28-0a031884173e","epithelia"
"4549","7b36e5eb-3366-4c1f-ac9b-b303ceed5926","epithelia"
"4550","7b3baa2b-f763-4af4-a585-5fe8b331cace","epithelia"
"4551","7b3e9a1d-aa26-43d3-85ef-08d154693660","epithelia"
"4552","7b3ed6bf-c418-477b-b13d-66dc54db4cf9","epithelia"
"4553","7b427b35-0c84-4e56-aadc-f88127585dad","epithelia"
"4554","7b49b41a-8197-4ecb-a5e4-8919fb09e54d","epithelia"
"4555","7b4b5811-26bb-4197-8b43-19446377c488","epithelia"
"4556","7b4c51c1-8032-43ec-afbc-fd395b3eb93c","epithelia"
"4557","7b520e2d-766c-4d93-b3e4-6695109feafa","epithelia"
"4558","7b594786-c4dd-45fa-9548-bfd3e1ca9963","epithelia"
"4559","7b6980c7-d1a0-4975-92ec-b8d13a07b096","epithelia"
"4560","7b7c3bcb-2495-4fce-b8cd-3b8b40160a34","epithelia"
"4561","7b7cd688-312d-4737-a04e-556969c5a0f9","epithelia"
"4562","7b883613-8488-406d-9489-d8fc659b4fcf","epithelia"
"4563","7b8d0812-fadf-412d-a46d-fc11adb464ee","epithelia"
"4564","7b8d4db1-6caa-450a-92f6-8cffa623dc9b","epithelia"
"4565","7b8f7969-9fa8-45f0-a90a-ec802a21ba3c","epithelia"
"4566","7b9966a5-f905-4b83-928d-b70f41ebc333","epithelia"
"4567","7b9b2be1-cc31-4045-9885-99d22e267b0e","epithelia"
"4568","7b9c4024-c7ec-4f66-ad93-63f65f53f89f","epithelia"
"4569","7b9f091d-de40-47d9-853f-1f0802dc6f41","epithelia"
"4570","7ba242fe-dab9-4600-a32b-5fa26872a813","epithelia"
"4571","7ba94b64-d729-4a24-b44c-d4b618d4f617","epithelia"
"4572","7bad92f4-911d-438f-9dcf-895f71eaac3d","epithelia"
"4573","7bb86fcf-7310-4dd2-b12c-021c7738a1ed","epithelia"
"4574","7bb88062-695b-48e0-a000-3f50169c50cc","epithelia"
"4575","7bbed305-5877-44a4-b353-06aa3e880ee7","epithelia"
"4576","7bc5eecc-a55c-471c-b524-3f905da708df","epithelia"
"4577","7bc9494c-e040-4d8b-a2da-a797fab2263d","epithelia"
"4578","7bcb379a-efdd-40c6-9205-c8ed9772052f","epithelia"
"4579","7bcc266b-9628-40eb-9626-afdc1cb077ca","epithelia"
"4580","7bdb40a4-b9b5-4d99-b5c2-4a1ea8688587","epithelia"
"4581","7bdbdc68-bd53-4f30-a8e4-8da0a71388ce","epithelia"
"4582","7bea739b-5fb1-4c2d-80ea-9656d1744830","stroma"
"4583","7bec996d-4de8-4220-8abe-40471f128ef6","NKcells"
"4584","7bf2577c-7fec-4817-bced-e517078a6738","epithelia"
"4585","7bfaa83e-2d3e-47e2-a72d-6abfabdf98f2","epithelia"
"4586","7c02c7c7-664a-4ccd-8ec4-55939b7b2df1","epithelia"
"4587","7c0d12eb-5ded-45a0-8311-1fb9fc649f23","epithelia"
"4588","7c12593e-a567-4812-aca1-f8ccde6fbf78","epithelia"
"4589","7c13d1ba-25ae-4c61-a2af-1348672f69e0","epithelia"
"4590","7c1c7e4a-5bbd-43d6-ba64-8b410f5a3fe0","epithelia"
"4591","7c241a72-3e5c-4308-b529-138a2e7be358","CD4_T"
"4592","7c336f0c-325e-42c0-a92d-47404f39858c","epithelia"
"4593","7c3a9918-45c1-411f-8277-7e6666593a2c","epithelia"
"4594","7c4113b9-9515-4d73-afe0-aa2147eb8310","epithelia"
"4595","7c484147-748e-4381-a626-5e24cd673e8a","epithelia"
"4596","7c49b956-e3e6-4de3-83d3-97430dfcafce","epithelia"
"4597","7c4c457b-d6a5-4590-b04f-c2d3caabf7ff","epithelia"
"4598","7c546890-e201-422b-bf8c-b366cecd3756","epithelia"
"4599","7c54f9d4-4ee6-45ea-8341-ccf1d57b663d","epithelia"
"4600","7c56069c-5c7f-4a7f-af12-54085dc24449","epithelia"
"4601","7c63c0de-e022-43f7-8544-3bfaf138246b","CD8_T"
"4602","7c7ac972-4a41-41a2-b4a6-ca0f1d17eac2","epithelia"
"4603","7c7cf052-e355-412d-96bb-5cc5aea2ba76","epithelia"
"4604","7c7dced0-c156-4c80-877b-e3efa5608bf4","epithelia"
"4605","7c7f3836-b560-481a-a380-5d4df9b09ce5","epithelia"
"4606","7c879917-f13d-43b5-8c20-ed04984f4519","epithelia"
"4607","7c8883e0-ce18-499b-8698-3678c9857f28","epithelia"
"4608","7c8e062a-deb9-4b02-981a-0ae7593f7354","epithelia"
"4609","7c90d936-97b1-4c6f-a0bd-ea60e2969e66","endothelia"
"4610","7c98d389-0a72-4fa9-9522-9330d2a74c1f","epithelia"
"4611","7c9bfe27-6cd7-43fe-9f1a-eb543d502d32","epithelia"
"4612","7ca222d0-c430-433c-849b-472f84463a28","epithelia"
"4613","7ca82e21-a71c-429f-bbf4-3bd088ef5656","epithelia"
"4614","7cad5ebd-d649-41bf-8f71-a4020f2c7373","epithelia"
"4615","7cb57bfc-bec1-4164-a7b4-8643e7ce4801","epithelia"
"4616","7cc7b48d-b575-40c0-9b37-d9ad18b9db3c","stroma"
"4617","7ccc50e2-61f9-4d53-8be5-89fc8605c74d","epithelia"
"4618","7cd2b43d-752d-476d-ab8f-7617a5d0df96","epithelia"
"4619","7cd2fc53-846f-4ad9-9e70-975f811a7dd6","epithelia"
"4620","7cdd9da6-ee7f-485b-855d-efc87e42397a","epithelia"
"4621","7ce2b5a7-f4a1-4a76-807e-e8837cf456f0","epithelia"
"4622","7cf6195e-b55a-40b7-b218-9505e570eda7","epithelia"
"4623","7d04660f-306e-4bde-bc9f-9fba1e5c7a4b","Unknown"
"4624","7d0842ec-5de9-4f94-bd6b-cf0bed2d082a","epithelia"
"4625","7d08ce76-bc77-46f1-abae-8af11ae69d9e","epithelia"
"4626","7d14482f-dc7a-4cce-b7b2-b6136187c546","immune"
"4627","7d2ab5f5-fe56-492e-aebb-d6bc61ad3914","CD8_T"
"4628","7d2c1d15-6c34-42cc-bfac-f920d184147a","epithelia"
"4629","7d311a18-72d9-406f-a8d4-6ff53a9e0ee5","epithelia"
"4630","7d3601ae-0dfa-47ca-84a0-603f5b6282d6","epithelia"
"4631","7d39e2b7-d45a-4eff-9443-9584dbd8980c","epithelia"
"4632","7d3b181c-5178-4c6a-8a29-42d4c4aaea22","epithelia"
"4633","7d3d4d05-c43b-4f88-b38b-cf5520e1def5","epithelia"
"4634","7d3d5d66-e1af-4991-aa81-f2bc11689601","epithelia"
"4635","7d43df49-0d09-4058-8d69-8644c370e334","epithelia"
"4636","7d4696f1-9a6e-4ef7-9198-e4f01ff47890","epithelia"
"4637","7d57c6e8-b102-4c5d-a154-80aecf20c69d","epithelia"
"4638","7d5ccc7e-ee3d-4799-9548-2f62427875c7","epithelia"
"4639","7d5e1e48-bf69-46ee-93b1-3ddaab60fad3","epithelia"
"4640","7d61a978-6f7f-4f62-b421-5077c4176371","epithelia"
"4641","7d71a7c2-b1fc-47cb-bbd4-58d516997701","epithelia"
"4642","7d78da88-3af7-4b14-9d55-9adb93fa0312","epithelia"
"4643","7d797e53-0b2f-4bb0-8994-14b7131057d4","epithelia"
"4644","7d7d0da7-5741-4566-8821-00113dc36cb0","epithelia"
"4645","7d7fe733-12be-4138-b508-b58e4f6480f7","epithelia"
"4646","7d817025-2e5a-469b-a44d-ccad410d1795","epithelia"
"4647","7d81d891-d20d-47aa-ae9d-cd6024505854","epithelia"
"4648","7d83bae2-abd4-4e1d-aa98-ee10352049d0","epithelia"
"4649","7d8bdacc-bee4-42f4-993c-fcccc61c954a","epithelia"
"4650","7d8fe036-4ce5-4c82-93a8-6ab4919059d0","epithelia"
"4651","7d968ce0-deee-4bc2-aaf8-57457e84e5cf","epithelia"
"4652","7d9831d3-9328-4370-8d58-b81728307ce3","immune"
"4653","7d9e27ec-d2cc-4332-b940-8236eeea5bde","epithelia"
"4654","7d9f4cf4-bef6-4740-a8e0-697dc24f3b6d","epithelia"
"4655","7da622de-5a58-4e64-875d-6cc05b8ed9bc","epithelia"
"4656","7db2421f-5b0c-477c-867c-a03db99833bc","epithelia"
"4657","7dbae417-415f-4fbc-ac04-546192b37039","epithelia"
"4658","7dd4f143-d68e-4b39-a75c-c7c5e464e1ab","epithelia"
"4659","7ddccaff-9e76-44bd-adeb-fb5f5602331b","epithelia"
"4660","7ddd96c4-f289-4529-98b4-78fa6624862c","epithelia"
"4661","7de3dfc1-c64c-4c8e-9eb6-4a7f365f5668","epithelia"
"4662","7de3eeed-5b23-44a8-8674-281e273f5cd5","epithelia"
"4663","7de40104-a21e-40e7-b775-21cc33452e0e","epithelia"
"4664","7de71f79-d2b7-4d4c-8dee-dc60578c2462","epithelia"
"4665","7dee4d61-583c-4343-a68e-888c9af6d425","epithelia"
"4666","7df0e076-27ae-47ec-9eee-8335250638fc","epithelia"
"4667","7df2f9d9-19c2-46f2-a45b-05b0a30f6972","epithelia"
"4668","7e017eaa-0c5f-4617-a732-bbc74ac780f1","epithelia"
"4669","7e0939c2-f39b-4fb0-bc77-7dd4a3afb7da","epithelia"
"4670","7e0cb7c3-5014-460f-a34d-c7be4ce1422c","epithelia"
"4671","7e11b528-07ba-4cd7-8faf-0fec855277f7","epithelia"
"4672","7e13ab66-b5cb-4de5-8c10-a92b7f470b83","epithelia"
"4673","7e2ef252-4b5d-4f79-9503-c743a4089f0a","epithelia"
"4674","7e3100c9-c500-4413-a909-bb5747d50f45","epithelia"
"4675","7e310c0f-6df1-48a7-a653-b8987cea2fac","epithelia"
"4676","7e3b3b2d-d7e3-48f0-8791-37665888a321","epithelia"
"4677","7e45d50f-88fe-4a9d-8b44-2e76dedba651","epithelia"
"4678","7e47a15b-8f59-4d41-a475-3d854f14624f","epithelia"
"4679","7e58374f-2574-4e97-8b03-d41d397c873f","NKcells"
"4680","7e583937-0608-4e3c-ad67-1bc3f66fcfb4","epithelia"
"4681","7e649c83-4ff6-48b3-a499-12b322da6bba","NKcells"
"4682","7e689d8d-0a9a-4983-8a83-9143cd6ed251","epithelia"
"4683","7e69c035-ea64-4a6f-9f28-1f91e11b11b2","epithelia"
"4684","7e6b1037-0e82-4aac-965e-efc922aa51dc","epithelia"
"4685","7e6df002-8fda-4f04-855d-316b1c5243aa","epithelia"
"4686","7e729e96-a25d-468c-ad80-72cf50c8a925","epithelia"
"4687","7e7e5dbb-8969-4708-8f91-51de65236b74","epithelia"
"4688","7e8796a7-295b-44f1-87b9-1ffbedaad973","epithelia"
"4689","7e8812d2-2c7e-410f-9f0a-c64a29dc35ea","epithelia"
"4690","7e8ed23a-61d9-4e0c-bbd4-04101b8009ab","epithelia"
"4691","7e9ad9f8-cd85-464b-80a2-71a11a025e5b","epithelia"
"4692","7e9af0c2-3ee8-4b6c-9226-b17aebc45018","epithelia"
"4693","7ea2de07-30e9-4624-922e-546297ad70e9","epithelia"
"4694","7ea3b444-7528-4659-9e90-cc37d31e56aa","epithelia"
"4695","7ea51e60-1d8a-4d73-b564-e8eec89e9564","immune"
"4696","7ea6a235-7f32-4334-b997-eca64ca577f9","epithelia"
"4697","7eac89f8-f62e-4465-a820-5ab4b136bff2","immune"
"4698","7eb156b0-7021-4266-b9e0-1e4e4c07e170","myeloid"
"4699","7eb4f2fe-e5ef-4a15-bde0-2e77b6ffd3cd","epithelia"
"4700","7ec58440-f9bc-448c-83d2-3b14a6875ca9","epithelia"
"4701","7ec6b13e-af92-4349-84b9-396373dfae67","epithelia"
"4702","7eccfc56-91a0-4486-9707-1327cba08d92","epithelia"
"4703","7ece4404-583c-4413-a489-52386886da83","epithelia"
"4704","7eda0911-9967-403d-bd00-58bc0ccbedad","epithelia"
"4705","7ee5892d-4dcc-4f5a-9e35-706d6d702e81","epithelia"
"4706","7eeedaa7-b697-4443-82bf-b7197c7ed97b","epithelia"
"4707","7eef5096-7c71-4782-b3f5-290c849f1e11","epithelia"
"4708","7ef328b3-7844-4c29-ac48-95688a9122ed","epithelia"
"4709","7ef44190-8d73-4b7d-a121-52aab4e03198","myeloid"
"4710","7eff344a-6703-4cfb-9c2f-f697464a3ca9","epithelia"
"4711","7f0e4da8-b7d6-4447-8908-d3782dd62214","CD8_T"
"4712","7f2d8d6b-c3a7-4a8b-bb1c-3fc093a30bd5","epithelia"
"4713","7f3cf74a-e00c-47ff-aecb-ae3f5dac913b","myeloid"
"4714","7f40fe0d-a695-4c2d-adc8-8d2e87b2c08b","epithelia"
"4715","7f42670a-6bd3-44de-9017-1f85e0a87eb1","epithelia"
"4716","7f466730-7143-4aa6-a39b-5c93c9dc0243","epithelia"
"4717","7f58cb6d-2f8a-4b9d-84d7-686d8fbe78b2","epithelia"
"4718","7f5d2aa2-d5f5-4c42-a967-600598ec594a","epithelia"
"4719","7f6b1ba0-20f6-4a8c-97d4-416ee3a75c81","epithelia"
"4720","7f7177e7-f57d-4eb8-b84c-8e6d5ac8be2d","T_cells"
"4721","7f8c9782-aa59-4d11-ba27-4870149769a7","stroma"
"4722","7f915698-aae2-4f0b-8249-cbbecf291f73","epithelia"
"4723","7fa2f054-d051-4af7-8cd0-ed97306def68","epithelia"
"4724","7fb411c5-bb4a-4179-936f-4820455ef8a6","epithelia"
"4725","7fb44ce3-f1ef-44aa-bab2-0d37d0f9033d","epithelia"
"4726","7fbfbaab-9baf-485a-87c7-ead087787ab0","epithelia"
"4727","7fc029b9-1388-4c35-9d34-78e9651b0ba2","epithelia"
"4728","7fd0d2b0-0cb3-4ef8-87ae-a119391872be","epithelia"
"4729","7fd10959-aac1-4e08-9e04-2023fd4131b3","epithelia"
"4730","7fd62fa6-f11e-4c6a-9c8b-950288e73b7e","epithelia"
"4731","7fd6ee5a-9dc4-49b4-87c1-e919f316af23","epithelia"
"4732","7fe01ab8-0df3-49c0-9c96-5678eb1f8cf8","epithelia"
"4733","7fecbd6f-a130-4d0b-b706-42a50e935000","immune"
"4734","7ff3fe44-c83e-41f3-9668-d0b41e5846c5","epithelia"
"4735","7fff043b-578c-473e-9f4d-e74f4743e707","epithelia"
"4736","8002a82a-e15d-4562-aa91-c15c605024fd","epithelia"
"4737","800855e7-7442-4a69-8533-e055e66f3f0f","epithelia"
"4738","80141ae0-7608-4326-a667-9fc52a30255c","epithelia"
"4739","80188da4-cab1-4923-9bec-35c605cc8602","epithelia"
"4740","801d5c99-e7a2-4691-b58a-e9cc404bf7c1","epithelia"
"4741","8021fd6f-3f69-4e08-8100-34d578a2155d","epithelia"
"4742","8023e603-0574-4773-9d7b-9dad50f84762","epithelia"
"4743","802c098f-33b9-445e-9201-82405b2633db","epithelia"
"4744","802d1a1f-434a-4c18-84c5-a7ee324c3484","epithelia"
"4745","8030ee39-378f-4f0e-b9d2-ad02db7ab342","epithelia"
"4746","8039a818-e14c-4a1d-9c18-7cff5bc1888c","epithelia"
"4747","8039dfc4-746c-49fb-80d4-88fb8cb08003","Unknown"
"4748","805cf61c-5159-452e-8a78-9540a67fbd41","epithelia"
"4749","80637dba-3ce4-4187-945a-85cb84c71606","epithelia"
"4750","806fe1d9-4039-4fc3-b448-ffb3fcd11eee","myeloid"
"4751","8070ce5e-2fea-45ec-bd2a-6ea4c0c255a8","epithelia"
"4752","8071792a-55d8-4306-8084-0b8537243a3c","endothelia"
"4753","807200f6-5191-4b1a-ba87-2464c5891ab3","epithelia"
"4754","80728dc6-3cd6-4565-96fe-42d346858165","epithelia"
"4755","807eab4c-8a1a-4a58-9d36-f7a90b7dcff3","epithelia"
"4756","80816050-aeb8-4c60-b1fe-67735b3706fa","epithelia"
"4757","80859191-38f0-4716-802d-20ee20d3c0cf","Unknown"
"4758","808afe73-fc64-4443-a579-1b97f7a0b177","epithelia"
"4759","808bee7f-c79e-46f1-9f46-86758528315b","epithelia"
"4760","808c4d27-0262-4233-83dd-28abf988570a","Unknown"
"4761","80968e10-f225-4cad-86db-7d4a64e71882","epithelia"
"4762","8097af07-e2a6-4e73-afda-ada9036ad260","CD4_T"
"4763","80a1fb4a-4833-4d36-9bfe-e999566cd634","epithelia"
"4764","80a2ea4b-451c-48ff-acbf-faa42da1457c","epithelia"
"4765","80a6e91d-1e82-4d35-a5c3-f061d404ad8e","epithelia"
"4766","80ab9eb8-867d-4af8-a1c8-3a26e14c4f28","epithelia"
"4767","80b4d356-8858-4d99-bcdd-8db23aaab10c","epithelia"
"4768","80bc9d40-6e83-42e1-8ca7-77a5d1e28fc5","epithelia"
"4769","80d3a168-3042-4737-9181-40f97d69b0e2","epithelia"
"4770","80d9dda7-f139-4983-a6ee-a693606bb63b","epithelia"
"4771","80f98f92-db64-40d5-b13e-3e1892643cab","epithelia"
"4772","8105c878-56f6-472c-b4e1-51f07275920b","NKcells"
"4773","81128813-e8a3-4465-929c-359abe1f12aa","epithelia"
"4774","81264c2f-4e4a-4e71-a788-35351e8655f7","epithelia"
"4775","812f372b-eed0-4eed-9388-6d55266d55a3","epithelia"
"4776","8133043d-68a7-47f6-8951-cedcfd72879d","epithelia"
"4777","813b04c7-12b5-4d85-a45e-37dd657b7eea","stroma"
"4778","813b088f-fc2c-4172-ac36-9248298d28e7","epithelia"
"4779","813b4dfc-4e85-4501-8656-1825bf10123e","epithelia"
"4780","813c4686-bf40-41b1-a65f-4821043aadfa","epithelia"
"4781","814c6cde-7859-4f86-87a8-148ab9cf6ced","epithelia"
"4782","814e187b-58c0-4a66-b627-537541926532","epithelia"
"4783","814ed260-0dc4-4d77-b18b-f1f10939497a","epithelia"
"4784","815b9401-877d-471f-adca-d32b9bfca6d0","epithelia"
"4785","8162ff3c-400f-49bd-878d-648ef79d03df","endothelia"
"4786","81632b80-32ba-4196-87f3-9385fb10303c","endothelia"
"4787","816ca813-6c60-4ae3-bd33-9e5ff182a536","epithelia"
"4788","8171ff35-0c89-4b48-83c4-d4e139cad939","epithelia"
"4789","81768a28-fb10-43da-98bd-b933a3532a2c","epithelia"
"4790","81791cf3-1bdc-478f-a921-d56b2e16598d","Unknown"
"4791","8179f042-d2e1-4ce2-9fe1-864a5d4eeca9","epithelia"
"4792","8188cb93-5d24-4e51-a2aa-4bfa681e7a36","epithelia"
"4793","8189f3b9-9fd0-4a8a-8e95-cd92fc1102b4","epithelia"
"4794","818cb9c9-22d1-42d9-8de2-a7662bc0eb6d","epithelia"
"4795","818cf3ee-5ab8-49db-83b4-e8f7144c277f","epithelia"
"4796","8196ccb6-d356-4ee6-9905-9f06c73bacf3","epithelia"
"4797","81975bc4-f242-4799-92f7-e7d57b965b1a","epithelia"
"4798","819d5113-5c28-4266-b7b2-203861a0a158","epithelia"
"4799","819f8ac0-d6d1-40bc-b206-5935be6f9755","epithelia"
"4800","81a5ab1c-d5ab-4653-ab46-7c7924911e90","epithelia"
"4801","81aa42b5-bfbc-45db-aab9-9798ec2f50a4","epithelia"
"4802","81bb7482-579e-401f-9149-60e9bc5c2b9e","epithelia"
"4803","81c6783d-cdff-4d0c-b09e-f81c91dc7022","epithelia"
"4804","81cae584-8838-4029-a12b-4faa46f056cf","endothelia"
"4805","81dd7c63-02b5-406f-995b-f2a5849127cd","immune"
"4806","81f0afc6-48b3-4a0a-b64b-b54d8c16d0b3","endothelia"
"4807","81f1dc10-9592-4f39-b0b7-a03406919bd6","epithelia"
"4808","81f6db0c-a935-4fd5-9ce5-93dde4900777","epithelia"
"4809","81fd3b15-5bcf-467d-8f97-4a2d1614a109","epithelia"
"4810","81ff135f-50cf-4c21-8ac9-59c774a1f767","epithelia"
"4811","820b49fb-987d-404f-9899-fdba12cd4e3a","Unknown"
"4812","820d8c60-a231-4bbd-98b3-9579c79e2944","NKcells"
"4813","8214c3ab-5515-4c02-8249-92eb92c83eba","epithelia"
"4814","821c4e86-7721-40b1-8602-0f06a568d5bd","epithelia"
"4815","822433c5-2565-4409-8f54-ab7398086359","epithelia"
"4816","8231d2a4-2353-4485-9130-347e3f4110e0","epithelia"
"4817","8238d347-5084-4fc1-b08e-1a124d1b5cfa","epithelia"
"4818","823b184b-14a1-4628-ade9-36a283f2ac8b","NKcells"
"4819","823bdf7e-0f38-48b6-9081-0b1b85a36cda","epithelia"
"4820","823fbf27-cbb9-44a7-80d6-4d440348c263","epithelia"
"4821","8240a6a3-962b-4c68-a990-57ced32b0403","epithelia"
"4822","82470c92-f151-4b37-8dd2-18e8c70462ff","epithelia"
"4823","824850f4-6a4a-4199-a745-b8a4955ea5c8","epithelia"
"4824","8252f3cb-1a2f-43a2-9f70-85ae399de62c","epithelia"
"4825","825491ba-d3fe-405c-ae3c-91af48cbc60c","epithelia"
"4826","825ed376-a559-400b-bec5-f639f7b04518","epithelia"
"4827","82707949-35f9-48a9-bc01-3601052d4eb2","epithelia"
"4828","82733115-849c-4f27-9fc6-09db5a886845","epithelia"
"4829","8273d317-fbe6-4e46-aead-8b4da3997c9e","epithelia"
"4830","827acd8a-917c-4f1e-a002-045d6c35ea40","epithelia"
"4831","82800c32-f491-442b-835f-a079d9881de8","epithelia"
"4832","8282f114-d7dc-40d8-ad1b-b743f9c503ed","epithelia"
"4833","828de055-8eb4-4ae0-94e1-cc682a345da7","epithelia"
"4834","828de404-c0f2-4829-8b37-699c808ff82c","epithelia"
"4835","82aeaaa1-36c0-4e67-9546-70741e7b1ba8","myeloid"
"4836","82af604a-eb39-47c4-b583-98b7e776344c","epithelia"
"4837","82d69a30-a848-4c98-855a-5df7f5e92d62","epithelia"
"4838","82e77377-71e5-488e-ba65-1ef64c84d001","epithelia"
"4839","82e99849-a73a-4349-8d71-c4e2018ff71f","epithelia"
"4840","82f1357e-7036-4bc7-89f2-4acd9e04c257","endothelia"
"4841","82fdcacd-3fc5-41fc-a910-993f8b0f5079","epithelia"
"4842","830a2570-ff2b-4a49-bd1b-ca5f365256c9","epithelia"
"4843","831be291-9874-48aa-ae72-ac5286725bfc","epithelia"
"4844","83214a69-0fd3-4a84-b4f0-1aed725cc35b","epithelia"
"4845","8324fd55-a9fd-4188-b4bf-db5ea5e42a2d","epithelia"
"4846","83262b04-5379-458d-9fb4-f5e437eb24d7","epithelia"
"4847","8327885e-a006-492d-aae9-e3a5cb22c16f","epithelia"
"4848","8327d0ce-42c3-4b82-abee-d0092f323b38","epithelia"
"4849","832a6f09-2000-40b9-b260-42b146bc119c","epithelia"
"4850","834395d2-8541-4a32-b518-3c30f1affbd7","epithelia"
"4851","834509d1-feeb-42f6-91bc-5d2dd8123572","epithelia"
"4852","834bce1e-203d-40df-9c74-5f6042cb2e39","epithelia"
"4853","834d14de-6787-4f0b-81d7-983111e66e90","epithelia"
"4854","8351b52b-1a7c-43cd-9a56-aedb4fc74537","epithelia"
"4855","8354aa7c-aaa5-4023-8510-0fe4ab8eb58c","epithelia"
"4856","8354d99d-0949-4c50-8541-907848e7361b","epithelia"
"4857","8355b6d8-f79e-449c-ac00-358ae72fd958","epithelia"
"4858","836105f6-523b-41b0-91ac-aaa67ef79778","epithelia"
"4859","8365ec0d-08c8-46ed-b4cd-51ae29650208","epithelia"
"4860","8367a288-a00b-4f46-a934-6eb8a3d06d95","epithelia"
"4861","8377bc38-7459-4906-99d7-341fb48c1391","epithelia"
"4862","8378191e-4739-4b52-9562-78f6c046733f","epithelia"
"4863","837cd71c-78ca-4beb-ae8a-a0b85c4acf5b","epithelia"
"4864","837e6bbe-364f-45cf-880c-5f3bb605b5ae","epithelia"
"4865","8381146b-338a-4bd3-b90e-887519da6d40","epithelia"
"4866","8388b21e-be67-4479-9f5c-47545728049d","epithelia"
"4867","838b78ab-8016-454e-9526-4f864de9d91d","epithelia"
"4868","838f3662-cb3a-4f43-b10e-61787c66f693","Unknown"
"4869","83a5e857-4aa9-48b8-8951-17ba038f7a2f","epithelia"
"4870","83af41b8-9e50-446a-86a1-4e282f7ccfd0","epithelia"
"4871","83b2f65f-ade9-419c-ac91-c330f29f059d","immune"
"4872","83b840a4-7b5d-4470-a49f-eb9203393813","epithelia"
"4873","83bd93a9-945d-474e-8699-2a72b532f91d","epithelia"
"4874","83c89c01-abbd-4ea8-be90-7eb01edc3e03","epithelia"
"4875","83d70e60-f3af-4c80-80be-d9d0305ab681","epithelia"
"4876","83da804b-da8d-4e93-a8fe-79e5663e266f","epithelia"
"4877","83e67e69-f8a4-46fa-8243-ffb445e212d3","epithelia"
"4878","8407d25d-1f40-4fa7-a8f4-2b52039a483e","epithelia"
"4879","840e3740-2419-485c-9d51-b75814cbe2ab","epithelia"
"4880","8410f38c-fbef-4b0f-9843-0763c8ad1063","epithelia"
"4881","841b38c1-05e1-4af3-a1db-3ab369e83f8f","epithelia"
"4882","841e657f-5b26-4286-b0dc-9cb6bdd960c2","epithelia"
"4883","8425e6fb-079b-4647-8250-1be45541d7d4","epithelia"
"4884","842e5c24-817c-485e-ba32-f9690f5e3d4d","epithelia"
"4885","8431a852-587c-4e15-bcfe-9f185d7c5cf2","epithelia"
"4886","84322018-6191-4560-9edb-249f8b4504f5","epithelia"
"4887","8433acb4-77e2-4f80-a9d6-0dbf8ff07999","epithelia"
"4888","84356e0a-91ba-42d3-bc0b-da3839eb4378","CD8_T"
"4889","84407add-0d65-4485-9d1e-1b9224f00f4f","epithelia"
"4890","84498894-761f-47d2-83ce-a1c4b6696a04","epithelia"
"4891","844cf97c-4979-4291-b9d8-9e3ff5d978e9","epithelia"
"4892","844e6ca4-6ee1-4d90-a024-1f709890ba06","epithelia"
"4893","845bbd46-10c5-4a5d-8b3b-22570ab707dd","epithelia"
"4894","84727f20-eb36-465d-b988-880372e27b49","epithelia"
"4895","8473e226-6e2e-4c37-9743-24c644148f0e","epithelia"
"4896","8473fd38-4df2-4b01-a4e2-4918bbf95b72","epithelia"
"4897","8485f98a-9914-4c36-8ede-35f1def1edfb","epithelia"
"4898","84895009-1ab9-41f2-befb-ddfe84154db0","epithelia"
"4899","848d8689-8dae-475b-88de-7983d000ef79","epithelia"
"4900","848dcb09-f139-483b-a8d4-1e9b8f3625cb","epithelia"
"4901","848df4ef-23b8-41dd-a25b-1003b8490b9f","epithelia"
"4902","84944480-4032-425d-8c9b-2c6830a12d18","epithelia"
"4903","849b71a2-917a-4278-bdc8-f693e9077bbe","epithelia"
"4904","84abecd7-0bd6-451e-974e-d02ee92d66a7","epithelia"
"4905","84adc43c-8c55-4808-82fc-6a6bfc8b7cf2","epithelia"
"4906","84b05f18-2ed0-455f-8ece-c496a0394e77","epithelia"
"4907","84b54c24-e582-4b32-a642-9750046d76ad","myeloid"
"4908","84bce4ae-825b-46b6-a745-76e9eb15a858","NKcells"
"4909","84c3ab63-3bb4-40c7-954b-988632ed842e","stroma"
"4910","84c4391c-58b1-4742-9710-26e3966d88cc","epithelia"
"4911","84d3db70-a4fa-472a-acf4-d5894f826611","epithelia"
"4912","84e25724-a89f-4605-9ec2-8bda1aa4928c","epithelia"
"4913","84e6a164-b305-47ae-9c62-2bbc75b9daad","epithelia"
"4914","84e79c92-43ab-4536-9b80-b1273e481384","epithelia"
"4915","84eb4183-470c-4f87-a722-f73b3826246a","Treg"
"4916","84f05d19-bbc0-4923-b71c-4f59c66528c6","epithelia"
"4917","85042ae5-9788-4144-aaa0-87afc886e8f6","epithelia"
"4918","851e5924-8330-40c4-8fc5-fa86b65dc10d","NKcells"
"4919","85238e5a-5c42-4598-b70a-716257dc899a","epithelia"
"4920","852b8678-365e-453a-88c6-802580ac8dfe","epithelia"
"4921","852dcd29-560a-4ab6-bab0-d0c38263969e","epithelia"
"4922","853365ef-e44d-4209-924d-3802a59f1dff","epithelia"
"4923","853602e5-4ffd-49e5-baea-db2c03bd53c0","CD4_T"
"4924","853974a0-3aad-46f8-8752-fb1b0b809e34","epithelia"
"4925","853d2c39-147c-4ffe-a2a6-75643510df43","epithelia"
"4926","854154df-f168-4f8e-9deb-4cf12874943c","epithelia"
"4927","854360f9-6628-4d85-b890-90136fd6a93f","epithelia"
"4928","85436a96-f1b3-4e4a-be05-69116d86c9ee","epithelia"
"4929","85449d58-2ffb-4bf2-9692-c0825400a1ea","epithelia"
"4930","854747fe-e603-4aeb-b93d-68589663dc33","epithelia"
"4931","85552614-c3f4-40c0-9fb6-ad09ccad6978","epithelia"
"4932","85605e18-23af-4716-9386-3240fb508713","epithelia"
"4933","8567dfc2-4abc-45c0-849c-dbe51181d7c6","epithelia"
"4934","857abd69-7f1d-455b-bec2-05594dd3a0c3","epithelia"
"4935","857f6455-7e9c-471c-90ca-861eb1817a54","epithelia"
"4936","858076ba-5b32-4921-bcfb-cedc23d19ebb","epithelia"
"4937","85876b6c-395e-44a3-b722-39205ba7aa34","epithelia"
"4938","859726bd-547e-4f97-ab5e-d9b0f0a838af","epithelia"
"4939","85a3c4fa-3e02-4fd1-b196-51d0b3a4303a","epithelia"
"4940","85a6ec39-4f18-48cb-a758-50238c88bcee","epithelia"
"4941","85a96121-076f-412d-bd59-76393fe2644a","epithelia"
"4942","85add76e-cd05-44a4-ba1f-7ebe9b246856","epithelia"
"4943","85b9536d-869f-483f-b9b2-28960b8c9713","epithelia"
"4944","85ca2b6e-071b-4881-8382-c47595a8e770","epithelia"
"4945","85de1c03-5495-43e5-aa3d-c1f5fef5a1c8","epithelia"
"4946","85de36d5-7ac7-4551-955a-d4988693c285","epithelia"
"4947","85e01f63-1c4f-413b-a3b7-7fde9df5d7c6","epithelia"
"4948","85f15da6-41c4-46dc-abfe-ecf06637a9e7","epithelia"
"4949","85f79c49-e437-4cb8-ae6a-faa2730ba450","epithelia"
"4950","8604d89d-87ab-4d7b-9e73-b256a43e545d","epithelia"
"4951","860a9d71-dfea-4d1a-b8db-576ffbcc5488","epithelia"
"4952","860b9330-abfa-4ab6-a2c6-fd3e6bc3b2c9","epithelia"
"4953","8613166f-fe96-4fcb-b97f-254588a167d7","immune"
"4954","86159dac-1d06-4a72-85c8-e0b44c189db3","epithelia"
"4955","862bc0f5-da06-4f6d-9eb4-a6c79694a628","epithelia"
"4956","86303b03-6b62-4ef1-b366-6a60cba4277d","epithelia"
"4957","8633c285-c6c8-47d5-ae3c-9fdf3587976c","T_cells"
"4958","86375cf5-f2fc-4dd2-8074-5976cff7f636","epithelia"
"4959","86625220-5519-45bb-a017-64a00cf616d0","epithelia"
"4960","86756e86-cc20-4fed-87ce-5ab5829021eb","epithelia"
"4961","86772185-cbf5-4dce-8224-d622e9ebef72","epithelia"
"4962","867a208a-1223-45cc-b03a-d13802333930","epithelia"
"4963","867b8dcf-d715-4f43-88d1-afd225ab1c0d","epithelia"
"4964","868440ab-d330-4969-ad00-9c6dd562be1a","epithelia"
"4965","86910639-7055-49ae-94df-71be2e57d3ae","epithelia"
"4966","86950f9f-e98a-4e2d-8ef3-66eb662d9684","epithelia"
"4967","86981157-d74f-466f-96d8-9b644b9629d0","epithelia"
"4968","86a10863-4654-4466-8bed-0904123f7403","CD8_T"
"4969","86a72387-df1e-40e6-8cf6-ad8070a5e76d","epithelia"
"4970","86ac0fa9-83ff-4e61-b872-794405887feb","epithelia"
"4971","86c315cb-2a40-4c16-9935-c78c52f2bd67","epithelia"
"4972","86d94753-6376-4a65-b351-5d8e2a2a537e","epithelia"
"4973","86ec9589-b17f-4309-9215-dcc4823b8b53","epithelia"
"4974","86f18440-1442-4ca4-a262-20cd69592ff0","epithelia"
"4975","86f2546d-33cf-4a91-9601-b8bac359358f","immune"
"4976","86f44879-145c-4095-a478-cb3b7dd8d58f","epithelia"
"4977","86fa0341-1269-40d8-8c78-8122890ac9af","epithelia"
"4978","86fc0aa1-e92c-402b-9788-465d1b555d26","epithelia"
"4979","86ff4b99-aa9e-4ee8-b287-c463ac80bdb8","epithelia"
"4980","8707e02a-8f8c-4876-b59b-b64b0fa8927a","epithelia"
"4981","870cee53-6578-467a-a685-a6f9f32bbe08","epithelia"
"4982","870fc111-a83c-418f-b9c0-9859dc8b106c","epithelia"
"4983","8723d009-bce1-4b9a-9775-ddca889af08c","epithelia"
"4984","872ccb64-d91c-4c88-95d7-5b07b4fc46ce","epithelia"
"4985","872e830e-7e83-4e48-aeaf-0d39c5e55fd8","epithelia"
"4986","87371507-37e3-43ff-8629-d901f6503fac","epithelia"
"4987","874a1cd2-0101-4b59-b795-855a067929c1","epithelia"
"4988","874d8960-b67b-478b-8f00-76ae38b6e33d","epithelia"
"4989","87517cbf-da4c-40b9-91e2-40c73e00e179","epithelia"
"4990","87562878-f9d6-4fb1-aae9-ac547dd6275d","epithelia"
"4991","875b6273-959c-4328-80fd-c4484b819e31","epithelia"
"4992","87661f6e-f2f8-4bbe-acd0-4582386aeaa9","epithelia"
"4993","8776c085-c1d6-4fd9-9cc7-98e14ccc7675","epithelia"
"4994","8782610a-476d-487e-a770-025c7e6739ed","epithelia"
"4995","8784a302-037e-4598-a786-ec650018c0a7","epithelia"
"4996","878b8873-17e8-4e27-82a5-44df6aaca652","epithelia"
"4997","87973762-f42f-4433-b712-c5924e1d803b","epithelia"
"4998","879af045-bb95-49cf-bfc9-e72536198335","epithelia"
"4999","879bc43d-77f7-48d5-bddb-378be1bed73e","epithelia"
"5000","879d4b37-6b0f-408f-90c3-6e9da444cf64","epithelia"
"5001","87a50c2b-ac2f-46b5-a2c4-233543463eaa","epithelia"
"5002","87a52e43-8454-44ba-873a-3432c171aa06","endothelia"
"5003","87a638e9-b571-41a6-a529-57001e1815c4","epithelia"
"5004","87ba6e6f-681d-4503-a48e-f6e39501b9e1","epithelia"
"5005","87c12539-f79e-485e-b437-ac7e77fa920a","epithelia"
"5006","87c38af4-edeb-4880-af8f-bff9ea9c8355","epithelia"
"5007","87d40b86-241d-4b30-90e4-b30c8c50840d","epithelia"
"5008","87d76157-0c90-4d5d-8143-60239f82b5e1","epithelia"
"5009","87df1994-264e-44be-b77c-ec7573e7f205","epithelia"
"5010","87e20539-7efb-45ff-92a1-6a3c8519f007","epithelia"
"5011","87f939ad-cd83-4d62-82d7-f922fbd523f4","epithelia"
"5012","87fcf7a3-1412-4ca6-b782-d2cfe34046c2","immune"
"5013","87fee241-582f-4c9e-8db7-6ccebfb97204","epithelia"
"5014","88083673-5278-4c8a-8d3d-a8471d12158e","epithelia"
"5015","88107ea8-7291-40a2-acdb-f85eb189dfe8","epithelia"
"5016","8812d23e-f5bb-4912-9748-6101216d05fa","CD8_T"
"5017","88142c25-0319-4bf4-a1ee-5ed6c2dc4e3c","epithelia"
"5018","8817cbe7-27ab-4f61-81e5-ebd2aa81b4c0","epithelia"
"5019","88284b4e-6b09-43d0-82e4-dd7add2684a6","epithelia"
"5020","88365d43-76d4-4c69-a796-477f169a5b19","epithelia"
"5021","8837bc90-7727-46f6-ba00-7d41a5890743","epithelia"
"5022","8838f967-d787-46ac-894b-3ffc76463d61","epithelia"
"5023","8839d670-936b-4346-b13b-98c4a6e20ae7","CD8_T"
"5024","884853e7-3853-4e70-84a9-bab53a81703a","epithelia"
"5025","8851702e-f4ef-4871-b187-9325ebd559aa","epithelia"
"5026","885a74b9-ed59-4eee-8dbc-86e9e021593b","epithelia"
"5027","8860bdd1-f747-468d-9b3c-e12044fc1134","epithelia"
"5028","886192d3-9878-4184-94f8-e3436e776022","epithelia"
"5029","88646823-bcd8-4785-a21f-7f8c1ea4b275","epithelia"
"5030","8869877c-1755-4c53-85fe-94e8da7af724","epithelia"
"5031","887979c4-e018-4302-8e55-e3eb41f23c7f","epithelia"
"5032","887c91ab-fd2b-416f-bfb5-5870ada040cb","epithelia"
"5033","88862464-c1a1-4b11-ad5c-9eb738c16b6b","epithelia"
"5034","88990e75-0646-44da-a87c-16324d6e8437","epithelia"
"5035","889bcb6e-a79c-487a-aa62-e038cd7d13d6","epithelia"
"5036","889c1229-460a-4ae9-b040-c459df0ed07d","epithelia"
"5037","88a2904f-9926-42a7-bbf3-36016492ef29","endothelia"
"5038","88c0038d-fd5e-413b-8952-629b677b2b77","endothelia"
"5039","88c04d28-465e-4c4c-a1a8-c864229caa6b","stroma"
"5040","88c6c2ee-3f7e-45ec-b52b-69cb88eaeecc","epithelia"
"5041","88cef52b-ffca-418f-82b9-88b24399ab5c","epithelia"
"5042","88d0bf5b-ead0-4692-80ce-3b5ddb4c7b93","epithelia"
"5043","88d5c4cf-6aca-4240-a8bc-a00db63287ec","epithelia"
"5044","88db423c-123b-498e-a27c-b041cabfc194","epithelia"
"5045","88e74f7e-699b-4ec7-ae7e-bbd844d2dded","epithelia"
"5046","88f281df-f88f-486e-8f4f-c43ef59f59bc","CD8_T"
"5047","88f3acae-6298-4754-813b-6a4877398d79","epithelia"
"5048","88f456f3-6d26-450c-af04-03becaf7b365","epithelia"
"5049","88f772cb-08cf-4f37-b1dc-74b79ff4d1ab","Unknown"
"5050","8910eed7-fa5f-4092-9787-3400ef2ebbec","epithelia"
"5051","891ea2e3-1718-4eee-a8bd-41d5b1f346d3","epithelia"
"5052","89244f71-0aec-41d7-b9df-3ba287bd5d38","epithelia"
"5053","892b6839-8c4f-4a7f-9434-1c05ac01d0cf","epithelia"
"5054","893ca146-a339-4ff8-89a0-b717636f444b","epithelia"
"5055","894e42cd-3442-4594-aeaf-1bd60a485fa1","epithelia"
"5056","895735e5-e80e-46e8-b265-3d70e0c24a23","epithelia"
"5057","8958bf6d-8356-433a-9068-7f9d40c63156","epithelia"
"5058","8963ff2d-ad83-4ebe-9009-81b300f8be17","epithelia"
"5059","89678615-b2a0-4c33-8811-486d149ef75f","epithelia"
"5060","896988e6-3e78-4dfd-bcb5-7a34ce6fdcb9","epithelia"
"5061","89741513-80d1-492f-87cb-a6f5eb5ef32c","epithelia"
"5062","8975b400-436e-47cc-a636-34502759f0f3","epithelia"
"5063","897a7f6d-1eef-4542-bca7-fb2b6863f315","epithelia"
"5064","897dd5e4-df10-44ff-87a4-cb156e14bbdf","epithelia"
"5065","898e7e77-2732-418a-9e96-c98da9c4e4aa","epithelia"
"5066","898e9087-8c3a-4a7f-ba20-73c3a32a1e39","epithelia"
"5067","898f5058-3208-4a3e-8c21-24a0fa7ffb1f","epithelia"
"5068","89908f70-5be7-47d3-b254-318cb4369b5a","epithelia"
"5069","89931269-e007-417e-9d8a-0f62e73569cc","NKcells"
"5070","89a284a6-9d1b-4fd4-8143-8599b1410f5a","myeloid"
"5071","89a451ea-df47-4b89-b41e-a301b8122dd2","epithelia"
"5072","89a5b581-75fb-40ac-84c6-1ff2ca6b0da8","epithelia"
"5073","89ae0f76-312f-42ba-9f7f-725057358102","epithelia"
"5074","89b0d000-b364-40b0-ab81-6909f2511d64","epithelia"
"5075","89b4e632-1fe5-463b-ab72-9ac44dc0b2b9","endothelia"
"5076","89becfb4-1cae-4f55-a3b4-ab19847bf04e","epithelia"
"5077","89bf690b-a581-477e-9f4c-7ca34c76cdf5","epithelia"
"5078","89ce2494-73bb-4979-9a17-b8cdd434049c","epithelia"
"5079","89d2c201-aa9e-44ad-be81-c5f27b4578fc","epithelia"
"5080","89dee18d-2fe7-48ce-951b-bb51bfae22e9","epithelia"
"5081","89df3750-298a-462b-96ef-31f3efaab2d3","epithelia"
"5082","89e22306-9538-40de-b166-228c52a4945b","epithelia"
"5083","89e81ce0-c195-42db-ae4e-188d696e971a","epithelia"
"5084","8a06406e-bec2-4b13-a01d-76709a030083","epithelia"
"5085","8a069913-d820-4ef0-9c01-8e38ceaf3602","epithelia"
"5086","8a0cb215-9734-4331-bb9f-45ac5d3404d9","epithelia"
"5087","8a12a085-55fa-4a2a-86cb-92033ae4482c","epithelia"
"5088","8a1e65c2-469e-4e5a-9b43-fc5446edbbb0","epithelia"
"5089","8a214544-c65c-432e-bbe1-238508984dc8","epithelia"
"5090","8a28b074-9d5b-4b59-8d62-26cab38e86d8","epithelia"
"5091","8a2bb89b-c688-41c3-a832-c25128534608","Treg"
"5092","8a30afdf-9e70-4ed5-bb38-70bcc4d1f26c","epithelia"
"5093","8a331280-5389-4200-b125-349bb66bcd3c","Unknown"
"5094","8a3c7c67-098a-42d1-ac8d-eade7a804bf7","epithelia"
"5095","8a4c70c0-2164-4a61-9096-ba8941510928","epithelia"
"5096","8a4c8a49-166b-4b33-b406-fb11ebd233c9","epithelia"
"5097","8a4dfcc7-cf52-4c5b-b737-50724f44eeef","epithelia"
"5098","8a4f0b0e-a360-4bff-bc6d-63359c3ed895","CD8_T"
"5099","8a564fbb-aeb6-476c-b0e1-0e001db96fc8","Unknown"
"5100","8a5770f3-c1b3-434d-9f76-df76c9e47a17","epithelia"
"5101","8a685d76-8b63-4b11-acfb-42ee8940abe1","epithelia"
"5102","8a6cd53b-715d-447d-a71c-dc00ef098b9b","epithelia"
"5103","8a795324-1ac7-46d8-89b7-d6d90c96cb03","epithelia"
"5104","8a81fac1-3d94-4db6-92f8-010dac708ba9","epithelia"
"5105","8a9152d1-4cc8-4f28-9d5a-669290e4352d","epithelia"
"5106","8a96fa03-46ef-46f8-8fe2-ecb6bbe35790","epithelia"
"5107","8a9dda7a-3eba-42e5-b27b-61c0dd70e115","epithelia"
"5108","8aa2aeb6-d407-4e3e-8234-f2afa509a254","epithelia"
"5109","8aae58d2-f7fa-486c-af57-f4ec66452bfe","NKcells"
"5110","8ab7b1b6-9ad0-4c35-93e6-58a431ebb339","epithelia"
"5111","8abaef9a-16c1-4622-9cf4-76311c8fe3a3","epithelia"
"5112","8ac3f011-490b-4164-bd6f-3a0f8c46d37f","epithelia"
"5113","8ac79cfa-8c23-4d78-9011-e31e3c4f2069","epithelia"
"5114","8acf256a-0ac7-4f31-bca1-4ac361841ce5","stroma"
"5115","8ad7da35-6280-489c-a862-ddc504b8346a","epithelia"
"5116","8aeff60b-23d5-44f0-a9a3-c277bb1479b2","epithelia"
"5117","8af70fce-66d5-4ad1-9602-f12e2f372cec","epithelia"
"5118","8afd1704-a69d-4727-94b2-5b6c86ac4f8a","epithelia"
"5119","8b031e7a-b9de-4c29-85da-b2a6c7a8756c","immune"
"5120","8b054faa-98ce-43d5-aabe-2fe9e3a9f6e9","epithelia"
"5121","8b09cdc8-0780-4d10-a5b2-37071eb4a276","epithelia"
"5122","8b0c22de-0026-41b0-a152-170e0445fc97","epithelia"
"5123","8b126b46-cb0a-492f-a9af-d76cad97c4a2","epithelia"
"5124","8b24a6c7-9b73-47b8-829b-6a5ca8d162a8","epithelia"
"5125","8b26a800-4ebd-42d4-b716-b9b6b10f2281","epithelia"
"5126","8b29b1b3-c29d-4fe6-8cc2-f5842e5ad5bb","epithelia"
"5127","8b2c42ee-4010-420c-9be7-efb5e456f39e","epithelia"
"5128","8b2fc6c3-1f84-42eb-b9f7-544e9410717e","epithelia"
"5129","8b300c4a-9f8f-4af1-ab34-8d2ea98a4a0c","epithelia"
"5130","8b34b2e7-fb8d-4846-afcc-1cd4d86d4097","epithelia"
"5131","8b398ac9-1b84-44ff-b3cf-0c2367daf38d","Unknown"
"5132","8b3fbd8e-e883-42a2-9e63-40ce8b2dc90a","epithelia"
"5133","8b433f9f-1ada-461a-b561-bb6e49b86e07","epithelia"
"5134","8b5292e2-082f-4cc5-a965-136c8137f83f","epithelia"
"5135","8b588103-19ae-4ddd-b131-19eb612907af","epithelia"
"5136","8b670658-1646-44d3-b479-ec283792be96","Unknown"
"5137","8b6a1381-0701-4c12-97e7-2365f59e8be0","epithelia"
"5138","8b6dd510-21d2-4f52-b510-ae8dc6397c04","epithelia"
"5139","8b6e2644-bdc6-4cc3-b8f5-c0ac3ab2390b","epithelia"
"5140","8b6f6dc9-93a0-4341-af35-d53ea85511a0","Unknown"
"5141","8b755dc4-644e-443c-9794-f052d0a213fc","epithelia"
"5142","8b7c7799-e661-4ecf-afe9-0867e8f47098","epithelia"
"5143","8b7ca33b-ffd5-4144-9b9c-830ec0a8c560","epithelia"
"5144","8b7f4a4f-1f5b-40de-837b-f6658a552021","epithelia"
"5145","8b81c005-fdfc-423b-ae92-6c7d73e2446e","epithelia"
"5146","8b862a90-cff4-48a0-bff3-6d9b68b1ebc6","epithelia"
"5147","8b8b63b4-f243-44f0-aa45-186f541cbe2b","epithelia"
"5148","8b8bb200-644b-418d-9acb-8e16b8a6e508","epithelia"
"5149","8b8c76c9-e81c-4d77-808d-27f2bc9442ac","epithelia"
"5150","8b905166-a4cc-407e-89e8-1e56c57abb18","epithelia"
"5151","8b93b0a6-1707-4d53-86a3-573c45385b0b","epithelia"
"5152","8bb279be-cd2a-45ed-aa61-d44c9ab7a5f5","epithelia"
"5153","8bb2f45a-0d41-4a42-83c1-a86459f1d3f5","epithelia"
"5154","8bb7e4de-30c9-406f-bd10-66e4cb8c1b1a","epithelia"
"5155","8bc041d9-f207-42cd-9f2f-26da7381c452","epithelia"
"5156","8bd26e44-c650-4fac-9f49-0cb73743ed4e","epithelia"
"5157","8bd338ea-558d-46b3-8aa3-eebe5df2379f","epithelia"
"5158","8becefb1-4913-4c1d-89f3-13e1b3577858","epithelia"
"5159","8bf0df4f-20f0-4ba0-8a37-eb5cad6b3f7a","NKcells"
"5160","8bfb44c4-1ea0-4851-8261-18a6f40fa7a4","epithelia"
"5161","8bfe0541-951b-4283-8c8b-90b8fb5da872","epithelia"
"5162","8c03ad15-488b-4fef-802a-443634fe6341","myeloid"
"5163","8c0e795c-e048-4937-bf95-05f95efae7da","epithelia"
"5164","8c19ed99-e37d-4035-b47a-4c9d7c584857","epithelia"
"5165","8c201bd7-31fe-483a-9369-c14c53df8115","NKcells"
"5166","8c20e4e1-f403-404c-9658-950bd072812b","epithelia"
"5167","8c29806f-0104-4dc0-8e12-98c439bc1064","epithelia"
"5168","8c2b0926-c69b-40b9-9209-01fe35bc27a1","epithelia"
"5169","8c40edab-2a03-47d0-a737-edf76f6d608a","epithelia"
"5170","8c433c02-d536-4160-9828-41cc0669d50d","epithelia"
"5171","8c4643bc-d3f9-425a-85a5-9e40596b30cb","epithelia"
"5172","8c47e8e7-d950-40c9-86bb-8355d1f3f133","epithelia"
"5173","8c492cb1-414d-4a06-ace8-e405f3fd8c2b","epithelia"
"5174","8c534897-6145-41cb-996d-5429ec646851","epithelia"
"5175","8c5ba5e0-d111-4d25-b7e9-5ad2fc0078bd","epithelia"
"5176","8c5ffd21-5346-488a-811a-2626f3362af0","epithelia"
"5177","8c6363db-5294-4968-90ad-c8243074fec3","epithelia"
"5178","8c6b1ad9-9bbd-4bd7-8135-2c44c9ef1c62","epithelia"
"5179","8c79f5f6-ad85-4e97-9aa6-bb6674263b0e","epithelia"
"5180","8c7c4e8a-04ae-43be-8e34-cabb05048427","epithelia"
"5181","8c7fa189-073e-4aae-8ae6-3b6608109320","epithelia"
"5182","8c83c615-9c97-4875-8c20-5c5ae184f085","epithelia"
"5183","8c880a88-f8ab-450d-9a66-e9da510a6f2f","epithelia"
"5184","8c8e9a59-108d-40ae-9381-c5586764e61c","epithelia"
"5185","8c95de5f-c270-4f89-a2c8-743285190c8a","epithelia"
"5186","8c9eccae-534e-42d7-8e75-ad38ce204d0f","epithelia"
"5187","8ca0273b-2b3b-47ef-922a-0d289df64112","epithelia"
"5188","8ca05584-0304-43d1-a367-79a71a1a057c","epithelia"
"5189","8ca2feec-ae61-4ddc-a5a7-0a30135971b0","epithelia"
"5190","8cbab9db-79ec-4945-ad8c-9dbc93e65f7c","epithelia"
"5191","8cda0d99-7cb9-4975-9498-c2742872a450","epithelia"
"5192","8cdbfbdf-5843-4dfd-bf06-311d793e3d6b","epithelia"
"5193","8ce68be6-98d3-4df2-9f58-cb222b4bdd3b","epithelia"
"5194","8ce8dc68-27d4-4a4a-a9a3-f75408715163","stroma"
"5195","8ce95ca3-fce6-4d05-814d-ff6a922a103a","epithelia"
"5196","8ceed30e-b5b8-439e-b38a-b884184c5774","epithelia"
"5197","8cf29307-4cc7-4f45-8fe4-37fefb183409","epithelia"
"5198","8cf4a185-a742-453b-b36f-114cec6df8b4","epithelia"
"5199","8cfdbe07-aed1-4922-ac3f-625bb382e683","epithelia"
"5200","8cff2d99-b6dd-49c0-bdcf-3b55fa7d729f","epithelia"
"5201","8d033d45-513b-42c9-9944-bc146a6ce1ca","epithelia"
"5202","8d0411c6-279a-40af-bc66-a8851d43ea6d","epithelia"
"5203","8d0e20d0-8fb4-4a9f-9afc-3cf8664cd14d","epithelia"
"5204","8d14d376-d731-451f-939e-b482af242cc9","epithelia"
"5205","8d2c9716-57ed-45dd-8680-d261a35b32d3","epithelia"
"5206","8d2f4e4b-0504-4dcf-9395-10fcfa3bba35","epithelia"
"5207","8d34ffeb-cd3b-42cc-b782-421d73264c17","epithelia"
"5208","8d393d15-01ba-43cb-be30-35477e8bfed9","epithelia"
"5209","8d3e5761-e619-41e5-80ec-1d5dee032e74","epithelia"
"5210","8d448c52-7798-4b70-b2c9-4b77b68cec16","epithelia"
"5211","8d471a73-78ed-4c4a-8467-8d363920466b","epithelia"
"5212","8d47ee75-f2b5-4781-83f2-99842de4579b","epithelia"
"5213","8d4ccd4e-0bc7-4035-b78a-9720ec66adbb","epithelia"
"5214","8d4e9652-84b4-42a9-ae43-f92d1c5b0562","epithelia"
"5215","8d506e8b-a72a-4376-a1e1-05eeaffbc6fa","epithelia"
"5216","8d5d0bca-bcb6-415a-89be-bdd384e50f60","Treg"
"5217","8d650218-f077-4d2d-b5f5-8e24471e4068","epithelia"
"5218","8d6fa144-4672-4760-ae9f-aa07c351c9b6","epithelia"
"5219","8d76c1f9-a167-462b-83a6-531f26010f1c","epithelia"
"5220","8d787f83-2004-4d69-a156-a367f122a0f5","Unknown"
"5221","8d7b312a-aef3-4c8c-be61-22816c1ed968","epithelia"
"5222","8d7b9238-40c6-46d9-9d19-edaa4ce5c3c9","epithelia"
"5223","8da9944b-ae4d-41db-bcda-23e79e77906d","epithelia"
"5224","8db3a49e-7871-4100-9e01-f73fdb9d0330","epithelia"
"5225","8db6e2ce-e7e9-471d-b04f-ce2d9016bf62","epithelia"
"5226","8dbd15d0-6099-4d48-8e5d-ddcf6ee68bcd","epithelia"
"5227","8dc0b23a-df2d-4e65-b0e4-0cf160dac3a5","epithelia"
"5228","8dc8eb98-da67-464d-bc92-eeb178f640dc","epithelia"
"5229","8dd2d8c1-3784-4b9e-8fbf-4cf4f2f13da7","epithelia"
"5230","8ddaf209-9931-4a1a-9ba1-f0466d2bae66","epithelia"
"5231","8ddb0d22-407f-41f0-af73-15bbf2f053da","epithelia"
"5232","8de20e25-5940-48cc-aa82-8fad065ac61b","epithelia"
"5233","8df648d7-79a0-4f75-b412-2e9604651763","epithelia"
"5234","8dfeef66-e48d-4448-a962-b5d5921c0fd8","endothelia"
"5235","8e03ba1c-7a8d-43b0-b241-eaee4084a3e4","epithelia"
"5236","8e053486-e310-4be2-b1ca-190f893354ad","epithelia"
"5237","8e1457c8-f8d9-4c3e-99aa-9477be9d8435","epithelia"
"5238","8e168171-58ac-4ffb-8669-7f06fb17f1c5","myeloid"
"5239","8e18170f-ca05-4d00-b938-27910921d267","Unknown"
"5240","8e229d33-0f82-4fa9-b921-e9daa31e172f","epithelia"
"5241","8e272b2f-5670-4941-8ee0-44273c0e7846","epithelia"
"5242","8e274dd5-199d-4247-b787-898504f66249","epithelia"
"5243","8e2d36ab-b3cc-443c-9c0a-6e7f514e349b","epithelia"
"5244","8e2dffea-8b90-4687-bfab-b24f3a4d102d","epithelia"
"5245","8e33a6c8-7a13-4786-a3dc-532d18c3c7e4","epithelia"
"5246","8e3fb085-0efb-45f2-9d7c-4154e002d5a4","epithelia"
"5247","8e41c3f0-b7cf-4c28-aef6-a9ee630ea0d0","endothelia"
"5248","8e46d27b-f7d5-4b91-8035-c17ae0f8137b","epithelia"
"5249","8e4d97de-301a-4f33-a223-0819f6cd45e9","Unknown"
"5250","8e4ffe6b-af6e-48af-9f78-4185ea923b59","epithelia"
"5251","8e5804db-9ea8-489a-ad90-2564cc94130a","epithelia"
"5252","8e58d893-efbd-4745-ad47-8becc7c5ff2c","epithelia"
"5253","8e5966e9-ec1c-4555-bb2d-53f92faedf88","epithelia"
"5254","8e6faff0-7598-4a71-9cf6-e99576599a20","epithelia"
"5255","8e75883b-5a74-4913-86a3-cecf33971d92","NKcells"
"5256","8e801594-30a0-4b9d-84ab-7dddda5e4276","epithelia"
"5257","8e805c2a-1bf6-41f4-9c8b-a8f01d71d0ee","epithelia"
"5258","8e846863-6ac4-47d3-922c-aa3f6c298483","epithelia"
"5259","8e98744d-4c15-46ef-8a95-2bbff8e970db","epithelia"
"5260","8ea2d306-a449-445e-a058-d2e3033c8a83","epithelia"
"5261","8eab232a-41ec-4f0c-bc80-f4e5d70601d5","epithelia"
"5262","8eb91158-299a-4cf5-beeb-fb3332714b31","epithelia"
"5263","8ebd89ee-48d1-49cb-ad46-c7f73e588b43","epithelia"
"5264","8ec3782b-252e-4ef6-aa3f-4b33064bbb78","epithelia"
"5265","8ecc2fb1-7372-40db-b1c5-90c432181c6d","epithelia"
"5266","8ecf3275-dd5c-47d6-adae-ecbecd2d7c33","epithelia"
"5267","8ee2ae40-d0eb-45fd-a710-2fe40826b0ba","epithelia"
"5268","8efaea98-0a92-48a0-9364-a38e76495127","epithelia"
"5269","8efe4bb2-0031-438d-b537-c4eb700b95ab","epithelia"
"5270","8f061401-c3e5-477f-8fac-55bee83cea25","epithelia"
"5271","8f0b8d7f-d26d-4b53-9e53-9c40995665af","epithelia"
"5272","8f0c1b2a-ead7-4dbb-b6e5-70d46c9767cb","epithelia"
"5273","8f0eb951-aadb-4041-980a-1a52344e7455","immune"
"5274","8f1889a6-a5b1-4e3e-a74c-498c53abf970","epithelia"
"5275","8f34ff93-8da5-4273-a879-73081b5f0152","epithelia"
"5276","8f3eef95-6608-45f5-b8dc-b60704f4c8ee","epithelia"
"5277","8f3efbc8-dc09-4f94-a712-99b24f5e4bf5","epithelia"
"5278","8f48fbaa-0319-4ca8-a351-d14ccc99114c","epithelia"
"5279","8f4bd9a5-9509-446a-88e8-b7e36fd428e8","NKcells"
"5280","8f546c7a-c121-43ea-b59e-c7111ee9d9b8","epithelia"
"5281","8f54e6eb-a34f-408e-a742-5ef72c78635f","epithelia"
"5282","8f5bdc7a-d92f-4fce-ad05-de83a46a68fd","epithelia"
"5283","8f660093-7801-46f7-8836-66623731b42f","Treg"
"5284","8f6940e2-3de0-48b9-b104-6cbf250a41cd","epithelia"
"5285","8f6b3f93-acc1-49ac-9891-db0a1941bf7a","immune"
"5286","8f74fb59-916b-4f49-b31a-0e56b6497f7c","epithelia"
"5287","8f77e520-7c8f-4685-9d84-3c801d31ce64","epithelia"
"5288","8f7ce0e4-5719-49c3-97b7-c5d01b174f07","epithelia"
"5289","8f8808a2-363a-42b4-9c44-7ac8e32900d5","epithelia"
"5290","8f985b37-1d2c-422c-966f-a9740ccecdd6","epithelia"
"5291","8faaa0ee-701c-46bc-94dc-f529ad2560b7","epithelia"
"5292","8fab5168-fa17-49f9-b5d1-1562351adf1c","epithelia"
"5293","8fac03d7-77b3-4954-a2eb-e46345c6a774","epithelia"
"5294","8fafbbc4-7b3c-43b5-9c88-237b24d204e2","epithelia"
"5295","8fb75fce-4d43-4e39-b6b7-24cebedc700a","epithelia"
"5296","8fbe9b68-ec37-41fd-9e8e-aebd472882bf","stroma"
"5297","8fce0cae-793a-453d-a3e0-fb2dffec8de3","epithelia"
"5298","8fdbbd88-4ef3-4403-9105-fc9f246f656a","epithelia"
"5299","8fde6056-ced2-4bcb-9ec1-e682bdb7b8cf","Unknown"
"5300","8fe00bf0-94ee-4491-bd8f-3fd275d465ab","epithelia"
"5301","8ff77e94-0330-450a-9d30-67e90e847ae9","epithelia"
"5302","8ffeef72-4b41-455f-9119-cdbc88fbfdb2","epithelia"
"5303","9001748f-e1e0-43ab-bde0-ee4b0a076a0d","stroma"
"5304","90029b48-87a9-4f8a-9e88-9a4b9a45d662","epithelia"
"5305","900355f2-d1d0-4b41-822a-f72dd6bca5de","epithelia"
"5306","9011cdef-07ec-48a2-bf37-3e56aa18749f","epithelia"
"5307","9012d7bd-7963-4fca-9d0f-f097ec90aa69","epithelia"
"5308","90176d78-29b9-4ac2-b013-d8784bd73a76","epithelia"
"5309","901a1a76-e774-4b19-b912-1df3f7dba170","epithelia"
"5310","901d2e42-a842-4d75-aa58-e820835cbd19","epithelia"
"5311","90309ceb-4c49-4ac5-9cbc-a92558049aba","epithelia"
"5312","90371ddf-659e-403f-a29f-858d1c1fa670","epithelia"
"5313","90399a35-3486-4669-870f-ed291a40cef1","epithelia"
"5314","90491435-99e9-464a-83b6-aa0dacfb4307","NKcells"
"5315","9052de14-9a8b-404d-8d53-c71be457af33","epithelia"
"5316","905cb17e-fd1b-44d6-8dd9-da3a87e1dd31","epithelia"
"5317","905e2e12-f4c5-47a3-afd8-b4c72ec0bb3c","epithelia"
"5318","9067db55-0b4b-4bc4-88d3-c843732be8d5","epithelia"
"5319","90697c58-c37d-4bf5-bb7f-6a2b13c55151","epithelia"
"5320","906c3839-6ebd-4e53-a98e-1a74db9049f0","epithelia"
"5321","906edd11-15e1-4c04-9d4a-6382e78b2a77","epithelia"
"5322","90740f9d-8581-4354-a7c5-cf1904c5d77c","epithelia"
"5323","907d63ef-a9b2-438e-a6ee-c38686a78281","endothelia"
"5324","908567f7-a11f-4cb3-a23f-fa308f867da8","epithelia"
"5325","909515f6-dcba-4bfe-ad19-9bf34031a856","epithelia"
"5326","90a69700-4354-4017-b0db-7aab31c5ae62","epithelia"
"5327","90a75a09-cd1f-4c02-a4f9-e57e8e4ad13f","epithelia"
"5328","90b14b22-63fd-447a-99ad-1c480500c0df","epithelia"
"5329","90b50efa-dde9-4713-8a8d-a54a2e3089a7","epithelia"
"5330","90ba8adb-3413-4f35-a70e-368bf2354f53","epithelia"
"5331","90bbf6db-0049-45be-ac1b-b73b88ce8af6","epithelia"
"5332","90bc2f1e-fe0b-463f-bd2a-f73de4474721","epithelia"
"5333","90bd5e8a-288f-4503-b095-141c48aa36cb","epithelia"
"5334","90c41ea6-93e5-4dd5-9b47-b438bae9b28d","epithelia"
"5335","90cc3d99-b1b2-4212-abef-ff5b2faf9898","epithelia"
"5336","90cf3539-e047-47a1-8438-31fb0d94c1db","epithelia"
"5337","90d16060-b42a-45cc-98f9-b03e0018d7df","epithelia"
"5338","90d68e6f-1ad2-47e3-8433-12e971419288","epithelia"
"5339","90de3c4f-4936-4d43-a769-661c4bb12bba","epithelia"
"5340","90e9104a-42cb-446d-9592-4267f98ccee2","NKcells"
"5341","90f5cd3c-4f72-410e-b51d-6706f86f8c02","epithelia"
"5342","90f78705-a470-4ee8-855f-9db6c591a589","epithelia"
"5343","90f84237-7603-49e9-bebe-af33058b8314","epithelia"
"5344","910359bc-9eec-45b2-a66b-ea02ebe605f1","epithelia"
"5345","9113f9da-d4fd-440a-818e-6b8cb006b348","epithelia"
"5346","9117135d-e948-4308-ac03-98815ae1b613","epithelia"
"5347","91177d59-8b39-4b11-8693-b4974994591a","epithelia"
"5348","911916d2-1c38-40dd-b652-a1aa097597e1","epithelia"
"5349","911e7131-5e70-44ea-b3e1-9a88d7581f92","epithelia"
"5350","911f7fb0-b583-4729-a805-241c9b9aba73","epithelia"
"5351","912933cb-4b14-48c1-b18e-3d861992a7ff","epithelia"
"5352","91299df8-8587-4422-9fce-24dbc4434430","epithelia"
"5353","912a2407-e15b-4d32-adec-b1aba95e27c1","endothelia"
"5354","912bf412-4154-4d46-8b78-6029fd570f81","epithelia"
"5355","912e30e6-e8c2-4e95-8391-8e1d6ce92c91","myeloid"
"5356","9130b175-f79e-47da-ad5b-829f5a82ebe0","epithelia"
"5357","91335b07-9cc5-4e4a-814a-4c398608d306","Bcells"
"5358","913e9c5c-8274-4913-96e1-a2ed2bbacc37","epithelia"
"5359","913f6d99-6e56-4e4b-8686-e31fd1cf4305","epithelia"
"5360","91409f28-c49c-4e5d-ab2e-fc188ec2ef16","epithelia"
"5361","91491989-ecff-48d8-b8c1-1a71551bd9af","epithelia"
"5362","914d7ce9-4652-4349-9076-d8a89a373017","epithelia"
"5363","914efdc6-b09a-44bc-a9f0-0f1ff89ea8df","endothelia"
"5364","91514f10-9dab-4c55-b829-060c325e6603","epithelia"
"5365","915c8310-17d8-4ae0-baa6-c90a801da308","epithelia"
"5366","91629c15-bb0d-4e48-8b64-2769475fe561","epithelia"
"5367","91698b71-4c80-4d11-a5d8-8f7addbeb306","epithelia"
"5368","916f1f2e-ad3c-407e-8f52-4c4359d20c8d","epithelia"
"5369","9176839a-415f-4a4d-99ba-5b7b6748f71c","epithelia"
"5370","917cc518-fa5d-4738-8aeb-9ec2166550a5","Bcells"
"5371","918770b4-a149-41a7-8f1a-68bfb0a47a10","epithelia"
"5372","918d3c70-74fd-4080-9f63-de643fa0c2cb","epithelia"
"5373","918f0164-40e1-49db-80b7-c1529ee1b32b","epithelia"
"5374","9193ec6a-58c4-4733-91aa-7c4d9a5492d7","immune"
"5375","91a780cd-ca10-4e93-a71f-24a2669f893b","epithelia"
"5376","91a7d630-3c9b-4bab-a63b-843b69a731f8","epithelia"
"5377","91aea1ca-79ea-4b5a-8d02-763e4ac594eb","epithelia"
"5378","91b8d0c6-29ef-40c0-87d3-c863f9ba8ca2","immune"
"5379","91bf4267-8218-4536-b148-cc7ef964e9da","epithelia"
"5380","91c0caef-8dfe-49b1-9b79-2fc838cd863f","myeloid"
"5381","91c606e8-f212-441f-ab1c-ff868b73c3dc","epithelia"
"5382","91c80492-8317-458d-883f-b804e73cfabb","epithelia"
"5383","91cc806f-8aa3-430a-9bdc-447d8e419c35","epithelia"
"5384","91d0c0c7-4a23-45b8-8441-16a343728c6d","epithelia"
"5385","91d25763-8840-49cb-a3c0-cdb6b51dd0c4","epithelia"
"5386","91d28735-82a6-4e3a-86ef-8d2f2499dcb4","epithelia"
"5387","91d730ba-b525-4d6a-bb04-053316fad4a1","epithelia"
"5388","91da413d-dd95-4e92-80a1-2156e4e12752","CD4_T"
"5389","91f0b55c-d0f2-438d-8f78-c0f01b80cfad","epithelia"
"5390","9203d287-194a-424e-9dc3-f47d19d17db8","epithelia"
"5391","9211998a-9021-490e-95d7-786fd8034e57","endothelia"
"5392","9219fb79-e6a1-4453-8ed5-d552495a6e3d","epithelia"
"5393","921c7ed3-d1e4-490f-9e3b-ec5892df259c","epithelia"
"5394","92207d23-7107-4591-99f8-683da43224b7","epithelia"
"5395","9222ec1d-eb9e-4b86-9567-ec3221df5103","epithelia"
"5396","9230663d-e48e-4566-8f9e-ee50b5aa1dbe","epithelia"
"5397","9238b3a4-e9a2-4f5b-ac81-587d950de96b","epithelia"
"5398","923ad7e5-e8b2-4a38-bd06-691de47c0bd5","epithelia"
"5399","923e60ec-fe69-46bb-8a2e-4fe70d87fd04","epithelia"
"5400","9250cf9f-7bff-4c0f-8ba7-65184752a4f1","epithelia"
"5401","9260ecdc-5707-4d72-81d8-2a4be2f4b3bc","epithelia"
"5402","926134ec-5450-4c19-9067-bc818046f8e1","epithelia"
"5403","9264a023-fb67-4c63-8e00-b4475b7db576","epithelia"
"5404","9266dc38-f04f-4674-b670-066d37ff1521","stroma"
"5405","926e13f6-1cca-4953-9256-23544988fc70","epithelia"
"5406","927357be-44a1-4e83-af93-6358786b0e95","epithelia"
"5407","9281986d-74b1-4c1b-8f4c-f0bbccf7a34b","epithelia"
"5408","928871a9-5089-4698-b1ca-df9b7e9e557c","Unknown"
"5409","928e8907-8c3d-465e-bcff-fc2e565274f8","epithelia"
"5410","92999965-0e06-4a71-be06-6382b0a320a7","epithelia"
"5411","92b02e12-9cdc-4126-a70c-948dc496ab47","epithelia"
"5412","92c16057-80c5-4318-9024-264fbed65c9c","endothelia"
"5413","92c918ad-c1fd-44bc-a087-086e62e470e2","epithelia"
"5414","92d068c9-b43a-45b3-8de4-fed4d82d2ed4","endothelia"
"5415","92d93b18-4794-4c47-ab96-22a0d0cb3879","epithelia"
"5416","92e14242-404e-4a23-b1be-fb0fc7337932","epithelia"
"5417","92e852d2-497e-4ff4-b382-37be1ff653a8","epithelia"
"5418","92ef0042-aeb4-450b-a6ee-86d5c79747bd","epithelia"
"5419","92ef9646-7118-4b67-8138-b177b8492294","epithelia"
"5420","92f5c86f-348e-42ce-a745-76c461dc7ca1","epithelia"
"5421","92faf4ec-b6f3-4e2a-9da4-572381527d90","epithelia"
"5422","930a097f-4333-4945-8059-d58a745a2598","epithelia"
"5423","930d112b-e2ab-4f4e-9c55-9a45ab327053","epithelia"
"5424","931058b2-397d-47b2-821f-d8631d14a7c0","epithelia"
"5425","9315a386-6aef-46f3-9ef3-701d83ae86c3","epithelia"
"5426","93166ee6-f246-4d75-80d8-4ae1d433291a","epithelia"
"5427","9316d8a4-7cdc-41a1-b8cf-582d02001e77","epithelia"
"5428","931c0ecd-d949-43ad-a44d-52659981baab","epithelia"
"5429","93338f19-a105-4ad4-8156-551918dc215a","epithelia"
"5430","9339fe82-0044-477b-b51f-34d3642eae42","epithelia"
"5431","933f6984-de02-4ae4-9139-c75732ad31f6","epithelia"
"5432","933f9ba8-f2ef-4d0e-b3d4-57fee3357e53","epithelia"
"5433","93427d24-25a1-45d7-bff2-e71f18fd7fa7","NKcells"
"5434","9343e588-ddf4-4f47-b19a-0b85f5b90a1f","epithelia"
"5435","9344cc62-250e-47d3-a59c-70dcb34b8265","epithelia"
"5436","935419fd-272a-4134-b935-d22f2339fc05","epithelia"
"5437","9357608f-8e89-49bc-9725-408fc1c33d79","endothelia"
"5438","936917aa-4c6f-4554-9661-d69bd0e4bcfb","epithelia"
"5439","936b7426-8366-4f0a-b2b7-90347a62e517","epithelia"
"5440","936ca54e-8a61-43e2-882e-eff50fe6be61","epithelia"
"5441","937d0d4e-09c0-42a3-a271-2095fd074362","epithelia"
"5442","938377bc-9a2a-44b5-b9cb-d66192863cf6","Treg"
"5443","938995ac-1ad5-410d-b46f-dad336105641","epithelia"
"5444","9395eec6-d0d2-4981-92e3-8289445d1526","epithelia"
"5445","939ea3b9-c2ab-49c0-803f-a723b65d312c","Unknown"
"5446","93a3aea4-504b-42f6-b282-e0d1d3088d95","epithelia"
"5447","93ac7029-e74f-43e9-bab6-9e5b86eb16b0","epithelia"
"5448","93b120c9-992c-45d8-b4e9-d637f50c9da4","epithelia"
"5449","93b6576d-3317-4f42-9305-bf0ca309ca38","epithelia"
"5450","93bdc1f3-436d-4926-ac47-120b5d5594ca","epithelia"
"5451","93d016bf-e480-4951-bc03-0b104c006d48","epithelia"
"5452","93d0da8f-3c5c-475f-8060-e653107c311c","epithelia"
"5453","93d207e1-b181-48d5-9734-1fc3574a55ca","epithelia"
"5454","93d2b446-1eee-48ff-bdea-350bc14cea78","epithelia"
"5455","93d3b1c4-783d-4b22-9eab-0cbb7ff54de5","Bcells"
"5456","93d968e5-1521-4bb1-8c48-fe104857dbc1","epithelia"
"5457","93db2c3a-db13-4144-9a64-8c520de90344","NKcells"
"5458","93df6b7c-230a-437e-9fa9-a01344b16dea","epithelia"
"5459","93e1f27c-c633-4ff9-a3a0-011818a10088","epithelia"
"5460","93e9509b-ef60-48e2-977b-edc0771d4c74","epithelia"
"5461","93efb6fb-d93f-4479-a2aa-ed9654971f1f","epithelia"
"5462","93f5770e-f76c-4790-9427-0172590eeb7c","epithelia"
"5463","93f6132c-691b-43b6-9804-63faa8bcc968","epithelia"
"5464","93f8aa95-f860-4517-a21d-9e809ccd9616","epithelia"
"5465","93ff5300-22af-48cf-8803-da6a18aafd7c","epithelia"
"5466","9405c14d-24b8-4082-9a34-254ccf114fae","epithelia"
"5467","9405eae9-5997-4512-8b7d-aa402e851b1a","epithelia"
"5468","94092b7a-6892-4c62-b15b-8661326ab01b","stroma"
"5469","9416e177-8aa1-4039-a3b1-882301c78f46","epithelia"
"5470","94299377-9468-4fe1-8d88-f2e8b6f38642","epithelia"
"5471","942c51a4-8267-44db-a26b-c2f8110a4597","epithelia"
"5472","942ecc3d-104a-437f-a244-1995580a5ca9","Treg"
"5473","942fe49f-bb4b-47f9-927f-84648a1063cf","epithelia"
"5474","9430c73a-bb11-48b4-9f64-1d5eb4869b09","myeloid"
"5475","9434acc2-e25a-48e5-b116-751371fea57a","epithelia"
"5476","943ae13c-22fa-4756-8dd5-22ae755a65d7","epithelia"
"5477","9446090e-47b3-4308-ad61-71bd5536ac20","epithelia"
"5478","94465255-79c8-4972-8573-24dd82ea3bff","NKcells"
"5479","94466537-be9f-41ef-b2bd-957534c0d866","epithelia"
"5480","944e5c74-f38e-4646-96b7-3f485956c4e8","epithelia"
"5481","945017dc-4059-4041-813e-ad765d01e38b","epithelia"
"5482","94587466-92ce-4535-a90f-b5459452ccd3","epithelia"
"5483","945bc704-a8ad-4567-937d-131f93438690","Unknown"
"5484","9466188b-fcc3-49d9-9389-7136b99eaaf2","epithelia"
"5485","947d1cf2-efe3-466f-aaae-096c19ffb293","epithelia"
"5486","947ea18c-ac6e-4539-87e7-a76c62ccf5cb","myeloid"
"5487","948ad9c8-7acc-4ef9-8d7e-afa94f28a9fd","epithelia"
"5488","9494230f-df54-439f-9ef0-90be3a403f75","epithelia"
"5489","94959b4a-c2a5-4b4b-91d6-79b7b3f2f3a6","epithelia"
"5490","949cb42b-bf80-4c14-8832-c400316f99fb","epithelia"
"5491","94a14497-eb28-41bb-bf50-94ab3f151fd3","epithelia"
"5492","94a9a145-e2b0-48dc-b92c-8214eec216f4","epithelia"
"5493","94ae12f9-ac5a-4e6e-b7c5-d2767e3dfa78","epithelia"
"5494","94b1d5a3-108d-4b0a-857b-8d4fbeb342f6","epithelia"
"5495","94b4a228-fbc3-46d3-9a55-4e9a3d12878e","Treg"
"5496","94bc3ab6-9360-4520-ad82-fd47616cb6a9","Treg"
"5497","94c4c236-a124-42cd-a410-a90f5804c91a","epithelia"
"5498","94ce4410-88aa-4be5-ad15-72248296d942","stroma"
"5499","94d89188-92a4-45a9-b583-e955dd0a0a2b","epithelia"
"5500","94d9aed1-33ba-41f9-8ed7-c460271a1ca2","epithelia"
"5501","94dd602c-1f2f-4807-b1ee-ef237893f5b1","epithelia"
"5502","94debb67-aeb5-46f5-bfe8-91dc8d7fd966","epithelia"
"5503","94e39567-f869-4f76-99b1-8471c7482307","epithelia"
"5504","94f28b97-5e79-4c73-8fd2-180525b69c1f","epithelia"
"5505","94f61238-cb23-443e-bff0-b1d609fe33cd","endothelia"
"5506","94f9930b-7a88-4c49-bb8e-ebe31712a49f","epithelia"
"5507","9503b4e6-e2ca-423a-b289-47ac7ec4908e","epithelia"
"5508","9507437c-ae80-4db9-abe6-127b61448f8d","epithelia"
"5509","9508eadb-eb95-436d-b4d5-250eccdd20b9","epithelia"
"5510","950c27bc-180e-489c-b772-31357598c70b","epithelia"
"5511","9519fd9e-cdd5-4784-9195-acf1456e6c26","epithelia"
"5512","95209c85-3a08-45f7-8ccd-a2367db7c60d","epithelia"
"5513","9521907e-709f-4aab-8af7-3b8359e84a1f","epithelia"
"5514","9527dad8-2b80-4cfe-b0be-45de98936e6e","epithelia"
"5515","9528be1e-6cde-4057-9117-e50d25bae16b","epithelia"
"5516","95383353-fd9c-4766-8c7f-12d25221f743","epithelia"
"5517","953daa0a-4826-46d4-abdf-d416d87d1d49","epithelia"
"5518","954059d1-731a-4424-b8df-27c8b194298b","myeloid"
"5519","9544909f-3f64-4901-9e09-0f2899924a18","epithelia"
"5520","954751c0-322c-4da0-b4e2-36073d93e67d","epithelia"
"5521","9557563e-9f9c-4a02-816e-872b9c2e84ed","epithelia"
"5522","955bfc2c-bbed-406d-90e8-efb8621dfc6f","epithelia"
"5523","956e809d-82c2-4ed0-8a39-3aaadd2df3ea","epithelia"
"5524","956f0295-55c0-4cf7-b897-65f2988eea0d","epithelia"
"5525","957bd040-b3c6-4760-b1df-efe839f74c99","epithelia"
"5526","957d3335-98c5-4001-93c4-031dd560fc10","epithelia"
"5527","9586acc9-f455-4c22-ae79-9dd577bb06a4","epithelia"
"5528","958dd3b5-031b-4709-92b8-6b331be22563","epithelia"
"5529","9590e4fe-d992-47d2-89a0-df0f28c8d818","epithelia"
"5530","95932622-6bb6-4492-970f-690187ccbcac","epithelia"
"5531","959d64a6-a68b-4716-8169-9d3d52e0384d","Treg"
"5532","95a43351-654d-4e9b-ad61-cdd854f591d6","Unknown"
"5533","95bf660b-84fa-4185-bbf8-091f12905186","epithelia"
"5534","95c14c80-49a2-4d0c-93da-705e2005164e","epithelia"
"5535","95ccfe85-23d4-4b58-85e5-8210d9c002f5","epithelia"
"5536","95cfe2d8-d9f8-4135-bef1-8d1788467a45","epithelia"
"5537","95d0bbf3-e28b-42f6-83ed-b167ffd7a061","epithelia"
"5538","95d15d05-07cf-4a22-9545-a4e71ebadaf4","epithelia"
"5539","95d92b4d-b7e7-4597-8cc1-0ffeb99e476e","Treg"
"5540","95dec204-b5e8-43e0-880c-9c5dbcc3c19d","epithelia"
"5541","95ee47e7-a8e4-47ca-84b5-edbdb4dfa9a6","epithelia"
"5542","95f2f614-3428-4965-9ce4-016824c2d038","epithelia"
"5543","95f87274-0377-4430-a462-9e738d8e7ec8","epithelia"
"5544","95f90d29-6216-4b89-a536-58414700fbdd","epithelia"
"5545","9608312a-4e6e-4381-919e-8235ad23af12","epithelia"
"5546","9632c3fe-a918-4411-8222-b5aec5dbc998","epithelia"
"5547","96340446-9513-4e77-8b9a-a3d2cb995ec6","epithelia"
"5548","96393334-7b7f-44a9-90b6-6234102d03ed","epithelia"
"5549","96442da6-3423-4a3d-8705-c5c9c8b9571e","NKcells"
"5550","964c596b-338a-42cc-a759-1b308b5f9c09","epithelia"
"5551","96570989-35e5-4c97-a838-ec1ab7ca0249","epithelia"
"5552","965893a4-82a0-49d7-8969-88dbd1bda1a7","epithelia"
"5553","965bd728-56c2-4899-b5a0-5e96e0c9e386","epithelia"
"5554","9662a5ca-f819-4421-a521-70af8d5ae1fa","epithelia"
"5555","96755ad2-285e-4377-8b5e-044e8e989bf6","epithelia"
"5556","967f83e5-4e66-451c-b2f5-4f95343a85f2","epithelia"
"5557","968f708d-832d-4f58-8064-0e58eecf0528","epithelia"
"5558","9691aa41-f04d-4775-a425-c6b41e5ee698","epithelia"
"5559","96975893-11d0-4b76-b2dd-7d87348dc182","epithelia"
"5560","9697fd49-8096-41ac-bb46-c8ca2eb54dbb","myeloid"
"5561","969b6e5f-ac21-4f32-bdb9-5ee36ed06af7","epithelia"
"5562","96a564cb-dbf0-4f35-8a9c-33d5f7a0d536","endothelia"
"5563","96afcf50-2ba3-4a85-9391-b90136967995","epithelia"
"5564","96b09de2-11fd-4d2b-b0ba-0fdcd6bea27f","epithelia"
"5565","96b1a4a1-dbd1-4018-bc92-a4fbdc0757cb","epithelia"
"5566","96b4693d-e41b-4ffe-83b3-ce1cd27552ec","epithelia"
"5567","96b7203c-ff42-44e1-afd6-b9f1e1654e49","epithelia"
"5568","96b79f97-ae42-40b3-aa69-7d4d7f327391","epithelia"
"5569","96d00706-6d4a-4672-a063-813b8d29e05d","epithelia"
"5570","96dc8d96-a7a7-4ae2-91da-35e752661605","epithelia"
"5571","96df0410-77c3-422f-bb09-a7a6e6448a91","epithelia"
"5572","96e8e9cf-90f6-44db-bfad-fada8ab1a328","epithelia"
"5573","96f20348-c30a-4f95-bbe1-aacce636e33c","epithelia"
"5574","96f31451-f7f8-4603-8454-5d196ba39681","epithelia"
"5575","96f7b4e8-f1ba-4eaa-a81a-46fa7fb25847","epithelia"
"5576","96f7e5f9-a7e9-4f1b-ad01-17503129e17c","Unknown"
"5577","96fa5064-d8b7-40eb-af48-f25126cb735f","NKcells"
"5578","96fd3f27-6fcc-470b-8408-341c69f023f0","epithelia"
"5579","97037b9a-34ed-4941-b0df-60bc6e09524b","epithelia"
"5580","97051e67-c2aa-4bb0-ad34-93ab3e7393e9","epithelia"
"5581","971d432a-520f-474c-9fde-0db163038766","epithelia"
"5582","9726fca9-6b6a-4711-bdc5-5682e18be46f","NKcells"
"5583","9728ae8e-1548-4841-b9de-601d50c8294a","endothelia"
"5584","9731f0cc-ffb4-4314-a54c-a6b1ff704b81","epithelia"
"5585","9736c825-50a0-40bb-91cd-de5820e9f53f","epithelia"
"5586","975f79d0-9e87-4482-8c25-16cf2b855f2e","epithelia"
"5587","9768190c-3040-4282-b019-90f1934ab590","NKcells"
"5588","976a9b46-4f69-4adc-b0c8-0c256f291808","epithelia"
"5589","9773d3ed-dc46-4c79-85e3-f0d772f45a0c","epithelia"
"5590","97798655-8686-4b50-aebf-5806ec2c8282","epithelia"
"5591","9785efed-981b-44b3-9403-6002b7f51309","epithelia"
"5592","97889a86-c84c-4dc6-a334-9a1c2919199f","epithelia"
"5593","97893f01-cd4d-4d52-9165-3ddc7f32d4f0","epithelia"
"5594","979348be-2b7f-4d38-a7a5-dce6d693fb66","epithelia"
"5595","97a1113d-181e-4cb3-a5c1-3706150d711f","epithelia"
"5596","97a44a0b-af9c-4cd1-9187-01fa7610c20b","epithelia"
"5597","97a5909c-e7aa-4f69-9b24-a0a26ab14c60","CD8_T"
"5598","97aaf82f-567e-4902-9ebf-dae511ff4df0","Unknown"
"5599","97ac47b2-d2e0-4918-8e1c-72cf6d0876af","epithelia"
"5600","97acd7aa-047c-4810-9df5-49f0c031ed6b","epithelia"
"5601","97adf068-14ed-4270-b059-e91913a82fb5","stroma"
"5602","97b5d385-26c7-4e20-8999-61d892d8a717","epithelia"
"5603","97bf4f13-77e1-4eda-a1e8-c558417721c6","epithelia"
"5604","97c05cf4-97b3-4b03-982a-7fb6e176f109","NKcells"
"5605","97c2f28b-4458-4a2c-b8df-41ce4239c467","epithelia"
"5606","97cc0a54-b80a-47c0-9b87-ee8145b600ca","myeloid"
"5607","97d773ed-1523-427f-8299-342b834bed15","epithelia"
"5608","97da6381-6414-4236-8d00-da26d18b4b62","epithelia"
"5609","97e78657-a081-4e9f-834d-5f96ce32e978","epithelia"
"5610","97eafbd2-94e9-4330-a7e4-6d4f9091ba4d","epithelia"
"5611","97f29de1-fd36-44ec-a0f6-00e973152153","epithelia"
"5612","97f4e723-6826-4e1a-997c-d1a73b7877a2","epithelia"
"5613","97fc4cf9-f835-473f-8012-b4532db64e80","epithelia"
"5614","980851b6-aa50-4326-b578-6307c68b9f67","epithelia"
"5615","98100ddd-d6ae-46d0-9585-3b0952b851f8","epithelia"
"5616","98128be5-0d85-4128-bc6b-72f77d4d8dcd","epithelia"
"5617","98140b80-d84e-4f26-918f-500c6edfa203","epithelia"
"5618","98167f64-fa6a-49c4-9456-670937da66b1","epithelia"
"5619","9819d245-9e3d-46ba-824f-020765073c95","epithelia"
"5620","9820ff34-67d6-4ce4-a8f6-d3de5fb8ec86","epithelia"
"5621","98220cc2-0566-42e4-91d8-0b70afbfee6e","epithelia"
"5622","9824b27d-1cb3-4f97-b304-24a74f4ec8f6","Unknown"
"5623","98313d4e-7a99-457b-aea3-ac8ab9488183","epithelia"
"5624","98390162-fb5a-445e-a713-010c0e72555d","epithelia"
"5625","983a5892-4e32-4fa8-9650-6bf2df0deabe","epithelia"
"5626","983b238a-af4f-4820-96a2-357405904294","stroma"
"5627","983b7aeb-4308-4e75-82b6-bc60065487cd","epithelia"
"5628","983c3687-083c-4606-9224-b74c0e6406fd","epithelia"
"5629","98404f3d-305b-4fca-a9b2-fea3c752136f","epithelia"
"5630","98429f2a-d153-44bb-bfc7-d6a72aedd2b8","epithelia"
"5631","98460b53-945b-4dd6-9f91-1dfc6b0d6605","epithelia"
"5632","98503126-3fc6-4e90-b124-e013d0daf870","epithelia"
"5633","9855da28-a9c4-49f9-b10a-869a74caaf30","epithelia"
"5634","9855fff8-b49d-4a87-930e-110ca020ef26","epithelia"
"5635","986c4553-4957-4c87-a75f-16954fb54275","Treg"
"5636","986cd5f1-5850-42a1-bc90-6d23a23084a1","epithelia"
"5637","98724f4a-9d9e-4af6-9e68-4325d14688ad","epithelia"
"5638","9879e168-f089-4765-a28c-4368a208ce79","epithelia"
"5639","98876182-ad93-4bf5-9f8e-fa83e61e2ff8","epithelia"
"5640","9887b419-41b5-41c4-a074-74a6aa331215","epithelia"
"5641","98881127-017e-48e8-9df4-258249766ca6","epithelia"
"5642","9889c151-6875-4dbb-a8e2-3b9d225c14a8","epithelia"
"5643","9898c60b-0a1b-40e6-aa34-c9f791266990","epithelia"
"5644","98ac80ba-d4b1-45c1-980c-562574a96e25","epithelia"
"5645","98b6645f-272d-4270-96dc-fef6527e9979","myeloid"
"5646","98bad58a-e028-4d49-bebb-9b2a88e4ac29","epithelia"
"5647","98bbf4c2-4eb0-4b9e-823e-2bfc89a3e0f1","myeloid"
"5648","98c551f2-1a0d-458e-ace8-2229134c9b6c","epithelia"
"5649","98c7824c-5d71-4d9e-b16a-ca870256f78c","epithelia"
"5650","98d0a1ce-4078-4efe-b234-37299129357d","epithelia"
"5651","98d57b60-a5eb-4e05-beda-acdb60288d68","epithelia"
"5652","98dbc2c8-07b3-47cc-beca-477aa929b780","epithelia"
"5653","98e34fbf-a061-4cb5-8f6e-78451acf2efd","epithelia"
"5654","98e39797-23a6-4800-8246-579a007db26b","epithelia"
"5655","98e95d44-e1cf-43a5-a530-6218b8898560","epithelia"
"5656","98edc099-7f58-4438-9f06-f5394473c5b2","epithelia"
"5657","98effd76-29d7-4a08-ac5c-9bc63820cae6","epithelia"
"5658","98f19d53-b1d3-43f4-a377-8a1495223a6a","stroma"
"5659","98f3a542-1361-46da-b6d6-1ab69e37750e","epithelia"
"5660","98f81d99-40f6-487f-93dc-2898e4482c63","epithelia"
"5661","98f9170d-583f-47ec-902e-f24a9b76f914","Unknown"
"5662","98ff7a04-c211-420e-8036-d61b2d16deb1","endothelia"
"5663","9901f8ef-7db4-4218-aafd-06969f12606f","epithelia"
"5664","9918841c-1ffe-4d1f-a277-72c85050fd07","immune"
"5665","991a9a17-af42-46c0-9b62-bc7e091eb313","epithelia"
"5666","991d5437-0696-4113-aefb-05b18371cb3c","epithelia"
"5667","9925af30-79ad-44a9-870b-2c71a3b19f8b","epithelia"
"5668","9925c382-6f3e-46f9-9c03-32596063abbf","epithelia"
"5669","9932ab95-614c-4c9b-88f2-c37c7e498d2b","epithelia"
"5670","993843cf-b979-47be-a3e7-630fc93aca73","epithelia"
"5671","993d045c-f2b7-4e01-8311-523324eb0b06","epithelia"
"5672","994a2360-f958-42f7-9f95-2a05c779bf00","epithelia"
"5673","994b9bbc-0e7b-430a-8dba-50b52af2c119","epithelia"
"5674","9956b19f-1071-4abd-b687-01275dadc69f","epithelia"
"5675","99594443-f3bf-4e80-8829-064db41b48dd","epithelia"
"5676","9962f321-4e98-4d4f-8c69-f092a219535b","stroma"
"5677","9964f6fb-f597-4e6f-a7ae-769adc11dbcf","epithelia"
"5678","99685285-e76e-435b-854c-22d16eea2e87","epithelia"
"5679","9977f960-0c81-436e-b406-821c9f79b1aa","epithelia"
"5680","99825e5e-7ae6-41e4-b226-8cfa1975731c","Unknown"
"5681","9984c04c-4cca-4668-adca-0999b5642f5b","epithelia"
"5682","99870928-7c05-4b91-8eb5-a57b47e6a17f","epithelia"
"5683","99932d0e-a1bd-475d-bfbe-26cec0f6d5f5","epithelia"
"5684","9997c60d-020b-435c-8031-fe284de44c01","epithelia"
"5685","99a7f67e-f709-4d51-98a2-8f49c3fda49a","epithelia"
"5686","99aa613f-9dcf-4049-9903-780151c5355b","epithelia"
"5687","99b3b01d-e3c1-4b1d-84d1-1d7078e1ffde","epithelia"
"5688","99baec44-1dd9-4820-a3ca-6552625afa85","epithelia"
"5689","99be6263-edb2-443e-a6bc-1bc9a4afc3d7","epithelia"
"5690","99c100dc-0700-4709-9b29-3fd8aac6cc3a","epithelia"
"5691","99cbcba2-0537-4e04-8b0b-8480f4f2e77d","epithelia"
"5692","99d6677e-5551-4acc-bea9-bcd86de0f64d","epithelia"
"5693","99d7585d-c53d-499b-8ba9-a43f2fc7d76c","Treg"
"5694","99e4c127-05ed-4e0f-9ae4-3e8f968eef2e","epithelia"
"5695","99e5aa43-cd0d-4f03-9ed2-4c37314c0a0f","epithelia"
"5696","99f33219-fa1f-4e2a-b258-854dd7cd6c8d","NKcells"
"5697","99fb7983-aa27-474c-b359-61bef675c684","epithelia"
"5698","9a00ccbc-d27b-46e1-be86-b4f5c25482e3","epithelia"
"5699","9a15df12-ea84-44f3-ae81-f0a496a77627","epithelia"
"5700","9a2b94a6-c070-4d59-bcbf-414dab29986d","epithelia"
"5701","9a2d6aaa-5bbc-48b7-9da9-b7ca0ca289ff","epithelia"
"5702","9a30481b-2273-474e-86c1-bae436c0981e","epithelia"
"5703","9a30c710-0875-46db-9c44-b37eba3f20d3","epithelia"
"5704","9a326f5d-896f-41a4-acf9-5e849c690206","epithelia"
"5705","9a4416ce-ac70-4439-b30a-2e2e0f52d783","epithelia"
"5706","9a478944-49ab-4ed4-9c61-82edac29d516","epithelia"
"5707","9a4c1344-6558-40ff-a145-a57a55d52b8c","epithelia"
"5708","9a4cd20a-93fc-4bf7-85c0-285ae48ad6ff","epithelia"
"5709","9a4df12b-3eee-4ee2-99a5-6201a74fd546","epithelia"
"5710","9a52c5a4-6be5-4760-8f81-4e597903507c","epithelia"
"5711","9a5e4ac3-3dd2-4074-8dd6-05f1f6b237cc","epithelia"
"5712","9a75e8c9-a444-4384-998f-37dd739fbbc8","epithelia"
"5713","9a7bafb3-e7cf-4e05-b7c8-0b31c76f3e9e","epithelia"
"5714","9a7c6612-c037-4245-afb5-3fd60611960b","epithelia"
"5715","9a83785a-d33c-4bf6-854e-550a445bf143","epithelia"
"5716","9a8e2124-abe3-41f6-ba23-fea2c7b95a61","epithelia"
"5717","9a8e6988-e6df-4f9c-aff5-29861bf04a59","epithelia"
"5718","9a94b18c-2061-4f27-bbd2-95f47163378b","epithelia"
"5719","9a96340a-0ffa-460b-b311-7bc97930dfc9","epithelia"
"5720","9a9e48bb-8d5f-4c23-8183-bab6107c5a2e","epithelia"
"5721","9aa2decf-3cd3-4970-9f17-2b1d58c9e8c9","epithelia"
"5722","9aad22d7-b33b-4d86-9a6e-6d27f965a38f","epithelia"
"5723","9aadcb32-c09a-4d35-ab73-243bc3f8f5f0","epithelia"
"5724","9ab6cec0-4c1d-4808-8124-ae658b4a4eb2","immune"
"5725","9ad02f21-79cb-45a4-a124-d0be56b4820e","epithelia"
"5726","9adf9ad4-ac4e-4453-989f-803fbf9fc572","epithelia"
"5727","9ae58648-183a-4d70-a678-46872f22ebd7","epithelia"
"5728","9aeb985e-5911-481f-b8ba-d76a4bede933","stroma"
"5729","9b03f9c2-d31b-4770-80e7-c4b65768d7f0","epithelia"
"5730","9b073b6e-21bd-4dec-828f-518b955800c7","epithelia"
"5731","9b0aac4c-b99e-44c6-ba92-a93ea9efb072","epithelia"
"5732","9b0ba38a-3951-4c54-932d-786c901b5555","epithelia"
"5733","9b1330cc-7f94-4ad0-9f8a-bc33e2035d76","epithelia"
"5734","9b2347be-c736-4504-86ad-f850507d69c3","epithelia"
"5735","9b28ca0c-bbcc-4c03-891e-d9b70decc7ca","epithelia"
"5736","9b327758-f0d8-4e52-b5c5-93272efa700f","epithelia"
"5737","9b493993-2c80-4038-b94d-fd055721ae80","epithelia"
"5738","9b565114-1fa9-43f3-a18f-523c18666a81","epithelia"
"5739","9b5de237-bbe4-448d-8519-29098a550f4b","epithelia"
"5740","9b6ecb7a-5d5f-4fb5-9e5e-21cbc90873d2","stroma"
"5741","9b7e9148-4e87-4ba0-848a-402d1beb23ca","epithelia"
"5742","9b8360d4-6fbb-4a07-a025-f76b28b8ec91","epithelia"
"5743","9b861a6f-57d7-46cc-b0bb-a5b27bbd64b6","myeloid"
"5744","9b96654e-1726-42df-8ffa-df18460d1cfd","stroma"
"5745","9b97f3b5-3236-423b-ae17-c4548981d1a6","epithelia"
"5746","9b986c2e-2275-4e45-8362-61ec93fc8ba1","epithelia"
"5747","9bac1cd9-f1e5-4cf5-9e22-82b8a41f556e","CD8_T"
"5748","9bad5078-6c40-4ef1-8a9e-4c864a8ee670","epithelia"
"5749","9bb3bf50-7d64-4001-bac7-8ffa26a4f797","epithelia"
"5750","9bb449a6-1175-4380-9f2a-10ab34d5093b","epithelia"
"5751","9bb56568-9b62-49a0-b984-25b6999ee5cf","epithelia"
"5752","9bc0d6a7-82b6-43ec-90be-4ec30e1d32c1","epithelia"
"5753","9bc830f4-287b-4642-800b-abe4cfa66cd1","epithelia"
"5754","9bdb8f12-c0c3-49d5-a02a-3b43189f7720","epithelia"
"5755","9be323ab-dc9b-498f-b3a8-c16cb0191372","CD8_T"
"5756","9be6704a-43e0-4ef8-b11d-7ab8b163165e","epithelia"
"5757","9bee0921-8c5d-4eda-accd-0f5eca59d8bd","myeloid"
"5758","9bf250cf-f31a-4f3e-905b-5de9aad7d897","epithelia"
"5759","9bf9b071-8bfe-45ea-ac6b-7524f8f1a0a6","epithelia"
"5760","9bfa9499-bc39-497e-ab0e-f91749d74c60","epithelia"
"5761","9bfadc80-7d4c-45b3-81a0-154bbe039121","endothelia"
"5762","9bfd32d8-62e0-423e-90e9-783f91df015d","epithelia"
"5763","9c069ae9-a07d-4ff3-a723-ce4a46797c36","epithelia"
"5764","9c0ac645-15dd-40d3-a88e-ed141f6e725c","epithelia"
"5765","9c0f4191-1b8d-4239-a2ac-84a99e1f83e5","epithelia"
"5766","9c135065-9dc5-4612-a553-d42ef17991d9","stroma"
"5767","9c1480b7-9fc7-4dc7-8edb-fef1afeb9a8a","epithelia"
"5768","9c1b6299-c3bc-468f-b35c-3b3150b541c7","epithelia"
"5769","9c21a012-3521-49ce-b5a4-05b51cd64afc","epithelia"
"5770","9c28ae7d-0d99-4678-a3f2-a465501dee88","epithelia"
"5771","9c2e4c19-1f5a-44a4-b7a1-880dd35161b6","epithelia"
"5772","9c335675-0f81-414c-81c6-ba51e3ceb8e1","epithelia"
"5773","9c3da0c8-dcfc-4123-bbdd-8d3d63187d4e","epithelia"
"5774","9c4c81e5-5b70-4967-9110-448660c3b6be","epithelia"
"5775","9c5bea12-7acc-4ff6-a421-1db4adaedfe3","endothelia"
"5776","9c5d3e5a-f5e4-4e22-838d-5c7e458bdee8","epithelia"
"5777","9c67ee81-eac5-4a22-90b1-6e51b4b13b51","epithelia"
"5778","9c784f3d-ae4d-48bf-88ec-e1ccd2ba042a","epithelia"
"5779","9c8fad3a-c8c8-498a-ace8-e67dd3d6f729","epithelia"
"5780","9c9e1823-006f-4da5-8b93-4a243e5053b5","epithelia"
"5781","9c9ee8fe-6166-417c-bb1f-02ea9c451c35","epithelia"
"5782","9cad60a6-db64-4705-b4bf-d35cccf56a84","epithelia"
"5783","9caeed9e-6cd9-4616-a364-409d4275c930","epithelia"
"5784","9caf04b3-bc26-4169-9a3e-9e9b261a50bb","epithelia"
"5785","9cb0816d-5db9-432e-93af-df82f8523e55","epithelia"
"5786","9cc32a32-5f58-4af0-9de5-2375391e1cd0","epithelia"
"5787","9cc512f4-a099-4556-a823-90927676c672","epithelia"
"5788","9ccc5941-a3a2-492c-97d4-faed2ad2f465","epithelia"
"5789","9cdb5dc0-d073-4dbc-9cc5-62827e882812","epithelia"
"5790","9cde6c0d-8ce5-43c7-b1cf-4441970e848f","epithelia"
"5791","9ce8721e-bbd2-4b90-bea7-8b657c068d58","Treg"
"5792","9cee7060-66ca-4ec2-b29c-178cf66b109e","epithelia"
"5793","9cee7f10-a75a-4f9f-8538-e27268542e95","epithelia"
"5794","9cf4d327-c823-4691-abf1-f9b1a3d86efb","epithelia"
"5795","9cf65810-35fb-4e42-af41-32b6e5b67d62","epithelia"
"5796","9d04ec21-766d-468f-af3e-376aba70f90f","epithelia"
"5797","9d07fc9a-f26b-4373-a989-079b84d52d5a","epithelia"
"5798","9d0e3b0b-32d8-4093-aa6d-b3f1ef34566c","epithelia"
"5799","9d16713b-55e3-49e7-983c-af7681a2d925","Unknown"
"5800","9d2501f8-3a0e-4dd5-8dec-f5f3b1bd0faa","stroma"
"5801","9d2bc918-b9d6-459e-8b79-3709cea57112","myeloid"
"5802","9d380a70-01a5-4643-9699-00c8eb75f04a","epithelia"
"5803","9d54b05a-03a3-4966-9aea-5eea26ebd080","epithelia"
"5804","9d62f989-e585-4ceb-8a3b-277d956b0c9e","epithelia"
"5805","9d693502-7e2f-41b8-8f28-ce2ec949ed38","epithelia"
"5806","9d797c4f-c78f-48d0-8292-1741cf837295","epithelia"
"5807","9d7b0fd3-a7fe-40ac-80a8-3e840bd4bd75","epithelia"
"5808","9d7b8b71-7d0d-46a0-8a71-d60540f518c3","epithelia"
"5809","9d80c9bd-4f1a-4342-a174-b9ae1b7529d1","epithelia"
"5810","9d8f60af-a8ed-4364-a785-480aa55f7c35","epithelia"
"5811","9d9b6057-b384-4dcd-af7b-e501e61bd4e5","epithelia"
"5812","9da1612c-61d1-4b43-b57a-38f10b4c6c18","epithelia"
"5813","9dadfd3c-cb82-4d1f-bbad-1baf2b58a8a1","epithelia"
"5814","9dae16f6-f048-400c-909a-9efb612c6603","epithelia"
"5815","9dae9f07-4d90-469e-9f07-4a42a70052db","Unknown"
"5816","9dbb9fbc-a78e-41d6-a12f-c3b517e41b87","epithelia"
"5817","9dc9e13f-565c-42d1-8c97-5c1e0c2d764b","Unknown"
"5818","9dcc06e5-8873-40ec-875a-8568b7120bc2","epithelia"
"5819","9dd1b2a2-12ae-45a0-a34c-f6ad1112f04c","epithelia"
"5820","9ddcf5e0-5bfc-42a8-b144-30d5c0b06c43","epithelia"
"5821","9dde9af6-b38d-4daf-bbf0-ad6c38a636fc","epithelia"
"5822","9de8417a-35d6-4075-96cb-9ea5c35c5b40","epithelia"
"5823","9dea0236-177d-4505-b952-427579ce46c4","epithelia"
"5824","9defb0bf-407c-4ee5-9860-38b68f8adbc4","epithelia"
"5825","9dfd0750-dab9-441b-9ad6-4b83264b40df","epithelia"
"5826","9e00787e-4e80-4b37-9518-23f9a103ff8c","epithelia"
"5827","9e0175ba-90f2-4b73-9f61-4cba225094b2","epithelia"
"5828","9e03a893-f7f8-4a5f-aabd-590a27ab675e","epithelia"
"5829","9e096019-fa36-46c4-ac7d-4eceee788a6a","epithelia"
"5830","9e10a3a6-624c-42d8-8dd4-99d0830686c6","epithelia"
"5831","9e117e44-1662-4f03-9975-bce1772af496","CD8_T"
"5832","9e1906cd-f516-4518-a038-835e0e7752cd","epithelia"
"5833","9e1f0e55-56b2-4a6b-8a0a-e78fc9bb52ea","epithelia"
"5834","9e266b84-6cd7-48c9-a257-35d020c9cd50","epithelia"
"5835","9e28a363-ef56-4c8f-a320-01073db5def6","epithelia"
"5836","9e2c65f7-5161-410a-a689-7038e39a3284","epithelia"
"5837","9e33a574-7d19-4b28-8c65-9bbb4bb88f7b","epithelia"
"5838","9e4898ea-227a-4d5a-ade6-75413af155a7","epithelia"
"5839","9e48bce0-ffdb-45bb-b0cf-7b83c5651aae","epithelia"
"5840","9e5113d2-0cf0-4dc6-869c-6ad5a9cf08a6","epithelia"
"5841","9e51a138-bcff-4633-b3fd-1a3117aabce6","Unknown"
"5842","9e5250d1-a83c-4040-8d28-1b98eaf57740","epithelia"
"5843","9e5a224c-db6c-4e9d-800f-e92f5b3420db","epithelia"
"5844","9e6a0cab-36bd-4a49-8b6d-3a22058479d6","epithelia"
"5845","9e6bbad1-9fa5-4420-9b16-d7afc14f649d","epithelia"
"5846","9e6bcd10-3665-42fc-b809-e5b736eca3e4","epithelia"
"5847","9e7c658e-231b-4a39-b8cd-2f302fff9273","epithelia"
"5848","9e7da346-9ec8-4fb8-8df9-463fe2bca137","epithelia"
"5849","9e7f6a4a-16a9-4082-beed-ed3186c9f394","epithelia"
"5850","9e81579c-841e-4e3a-8767-a584b3797ad8","Treg"
"5851","9e81fe5d-1dc9-499c-b8b9-ef2eb97a3cd1","epithelia"
"5852","9e881f13-ecfa-4df4-983d-0d087d2e471f","epithelia"
"5853","9e957203-4c22-471f-83d4-f87ecb3f933f","epithelia"
"5854","9e971788-b539-486e-ab0d-1fbfdd9dabfd","epithelia"
"5855","9e9bcd0e-e0ff-4e53-8678-edf1a2f9eb0b","epithelia"
"5856","9ea21a60-7333-4968-a851-7d0c093e3da0","epithelia"
"5857","9eaa1cc9-77e2-4150-91a5-8ccf9b0f5973","epithelia"
"5858","9eb31210-e825-460c-8107-306e8c93d8cf","epithelia"
"5859","9ebe98db-0a1f-454e-abe2-364192429395","epithelia"
"5860","9ecd3306-0bfa-41b8-b678-db605bc3ad7d","epithelia"
"5861","9ed7b7fa-80fb-4aec-a530-0e69e030d26d","epithelia"
"5862","9ee4ee12-c2c0-44d3-9479-5206e3663ac0","stroma"
"5863","9ee556ce-01db-4c2b-9950-3c8c71088ec8","myeloid"
"5864","9eeb2134-fd55-4b4d-90d6-69f55474968a","epithelia"
"5865","9eebeecb-2c94-4201-8ba7-1412092f8752","epithelia"
"5866","9ef9e507-22f3-47bd-9443-fe0478bbce01","epithelia"
"5867","9f21c784-61c5-46f1-a73f-267b0f6ea0ff","epithelia"
"5868","9f239b8d-eca8-47ba-ba24-d54672a6b2de","epithelia"
"5869","9f43ec47-9ba0-49c8-9ed7-7eb280bc6042","epithelia"
"5870","9f446966-4f09-49c7-b90a-9b3e06d5ebff","epithelia"
"5871","9f48bf3e-49b5-49d5-93f1-f080d9b59239","epithelia"
"5872","9f51a12b-19fa-4d8e-8039-ac5c0406ecb5","epithelia"
"5873","9f5233fb-8d07-4d9b-ba82-cdf9b360abe4","Unknown"
"5874","9f5702b5-73d6-4d0a-833c-d90426260b27","epithelia"
"5875","9f599ccd-ba2b-473a-ac43-825a3fa2ad2e","epithelia"
"5876","9f6712e8-a48e-4526-b4bd-20b983dbae88","epithelia"
"5877","9f71e653-1cf5-48c7-b6c8-4b541f026ffc","Unknown"
"5878","9f8998bf-dd38-4c23-93d6-16c8bc7fbfd2","epithelia"
"5879","9f8f52bd-9885-4fa2-9047-0a85340ce1fd","epithelia"
"5880","9fb8bf70-f7ba-4ac9-9569-86618aae15f5","epithelia"
"5881","9fd17426-2a25-4909-acb4-975000642907","epithelia"
"5882","9fd48eb6-ba3f-4ece-bd1e-f0797d40dab2","epithelia"
"5883","9fe18901-d1f7-4d11-8fcd-96a9022750f9","epithelia"
"5884","9fe56fa3-e39d-4e02-b123-ed93cdb87613","epithelia"
"5885","9fe9878b-9eed-4170-8844-c555e2ee9b67","epithelia"
"5886","9ff21af4-fa6b-4d6a-994d-916433ae6c5e","epithelia"
"5887","9ff74c8b-34e5-496e-9cd2-83027e592153","epithelia"
"5888","9ff948b0-14c6-4051-941b-b1fb655df9ab","NKcells"
"5889","a001431f-15f0-472c-902e-0646692badb2","epithelia"
"5890","a0027656-d79d-4dac-816a-7b09c7dae072","myeloid"
"5891","a007c876-2761-4b68-8a64-6502c9593af8","epithelia"
"5892","a00aae73-3485-40d3-96c7-44e181bb7b73","epithelia"
"5893","a00c9a44-44ef-47b3-9a62-73f063ecc02c","epithelia"
"5894","a0321c9d-6150-47be-af08-867d881b0f91","epithelia"
"5895","a033b35b-1651-4e2a-9403-38e8e17800f9","epithelia"
"5896","a04fb445-7423-444c-bf80-c61e3a22a902","epithelia"
"5897","a05523aa-6261-4d8f-8a3f-ec4fb5a46437","immune"
"5898","a058c26b-ec14-424e-96a7-89b3bb327530","epithelia"
"5899","a061a1f9-b22f-46f7-9a21-af03d0e40643","NKcells"
"5900","a06e204c-5049-4411-bb8a-f5bcd5cb3734","epithelia"
"5901","a0772936-ae3c-4fb0-8555-6c4d084d082b","epithelia"
"5902","a0775f16-4e35-416a-bd64-0900db8fdfd4","epithelia"
"5903","a07a72b9-1fbc-478b-87a6-275d61374a6b","epithelia"
"5904","a08a6f7e-9f5f-466f-ae28-9a3160f2f296","epithelia"
"5905","a08cf7b2-0979-4e91-ac77-ef3233e43264","epithelia"
"5906","a091f43a-3d87-4180-9d12-280a0e9a8cce","epithelia"
"5907","a0967b27-ddc3-4e42-9ca5-3f416b92593e","endothelia"
"5908","a0970c44-b57d-4196-9efe-cf39314b3d2b","epithelia"
"5909","a09a4cd6-2e93-48bf-b7e1-5f7a3d659738","endothelia"
"5910","a09dce6f-91c7-4afe-b616-f7b0f687d6e5","epithelia"
"5911","a09f12d8-639c-41c6-af90-495b04077281","epithelia"
"5912","a0a38a4b-8322-4a40-8c05-8ea39c4dad78","epithelia"
"5913","a0b74574-414f-4ea8-b665-a5a5c362daa6","epithelia"
"5914","a0bb3008-88c6-43e0-b9a6-b020efdfa001","epithelia"
"5915","a0bcd131-fa14-402d-b173-45417bba274f","epithelia"
"5916","a0be26ae-7a1e-4063-adb6-bd393f3315ad","epithelia"
"5917","a0c79574-c8bc-4b1d-958e-cbdf2a4e34f7","epithelia"
"5918","a0cc8b94-e7cd-4a3d-8566-698014952bcb","epithelia"
"5919","a0cda11c-3aeb-4a06-87d5-f9004dde3ddc","epithelia"
"5920","a0ce3abf-c555-4f99-ab94-214c9901c936","epithelia"
"5921","a0d629f3-e045-4cde-903d-3d7d575aa668","epithelia"
"5922","a0dd4a7b-3eaa-4902-9295-48cfcb524efd","epithelia"
"5923","a0df1dec-1226-445a-bc23-f486d91c0b58","epithelia"
"5924","a0e9b652-0158-4663-a24b-fc3bf025ee6e","epithelia"
"5925","a0f3894d-1659-4651-a85b-def9a0a3592c","epithelia"
"5926","a0f54d42-679d-4540-a896-00987eb8797f","epithelia"
"5927","a0f58225-71d4-43cd-aa17-60f24beee41c","epithelia"
"5928","a0f838e6-331b-4679-a677-0fc01f426f4d","epithelia"
"5929","a11593f0-aeb3-4af0-99de-495e1fc458f8","epithelia"
"5930","a11d76c3-8ffa-40d9-90af-986d32da9a15","epithelia"
"5931","a126f08e-3df8-4929-a996-2e9692bf1eb9","epithelia"
"5932","a12ab6b4-5934-4a42-98c7-03ac31953ad1","epithelia"
"5933","a12d8a54-05ac-4353-a311-b191161eefa7","epithelia"
"5934","a12f45f3-7a1d-43a2-966a-8c370ae9c4b5","endothelia"
"5935","a146fec4-badc-489a-a895-5d065af1cf55","epithelia"
"5936","a14fd8f2-053e-4cd2-b1af-6c339ea1858f","epithelia"
"5937","a15aba05-11b9-465c-bc25-19d687fd0fc7","epithelia"
"5938","a15c53e3-9d8b-4e11-af09-0e5b2a85014b","epithelia"
"5939","a1641dfe-c06e-4bd3-a01b-ca17d1aaa23d","NKcells"
"5940","a16424a4-9a76-4724-8563-d31a44dec8bd","epithelia"
"5941","a166df49-b05e-4a21-9ce1-f5e409cff4c5","epithelia"
"5942","a1698f46-f182-48c6-b864-13542ec67c6a","epithelia"
"5943","a16b68ad-5740-40ef-97ca-f1c5364117e1","epithelia"
"5944","a16e4813-b68f-40ae-882e-fea95d3daeca","epithelia"
"5945","a16fb036-75d1-4354-9af9-68d3e383a1cc","Treg"
"5946","a16ff3ee-241f-490b-8b18-0c485c79401f","epithelia"
"5947","a172005f-73d7-4935-b0c6-987942bf7ac8","epithelia"
"5948","a1735d88-c99d-4dc4-bfbe-d394ea594327","epithelia"
"5949","a1764922-42af-435f-a6c2-fdcdb0876fe4","epithelia"
"5950","a1766239-504b-4b85-9194-be557e54d8c9","epithelia"
"5951","a1905ca7-2214-4bf8-84c6-feb8a1e94fc2","NKcells"
"5952","a1913cb2-d227-4ca7-ac32-8bd4fea3a828","epithelia"
"5953","a197a06b-8b21-4064-b6c4-92700428ad74","epithelia"
"5954","a19a7d2c-b1f2-4c8a-987c-d74901a1d50c","epithelia"
"5955","a1ab5a21-dca1-40bc-8448-4635e663db7f","epithelia"
"5956","a1b52814-cddd-4c41-b354-379f2a61dfef","epithelia"
"5957","a1bbcd18-7af1-4189-95e7-3c1955d01a50","epithelia"
"5958","a1cbac65-7976-4ee3-9a83-fb0bb116a760","epithelia"
"5959","a1cd5e95-8c89-4c76-9383-dbb89eff1c41","epithelia"
"5960","a1cf4f1b-fba0-4f30-867e-3fb31fd6c19e","epithelia"
"5961","a1da56f1-a34d-48f5-8619-268e6a4e39ae","epithelia"
"5962","a1e82e19-7d38-4058-a28c-20dfd6594d7f","immune"
"5963","a1e89f54-f3ff-4618-b7ce-703b0f02546d","epithelia"
"5964","a1e8a8d8-6a15-40b1-ac4e-4d557fbc5a89","epithelia"
"5965","a1eaf1db-703f-4b70-99d0-116a78023a92","epithelia"
"5966","a1eb331d-27f4-45e9-97d1-93f2653662e8","epithelia"
"5967","a1ede06d-213a-403b-a989-0b6d76385e85","epithelia"
"5968","a1fe0074-798a-460d-9e45-4fbd39dd8f50","epithelia"
"5969","a204f64a-49e8-4cd5-9e58-169ce8f04cc5","epithelia"
"5970","a20d3fb5-dc91-4f47-8eb5-d1263c1f1bf8","epithelia"
"5971","a20f7530-4556-42b8-baca-1d39356a6ab7","epithelia"
"5972","a20fa17f-aa60-4b9b-a052-21606dea3bc0","epithelia"
"5973","a216e37f-5a0b-4009-a1b4-74022d36d92a","epithelia"
"5974","a2246072-c3e2-4e11-ab64-caa351adb00c","epithelia"
"5975","a22781b1-1b09-4b27-84bc-20d5af1046d3","endothelia"
"5976","a22e09a7-e728-4408-bb46-4c3b42f34905","epithelia"
"5977","a231b8bf-87db-44c8-a281-f3b919ef0146","epithelia"
"5978","a245bec1-beac-4f06-97f0-07950e48dc02","immune"
"5979","a2499fcc-92f6-4201-b91e-b04dd62137ea","epithelia"
"5980","a24cb9ca-0708-46fb-a48f-613984050d4a","epithelia"
"5981","a256dd96-a1cf-4bcd-98fa-76cbadf6cf06","epithelia"
"5982","a257c27f-3ef0-4884-9a26-1038782da359","epithelia"
"5983","a25c3476-42f4-442e-9d73-031609bcc241","epithelia"
"5984","a27779cf-d2b8-4a1b-9b74-9e890473dafe","epithelia"
"5985","a27a598f-e042-4ec8-ae05-0354b9fc1809","epithelia"
"5986","a282bf4c-439c-4760-a997-2b518d102641","epithelia"
"5987","a286dde3-15e1-48b5-b60c-f137f440740a","epithelia"
"5988","a28cf752-6206-4853-bb58-c946e0bb3fef","CD8_T"
"5989","a2940f07-e017-4ecf-a0c1-713e96fc89f8","epithelia"
"5990","a29b4b73-7e1d-4789-a31a-a199d906b7fc","stroma"
"5991","a29fb799-5ac7-44b7-b7a8-8a089f9a78fd","epithelia"
"5992","a2a1034b-00bc-49d6-a5b8-bc4670c9f1f1","epithelia"
"5993","a2a5efd0-36f2-4132-9a50-9fcaf4f046f2","epithelia"
"5994","a2a63de5-4ec5-4b70-b94b-4d26d612b3c5","epithelia"
"5995","a2ae8061-31d4-484f-8f7d-6a8c1d8cc9d6","NKcells"
"5996","a2b053f9-cabc-45d2-b47e-1115b4a10a1e","epithelia"
"5997","a2c33c63-be46-43b3-8a7c-b933fa21975c","CD8_T"
"5998","a2cb22e8-23d1-41a5-8a3a-c1fa88a7cc85","stroma"
"5999","a2cbc89f-5ef7-49b4-a93b-b1c77a941f58","epithelia"
"6000","a2d48be8-1485-44e6-99b5-72c2b2624cda","epithelia"
"6001","a2d5da61-944a-4a12-b1a8-6621309214b4","epithelia"
"6002","a2ec5fc9-952c-499b-96be-5d3ca1f32959","epithelia"
"6003","a2ee5784-1976-4034-8c38-2fb5e813f69a","epithelia"
"6004","a2ef5d3b-27db-4050-adcd-b4d70b30ccd9","epithelia"
"6005","a2f70b86-a11e-4789-b8e4-3e054ae3a28a","epithelia"
"6006","a2fff0e1-9427-402f-a5bd-cf51be8debef","epithelia"
"6007","a3033006-4345-4c53-aaa1-ba6b88e2b703","epithelia"
"6008","a306cc13-c75d-428b-880f-f37d92e76f91","epithelia"
"6009","a3071bb8-1386-4c57-b855-b74214b54695","epithelia"
"6010","a3072e51-0516-4359-b22c-053d6d4e4eed","epithelia"
"6011","a310e543-2dce-4705-be89-d875e6974249","epithelia"
"6012","a3124f8b-354a-4445-8969-84c6ec3391c9","epithelia"
"6013","a3182729-f1e8-4867-b93b-a7becb9e3f82","epithelia"
"6014","a3250deb-026c-4435-9c90-b4932b58c1d0","epithelia"
"6015","a33081f8-a32c-418d-a683-2c4e194569ab","epithelia"
"6016","a33458d5-3a93-4c71-b766-199b5b29919e","epithelia"
"6017","a343680e-0ea2-49be-a4cd-f651a70dcab5","epithelia"
"6018","a345670d-beaf-42e2-aad0-fea01d00d1c8","epithelia"
"6019","a345a608-fac1-4c4f-a1d3-24ca84068988","epithelia"
"6020","a3509b7c-6397-4b09-8034-9b2b1d4187ea","epithelia"
"6021","a3794426-abed-4dde-ae2f-0d4447ada736","epithelia"
"6022","a37bcdf5-133a-44d2-bd53-1667429373e2","stroma"
"6023","a381d33d-fe06-48f0-b0b3-c343e7ef1a02","epithelia"
"6024","a3862eac-af25-47ce-b95d-7269eaa72cb8","epithelia"
"6025","a3947a54-8d60-47f5-9592-68f18ef7ee83","epithelia"
"6026","a397bc7d-512c-4c4e-8b43-f04406afbafd","epithelia"
"6027","a397f4a2-0bca-4dc8-812d-08b1952ece0a","epithelia"
"6028","a399f386-44d2-4dcb-8671-6cd18a33a090","epithelia"
"6029","a39c3047-2e75-42ce-b1a2-515e51108800","epithelia"
"6030","a39dc2c5-a888-4af9-8268-b4fc7d8cf156","epithelia"
"6031","a39e1baf-03c7-4943-b06c-624decc5553e","epithelia"
"6032","a3a2c2f8-4b28-432b-ad0e-6b412e12ade4","epithelia"
"6033","a3a6297e-3f60-48a1-aeaf-54846b2900b4","epithelia"
"6034","a3a6b457-51d1-4237-939b-46a98d1a20c3","epithelia"
"6035","a3a8ce98-aa11-4d08-a845-214a613401f3","epithelia"
"6036","a3b561e2-f9f5-44fc-8b87-42d8748ae581","myeloid"
"6037","a3b635e3-29cc-4d03-a1f4-13c30b1edd91","epithelia"
"6038","a3b6a229-7ede-44ed-81bb-b97ebbcd9c11","epithelia"
"6039","a3bb5f97-45f2-4662-907d-2c1d138b80ba","epithelia"
"6040","a3c07dc8-9f1c-4ce8-ba12-d88f0891cf58","epithelia"
"6041","a3c1de88-fc08-4085-8cb4-a13bb403ef32","epithelia"
"6042","a3cc8612-995b-4e64-9225-04ce9d6a2d1c","epithelia"
"6043","a3cca2cc-9748-4fcc-aef6-718036c83ea8","epithelia"
"6044","a3cf6184-02aa-47d7-972e-c5f2868ea86c","Unknown"
"6045","a3d0b951-1fc5-4f55-8114-fba911df55ef","epithelia"
"6046","a3dbaa28-dfb3-4dfe-9078-7525ce4a20e5","epithelia"
"6047","a3e416c7-0428-47bb-8a15-8e634f3b4209","epithelia"
"6048","a3e59441-b7df-447a-b278-06db3fb97468","epithelia"
"6049","a3ec5b86-b02e-4d59-a70f-cbf3fa423d01","NKcells"
"6050","a3efcf14-2a54-47aa-9998-eb299d175331","epithelia"
"6051","a3f18b7c-a099-4507-a835-16ed0b31f368","epithelia"
"6052","a3f7eae7-1bdd-407d-ad90-ade7825ac036","epithelia"
"6053","a3fb891f-c225-4da0-bc61-3dc8c5bc3fd1","NKcells"
"6054","a3fefa28-558a-4638-bf5b-4c29b8a73b59","epithelia"
"6055","a409d121-897a-4916-ae60-0b389d4ac6fc","epithelia"
"6056","a41003a8-9bcd-4dbc-b1f0-847f7190f737","epithelia"
"6057","a413f2df-77b4-4633-ad7b-ee6cee0bb7be","epithelia"
"6058","a425458e-b3ef-4727-9575-382a799a7831","epithelia"
"6059","a425d484-9b8e-4916-acc5-37db74f5b374","Unknown"
"6060","a427fc4d-2da6-426a-bf8b-b073de8af3ae","epithelia"
"6061","a430134f-39b3-4f2d-802f-2dabbca2a9bc","endothelia"
"6062","a434ec37-d257-4bc6-aafe-33046acd50cd","immune"
"6063","a437cd39-092c-4236-bd4b-4c455328dcbe","epithelia"
"6064","a43a33fb-948e-4644-ad50-205319e14465","epithelia"
"6065","a44a8d78-bd4a-4cdd-976a-c19bbd65e141","epithelia"
"6066","a44e40fb-31c6-45cc-aecd-f4573b9315d0","epithelia"
"6067","a4501d11-3e05-49af-8c2a-027137f97523","epithelia"
"6068","a4552367-a220-4724-93e0-a475c0b55320","epithelia"
"6069","a4554578-956d-4b42-a1ac-dea584c12c38","epithelia"
"6070","a4591e5b-205b-4811-9535-dcdea5eb53db","NKcells"
"6071","a465724c-0ae7-415d-9205-6b850894f712","epithelia"
"6072","a469114d-7025-4cb5-956c-8196e531ab1a","Unknown"
"6073","a473f594-7fc1-4022-a305-d0937f939949","epithelia"
"6074","a47ee205-e94a-4f2f-b61e-044fa9abb913","epithelia"
"6075","a481bbc9-bfb6-4613-9fcd-47a1d0219afd","immune"
"6076","a4857416-0bd1-4245-9296-3b04c6b5efb8","immune"
"6077","a4865f01-d040-45b9-88ba-99fb0c3f4178","epithelia"
"6078","a48bbd6e-06cf-484b-bf89-f1bd58f85b45","epithelia"
"6079","a4906a05-d233-4dc7-aa0b-4fc02a4cbee5","myeloid"
"6080","a4a341b6-5d02-4210-b703-c64d8e369f2a","epithelia"
"6081","a4a50c34-2e4f-4ca6-8361-fca5574a3792","epithelia"
"6082","a4ad8b68-04b5-4e02-8b7c-756e139e92b9","epithelia"
"6083","a4b1202e-7f2a-4a68-b0ac-e25ad67afa8f","epithelia"
"6084","a4b4cb34-b043-4167-a044-1919bd444340","myeloid"
"6085","a4b6b4bc-1cb6-4568-a83e-5be91a0765c6","Unknown"
"6086","a4b8518a-5a96-40d2-b7ae-3071c20bfa24","stroma"
"6087","a4bc054b-b3e6-44fd-b4e5-cd0db53ed12b","epithelia"
"6088","a4bd9eb0-baff-44c2-b9ff-d1a4c10e50aa","epithelia"
"6089","a4c3423e-0b38-40b9-af37-e56d3da6721e","epithelia"
"6090","a4cab01d-b508-493c-98fe-b2d58b1d0f12","epithelia"
"6091","a4dd3874-bb43-4061-8334-da7e57bc12f1","epithelia"
"6092","a4e625a4-0ff9-4b76-acfa-b90da81b9d42","epithelia"
"6093","a4fc25b4-8d8f-46bb-90c4-217aaf49ea9a","epithelia"
"6094","a4fc8909-ad4e-4e1f-ba42-c23d79820307","endothelia"
"6095","a50abe6d-0888-4637-be0b-a63f4ab0fae5","epithelia"
"6096","a513ddd9-a778-48a6-877a-b63db91757b1","epithelia"
"6097","a519a5cc-a676-4300-a857-43a8d9eada84","epithelia"
"6098","a51f7023-131e-409a-8a18-8c173af0db37","epithelia"
"6099","a52f65f5-aab8-4232-8b84-3bfb76744c54","epithelia"
"6100","a537e389-baba-4b58-8afc-68e668da79db","epithelia"
"6101","a54df766-93c0-4cce-b260-9942e7439e55","epithelia"
"6102","a55f86c2-ed8f-4ddb-8897-02f68211d3e8","epithelia"
"6103","a566b868-1461-4562-8555-ceebd0550faf","epithelia"
"6104","a56e62bd-60ff-4053-a61f-8d8daf09a95b","epithelia"
"6105","a5769eb9-69c6-49ee-9f84-ac7b64067a8a","epithelia"
"6106","a5884c58-bf55-49b4-b7a5-42b7a7efa9e4","epithelia"
"6107","a5911113-0694-4e5a-a481-b3b870d029ad","epithelia"
"6108","a5927ff4-c44c-4fed-b1f6-796fbca4cfa9","epithelia"
"6109","a59aa542-3e89-45ab-b595-f2dc9c061a0d","epithelia"
"6110","a5a4f47a-6d17-49f4-a738-adc8b8644af8","epithelia"
"6111","a5a95e61-ec85-4685-9b63-62c49587fcc4","Unknown"
"6112","a5acfae8-ea27-4111-9861-9adbc579ed0a","epithelia"
"6113","a5b307cb-2d46-4e45-8a6d-476b4174200c","epithelia"
"6114","a5c0f0ac-8148-44c8-8756-86f9090b25b6","epithelia"
"6115","a5c9e730-f289-47c9-a2f5-ee3904c637c6","epithelia"
"6116","a5cb5718-e88f-4131-8ad3-e7fa571fe3af","epithelia"
"6117","a5cf10a0-7096-4b5b-a281-77c7f22596d4","epithelia"
"6118","a5d1f2e8-43b5-487d-9b3c-42777ffe2279","epithelia"
"6119","a5d691da-e5ee-4da4-a22b-c6cd30da17a4","epithelia"
"6120","a5e275d2-1afa-4482-9f85-5920e0c9540c","epithelia"
"6121","a5f37692-a1ee-43dc-823a-ef05e1665857","epithelia"
"6122","a5f5ea6f-c01e-4982-8aa5-dc6ad8919efe","epithelia"
"6123","a604f24f-b32b-4478-926f-33dac4cfd4b4","epithelia"
"6124","a6077232-4dcf-4925-8828-24a50437bc3b","epithelia"
"6125","a6197614-83ed-4225-9d61-a4c41968ca2b","epithelia"
"6126","a61bb289-337b-46bf-9fc1-a554e29840da","myeloid"
"6127","a6206c4a-75d3-4a37-afef-b087ad6f80a5","epithelia"
"6128","a621cd63-3afe-424c-ab95-f81b2958ba8d","epithelia"
"6129","a6244e9e-7072-47b0-8d7d-0e00f2df21ad","NKcells"
"6130","a6293e9f-5c63-4399-9001-92948c8401e7","epithelia"
"6131","a62da275-b870-47a6-a4f4-4267f3993ca7","epithelia"
"6132","a63334d5-5010-4cfb-894a-db8fd4db9867","epithelia"
"6133","a63eaea3-3c1e-49fd-b636-2090b9eeecd6","epithelia"
"6134","a649d6c8-6d4a-4b48-b822-59499a4627c0","epithelia"
"6135","a64a606c-cc66-4525-82ce-c1a0c98dcd25","epithelia"
"6136","a64c6023-0f0a-4721-b32b-9ae0682bc629","myeloid"
"6137","a6508aa2-f145-4d94-8935-4847f89867c9","epithelia"
"6138","a65d6b40-030b-4758-b4d1-1ecc8efc3f17","epithelia"
"6139","a660e98b-c97a-4061-8101-fc9e2cf5cf33","epithelia"
"6140","a6749f8f-ec14-4247-811b-cbbbceca7507","epithelia"
"6141","a67b3820-6d7d-4376-a705-b246c4f71071","epithelia"
"6142","a67ef49a-e694-4d90-abf6-527cb42b6130","epithelia"
"6143","a6842319-767c-4418-befd-e7154eea31f0","CD8_T"
"6144","a68ac4aa-175b-4ac1-ab9f-75d79fc4929f","epithelia"
"6145","a68e3ff8-1501-4d70-b9ff-b3bc9fdf7a04","epithelia"
"6146","a69146c8-eaaf-4e0c-894a-4cee712ce061","epithelia"
"6147","a6b1ed8e-8788-491e-bda1-3f920c5ec7cd","endothelia"
"6148","a6b7f6a0-f07d-4bfc-aa2c-ff28ba42dc30","epithelia"
"6149","a6b82c4a-c4a9-4312-b9a1-6f5d565eb0fc","epithelia"
"6150","a6b85ac4-552f-42ad-8e51-dd902047075e","CD8_T"
"6151","a6c2426b-73a6-488b-9a15-953ca0f676c5","epithelia"
"6152","a6c81c65-2e05-45ff-b7c9-0dbb10ca121f","epithelia"
"6153","a6c929ec-832f-4076-b33e-aa761a794020","epithelia"
"6154","a6cc5d74-2550-4021-b48f-3f3aabddc340","epithelia"
"6155","a6d45453-d32f-4fd5-ba1b-4f594fc873f2","epithelia"
"6156","a6d92917-1c81-40b8-b16b-e6d26d63bd41","epithelia"
"6157","a6dd5384-0a35-4db3-bf3e-a91ae2368e67","epithelia"
"6158","a6e417d9-152e-477c-a1a6-821ba232602f","epithelia"
"6159","a6e6ad61-30d7-4116-a8ef-2a3f8555d378","epithelia"
"6160","a6e779a3-33ef-4959-8478-26d985443fbc","epithelia"
"6161","a6e7dc3d-8303-4b1a-ae15-0e64a132d421","epithelia"
"6162","a6f142a3-815c-4c7d-9420-ed2c51014d6b","epithelia"
"6163","a6f3e713-a5d3-42de-bd5c-232bfde677bc","epithelia"
"6164","a6f4051e-59a1-4fb4-adf9-c18d931dab79","epithelia"
"6165","a6f451e6-ebb1-4972-9b9a-741c4db68b92","immune"
"6166","a6f4d653-6b0e-451b-9a38-0281f5297822","immune"
"6167","a6f96aa9-7b54-4108-8b7b-531c59b7bd55","epithelia"
"6168","a70f97ac-fed9-4902-ba7b-1fc2b893a81e","epithelia"
"6169","a70fd3e0-6352-4220-8f79-abdaf2e19b2f","epithelia"
"6170","a7133c3d-067d-437f-b4e5-278299ff04ae","endothelia"
"6171","a7136680-641e-42e8-9e12-3fce407d8388","epithelia"
"6172","a71374c9-cf88-471b-97c5-e6dd8d611b2e","stroma"
"6173","a714a71a-483d-455a-afdd-8f78ba27abca","epithelia"
"6174","a72328fe-945a-4e2f-ba13-0c369e8f0b75","epithelia"
"6175","a72fd922-869e-481e-93e1-c1adb2eeeee9","epithelia"
"6176","a7366095-e89f-4207-a40b-3dd8ffe763b7","epithelia"
"6177","a73b9acd-1636-4ea5-8133-a4d0b33ab1f7","epithelia"
"6178","a7425780-26d5-47ca-a323-83fa9b0ee6df","epithelia"
"6179","a747f7d9-c247-4506-a800-531782e5c9e2","epithelia"
"6180","a74a3b0b-1c50-438c-8d95-73468affdded","epithelia"
"6181","a751d6c8-a8b5-4c4d-8440-e08af93da69a","myeloid"
"6182","a752e165-08ad-4099-981c-b2241b179f80","epithelia"
"6183","a753cc20-73e6-48cd-87a1-c299803eb1aa","epithelia"
"6184","a75a067d-7b70-4f68-ada5-eb9173eb0552","epithelia"
"6185","a75ef895-073b-47dd-b17f-f7d92887e839","epithelia"
"6186","a7627391-87f3-414f-baa6-9f203aa3f5b1","epithelia"
"6187","a7631b1c-dc13-48d6-9d65-0837931cada9","epithelia"
"6188","a7686022-4ae5-48f7-bb50-3a58db9d20c1","immune"
"6189","a7697170-33d4-4851-aedd-674e5cb0870e","epithelia"
"6190","a769f6aa-fd0b-46e2-b00e-b177a7510871","epithelia"
"6191","a76cb1a1-d24a-4803-bd7c-1d18900dd03a","epithelia"
"6192","a772a141-914e-4c93-9af8-9e38597225b9","epithelia"
"6193","a7831e22-2863-4de5-8eb9-a26e6f7301b5","epithelia"
"6194","a7874770-ab2a-4779-a0d0-b0e0a12eb7cc","CD8_T"
"6195","a7882895-affa-4a88-8689-7e357f40f06c","epithelia"
"6196","a789a9a9-89df-4809-8d85-3fa45b0173c7","epithelia"
"6197","a78ac28c-08fc-43f6-b2ea-17d75d9b0044","epithelia"
"6198","a7963ee0-7ce5-420a-88f2-8610cd0676ef","epithelia"
"6199","a7a0dbfe-2ff3-4f93-8130-fb69a59d613e","epithelia"
"6200","a7a3b16d-be00-4988-94ea-9195f0bbb482","CD4_T"
"6201","a7a89313-2951-4124-9a6c-7cd110a9c29e","epithelia"
"6202","a7b08a79-7b06-4888-bb47-0a22e9ec0fa8","epithelia"
"6203","a7be4c26-2525-4c2e-b19a-343b77c45ff7","epithelia"
"6204","a7cc1e98-5b10-41a6-8f0c-a8d1318afab5","epithelia"
"6205","a7d5521e-32de-422f-84da-22576f3d6e2b","epithelia"
"6206","a7e39b40-ccec-4861-ba53-db9bf03e1f75","epithelia"
"6207","a7e42693-7909-49c4-a4a5-8d3076d4b4af","epithelia"
"6208","a7ecd2e8-cfe9-41d9-8b33-e35c00d6eed4","epithelia"
"6209","a7eebc8b-117c-4445-9c07-c624cfc26eb5","epithelia"
"6210","a7f02035-84ae-42e3-8a00-f79522569989","epithelia"
"6211","a7f6780c-339f-4288-b599-61a16dc2f732","epithelia"
"6212","a7f941a2-a29b-4a7f-b92c-181c3eb69641","epithelia"
"6213","a7f9b215-b40b-49c0-8f9c-c4357697fb02","epithelia"
"6214","a7faccc9-0fdb-492a-9775-1bfb7cb14b23","epithelia"
"6215","a7fb5cf2-c3ce-4c00-b63a-471364af4320","epithelia"
"6216","a7fecfbe-e61a-498f-9444-a6fe70b7bbd1","epithelia"
"6217","a7ffa63c-e6b2-4611-a935-97b220ae6de6","epithelia"
"6218","a800362a-2988-443c-b66f-98a40d91c8ef","epithelia"
"6219","a8045cb8-a8ce-447a-be02-05e0654075ed","epithelia"
"6220","a805dffb-f3fb-4d0c-a368-51c2793c0403","epithelia"
"6221","a806b399-1a1c-4928-827c-1de996800e68","epithelia"
"6222","a80a7619-1910-4fae-8747-3b75e4619818","epithelia"
"6223","a8119029-dadb-431c-a400-59d5614adb2a","epithelia"
"6224","a8159ee7-d4ce-43af-b50e-3c679506e3b9","epithelia"
"6225","a8173bf4-1f8b-4072-b79a-1d46066d2744","epithelia"
"6226","a819ff56-a7f1-49f9-902b-74c301e298e3","epithelia"
"6227","a824bf72-db39-4af1-8b10-b5f68bed0c7f","epithelia"
"6228","a8282510-959a-4af3-9683-b35defd9e1ec","epithelia"
"6229","a82a39f0-da1d-42fc-bdc8-3c6b09e9637c","epithelia"
"6230","a82e1ff6-fac7-4703-b4ef-97f5fc9fbbb4","epithelia"
"6231","a835c5ce-3954-4583-b5df-77d3883a0793","epithelia"
"6232","a837d633-8c04-4a15-bfbf-68bb64d5b539","epithelia"
"6233","a8426f0d-c725-40a6-9ce5-fd698806df7f","epithelia"
"6234","a846313a-37f6-45b6-88bf-13beb3489205","myeloid"
"6235","a856697a-a6cd-49d3-a6b9-64f83544ce06","epithelia"
"6236","a85baa71-0e71-4704-9972-3ce3278c487d","epithelia"
"6237","a86dfbf2-0510-49d3-941b-56c43169c9f2","epithelia"
"6238","a870d16c-000b-4559-97f6-c4471df25609","epithelia"
"6239","a87afaf8-c3b3-426c-9460-a4ea35c97fe2","epithelia"
"6240","a87c47e1-095b-4057-9cb5-2ffd6eaebce2","endothelia"
"6241","a883dd66-53b7-4ef0-b59f-b44bce8478e8","myeloid"
"6242","a884db1c-c651-49ae-84b9-7490b3c1d5c3","epithelia"
"6243","a88930b3-9c46-4940-b78f-f233edaf3767","epithelia"
"6244","a891f923-2d7f-4f8d-878f-db60bde13830","stroma"
"6245","a8925301-e3eb-4413-b65e-afc590eb1419","epithelia"
"6246","a89c117f-e294-4d97-9802-eafa8fa57717","epithelia"
"6247","a8a06668-45c8-4296-8a30-0f6d65f3c40d","epithelia"
"6248","a8a25c98-f050-49f8-9598-af82b4e20c72","epithelia"
"6249","a8a3aa9e-6775-4f87-a3d1-291e4abd4a9e","stroma"
"6250","a8ba51e2-2189-474f-a901-b10c18e144be","Unknown"
"6251","a8c07ab6-96fa-41c9-b478-e238c894d742","epithelia"
"6252","a8c2db14-6cc5-449d-a507-c5042a56df10","epithelia"
"6253","a8c76e58-9587-4678-8083-58123063bfd3","epithelia"
"6254","a8c8a602-a37e-4ad6-9c34-9ccc5777462f","epithelia"
"6255","a8c9996e-d661-4a1d-b793-72ea660d2914","epithelia"
"6256","a8d41de2-e89d-459c-8801-df987779f22c","epithelia"
"6257","a8d57282-04db-46d4-ac46-c61b67849c10","epithelia"
"6258","a8d627fc-6cc2-427b-8eaa-7216e18be8f3","epithelia"
"6259","a8d95d20-8ee4-4d42-8567-fd152d2b6941","epithelia"
"6260","a8e854b6-e7af-4462-9653-8127ff2554f8","immune"
"6261","a8ed566b-58ac-4f45-aec2-8c27b4e0bcc7","epithelia"
"6262","a8f9c547-d24b-49ff-88e5-57806b044cef","epithelia"
"6263","a8fdfcaa-120b-4741-bf5c-58206bec26d6","Unknown"
"6264","a912af0e-9961-4249-9a59-97198dfa30d7","epithelia"
"6265","a9246e7e-af1f-48ed-89a4-20e4657a9d96","epithelia"
"6266","a931274f-28cc-46ad-b1b5-14d4ec561a9a","epithelia"
"6267","a93962f2-a3e2-450a-bf3b-f1519a1c6e19","epithelia"
"6268","a9421bfc-48f0-45a6-9cfb-f132be809d88","epithelia"
"6269","a95150fa-c1fe-45f7-bbe7-8bcab1f8b757","epithelia"
"6270","a952a05d-60c9-4363-af77-c55b1a16275f","epithelia"
"6271","a95d7bf8-b0e8-4a22-b663-aa5555af7e9f","Treg"
"6272","a96face8-40ae-4e6c-b946-d3555b0446e5","epithelia"
"6273","a9774943-9902-4cc0-8acb-7bcf143088cd","epithelia"
"6274","a99d4a41-26a9-4402-bab8-1e4491069aa3","epithelia"
"6275","a9a17aa8-a9fa-4f93-a2e3-1f597552072a","epithelia"
"6276","a9b1294d-42f4-47fd-8b34-014539da174d","Treg"
"6277","a9b33c26-291f-410b-b359-956c6aa820a4","epithelia"
"6278","a9c62d21-5579-4dc7-b37d-bb9f371edde2","epithelia"
"6279","a9d9ad4b-9026-4be9-b0c7-63d5b70bc3eb","epithelia"
"6280","a9de3080-9f6f-42fa-aadd-06e8bb36384c","epithelia"
"6281","a9e5c487-4436-47b1-8b07-95cb2f01bc06","epithelia"
"6282","a9e95ae3-ba57-4a79-99d2-684faaf97474","epithelia"
"6283","a9efe92c-923a-4dbe-aa7d-db35d3ed1aef","epithelia"
"6284","a9f2aa3a-d90d-4494-aa87-f36a81fcbc38","epithelia"
"6285","a9f9681e-ead4-42c2-9d23-693129b75eba","epithelia"
"6286","a9fa15b9-3b26-41a4-8ab2-1875e9bb9228","immune"
"6287","aa032bd7-5047-46a4-8b9e-76bf182be753","epithelia"
"6288","aa09bc01-7852-403b-aae0-d355b8a72be1","epithelia"
"6289","aa0aef04-7468-441f-bf52-d55fa584ee91","epithelia"
"6290","aa0b6849-7616-4733-b313-d3fe7fd3eb77","epithelia"
"6291","aa0dbc39-2f3e-42e6-9688-e2f1e7e3fa64","epithelia"
"6292","aa19100a-6c86-4e1e-9f21-95c4bc2e2166","epithelia"
"6293","aa1ec9aa-5359-428e-9072-23f47b1a6e05","epithelia"
"6294","aa2ebbb0-a7e7-44e3-b6a6-1585fd95e876","epithelia"
"6295","aa34ec42-4e6c-4793-bea9-b8be640b86cc","epithelia"
"6296","aa3b9621-f976-4b2a-8e94-f73ee1bbc5e6","epithelia"
"6297","aa4846f2-6fce-45b6-9cac-b48f8b900ea2","epithelia"
"6298","aa581229-2ca9-4ecc-a6f8-8c929a434a75","epithelia"
"6299","aa5828dc-897e-43ff-a9b3-3bfa03b9c206","epithelia"
"6300","aa5abd88-f7d5-4165-afd2-ea13e420e324","epithelia"
"6301","aa635be8-bfb9-4e80-a48a-ed7bd8767453","epithelia"
"6302","aa66e5f6-75b0-40d6-b22b-7a3fd86bd299","Treg"
"6303","aa7927b7-9680-4416-a736-d15676e605b1","epithelia"
"6304","aa79f4eb-6c99-4ef3-8b00-a942391193fd","epithelia"
"6305","aa839d29-0e55-47b7-871b-279324006f51","endothelia"
"6306","aa850685-7af5-4312-bde9-0566b8e42cde","epithelia"
"6307","aa85f663-2079-40ac-9d7c-4954928dddeb","epithelia"
"6308","aa912da5-d87b-4606-b87d-a3c4ee07e281","myeloid"
"6309","aa92ca25-df04-4c48-9667-29abe206c2fe","epithelia"
"6310","aa932bb2-0bf8-40e3-b444-019569ef1369","epithelia"
"6311","aa9b4068-151f-494c-b498-f5a6ff5ef5a3","epithelia"
"6312","aaaed9c6-c4cf-4fa4-b10b-5761c73333e5","epithelia"
"6313","aabc4256-8989-444d-aba2-8a46d40fc357","epithelia"
"6314","aac1b47b-4638-4c2a-8db3-ab5105ebc6fa","epithelia"
"6315","aac64765-a644-4d97-8f61-5fdcfad3c7a7","epithelia"
"6316","aacb64fc-0fb4-4045-960f-5155fef45892","epithelia"
"6317","aad02db7-6840-4488-ae00-4162b0ff92d2","epithelia"
"6318","aad9444f-360c-4a38-9725-252dfe2b65af","Unknown"
"6319","aaf269ea-8da8-4ce2-8c30-0567aa65d019","epithelia"
"6320","aaf2be24-1296-419a-a8de-6336aaa105e6","NKcells"
"6321","aaf2ef02-ae72-4953-b3ae-f05f962c6ca1","epithelia"
"6322","aaf70bd4-915f-4cb9-bf4c-808bb702afd4","stroma"
"6323","aaf7af9f-9edd-4b65-b71d-f64a4f397c74","epithelia"
"6324","aafb59a2-34ea-4078-9bc8-a446d1b5f548","epithelia"
"6325","ab01abc3-a7ae-4ac2-9cee-121de2019f1a","epithelia"
"6326","ab0cb816-b390-4db5-8ea4-f52fbb199fe5","epithelia"
"6327","ab0d7205-685e-402b-acc4-b877d565756f","epithelia"
"6328","ab0ef144-f0b1-46e3-98f1-e78fc83b1ff4","epithelia"
"6329","ab13ce44-ef47-4c21-9479-fb4ded45d14a","epithelia"
"6330","ab1e2424-e0fe-4eff-8511-44372d58bf35","epithelia"
"6331","ab2e2544-86eb-47a5-9f5e-4ba9c4582a72","epithelia"
"6332","ab329880-2ac8-4c95-97a0-7239f74cde57","epithelia"
"6333","ab349abe-8003-4f51-b9a3-08fa5affe33c","myeloid"
"6334","ab42fd10-1b95-4839-a7c8-0f922dc5c395","immune"
"6335","ab447f8c-7b5b-40b8-be3b-137f90dee741","epithelia"
"6336","ab5350aa-2ecb-4a40-b575-29680d57cd4b","epithelia"
"6337","ab5bb32c-6984-4795-9116-1cf99b12923f","epithelia"
"6338","ab5dec48-d8ca-45f4-a865-8fe3841681f4","NKcells"
"6339","ab657eba-0800-4950-a60b-d20b9c120fbb","endothelia"
"6340","ab6e11f5-f42a-4fe4-9f4f-2a8361ed3e85","epithelia"
"6341","ab6e9615-1e78-41d8-9f05-69c46e75f958","epithelia"
"6342","ab725673-cf26-4cfe-bb30-c3792377a6a8","epithelia"
"6343","ab75d7d4-91d3-4a8f-8d48-619f110b4b99","epithelia"
"6344","ab7ba969-c1ae-4ee9-84ca-e40655477e11","epithelia"
"6345","ab7e8283-664d-4731-bf57-2ed853c36406","epithelia"
"6346","ab7f974e-78f8-489b-9b05-d52cb0e81842","epithelia"
"6347","ab8250f1-65cd-4475-9c06-e404205c5b2a","epithelia"
"6348","ab93ac9a-5fcd-41b9-bb1b-7669aafeba13","Treg"
"6349","aba7bbd7-0722-4f7a-a95f-8dc28002118b","epithelia"
"6350","aba9afe4-4b3d-4bf7-9b1b-8dbf83a25cc5","epithelia"
"6351","abb095d0-244f-4612-95ff-8f2c6928f1e3","endothelia"
"6352","abb11355-ffd6-440e-8565-48ffc9ff9786","immune"
"6353","abb54295-0340-4a07-8c07-5ecfe1b6d651","epithelia"
"6354","abbe4a33-62c7-4aa9-b602-e6f710ee2e79","epithelia"
"6355","abcf315d-9972-4e38-a5c7-d61dfc5d8e60","epithelia"
"6356","abd0aa8f-53fd-429e-87e3-181158f6ecfa","epithelia"
"6357","abd7c5a7-839e-4350-88f2-ab3b274e826f","epithelia"
"6358","abd9ae20-8ef6-4fc0-82e8-7695886090d5","epithelia"
"6359","abde3a94-476d-498f-afb8-5a25c03f6f93","Unknown"
"6360","abdfb691-734a-4e37-9aac-e485d867ec2b","epithelia"
"6361","abe62e84-a7ea-4ba7-b579-c12152fdc6d4","endothelia"
"6362","abec981f-01f9-4644-bf9a-2df1b67232ff","epithelia"
"6363","ac018781-b379-4270-85da-e3ae2804abcf","epithelia"
"6364","ac026790-4ae9-4436-8319-5370bcba6356","epithelia"
"6365","ac0a11a8-8024-4148-8e57-2b304ed1021e","epithelia"
"6366","ac18b837-93ed-41e1-b7bc-26d2b792f605","epithelia"
"6367","ac1a6899-6735-4dd5-bf3a-9837c2af9e4e","epithelia"
"6368","ac23557b-6c98-4298-be5a-71a050be03f5","epithelia"
"6369","ac35d674-7d34-4b10-b4ad-4acca54b890d","myeloid"
"6370","ac38054a-ba04-4177-81d7-079ebbeeafa1","epithelia"
"6371","ac3aa5f7-165c-4c2b-be21-b8aa67ab660f","epithelia"
"6372","ac3dd270-7cf4-4ec0-98e0-16aa0e256614","epithelia"
"6373","ac3e9e0a-c997-49a4-8497-7460b12b8198","epithelia"
"6374","ac462d40-d9dc-4740-bead-6a0be458dfb0","epithelia"
"6375","ac4832ef-4624-4c12-801c-42c7f993d012","Treg"
"6376","ac4aa424-0207-416a-b96b-8c98df9c8970","Unknown"
"6377","ac4acd59-7a02-43b7-a20c-f85c266772bd","epithelia"
"6378","ac61b8c2-526c-4902-80bd-181664936379","epithelia"
"6379","ac6a9ab3-fe82-4e7d-b1f0-57cc8698b4aa","epithelia"
"6380","ac77431a-c730-4430-870b-25391ba2ed12","epithelia"
"6381","ac7af843-6345-4c2f-a1b3-e2eb05da53c9","epithelia"
"6382","ac84906e-b9aa-4421-a0db-e28769e728a2","epithelia"
"6383","ac99d498-3366-4026-8be3-e0ee1ebbef59","epithelia"
"6384","aca5b543-ddf6-4fc5-a10d-a3cced7bf774","epithelia"
"6385","aca5f499-b640-4b47-b23c-4777da6d0ce3","epithelia"
"6386","accfa313-7fec-4a46-97aa-88c0d84f75c1","immune"
"6387","acd11e75-91fa-43fa-acb4-70399c676724","epithelia"
"6388","acdc480c-f6f8-408e-bd81-f84605b85b07","epithelia"
"6389","acdf506d-47bb-45fc-9653-18d2377eb2b2","epithelia"
"6390","ace1ccf9-8c6d-4e9f-a2df-06bc5c80ccf6","epithelia"
"6391","ace4017a-4a76-4465-bdb1-043a735075b3","Unknown"
"6392","ace50e9c-9de8-478e-950b-c9b9a13c91ba","epithelia"
"6393","acef15a1-390b-43a1-8db1-d84c6cc85c58","epithelia"
"6394","acf0743e-04c0-45f2-9aaa-54b0f718f71a","epithelia"
"6395","acf78594-99d1-4dfd-9e15-27377e6926b4","epithelia"
"6396","acf9155a-9b6a-49c4-895c-3b996378adda","epithelia"
"6397","ad0fe9e9-aaa1-453d-a538-963181955deb","epithelia"
"6398","ad123df7-fdba-4682-be00-84743068ba01","epithelia"
"6399","ad19dda4-32f2-40e9-81f2-16afb4c79a51","epithelia"
"6400","ad1e70ac-d889-4456-87a6-7176e38a05bb","epithelia"
"6401","ad22a799-87af-41a9-9bc2-97fa1970d300","epithelia"
"6402","ad25c2ba-5e56-40e3-ab0f-5956f185e968","epithelia"
"6403","ad2ff4ff-abbd-42ce-8f19-7ae015db33af","epithelia"
"6404","ad397fea-1775-444f-8af0-54cc9b4a0601","epithelia"
"6405","ad3e2ba4-fe77-4749-97f5-0a45826ce2f3","epithelia"
"6406","ad4014f0-855d-4616-96b8-397d06ee12fa","epithelia"
"6407","ad4aa8f9-eca2-49bb-83ef-d08b1fa06526","epithelia"
"6408","ad504707-ebb6-4689-b875-19666f58406a","epithelia"
"6409","ad67de67-0c8e-462e-8a0c-04b493847a89","epithelia"
"6410","ad7319bf-b374-49f8-b219-bdacab80ddcf","epithelia"
"6411","ad7a766d-9fc0-4445-8b26-168679fd2ee3","epithelia"
"6412","ad7a8993-0670-4e92-acb3-53277f35a2d3","epithelia"
"6413","ad8b96aa-e608-4fcb-bd5c-6c46a319862c","immune"
"6414","ad91b1ac-fa77-401d-86c3-d7350be02841","epithelia"
"6415","ad9688ec-0b8e-4b35-b6e9-42ae61ad487a","stroma"
"6416","ad9aae56-4b51-4bd9-909c-7cafb3ca1bec","epithelia"
"6417","ada5fced-b90c-49c0-b6e1-b0b411b7fdbb","epithelia"
"6418","adaaaa73-2a27-4547-b4b2-5e5ccc42a26a","epithelia"
"6419","adaff2e8-7c9f-48dc-8078-8ef0d0100d38","epithelia"
"6420","adb7d6d6-575f-4373-be0d-29d158414764","Treg"
"6421","adb9e32b-c798-4a3d-a099-a27ab9989eac","epithelia"
"6422","adbad4bb-a9a6-4862-ab60-b3f40120cbc9","epithelia"
"6423","adbc3dc2-2b80-4fc6-8102-38e46ff1aea6","epithelia"
"6424","adbd911f-03c5-4e47-bb84-d2719f6201b3","epithelia"
"6425","adc2971b-399e-41e7-92a6-82bbebde2594","epithelia"
"6426","adc3f920-18be-4d06-9d21-c7995495e5b2","epithelia"
"6427","adc57647-a007-4214-a0b6-d7f24e00be1d","epithelia"
"6428","adcac915-98dd-4d44-ab91-02ac93497b83","epithelia"
"6429","adcf14f6-e2d6-47c3-89f8-715cf7ddc78d","epithelia"
"6430","ade5e699-5718-42dd-bbd9-31ed17a9b7ce","endothelia"
"6431","adee32fc-e3ba-4653-922e-56261065acfe","epithelia"
"6432","adef94a0-7061-457b-a53f-b628ce5810e3","epithelia"
"6433","adf54db6-80fb-4ce8-a6c7-40252a3bd0fd","epithelia"
"6434","ae0051f5-f70b-438b-b26f-de82a6c9de71","epithelia"
"6435","ae01b6b5-c3d2-4ea0-89f1-5d31cfb6fd34","myeloid"
"6436","ae04070b-b695-4c95-b070-5e3a6816adbb","epithelia"
"6437","ae17e6a4-e2bc-4c1f-933f-5cec6b7e5918","epithelia"
"6438","ae1af3ba-cee1-47ef-a706-be7faa6913b6","epithelia"
"6439","ae27faeb-48e9-4d93-bc8c-7c8cc16618ec","epithelia"
"6440","ae4578b4-995a-472c-9934-2acc364e82bf","epithelia"
"6441","ae498ee3-6f4a-40ce-aaf7-8577c8cb61f7","epithelia"
"6442","ae4c956c-2e59-4519-ad60-56b54449c29c","epithelia"
"6443","ae5292e8-5d3b-4c95-9798-78102cfe33cb","epithelia"
"6444","ae6fd4ae-50c1-48f1-8d82-dbe1755825b1","epithelia"
"6445","ae70cecf-78fd-4a50-abcc-11fe7faea26f","endothelia"
"6446","ae7d422b-44a0-404c-a2db-6d0150ae7c33","epithelia"
"6447","ae7e6929-651d-4fe2-ab69-7698eb3ccb16","epithelia"
"6448","ae85d0fd-418e-4b39-afad-d70ee003f1b2","epithelia"
"6449","ae8b9846-f188-48b3-a524-5d63645a09c8","epithelia"
"6450","ae8bb126-3ec7-46fc-bf5d-a92d264ea930","epithelia"
"6451","ae9b97d1-e6f7-49bd-9113-4f287318ea4a","epithelia"
"6452","ae9e9957-d66a-4464-adcf-0ad1e29319b1","epithelia"
"6453","aeb1c404-8908-4c45-9703-6e7e07d87533","epithelia"
"6454","aebd6021-ae14-4d5f-ba79-6934545d8ca2","epithelia"
"6455","aec95517-f45f-4e1a-962b-4f84eea9dd83","epithelia"
"6456","aedea2e2-06bb-47b3-92ea-387802901984","CD8_T"
"6457","aeee4f24-c1a2-46df-89bd-286fbe9036bb","epithelia"
"6458","aeeebc2f-5274-4472-a5a9-03dc8059ca10","epithelia"
"6459","aef767ef-340f-487e-b8c1-1f838b718752","epithelia"
"6460","aef86470-4930-48c1-b2c4-753e273ab596","epithelia"
"6461","aefe8c97-2006-43c6-bcfe-96c8e9acd619","endothelia"
"6462","af03d383-70cd-4db7-ab80-0ed43a933b1a","epithelia"
"6463","af2096c8-5cf1-454a-a299-0e0d8b8502d8","epithelia"
"6464","af313da0-e5c0-4ac9-8cd4-53c64e2f0937","epithelia"
"6465","af315aa8-6730-41f5-b5e8-a67b1266b149","epithelia"
"6466","af328a68-ad54-4894-9c28-8e93392a3a38","epithelia"
"6467","af3796dc-1baf-46cd-9992-4cd54e13441b","epithelia"
"6468","af47f523-6fd8-4332-ac10-4a999dfb9518","epithelia"
"6469","af4ce2ab-f839-4bf3-a0bc-5e9d6c95bc9a","epithelia"
"6470","af5b8ee4-8350-4aa1-b866-37dfd81ed012","endothelia"
"6471","af5cb76b-e6ae-48af-9e9e-6b4fb1f99c38","epithelia"
"6472","af5d9dc4-3ec8-4b1e-9dad-6749b3209138","epithelia"
"6473","af5f6931-3a46-47ce-a65f-0039b58e496f","epithelia"
"6474","af69d026-35fc-473d-bf7e-0b4692c8b620","epithelia"
"6475","af6aabf6-962c-4217-abb5-f9b9369bd885","epithelia"
"6476","af6b8834-45fa-47b5-9b26-a0eb618916c8","epithelia"
"6477","af6ed7b7-e02c-49ba-8760-e44ab5bc76ab","epithelia"
"6478","af7826a3-1db4-417d-9021-5d1c29f9f900","epithelia"
"6479","af7f3e78-5641-40f8-a7fd-f47237e3cb8d","epithelia"
"6480","af803be5-3217-4748-b6c3-68c38e66a856","epithelia"
"6481","af819181-dd59-47df-bf45-48c68211986d","epithelia"
"6482","af8295dd-3de8-4b11-805f-4d2fb08e5525","epithelia"
"6483","af8bcc7c-1385-48dd-8109-bb8fb1ada782","epithelia"
"6484","af956225-8430-41b9-b072-a6525b6aa327","epithelia"
"6485","af9cc1ed-98c0-4022-a47f-8f661dc637a7","epithelia"
"6486","af9d1cb6-2f14-4035-8d76-7c741e509c4e","epithelia"
"6487","afa347a7-f822-49b4-8843-544c865d15bb","epithelia"
"6488","afaa689e-c2d1-480a-9f4d-6079a8b807fd","epithelia"
"6489","afb9ab3c-2827-4fe1-b276-0e8c27027d18","epithelia"
"6490","afbb9222-fc2b-4763-a4cb-986907219bf1","epithelia"
"6491","afbe31a1-8bf7-4e56-b3f6-0988fc84048c","epithelia"
"6492","afc6b911-e362-4f24-ab97-974e0ccf9f01","epithelia"
"6493","afcc8798-8a8f-4bdc-838a-f31ccd4f8493","epithelia"
"6494","afcec605-5aa5-4d00-90f7-5318264d1961","epithelia"
"6495","afcf4bd1-09b3-464f-bdbb-629a4bf6b7cc","epithelia"
"6496","afe2fb0a-b54a-4e0a-961b-8e7ae76d6b8f","epithelia"
"6497","afe31f7e-52ee-4959-8f5f-a36be115f5f5","epithelia"
"6498","afe38df8-e425-40c0-9dd1-09127452808d","epithelia"
"6499","afe65d5a-bd74-40c3-826f-fbb2cd3ed795","epithelia"
"6500","afea8c49-173b-4651-a34e-2226449a3d3a","epithelia"
"6501","afeca5a6-3b46-48dc-9031-ad11d2d987cd","epithelia"
"6502","aff9d03a-c423-4599-9d12-875faf4343cb","epithelia"
"6503","b0050313-db8a-4d02-a5c4-68c3636d2d1a","epithelia"
"6504","b005bdd3-5b25-470a-a3ea-929adc475492","epithelia"
"6505","b0101fb0-a0ca-4ddb-bbed-529b6496f493","epithelia"
"6506","b013f60a-9efb-47ec-bd5b-d57a9329182e","epithelia"
"6507","b0164685-a9d2-4ce3-819a-6331cf2d368c","epithelia"
"6508","b020b0dd-5a4b-42df-9d9d-241cdd82a7c5","epithelia"
"6509","b03811eb-7788-45f2-bfde-a86fbc760bff","epithelia"
"6510","b0386509-a05b-4b1b-a8d7-bc3dc3073064","epithelia"
"6511","b042aaee-9f68-4fdb-8bc5-08cd9db83214","epithelia"
"6512","b04ff328-684f-46ea-a152-1697d174046a","epithelia"
"6513","b05b8c24-5ebb-49dd-afe5-b681bdfc4aff","epithelia"
"6514","b06090f4-d0c9-45a8-ad26-add5bb91e388","epithelia"
"6515","b072c2d9-3d9f-43ad-8c1d-844ee59dae8f","epithelia"
"6516","b081087e-069e-4fda-82f2-dce9734022bc","Treg"
"6517","b081aec3-2033-485f-a7f6-dfb4591269ae","epithelia"
"6518","b0881ec4-ec6e-429d-b36a-84114ebb4274","epithelia"
"6519","b08b423d-d3b2-4bb7-912e-e45965e19bec","epithelia"
"6520","b0950088-ea0f-4c0c-b9b2-e9b177406492","epithelia"
"6521","b097137e-2b77-4835-9676-8ff5ea9c1cb6","epithelia"
"6522","b09b43c8-1217-4812-950d-cf19d5cdbe07","NKcells"
"6523","b09b57a0-ee94-407e-bd5b-f340348a5717","epithelia"
"6524","b09ca1fb-9708-4cc5-9d49-2ba667153101","epithelia"
"6525","b09e27cb-9f63-4220-b9d6-cdec171ff68a","epithelia"
"6526","b0a0de43-ee6c-4a04-8680-e0f25515b8b5","epithelia"
"6527","b0ac6b89-6abf-4337-a2ac-1e6f6858674e","epithelia"
"6528","b0b1529a-8a24-487f-a427-80c45dee1f8f","immune"
"6529","b0c71db1-9105-42ce-8c06-89e814db76ea","epithelia"
"6530","b0e1e0bc-b350-4537-9a61-48628ee24b0a","Unknown"
"6531","b0e89edc-2435-47a6-ac63-80bfd071c81b","epithelia"
"6532","b0eca1d0-c510-4f50-a742-8fe93eb65e86","epithelia"
"6533","b0f5155e-3a96-4c36-831d-5fc6dfbbdbf6","epithelia"
"6534","b0ff5dd1-95cd-4451-bda8-75069b6a6d7a","epithelia"
"6535","b104df25-7e6f-4b30-ba8d-a9a0c17113d2","epithelia"
"6536","b11163af-5b92-44ee-9ded-105dd2fa7346","epithelia"
"6537","b11338f9-b414-4158-bebf-ca62f6b85dda","epithelia"
"6538","b1166e98-344c-49bd-95c2-60d92a83419b","epithelia"
"6539","b117e4c4-5c05-45b1-bed3-c4e110d426d6","Treg"
"6540","b11e134a-dbc1-428e-a8a9-e2b15cae1e70","epithelia"
"6541","b125aaa7-39cb-44ca-8038-0da34795e87f","epithelia"
"6542","b12d6516-0c28-4702-9479-4e56fec8746b","epithelia"
"6543","b12dc98f-146b-4d1d-8e7b-f1cfe4ac8df5","epithelia"
"6544","b12e2300-5777-4c6e-a8ab-48a0f2e1435d","epithelia"
"6545","b13b9ab9-3267-498e-b7b5-e4cdea87fa8a","epithelia"
"6546","b1436999-aa72-4c1f-8039-28077966f61d","Bcells"
"6547","b1532936-2284-4380-bc72-1cec3836af1f","epithelia"
"6548","b16e4ee8-d73d-4ab0-be75-cbd31e69486c","epithelia"
"6549","b16fff48-c798-4d44-90d0-e4055acc42f4","immune"
"6550","b174a811-62bf-4e64-b6e6-0e94efb22d03","epithelia"
"6551","b1836dcc-ab01-4600-a098-d1b3d62bd7a8","epithelia"
"6552","b18717b3-7eee-4974-8f8d-15b71cc62d29","epithelia"
"6553","b18a6b9e-2227-4413-a6f8-e38a480b1520","epithelia"
"6554","b1945aa8-572e-45e9-a164-4a39afa7a057","epithelia"
"6555","b1975b60-c780-4b2a-bc9d-bea9071065f3","epithelia"
"6556","b19daf66-d75c-46e8-94c4-ed86f1052978","myeloid"
"6557","b1a96aa4-71b4-411f-a2ee-8f583224b564","epithelia"
"6558","b1b23825-c4ef-4fb0-a2e5-f8f55b846c5e","epithelia"
"6559","b1b87c00-45c7-4706-9d67-6670d198422c","epithelia"
"6560","b1bacade-f999-4efd-8ae2-93ef762d3e0f","epithelia"
"6561","b1c449f5-e965-4456-891e-3adaae792725","immune"
"6562","b1c7c4a2-a62e-4435-8bc4-af16dbb464e1","epithelia"
"6563","b1c8ebf4-c00d-4d62-9360-91325bf49f61","epithelia"
"6564","b1c923b5-214c-411c-aa36-480ba1eea191","CD8_T"
"6565","b1d82e10-9936-4daf-a196-87f1772c2a3b","epithelia"
"6566","b1eb0ff6-cdb9-4ce9-a85e-b85afcf7c1d9","epithelia"
"6567","b1f94129-b001-42af-a995-19e30568fa43","epithelia"
"6568","b1fb12f2-1114-41f8-82b0-2cf0d3702e88","epithelia"
"6569","b1ffadda-89a0-4558-9bcf-3ce6d82007a9","epithelia"
"6570","b20a72be-aa98-40cd-9e03-42dae051e2b0","epithelia"
"6571","b214cc8f-2994-49e2-99dd-a6a1345d7c90","epithelia"
"6572","b223ad59-39e7-4804-8b66-e087fa6adb60","epithelia"
"6573","b224be13-0180-45f3-821b-3df91b67f1f1","epithelia"
"6574","b22742d1-7cbb-4494-a7c9-27ec470ed19b","epithelia"
"6575","b2279d90-3230-4e3a-9ffb-82ea0ab73efd","epithelia"
"6576","b227e933-93bc-4a9a-bf3b-287bb74c7bf6","epithelia"
"6577","b24807e2-e029-49db-a563-3482388ef2f6","epithelia"
"6578","b259c163-5c76-4227-b50d-d11c8af51766","epithelia"
"6579","b25bb356-2641-423b-9d68-996309b53830","stroma"
"6580","b25f1212-9f32-4971-ae53-026c8e6e2b3e","epithelia"
"6581","b26c1d6f-db11-46a5-84a6-0257cce0cd05","epithelia"
"6582","b26f3393-bee6-4ee8-9aed-21ec5c15e44f","CD8_T"
"6583","b279e9e2-24dd-4f5e-9381-00535c111466","epithelia"
"6584","b28033a3-78e0-4e95-af6f-3d8b436c44e1","epithelia"
"6585","b28837e1-16de-42a8-8ac5-635cf22a2664","epithelia"
"6586","b28909e3-bed1-415b-a57f-7bf75d94e0ca","epithelia"
"6587","b28c7c1d-3caa-4811-8d5a-9c54eff88db1","epithelia"
"6588","b28d0675-ad4b-434a-9242-ed4ce0cefc4f","stroma"
"6589","b28fab06-2f76-4546-9cbf-4d3555a9fe05","epithelia"
"6590","b28fe690-aa81-49cf-833b-f762338b030c","epithelia"
"6591","b2945f50-ec3c-4280-af66-277d5c5dfc9f","epithelia"
"6592","b295eab7-c830-4bf3-85bf-dd6d89ea0d47","epithelia"
"6593","b29e9bfd-97c1-414b-b1b5-368f049bc776","epithelia"
"6594","b2a5f87a-7c2f-4231-8f79-d1d2ef58506b","epithelia"
"6595","b2a8ad07-1bdb-4ee0-bfec-82023a8d465e","epithelia"
"6596","b2aa5b57-a234-4a9a-aa60-5699fc6e59c5","epithelia"
"6597","b2afc3a4-f8fc-473b-84bc-e0d19818417e","epithelia"
"6598","b2b7e9dd-8c6f-42b9-8686-de01cb57b88f","epithelia"
"6599","b2bb639f-43b6-4d86-9845-60c308735c1b","epithelia"
"6600","b2c45efd-f282-4414-97ac-4066852fe354","epithelia"
"6601","b2d07139-4965-4fae-a220-bd2a5a5494e4","epithelia"
"6602","b2e1cb88-ebd1-4785-b1f1-4fc3f004e048","epithelia"
"6603","b2e702ca-2520-4733-b118-ba5ab458f7e7","epithelia"
"6604","b2ec65d3-d557-4f2e-81d8-acbbb5c0490e","epithelia"
"6605","b2f578e4-5d89-405a-9d17-dbafdcf5e39b","epithelia"
"6606","b2f7cf64-6abc-4fa2-ad1b-3e4df871735b","epithelia"
"6607","b2fb51a3-4c87-4292-93eb-a5d1a7f30f96","epithelia"
"6608","b2fc1f87-0525-49b0-adc9-374555c210a6","epithelia"
"6609","b2fc6287-8005-4fc1-b420-f835be476a29","epithelia"
"6610","b309d3a5-bce5-4023-8707-76795eb4fd03","epithelia"
"6611","b32a5809-cd6c-4c91-91e8-ac2093183b71","epithelia"
"6612","b33b44bd-cefe-49b6-b4be-a1ed4cdc7784","epithelia"
"6613","b34508a4-a3e0-4b8c-9b98-482ec129bf5d","epithelia"
"6614","b34977b1-2d57-41f4-ae07-dcad2a4a8b73","epithelia"
"6615","b349e14b-0321-4afc-9eb6-dc1a25138889","epithelia"
"6616","b36e1a56-363c-4453-9e86-42c11aecfd46","epithelia"
"6617","b37aecee-14f5-4726-aaea-c43f834ff057","epithelia"
"6618","b37de2e6-16a7-4681-b0c8-acfca1250a46","epithelia"
"6619","b38013f4-9610-44f8-a755-384c3d427367","epithelia"
"6620","b3840c5f-6958-4762-be00-1f6c3fa4809d","epithelia"
"6621","b38dd222-5250-44aa-9611-2f3b346ab7b1","epithelia"
"6622","b394b71b-79d7-4a4b-8982-6d16cdd32b2b","epithelia"
"6623","b395b87a-bf28-4e97-8c72-155652cd1974","epithelia"
"6624","b39a96f6-7685-4a87-83a4-e43fb0e530a4","Unknown"
"6625","b39f4f78-1c17-44ad-8882-548c9cdecb4a","Unknown"
"6626","b3b4f56a-557d-47da-b0ac-ad24cade2f04","epithelia"
"6627","b3b8e9eb-7b25-4f0e-8586-2620ea2330bd","myeloid"
"6628","b3bda21c-1034-44ba-97a1-eff3cacba64f","epithelia"
"6629","b3c29790-10ee-41cf-9679-d2c870a8b8fa","epithelia"
"6630","b3c9af05-735d-464a-a6b6-17bac2f91288","epithelia"
"6631","b3cec094-01a9-4ac8-b5ee-01deb2884ab6","CD4_T"
"6632","b3d2b640-7319-4279-acfb-e55e71408c6b","epithelia"
"6633","b3ead1ce-b240-4933-b957-c3f15c4642e3","epithelia"
"6634","b3ef48f9-421a-46f5-9809-102ff6fadbe1","epithelia"
"6635","b3f15e0e-e899-414a-ac58-9d87be61b333","epithelia"
"6636","b3f2d625-6a07-41e7-aa99-dc4bf3663f54","epithelia"
"6637","b3f2e89d-a67e-4431-92e4-f330291f3f28","epithelia"
"6638","b3fb51b3-ae97-4c6f-9440-b6ae0c8371e1","epithelia"
"6639","b4009624-e56b-414f-a48d-7b2f92214d27","epithelia"
"6640","b4135a86-7085-4f34-bdf2-50763f961c59","epithelia"
"6641","b41a2211-d684-4e68-b5a1-c05b0e478f80","epithelia"
"6642","b4292c6b-010b-4877-b750-9d5cae62ba27","epithelia"
"6643","b4343f74-02e2-4c3d-a6c6-c7138030afd5","epithelia"
"6644","b4368bbe-ddc8-45bd-a2a9-5a81ffc13958","epithelia"
"6645","b43d3873-5bb3-4f71-a9a4-49152b27cd55","Treg"
"6646","b44b355f-e6e9-42f9-9d03-1b2055f0682e","epithelia"
"6647","b44c4370-4cca-4d6f-8a8a-5733aa6286aa","epithelia"
"6648","b44db108-c47f-4adf-be8c-e79a02e09824","Treg"
"6649","b455b71b-6557-4b66-ae2d-5c46f2b65f54","epithelia"
"6650","b4586f15-d876-4626-9d88-2e27c0e80227","epithelia"
"6651","b4663595-b733-4ab7-8431-b6acbbde6170","epithelia"
"6652","b466e41a-a99e-4674-a47b-963f518ab278","epithelia"
"6653","b468d4e7-cd04-4ef2-9282-b9ea22569495","epithelia"
"6654","b46cffe0-7510-41ce-9ee2-b9ac2732fe1b","epithelia"
"6655","b46ed89f-2c7a-4f93-91a7-1120e39fec2a","epithelia"
"6656","b46fa1a2-df12-47ef-9b4d-eaa157edb265","epithelia"
"6657","b47f70ce-c2aa-4b4f-a6f2-17364bda4e9d","epithelia"
"6658","b4882fc7-425e-47ef-b8a2-3b98675ad39d","epithelia"
"6659","b4903ecc-92db-4842-a0fa-78a14cfd116f","epithelia"
"6660","b499474a-07b9-40d1-91c7-4d5aa7558691","epithelia"
"6661","b49bdb32-2fe5-4a09-82f3-2bd404fe5234","epithelia"
"6662","b4a2b0fa-2d17-475e-8891-ae8fcb883e16","epithelia"
"6663","b4ad6b88-a455-41f9-afde-3b631f684241","epithelia"
"6664","b4b0b72c-ba79-4dbf-bc47-2e6e588af445","epithelia"
"6665","b4b9adde-67ae-4712-8907-9e6427db54ec","epithelia"
"6666","b4c3434c-a20c-492d-9326-edcaaa1e1ad0","epithelia"
"6667","b4c4a000-77fa-4a86-a4c5-5e8aa13d3a84","epithelia"
"6668","b4c96cef-e751-46fd-97c6-e733682e9d1e","epithelia"
"6669","b4cf1365-c48b-475b-a72e-f010c803f7e8","epithelia"
"6670","b4cfba27-ada5-433d-9bac-b87d9657faf0","epithelia"
"6671","b4d88a5f-a5b8-4e54-8ae3-9fb0e508967f","epithelia"
"6672","b4df6658-6a04-4ed4-8329-41456a0433c2","epithelia"
"6673","b4df6d6b-8c18-44cc-abdd-958f8eb1571c","epithelia"
"6674","b4ed330a-883f-4fbd-937f-75073ca8f44a","epithelia"
"6675","b4f1473a-d66a-4944-9867-2ca1ebcf34ee","epithelia"
"6676","b4fd4e70-a05e-473b-830b-1845f3cebcba","epithelia"
"6677","b4fda3a1-7c30-4b1b-a2aa-a183ceffc320","epithelia"
"6678","b502811a-8856-4162-9b7b-225c7b1b5ad1","epithelia"
"6679","b50ddbc9-9b98-4721-af64-aeec4f83e089","Treg"
"6680","b515a92c-3a44-47b2-965a-d25f47a85a87","epithelia"
"6681","b5234a63-e5e5-435a-a14b-093bcc40b180","epithelia"
"6682","b5243009-ee0b-47bd-9f73-9c9cfcf4b9f3","epithelia"
"6683","b52784e1-51c4-48fa-881e-f05bbe6d732b","stroma"
"6684","b529b907-acfa-447a-abb0-ddfa0b796926","Unknown"
"6685","b52f0a98-0bf1-4a03-949a-22f25554bacf","epithelia"
"6686","b5303eca-35d1-41ed-b4ab-44d0082d694e","epithelia"
"6687","b53b7285-db57-487c-b114-ac29aef55ac8","myeloid"
"6688","b54a812f-3f70-4b14-84d3-e4b99fb1b2b0","epithelia"
"6689","b550d3c3-56b1-4650-b428-824870b09fa9","epithelia"
"6690","b551388a-16ca-4f5c-a01e-4faa99412113","epithelia"
"6691","b5537b4b-fbea-48a0-a8cd-4211bd75fa85","epithelia"
"6692","b558f497-fd0b-4964-8d3c-754962686525","epithelia"
"6693","b55f09bd-a6d6-4bd7-b988-d77733f0e2ce","epithelia"
"6694","b562494a-29d6-4670-8cbe-7b84cb03b5ed","epithelia"
"6695","b568de0e-d708-4ff8-bda3-a866fed53680","epithelia"
"6696","b56dcfa4-32bb-4e21-8ebb-d0af9bb5c2a8","Unknown"
"6697","b5713e47-d311-4562-a8aa-c58c5aa0588e","epithelia"
"6698","b57752b5-6558-4309-ac88-1850bbd82b14","epithelia"
"6699","b57dd1e4-b548-4ec6-87d3-e62c0bb699e1","epithelia"
"6700","b57feee5-d3f2-4147-bc3a-7a8b308dbcf7","epithelia"
"6701","b5810c04-9c84-4b6f-81d1-c224cf828641","NKcells"
"6702","b5883c54-0dcc-47df-8671-ed28c76f6f9c","epithelia"
"6703","b59395c4-b076-4cde-a833-dc047f9e1417","epithelia"
"6704","b5b2c302-5419-4f81-8f79-3b64f5b6df0f","endothelia"
"6705","b5bfc843-c242-4b68-b880-ecde9084ba3f","epithelia"
"6706","b5c0f6e5-8bf1-409d-85e8-efec2b601389","epithelia"
"6707","b5c46783-d739-49a5-8887-ac26a7a83c64","epithelia"
"6708","b5c77f1b-b11d-4486-8574-fcd5eeed9478","epithelia"
"6709","b5c89d9a-86a1-4363-945a-cc80615c2c0d","epithelia"
"6710","b5cb4bc8-ec68-4e2d-afbc-bcaf4374fa26","epithelia"
"6711","b5cf9fc7-de6c-4c17-a6d7-528b30d6f76d","CD4_T"
"6712","b5da0885-3175-4748-9d0f-a8b81d179d4b","epithelia"
"6713","b5ee3655-0108-4710-9dd2-e5a62c7b2b55","epithelia"
"6714","b5f6479a-fe71-4359-9d25-be61f9a77e0c","epithelia"
"6715","b5f7a4fe-576b-47e3-aa97-7d60d439ea0f","epithelia"
"6716","b601c653-5372-4df4-bee4-0fc8aa0f04d7","epithelia"
"6717","b608625d-f9c6-4216-967f-3ff1898fb07e","immune"
"6718","b610f32a-f749-44a4-bc51-6512047da5ce","epithelia"
"6719","b611ebec-7173-4b0f-8cf8-bfe1581791e8","epithelia"
"6720","b615a1af-c83c-426b-9a68-33ba29f25c2f","epithelia"
"6721","b61708a1-729f-4fad-a07b-455dc7151195","epithelia"
"6722","b61cae6e-844d-4c59-aadc-a3f35f06d9fb","Treg"
"6723","b61ea3f7-f4c2-45b4-851c-5f2549670656","epithelia"
"6724","b626660d-4ed8-4ff2-a95f-6ac278ad6bf2","Unknown"
"6725","b62b9bfb-e443-4273-9ef1-df2418edcf52","epithelia"
"6726","b632b791-9ca5-410c-abf2-05a9ba715d66","epithelia"
"6727","b63452ec-e88e-402a-9fe2-e31c8edd8831","epithelia"
"6728","b645d863-f542-4616-9862-456770c43ae8","epithelia"
"6729","b646d298-d14e-4d97-8fac-f48d083600e3","epithelia"
"6730","b64dcc51-88ec-4302-8f8f-fada149693eb","epithelia"
"6731","b6519372-8294-4dd6-b8cc-267810d89c10","CD4_T"
"6732","b655cfe8-34cd-4ac0-9f5b-28d9973681a3","epithelia"
"6733","b65970c6-c750-4c50-ab9e-092b078a1afb","epithelia"
"6734","b65e2057-e7c9-4882-939d-8a63a92b4810","epithelia"
"6735","b6825047-d483-4893-91e1-c0812ae65651","epithelia"
"6736","b6887d0a-be4f-42fa-a03d-55a990f5768b","epithelia"
"6737","b68bf8f4-15e0-49f9-8f48-a40123f983fe","epithelia"
"6738","b68dd86f-e0e2-4b0e-9e07-c176b5508dd7","epithelia"
"6739","b690bc38-2c78-4979-8f8b-1180bb56d413","epithelia"
"6740","b6934aad-7e95-45b9-a374-8211b4a612c8","epithelia"
"6741","b6958f69-ca90-4395-a358-ca747ba44924","epithelia"
"6742","b69f12f9-fa80-44f5-93c3-04d9fe6c9bcc","epithelia"
"6743","b6a3c159-783a-4cf9-a464-921fe672317e","epithelia"
"6744","b6a3eaec-e7ec-47a8-9230-d821614ebcb3","myeloid"
"6745","b6a43850-b2d0-4ef0-9b56-1e46c955203c","epithelia"
"6746","b6a9b30e-08c8-452c-9e3e-ea03c1090205","epithelia"
"6747","b6ab0341-60d3-4898-9428-84eb1ce55a1c","epithelia"
"6748","b6aee016-86c7-40b8-8886-777d80e7d244","epithelia"
"6749","b6c646d8-b00a-4f74-a096-699d2b14358f","epithelia"
"6750","b6d9922b-9d64-49f8-be3f-65d44bde189f","epithelia"
"6751","b6da3c15-3797-4e4c-8d27-7795dede8cd8","epithelia"
"6752","b6da712f-479f-42d8-af62-7b9f37f6acab","epithelia"
"6753","b6e0a453-b5d0-4883-af5c-72d7aa95b7c1","CD8_T"
"6754","b6f088d4-daad-4163-972b-99d3a2bbcd10","epithelia"
"6755","b6f3cb0c-6712-4bcd-a15f-c6c1b76ccb17","epithelia"
"6756","b6ffa950-934e-4606-ad8b-7ec15d27984e","epithelia"
"6757","b70691b8-7bde-49a0-a1fd-17dc2a1fa3f4","endothelia"
"6758","b7080e24-f3d8-4335-91bf-daf5daf1ff1e","epithelia"
"6759","b7131a29-d91c-4d4a-ab36-b51a849b1341","epithelia"
"6760","b7198d28-2938-4b9b-8b67-5f446834f6c0","epithelia"
"6761","b71bfeee-a4df-4a95-9565-f3ad266685a9","epithelia"
"6762","b71f8864-7e26-40e6-958f-c1028b33da62","stroma"
"6763","b727f405-b3fc-4344-a4dc-ff27c5d755f2","epithelia"
"6764","b728bed0-3ee1-43c5-b532-8ef1d3752bec","epithelia"
"6765","b72a6fc7-e648-4002-a109-0247cf5d480a","epithelia"
"6766","b72d4010-69dd-4516-ac7b-38164f381504","epithelia"
"6767","b72ef69c-db78-4a7c-bbe9-9c54e092afa3","myeloid"
"6768","b7369875-dfe0-4fef-a137-e96dba09499e","epithelia"
"6769","b7376899-73b1-4963-b0da-c2fbd4bd2e87","Unknown"
"6770","b73d0556-78d5-4561-b832-f4be0f5170c3","immune"
"6771","b75208b2-6b8c-4d05-9a03-93bb2390851a","NKcells"
"6772","b75b5b92-4a83-4138-bf01-ed544d96e68b","epithelia"
"6773","b767e239-d39f-4c1b-badc-a45c7101879e","epithelia"
"6774","b76ec467-397c-48c1-8048-117ea62c3758","NKcells"
"6775","b7748c27-9bf4-4017-b4f4-2fc840199b9f","epithelia"
"6776","b78151c0-3a88-4303-a913-72c1a233ffa8","epithelia"
"6777","b78fb146-9a14-4d5f-939f-c1486d61de1d","epithelia"
"6778","b799387f-c380-4881-9ae6-aac562e2d02a","epithelia"
"6779","b79e9361-1814-496c-9135-33fa50d8f620","epithelia"
"6780","b79f6651-1ea3-4ca4-bf89-839489fbc655","epithelia"
"6781","b7a3a669-c112-41a3-b56e-515b026dfc3d","Unknown"
"6782","b7a550e2-8fae-4cfa-9e26-58cc76b88d0d","stroma"
"6783","b7ac857d-fce3-494e-b09f-0a4c730a5c66","epithelia"
"6784","b7af656d-ae57-4979-88bf-9dff9535ca42","stroma"
"6785","b7b1ce7c-0cfd-46d8-9b6b-bb9a994de8d4","epithelia"
"6786","b7b29c23-bc9a-4cc3-8f51-abce62295452","epithelia"
"6787","b7b2f171-2e8a-436f-bf7c-9ecd98e00b80","epithelia"
"6788","b7b4f6a2-0ec1-461c-a71f-b6c7507611dc","endothelia"
"6789","b7b7e9f5-e148-4c4b-92c6-a99b284bea97","epithelia"
"6790","b7c07987-acc0-4c7a-9a6f-30bc69bd5e88","epithelia"
"6791","b7ca6f3b-a744-4e38-83ac-4736fb36067e","epithelia"
"6792","b7cf2b96-929c-46a6-b1d2-ab228ec20792","epithelia"
"6793","b7d8cd6f-0a45-47d4-bb0c-7485a4ad1159","Unknown"
"6794","b7db15b2-0516-45e3-8f2d-bad989ce4d7f","endothelia"
"6795","b7e8c729-ad8d-4054-bd88-d8d7a100a80d","myeloid"
"6796","b7f99275-a9d9-4467-9e85-f315dcf1f90f","epithelia"
"6797","b8035a08-9052-4902-8fc6-0e66e8966822","epithelia"
"6798","b8040029-6803-4ca5-b606-b521d690db2c","epithelia"
"6799","b8068f88-987e-4288-92ba-69bb264d19ba","epithelia"
"6800","b807e612-bd80-4e4e-9c88-c27b0867a9b4","epithelia"
"6801","b80efc9a-8165-4a07-b1f5-d20b1994bcab","epithelia"
"6802","b814827b-61c2-4b65-a650-70cbf8eda2fd","epithelia"
"6803","b81aa893-4d28-4508-b96a-04d40e9de44d","epithelia"
"6804","b82a8ef7-af78-4155-97ae-773bd97e317c","epithelia"
"6805","b82e769a-55fe-4b7c-845c-62fa4f39060c","epithelia"
"6806","b82fa10b-73c4-4d61-ae9f-2d548bdf9595","epithelia"
"6807","b8321ee8-d90a-4ec2-a13d-59df797e5db1","endothelia"
"6808","b83bed70-5d2d-4465-9ea2-4a13cf5eb6a7","epithelia"
"6809","b840b34b-32ce-4c11-8b71-7358bdb4efb1","epithelia"
"6810","b8436367-1ea8-40e4-a22b-e1143287c310","epithelia"
"6811","b857bfa3-2895-4dc2-941d-f9124a2b6e90","immune"
"6812","b86400ec-003c-4dc2-997b-df207d0152d7","epithelia"
"6813","b866bb76-a826-43b4-88ec-44918ecee1c1","Unknown"
"6814","b8696a90-8ad3-4cf7-b1e2-e7bb3a301914","epithelia"
"6815","b86ba250-4ddc-465b-8d13-55f0732a4006","epithelia"
"6816","b86f595c-76c8-48f6-a5ae-a8c64e9433ac","epithelia"
"6817","b86ff4e0-9d5b-42e7-92b4-824aac05b125","epithelia"
"6818","b875b2fe-5624-4f71-a2e2-35c4b9a66513","epithelia"
"6819","b8793897-5b35-4d7b-b6f2-ffa153daf440","epithelia"
"6820","b87a7ddf-8551-4f14-b49d-2d50f0a99344","epithelia"
"6821","b87d9245-cf9b-48bd-9461-3a3ab211bc21","epithelia"
"6822","b87dec16-e0ff-40ad-9bbb-8e78d25091f0","epithelia"
"6823","b884b510-d450-4ca9-830c-4cf2cd6c45bc","Unknown"
"6824","b88b3115-2dfa-4bf8-b71e-aba16de6e30c","epithelia"
"6825","b893d3c9-e00f-42cb-98f8-5aa1c362626c","epithelia"
"6826","b89c796b-a262-4461-b72b-7df73027b399","epithelia"
"6827","b8a05733-d39e-49d1-88d0-009f0a68cdf5","epithelia"
"6828","b8a08cc4-228f-4ebf-a5c2-8d7aefd493ac","epithelia"
"6829","b8a4064d-7151-4be7-a398-2e892d56f54e","epithelia"
"6830","b8a42c4c-4810-40cb-a6f4-7408bf03b875","epithelia"
"6831","b8a756c1-2e41-4e92-b759-b7fae4d73d44","epithelia"
"6832","b8a7e3e1-cb24-4b47-bd71-8bec332f69d4","epithelia"
"6833","b8ab0810-26aa-4b5f-8bc5-865e631fb330","epithelia"
"6834","b8acfbaf-be47-49fb-96d2-b9abcea1e3df","epithelia"
"6835","b8c471db-e86a-47c2-a0e4-2478e078665f","epithelia"
"6836","b8d4b0f7-1c37-410f-a1ba-bde8cbc31a4d","epithelia"
"6837","b8e2fca6-deb0-4894-869f-0f5c1f6bc053","epithelia"
"6838","b8e60b9d-7214-4bec-ad3f-eb7fee34902a","epithelia"
"6839","b8e67933-5c99-4a41-8b07-7964c51d23a6","epithelia"
"6840","b8f5510c-e068-42ae-b302-001713a86af2","epithelia"
"6841","b8f68612-d537-4a8d-9855-81be9588342e","Treg"
"6842","b8fd6534-43bf-47ee-b939-ab7e98227fb2","epithelia"
"6843","b9030401-044c-46d6-921d-574175b72317","epithelia"
"6844","b9080cbe-1fef-4219-b87a-bfaaa8fb7641","epithelia"
"6845","b90d0950-d710-4c0c-8a77-8fc24512f54e","epithelia"
"6846","b91f7258-64b3-4fd9-b269-96995a6c689e","epithelia"
"6847","b92a4411-b1f0-4994-b4ca-0d4a864ef715","epithelia"
"6848","b92f254f-5f04-4ee8-9cfd-6c982bec62da","epithelia"
"6849","b934b060-5102-45e9-a7fe-130d1c4c0ce1","epithelia"
"6850","b93bed42-e6e4-42f1-bd09-47c1565fba6e","epithelia"
"6851","b93e750b-9738-46e8-9d7c-0986d5f68ad1","epithelia"
"6852","b9441ea7-8594-4ebc-9054-3f290e6e5b66","epithelia"
"6853","b944c01f-006e-4e0d-aee3-83a06f086a00","epithelia"
"6854","b94ef422-6c86-42a4-876e-08dbad1e68f7","Unknown"
"6855","b956f164-4c86-433a-83f3-a9313ac81b4d","epithelia"
"6856","b9594193-a3df-4ccb-b8f6-d1cf64fc2902","NKcells"
"6857","b9641db1-69b3-4894-90e8-04cd8d2f016f","epithelia"
"6858","b967eaa5-1345-4686-9c8d-e803ca449cb9","epithelia"
"6859","b98e7b27-4a32-4b0a-9d9b-211c38e18b6c","epithelia"
"6860","b992a0fd-e37d-4de0-9eaf-99c61fa107ad","epithelia"
"6861","b99db572-57b4-47ce-b541-95fdcb18a00b","epithelia"
"6862","b99ee62c-f4b9-4020-ade6-08d3015846f5","epithelia"
"6863","b9c18349-4ba9-406b-b70b-c4b7e7aed50b","epithelia"
"6864","b9d45345-bf07-47f2-94e9-a8effaf65074","epithelia"
"6865","b9d6b808-c628-4d66-b9c5-caa092763d8d","epithelia"
"6866","b9e14bf2-0345-431d-98a3-17bb67da5f1d","epithelia"
"6867","b9e55f32-0532-4a45-a9d1-006d0a81b5a6","epithelia"
"6868","b9e96043-49ad-4b81-b43b-4f4c905a361b","epithelia"
"6869","b9f6404d-e206-40aa-9c25-da2e522233fe","epithelia"
"6870","b9fb0782-de9f-48dc-b211-7561c10215c8","epithelia"
"6871","ba0b4f64-8114-4ca1-b4b5-f90b46fac3f4","epithelia"
"6872","ba0ef15b-b027-4c3e-9863-e098acd381ac","epithelia"
"6873","ba0f9aa9-941b-4875-b7e6-cc7f2c2a7eb0","epithelia"
"6874","ba15aec2-fcad-49d1-ac18-50d3a13c6327","epithelia"
"6875","ba16ca89-06e1-4af4-9ae7-17ec558b40d0","stroma"
"6876","ba25c410-85bf-44db-8561-7afebd7f648e","epithelia"
"6877","ba2c3ae1-b937-40f6-9c8a-eb837e5396f7","epithelia"
"6878","ba3944ae-1456-4fe3-ae25-3856453278cc","epithelia"
"6879","ba3e0062-7d61-4ad6-9f82-c01988b4b44d","epithelia"
"6880","ba48ccf9-b154-4047-b663-e80fd378a6b9","epithelia"
"6881","ba4e2e4e-950d-4508-94b9-390172eeea5b","epithelia"
"6882","ba5933a6-ff80-4eec-a28d-e2f93e139c9e","epithelia"
"6883","ba5a1134-5eeb-4cfe-84d1-2681d9521ae7","epithelia"
"6884","ba674746-58c7-4361-89ca-911c03f493e5","epithelia"
"6885","ba6757e8-9e5b-4ece-9f1d-e04bbd0ea677","epithelia"
"6886","ba718f2f-3a4c-433f-b394-7a63fc1fd416","epithelia"
"6887","ba748b5e-de85-4d2b-a8ea-30a60cd71361","epithelia"
"6888","ba7920aa-17ec-49c3-afda-4616555ae3e8","epithelia"
"6889","ba7de167-b1d0-486b-83c3-e056d6e39278","epithelia"
"6890","ba7f4152-8692-4651-ab00-c23c600965ca","stroma"
"6891","ba97e869-edde-4d74-8adb-c5d3efb0756b","epithelia"
"6892","ba9c3401-de55-476e-8f5e-f225ac9cb3da","epithelia"
"6893","bab33f71-1999-4ff9-80f2-59657c668782","epithelia"
"6894","babfb7dd-2d04-4862-84ae-112238038912","stroma"
"6895","bacf9019-8c62-41f7-9462-be96d8cd2658","epithelia"
"6896","bad833d9-8893-4d73-82fd-b4a34574b6fe","epithelia"
"6897","badf812c-1b43-49fa-85f3-797e4732625d","epithelia"
"6898","baee3052-b144-4cc3-91db-42ac39859612","stroma"
"6899","baeed5f1-3e3a-45ec-97c9-e47614842810","epithelia"
"6900","baf040ee-fd39-478c-86d3-f29396b317a0","epithelia"
"6901","baf046c4-f6b5-4247-9e89-6a24780dd182","epithelia"
"6902","bafef850-aacc-4c89-bc0f-3fd8e255b385","Bcells"
"6903","bb0c321c-da90-4890-a6fc-b91de89636fa","epithelia"
"6904","bb0da085-d3ee-4475-aab7-8164aef8aa77","epithelia"
"6905","bb1eb1fc-6fa4-4b8b-96f6-31c68b548459","epithelia"
"6906","bb25672e-5d54-45c1-9779-323bffbf9bad","epithelia"
"6907","bb279bd6-91cb-4b9f-b253-7da35432cd7c","NKcells"
"6908","bb6204a0-b65c-4018-b96a-f131a8ae9c73","epithelia"
"6909","bb638689-e360-43bb-9da2-3c36275f4279","epithelia"
"6910","bb6c123b-76d2-452d-82d7-e748a2cfeb33","epithelia"
"6911","bb6eca5e-3d01-476e-84a5-d69a670345b6","immune"
"6912","bb7075fc-b71b-4a2a-b181-84e4a5eb244b","epithelia"
"6913","bb71bd63-2663-4342-baf9-39f8616c48f6","epithelia"
"6914","bb8e5830-541e-4b1d-a874-1d7bb4bfc22f","epithelia"
"6915","bb950474-9b1c-4d53-a05c-3f9c698a23ee","epithelia"
"6916","bb9ae270-49b1-46fe-aaf0-9efdc459ff23","epithelia"
"6917","bb9efe4d-bb7f-4558-926a-9abedb6c2196","epithelia"
"6918","bba777aa-0e70-4b3f-a400-baa0c75832c5","epithelia"
"6919","bba8b5b1-5d0d-406b-b15c-e9079f91a0ab","epithelia"
"6920","bba92709-bac2-4e42-bb21-8c1be213052c","epithelia"
"6921","bbaf99d4-4496-4008-9790-b56297cbbeb7","epithelia"
"6922","bbb69da9-6755-491f-a2cd-d5e670a80770","epithelia"
"6923","bbb865e8-ae58-4353-8ed1-f5b91a1c0f7b","myeloid"
"6924","bbcbdf3c-ceca-4647-8c9b-eb912b941181","epithelia"
"6925","bbd1938d-2a54-4622-99f1-c48a7be3e215","Unknown"
"6926","bbd8c221-48e7-49d9-ace8-bf3bce72ff65","epithelia"
"6927","bbdd6328-c495-4afb-bdad-e3f1dfe4bb0a","epithelia"
"6928","bbe4e15d-9675-462e-a7ad-e41e9aef7dc6","epithelia"
"6929","bbef109e-73aa-40b7-b2ea-84f0af264d52","epithelia"
"6930","bbf28cee-60d5-4b16-9551-9a65b54262e5","Treg"
"6931","bbf85d5e-6929-41e7-b3ca-aa5cb705b302","epithelia"
"6932","bc028cc8-661a-41ac-82ef-3e2b191d8cce","epithelia"
"6933","bc0c426e-c07d-472f-b870-8598b34a1376","CD4_T"
"6934","bc1cae87-0761-41fd-8cd9-2a78a451347a","epithelia"
"6935","bc3225e3-47e7-41b6-a253-a4ebe1a61d8a","epithelia"
"6936","bc3b074e-79fe-4dde-939e-a0a39c89eff4","epithelia"
"6937","bc4de7b2-627d-4286-8c6e-300391ea05f7","epithelia"
"6938","bc4e28d7-c37d-4cd6-aadf-5d6d41d05bbf","epithelia"
"6939","bc58eede-60e2-4136-b912-9d0a794d91bb","epithelia"
"6940","bc6140e6-3cb8-4ac0-97cb-093760705471","epithelia"
"6941","bc651427-87ba-4744-a082-ce32c6750401","NKcells"
"6942","bc66f6fe-2124-4606-820a-e14a5ad527b5","epithelia"
"6943","bc6b662b-9564-4237-bc94-d53b179185a6","epithelia"
"6944","bc6baeb5-b0d5-496c-a3b8-3ae984694aa7","epithelia"
"6945","bc77de06-541b-4585-a21b-2325e2ce4f69","epithelia"
"6946","bc7b0328-1d55-45fd-9a5a-56bca068c355","epithelia"
"6947","bc7da4fe-66f1-44c4-a286-16e4e0026183","epithelia"
"6948","bc85019b-2436-4026-9f32-b2d2469f0851","epithelia"
"6949","bc937a99-6c24-4c93-9579-b8625a07f018","epithelia"
"6950","bc9ffc2f-1e13-4fe4-ba5e-627da39606f1","epithelia"
"6951","bcad1c8a-6f1a-4288-aa4e-29cabb57fe87","Unknown"
"6952","bcae18a0-0c21-4c59-be87-c8d6e725e210","epithelia"
"6953","bcb6dbd8-025f-4f63-9165-eaea4c431fcc","epithelia"
"6954","bcc1445b-dbd7-4928-af97-5170641c0de2","epithelia"
"6955","bcc1a4d0-a42e-4694-9bb5-b136fdac0741","epithelia"
"6956","bcd171cc-c007-4b9e-9f59-65bf8b59a15e","epithelia"
"6957","bcd23b49-99e0-4755-837d-14aec6dbf9a9","CD8_T"
"6958","bcd8b4d6-34d2-4d69-87db-0ac8c9be8afe","epithelia"
"6959","bcdb8213-4b98-44b9-8019-25a5cb4d7c33","epithelia"
"6960","bcdf0150-08aa-4d51-ba84-3de1cd17a7da","epithelia"
"6961","bce2992e-9343-4e66-b6fd-af965ec88aa3","epithelia"
"6962","bcf7688a-491d-4798-beef-8b78980f90c0","Bcells"
"6963","bd028cb4-45af-4c64-8d2d-ac224c454ee0","epithelia"
"6964","bd0853ea-cca0-4897-8aab-5a25b9f98016","epithelia"
"6965","bd15227d-97e7-4ab8-a45f-807bd10051bc","epithelia"
"6966","bd154456-ce21-4e4e-a684-9d2af17b3972","Unknown"
"6967","bd224a77-9239-4b1d-a979-8a280025d1d8","epithelia"
"6968","bd2509da-3627-4040-98c8-f019acc3e713","epithelia"
"6969","bd2e6caf-9ca4-4a81-862c-87c6df4a8519","epithelia"
"6970","bd33c66b-f769-445d-a03d-17654f199327","epithelia"
"6971","bd3646c8-99f5-40b6-93d9-929ab3d33157","epithelia"
"6972","bd39ac8c-3636-439c-8b57-1de2ac68f59a","epithelia"
"6973","bd3efe3f-45ba-4f06-9fd5-bc97445d7db0","epithelia"
"6974","bd4b9809-1e51-40c9-a24c-99ebbe737740","Unknown"
"6975","bd50ce62-091d-46e9-b01b-7fd74fb980d0","epithelia"
"6976","bd51210b-3e0d-4572-b740-d79f5e0e8f2e","epithelia"
"6977","bd6427e6-c145-466e-a605-44594c81f96a","epithelia"
"6978","bd68ff74-fc4b-40a1-996c-d778b1f2d7c6","epithelia"
"6979","bd69b8d2-cac0-4694-abc7-630dba6d1645","epithelia"
"6980","bd70f915-844c-42f5-a22e-a2d4e20ac735","Unknown"
"6981","bd7893a7-c605-4fc5-b3da-d39292434973","Unknown"
"6982","bd946a67-b310-4295-8941-0d294a1396c0","epithelia"
"6983","bd9a7645-8d21-45d7-81b0-65e8a2f8c2d6","epithelia"
"6984","bd9f77f3-9a9b-4127-b1a0-0c321e457b26","Treg"
"6985","bdaab006-4e84-4304-95fe-fc6e03e12ba5","epithelia"
"6986","bdac6d6f-9d1e-44db-a58e-b60ec94e9783","epithelia"
"6987","bdaf8d58-fc63-4e41-ab73-6a5d2f794d3b","epithelia"
"6988","bdafe91a-d89a-4d9c-aae9-280039e6f62c","epithelia"
"6989","bdb15b66-a376-449a-b0ee-a0abc8af9043","Unknown"
"6990","bdb49866-3d37-47f5-8c11-0eef9ef8e6fe","epithelia"
"6991","bdb6720d-f2ef-4a0e-88a3-d2b9fcc35f15","epithelia"
"6992","bdb8f5af-3cfc-41a9-81ee-2f77af2f9845","myeloid"
"6993","bdbda920-e0a5-460b-842d-e259fc6ced01","epithelia"
"6994","bdbf9b86-142e-4ba2-bb7a-d634b1924f3a","epithelia"
"6995","bdc8532d-55eb-4373-b73f-03d80b4d6b84","epithelia"
"6996","bdcd49a7-c24d-462e-a029-e6046064eaed","Unknown"
"6997","bdce0436-fbea-4924-b005-77a6fd662903","NKcells"
"6998","bdd049c1-7b51-4af5-a955-ca2cdd2cf404","epithelia"
"6999","bdd3dcc9-8d14-4ab8-8998-eeb0d8d7513a","epithelia"
"7000","bdd9babe-ebd5-4515-a6a9-01bd22aad258","epithelia"
"7001","bdfe4907-3e1a-4054-b9b3-e29f1b734903","epithelia"
"7002","bdfe825f-f8a5-480d-9da6-b6dce2c87006","epithelia"
"7003","bdff0c74-fcb9-43e0-beb3-48758d9af690","epithelia"
"7004","be040390-340b-4560-8d87-9428cb283b4e","epithelia"
"7005","be04f2b7-17d7-4954-b967-16bbcae00cad","epithelia"
"7006","be0537b8-2f63-4407-97ee-0b328bef6a63","epithelia"
"7007","be058d39-1094-4f10-bdae-191b07c91542","epithelia"
"7008","be28da34-fc96-4834-a332-a031a8b57c46","NKcells"
"7009","be2c31e6-daa2-4f12-85d2-6c490eb01e64","epithelia"
"7010","be2fc188-551b-46bd-8875-fdb325513260","epithelia"
"7011","be3368da-02b6-46a0-b4fc-8392be08c0ab","epithelia"
"7012","be36bd46-95d5-4ded-a41c-b0d8e8c63677","epithelia"
"7013","be3a7ebe-465f-48ee-9944-2e4d92c9f587","epithelia"
"7014","be3e4af4-2edc-40c1-823c-e6a826587dd6","epithelia"
"7015","be3fdc77-b74c-424e-9123-c92db4fd2263","epithelia"
"7016","be41d03b-f663-425f-8749-0f76a1ef6f7c","epithelia"
"7017","be43bc90-e02b-4499-9e01-76e58800acfd","epithelia"
"7018","be4dc6e8-0d91-40e6-944b-00daf0372451","epithelia"
"7019","be58f3b5-f574-454d-8460-c954703f4068","epithelia"
"7020","be6368b2-2361-4299-92b1-a6d4d4fd370b","epithelia"
"7021","be6cc9ef-c750-400b-9477-cb1187689ad0","endothelia"
"7022","be6da2f2-d848-4e56-8748-85ddff3b19df","epithelia"
"7023","be711ca0-ea95-4fb8-9b40-f4318ba20e63","NKcells"
"7024","be7abdc8-4bfb-44df-8651-12c058e775b7","epithelia"
"7025","be84c6cd-7c84-4138-ba87-eabea03a494f","epithelia"
"7026","be861b46-8a38-439f-a42c-884c26e5416d","epithelia"
"7027","be877545-f12b-4d60-886c-520c1750a04c","epithelia"
"7028","be88c092-f286-4c9c-9135-0d23f78c3642","epithelia"
"7029","be894c65-c409-40a6-8102-300aa8e14ecd","epithelia"
"7030","be89e8bd-1e2a-43df-a3b3-b0d859096141","stroma"
"7031","be8fa006-7e92-40a7-8fb7-d7ded5d05895","epithelia"
"7032","be92003d-b57a-485b-b88e-ba03155454f0","Unknown"
"7033","be97b4f7-78d7-4a13-8c65-113302bf8a44","epithelia"
"7034","be98b780-efce-4d82-8382-330f413e9b14","epithelia"
"7035","be9bc17e-b496-4ce8-80ff-f452d548a858","epithelia"
"7036","be9bc3a8-1207-4d22-bc72-77784537e241","Unknown"
"7037","bea0255d-1d7a-4f4b-9efb-a4a360adec3a","epithelia"
"7038","beaf3373-bcec-4a9e-9b71-52335d11de2a","Unknown"
"7039","bec05995-fada-434e-85ba-9cee892feeff","epithelia"
"7040","bec99c83-9e01-4053-a2cf-f9fc2bb3cad2","epithelia"
"7041","bececed2-11cf-4507-a8a6-058a0b821e90","epithelia"
"7042","bed44d18-2b5e-4bfd-9dd4-6418f6c5fb95","epithelia"
"7043","bed85c00-7e99-4b4e-b4a1-6b0ea9ef8b85","epithelia"
"7044","bee6f919-a4c9-4636-90db-e1582380078a","CD8_T"
"7045","beee83b1-04a7-45cc-adb1-bdbfb22161f6","epithelia"
"7046","bef337be-6a50-411c-9ae1-abe5fd4a942f","epithelia"
"7047","befae0aa-c090-46eb-a2db-686ed462971c","epithelia"
"7048","bf00e833-e8da-4633-8c8c-aa0245f8a6cd","epithelia"
"7049","bf0430b7-98fe-4f61-ac44-29f83aa74f5b","epithelia"
"7050","bf05ebf2-42b0-4da3-8e15-2a351121a9d6","epithelia"
"7051","bf05ed9a-2672-4239-a021-792373e13bd6","epithelia"
"7052","bf17de9d-d8ed-494d-9465-19bce49559a8","epithelia"
"7053","bf2d5669-4b28-4ab3-a9c7-ce66bbc64e67","epithelia"
"7054","bf3f9b87-9c84-41c6-825e-e62bf9a2695a","epithelia"
"7055","bf446f41-c1b6-4f27-895c-8bc1f585ae96","stroma"
"7056","bf47019a-e6f2-4dab-bcdd-7de90440ed5c","epithelia"
"7057","bf4a7124-3c77-4058-9444-50ac4e80592b","epithelia"
"7058","bf4fe6b2-5f22-4f1d-990a-84c063bcc388","immune"
"7059","bf587f6f-0f8e-4225-9bf2-bf801889c9ae","epithelia"
"7060","bf588160-39d4-48b7-b964-099b39cd28b9","epithelia"
"7061","bf58afc1-19f0-43d3-ba0e-c9e2b46ba376","epithelia"
"7062","bf5a1318-ffab-4857-bacc-4c34a2109ff7","epithelia"
"7063","bf5af21b-ba71-43de-836d-a6eb1e12d83b","myeloid"
"7064","bf7703dc-5311-4a05-b841-a9f5e99abc07","epithelia"
"7065","bf78ac69-7f79-4c12-ba10-056d8279e3f4","epithelia"
"7066","bf7df265-bbf2-4b1d-8fe6-a0370f4fd3f8","epithelia"
"7067","bf821a61-edf3-402e-a745-0d9726989544","epithelia"
"7068","bf858666-9e2d-4b4c-8e06-21886ccb2912","epithelia"
"7069","bf8b9e66-be9e-4884-94cf-e45941a67364","epithelia"
"7070","bf92a73f-5501-4777-a41b-23c60b530ce5","epithelia"
"7071","bf960d3b-0b79-4e3d-a907-71d86937cfb3","epithelia"
"7072","bfa1d5fd-0873-47dc-8d8f-fb44f0fdb0fd","epithelia"
"7073","bfaf4926-d257-4b35-b5a1-3ecedddd3dc1","epithelia"
"7074","bfb44b77-46bd-4b4e-934c-6d581724156f","epithelia"
"7075","bfbea014-69e0-4ec8-897f-5db6eac376a9","epithelia"
"7076","bfc18514-a31d-4bf9-a959-c23517fec79a","epithelia"
"7077","bfd2607d-fbc2-4b90-8868-4c2f2095846d","epithelia"
"7078","bfe20a42-c1e7-4322-a567-5d9175eae96c","epithelia"
"7079","bfee9a35-f6bd-493d-98f0-fc76f8835719","epithelia"
"7080","bff64ef1-3342-4b2f-ac0e-18cee6f8533c","epithelia"
"7081","bffbf230-3bcc-4d7a-8d91-8d767d2516ef","endothelia"
"7082","c002eb28-e464-412b-87df-07dca705078c","epithelia"
"7083","c0070b75-d773-4325-bd91-4359e770740b","epithelia"
"7084","c01510b1-7566-46f2-9c5b-fb05f7ce1a1c","epithelia"
"7085","c0214444-c9ae-4c3c-9cc5-e8719cd09e42","epithelia"
"7086","c02c0993-5f5f-4cb8-bef3-d9cc98929dc1","epithelia"
"7087","c02c9ff8-206d-49b4-a44e-d2bc9b549cc4","epithelia"
"7088","c03df493-5410-463f-92d0-121a3716f00e","epithelia"
"7089","c043d3f3-1a54-4067-9be8-88df52d13304","epithelia"
"7090","c04f3f78-f93e-4beb-adcd-6d1a6a7d277a","epithelia"
"7091","c050f1c6-663f-4790-b013-fd7c0c2d448c","epithelia"
"7092","c0554b83-b295-4367-bd22-f4014c967c3a","epithelia"
"7093","c05c9d37-1292-48d2-9995-3e2a9d52e982","epithelia"
"7094","c05ffea1-3e56-40e3-b66a-a4b0228d1e8c","epithelia"
"7095","c06094e8-5977-4c5b-bf06-804972189d30","epithelia"
"7096","c0658d9a-931c-43bf-ac4e-de68bfab4e85","Unknown"
"7097","c0659d70-e727-4589-a78d-4468e3602ca5","epithelia"
"7098","c06e6bc6-7449-49f0-92d7-29881845b899","epithelia"
"7099","c079710c-dc14-4677-85d7-1166f55a2d5e","epithelia"
"7100","c07efc3d-0976-4dc0-afc1-ca92e49fbdd5","epithelia"
"7101","c0801356-5a02-45ad-8932-053dac1237a6","epithelia"
"7102","c082174d-1f6a-4e0f-9002-73b185b8c55e","epithelia"
"7103","c08da1ba-6e31-493c-8712-fe2c1d9c43b4","Treg"
"7104","c08f217d-3ca8-4148-9daa-5121a93375a3","myeloid"
"7105","c08fc66e-701e-4e31-8dc5-3187edccbc47","epithelia"
"7106","c0aa1b27-6496-4a67-80cb-7b3bc09e2f32","endothelia"
"7107","c0ab4b4d-094e-4648-8cb2-1722a4dc5252","epithelia"
"7108","c0ada30a-aed5-4c5c-bee4-47342cbe394c","myeloid"
"7109","c0c15828-125f-4d81-a5fe-5acff6d65fc0","epithelia"
"7110","c0c3831a-161f-479d-a6e1-cdc0cbe44e5e","immune"
"7111","c0ccc4f2-d6c3-4394-9997-fc23b30d3f7e","epithelia"
"7112","c0d55775-d360-4af2-b6c1-f1bb70b115ab","epithelia"
"7113","c0d6399f-eb53-40e8-b8c5-273dfa3f089f","epithelia"
"7114","c0e5ad0f-ab50-43ea-ac85-5141ae0b0899","epithelia"
"7115","c0f2b20f-cecc-42b2-95dc-db4ffdc4215e","epithelia"
"7116","c0fb9894-1feb-4c41-884d-0e58d44b1b74","epithelia"
"7117","c106355d-7f27-456d-9baf-b45d6ad4c16c","epithelia"
"7118","c109116a-f339-4910-a11d-632c2be958c3","epithelia"
"7119","c1124f8b-8087-4201-a8a1-4e4d556c628d","epithelia"
"7120","c1180d83-2d5c-4247-a552-7ae7004f2b41","endothelia"
"7121","c11a5814-87ac-46e2-a55a-bab91539f091","epithelia"
"7122","c138e033-7de5-4c64-aefb-2735c0003b60","Unknown"
"7123","c13fabac-04ba-49d1-accf-fc9cadd9f950","CD4_T"
"7124","c14d83fe-5fd0-4120-ab64-094bec7f95ea","Unknown"
"7125","c15409c2-f00e-46e5-93b2-5c8160cca4fd","epithelia"
"7126","c159932d-8f1e-42ed-ae2b-c21f28273ba0","epithelia"
"7127","c16c4d01-2492-4941-9369-8dacbaee80e6","epithelia"
"7128","c16f9726-7185-4b76-8d40-26b2088b45ce","epithelia"
"7129","c17059b0-c18d-45de-95ff-062867ed118c","epithelia"
"7130","c171b605-d3ba-4285-b421-26cdc96269cf","epithelia"
"7131","c17a765b-35e1-4851-8519-f58096c13ed8","myeloid"
"7132","c18aef85-c370-4d54-9dbf-14401eaf183e","epithelia"
"7133","c18d71fb-95cf-4b96-a94f-bd7b3ebdf9e2","epithelia"
"7134","c199ca63-da3e-4162-b9b6-4517903902d2","epithelia"
"7135","c19c72f8-7cd3-440f-bc88-633a1713930c","epithelia"
"7136","c19fed3c-c8bc-4b6f-a1d2-4f718aee3a29","epithelia"
"7137","c1b7512a-b0bf-4c58-87ae-1f6cdbd36450","epithelia"
"7138","c1bde346-64bc-4910-9a3e-93b970c9ac2d","epithelia"
"7139","c1c3b8c5-abb3-4418-b28e-5f48e4551107","epithelia"
"7140","c1c4660d-52fa-4f3b-b0ad-d5e5c29413d9","epithelia"
"7141","c1c54a8f-04ba-47a7-9da8-77bbbca8e6b4","epithelia"
"7142","c1c61bab-38f6-43a3-846b-7e4a5f3bd1f0","myeloid"
"7143","c1d13794-db0a-4883-95eb-4841711b03bc","epithelia"
"7144","c1d23d01-670b-4796-b192-f7a28417a8d5","epithelia"
"7145","c1da8f34-c809-45d2-9fe5-d9b1141f6c9b","myeloid"
"7146","c1dd949e-bdd1-4b73-86d6-7f76db7f64f6","epithelia"
"7147","c1dfd87e-bd6d-486c-8504-2ebdf878be32","epithelia"
"7148","c1e011d4-884a-4403-a1fa-a0573ae17849","epithelia"
"7149","c1e4f515-c96a-4b73-9b8b-b02fff8993d3","epithelia"
"7150","c1f72dd6-2a47-445c-8270-c5350559019c","epithelia"
"7151","c2034d47-29e2-4ed2-8cdd-9f7d55c5074e","epithelia"
"7152","c21f6aba-9a9c-4998-a204-d75e27115c72","epithelia"
"7153","c2241339-0b63-462d-bf7e-f41d18a1cebb","epithelia"
"7154","c226b6d6-b828-4482-bb9d-84276e2de81b","epithelia"
"7155","c22c1a29-8131-4b01-8982-7538b1dba1c7","epithelia"
"7156","c23ca956-0a68-40b7-8eb9-42b0fed27b39","epithelia"
"7157","c241ff70-6367-4916-91a3-53f160ad54f3","epithelia"
"7158","c25e58a5-edfc-4419-94e8-2b95f5617255","epithelia"
"7159","c2728982-d280-4f7e-a708-3952828f551c","epithelia"
"7160","c27c5680-ad83-4e56-bc7d-9485fd473c36","epithelia"
"7161","c286c5cc-e06a-45c1-b15c-443449c6012c","epithelia"
"7162","c293d081-7663-444a-9b2b-4a04f07f9f96","epithelia"
"7163","c2994935-c990-43c4-8209-3d9be036d9a7","epithelia"
"7164","c29d0847-d52e-49ec-9deb-90bb57560363","stroma"
"7165","c29d88c9-3551-48fb-8bff-1f9289176dc1","epithelia"
"7166","c29f1594-d480-4545-8bd5-7472462a1a02","epithelia"
"7167","c2a16148-8af9-49e8-81fe-1e4f761df37a","epithelia"
"7168","c2a893f7-2ae3-4db8-a51c-ec7a92468533","epithelia"
"7169","c2b546d8-d47a-4065-81a6-2c04e9f8b7f6","epithelia"
"7170","c2b7c9c2-dea1-45f5-b00b-c7a6ea79f735","epithelia"
"7171","c2b96fb2-ab42-4f42-afe9-5907f7293e53","epithelia"
"7172","c2bfd76b-7cd9-403d-914a-f78c34242c5e","epithelia"
"7173","c2c1b3c6-26b2-4ba9-8a4a-a0faf66a0fed","epithelia"
"7174","c2c84cc9-c216-4ebd-99aa-724421cd711f","epithelia"
"7175","c2ce5518-880a-49d2-a17d-b28e5e122cec","epithelia"
"7176","c2d3a0ee-bf02-47fe-ad5b-be44706debd5","endothelia"
"7177","c2d3b4c0-857f-4c77-9c65-0790e8983a5d","epithelia"
"7178","c2dadee1-9b81-493e-82f4-790e6c7cca9b","epithelia"
"7179","c2dc568c-73ba-47e2-9119-8cfb4fc45bb0","epithelia"
"7180","c2dd64ed-9378-48e9-8086-9c72f0dfd4c3","epithelia"
"7181","c2e2cad4-c9fd-430c-8185-2554ffffdc8b","epithelia"
"7182","c2e92d12-f369-4db8-b56d-a9674efad2c8","epithelia"
"7183","c2f117b8-5c70-40cf-a2d6-d1a40fb483cc","immune"
"7184","c30a3f6e-1c35-4204-a336-dfc1051fc222","epithelia"
"7185","c30bb0a0-effd-47bd-a6c5-200945d06c62","Unknown"
"7186","c310c9e4-3b51-4aac-825a-c572802f77c8","epithelia"
"7187","c3152ab9-f139-487f-bcb0-18fef8e8e877","epithelia"
"7188","c3232746-0b91-4aa7-8b7f-e235edc0433b","epithelia"
"7189","c32628f2-390e-4e15-8afb-a8c791b680ce","epithelia"
"7190","c336f441-6791-4c3f-ad6e-f1a94ca777a3","myeloid"
"7191","c33caa8c-7c0b-4600-8e9f-5f71a1d1d3b9","epithelia"
"7192","c33fc53a-679a-4633-8a35-f8ca4fb00239","epithelia"
"7193","c3433b66-d0f0-4855-bbc5-0c7b5492b1d5","epithelia"
"7194","c345db39-ce0e-4bf6-af74-0dd798b38c80","Unknown"
"7195","c352a12a-d1d4-47c5-a9a4-ba3ab2116be7","epithelia"
"7196","c353e109-c24e-43d3-801b-1481718d13e2","epithelia"
"7197","c375f8b1-d2d5-482a-8b7d-2c5acbd1a29c","epithelia"
"7198","c3762e3b-3388-482b-a3a9-55d9803bd2c5","epithelia"
"7199","c3896a78-c272-4757-b6f9-30de87645216","epithelia"
"7200","c38d20a4-7ab2-4cd4-8d60-c038f5570ef4","epithelia"
"7201","c393f58e-16b7-4907-b473-cb2044b5fb1f","epithelia"
"7202","c399abdf-d2a5-4ad0-b9b2-ca00ed48fc6e","epithelia"
"7203","c39aa9ab-8e24-4060-96d2-4ddb1c7d772f","epithelia"
"7204","c39ec741-8b0d-405c-b74d-1105f0017fd1","epithelia"
"7205","c3a42214-501d-4159-a002-b89befdbef5d","epithelia"
"7206","c3a78f22-7c03-4800-b383-11886c08d4a2","epithelia"
"7207","c3ad1a30-5b97-43df-86cb-178a14c6d25b","epithelia"
"7208","c3c46a67-9e91-4c0a-806b-cb6b525f5a31","epithelia"
"7209","c3c7f760-f686-4e4b-8d88-b02705015974","epithelia"
"7210","c3c8e6ae-b6bf-4ca3-89d6-c0ccf3e140b8","epithelia"
"7211","c3cb3880-03a9-41cf-844a-e23e7c52b25f","epithelia"
"7212","c3ccfd62-2f9e-4593-949e-314926a57bd5","epithelia"
"7213","c3dd6efe-2232-49a1-b53a-7177a119cc5f","epithelia"
"7214","c3e0ea37-8d2b-48b7-97aa-a8a8bc01e9e2","endothelia"
"7215","c3ebb347-bba2-4213-9195-348f6199bfbf","Unknown"
"7216","c3ecf552-44d3-4885-955d-7e3d614853ca","epithelia"
"7217","c3f52d7b-bdb4-4e53-80fb-3e110586caad","epithelia"
"7218","c3f9028e-47b0-4cc0-b8ef-72978c421e54","epithelia"
"7219","c3fa957b-2caf-45d8-bddb-d4df34df4872","epithelia"
"7220","c3fbc9ee-a61c-43b0-8a63-ddc7a9d31127","myeloid"
"7221","c40edd64-69f1-46ab-95d6-87397f7013c5","endothelia"
"7222","c417dd94-a2a9-4c4e-8dbf-b65d9768e719","epithelia"
"7223","c418f7b6-0273-41ab-ab0b-b9d2a91ce6a1","epithelia"
"7224","c424f8ee-ef51-42af-a73e-4438a77ea5bc","Treg"
"7225","c429e7e0-1b13-4329-9cdf-628777bf765e","epithelia"
"7226","c42a62ba-43be-458b-9e23-8143b6a6c040","epithelia"
"7227","c42c6960-2e03-4d2a-911e-af152b6868fd","Unknown"
"7228","c43b5827-cae2-4f49-85b3-4b2ec54785cc","epithelia"
"7229","c43eefaa-3dbc-44a2-968c-a53bf451748a","epithelia"
"7230","c43fcd27-b86e-41ca-8d8e-299023e02ed8","epithelia"
"7231","c443fb46-f50e-4ec7-96eb-4b487cccdbff","epithelia"
"7232","c4588c36-dbc6-46c9-94e7-dec9561163b5","endothelia"
"7233","c45dcf18-0431-4979-8e15-0b1609e82c10","epithelia"
"7234","c4632031-8610-4eb1-9ca1-d4e7591e9ce3","epithelia"
"7235","c464fb3a-49f3-491e-8291-d28648398ccf","epithelia"
"7236","c464ff4f-aeb6-420f-8fcf-833410214250","myeloid"
"7237","c4706c9a-8dcf-404e-b07e-61fe0f12455f","endothelia"
"7238","c47deb8b-bbf7-4770-9c98-ac60584b274f","epithelia"
"7239","c48317fb-c7c7-4763-94c8-87d3c6fd4c27","epithelia"
"7240","c4895848-e17b-47d3-a687-9ec158474506","epithelia"
"7241","c489abfd-b9e8-400f-b646-ca745c427b06","epithelia"
"7242","c48a6fe1-7f03-4f84-a2ab-fb5b310aff44","epithelia"
"7243","c48abad7-b906-489f-b638-73f0cec3a2fe","epithelia"
"7244","c49900de-8998-4373-901d-76543e851335","epithelia"
"7245","c49b11d8-b96f-40d3-9357-c5c9ce28ef73","epithelia"
"7246","c49df83d-92d9-485b-bcfd-fc61c85517d4","epithelia"
"7247","c4ab95fd-c5ef-452f-bf62-fb442fd5f4c3","epithelia"
"7248","c4bb144f-2eb8-4a2a-b0cc-c076dc655605","epithelia"
"7249","c4bc72a1-dfc9-4673-8a45-ba6a71008ca4","epithelia"
"7250","c4bd59dc-73d3-4c25-b8fc-50c188f313e9","Unknown"
"7251","c4be89db-436e-4525-928b-6e125e3c02d5","epithelia"
"7252","c4c0c00e-3a5d-4ff9-b96b-517ca9a97b33","epithelia"
"7253","c4c230bf-63a2-46e0-987e-b59b237b657d","epithelia"
"7254","c4d84d85-bd84-4c2f-b221-6e3bdf904f8a","epithelia"
"7255","c4e103e3-baff-420e-b2b9-c9a09fd7abaf","immune"
"7256","c4eb67ac-4f47-4862-b8e5-67a04de4ab29","epithelia"
"7257","c4edb07b-7752-48ab-b343-9f269df7afd9","epithelia"
"7258","c4ee9aab-2940-4a41-86b3-faf9386aad3f","epithelia"
"7259","c4efda60-1207-4531-9600-2e839efe3ab0","epithelia"
"7260","c4fce995-04ae-42ad-8a30-2935e1f2403b","epithelia"
"7261","c4ff86f5-0a13-459d-91b9-1580fa668447","epithelia"
"7262","c50c5aa4-f426-4785-9ba2-be377b0f970c","epithelia"
"7263","c50e126f-4e1d-4392-8844-480b42ce4607","epithelia"
"7264","c5152ea7-8f28-45f1-974c-bfbd3122fb37","Unknown"
"7265","c51d4869-c5f7-4018-a0cb-d98326c93439","epithelia"
"7266","c520d983-750c-4790-8020-5c68b7def24b","epithelia"
"7267","c520deee-7733-4eb3-835d-92004456bc87","NKcells"
"7268","c5223089-985b-441d-be69-797aab84a1e3","epithelia"
"7269","c5235120-eaf3-4bcb-8d70-a2e4de2b4cec","epithelia"
"7270","c523d241-27e9-4e1b-8540-8f6c84e8bf95","epithelia"
"7271","c5273fea-cf8e-409e-8fd0-ad947e788872","epithelia"
"7272","c527ea93-0d59-421e-a488-d893a73bcf88","epithelia"
"7273","c53bec6e-9d68-4235-a2ca-703ba82b8f3d","epithelia"
"7274","c53d1d67-7549-4677-a69f-01ff5dbce6eb","epithelia"
"7275","c53f226b-0f21-4ebc-9eac-2ee1e4d5296e","epithelia"
"7276","c541cc14-649b-4595-a36a-05dd707c7aae","epithelia"
"7277","c54dbafb-0d7f-4494-8e89-dcbf884f89b4","CD8_T"
"7278","c55a8a76-9831-4d44-8841-2a7e514281b2","epithelia"
"7279","c5624784-484f-40b1-9f24-5c87274f52a1","epithelia"
"7280","c57bcab3-12b8-46da-abbf-25240c76a3ae","epithelia"
"7281","c5842078-b0c0-4531-a6ab-ab431c7fc46a","epithelia"
"7282","c585b6ee-ec12-4bf7-9ad9-5b7361920438","epithelia"
"7283","c58a5e93-9c8b-4b3e-b58d-49daaba07fcd","epithelia"
"7284","c59b1046-d8a0-43ba-bb6b-128a7bc25319","epithelia"
"7285","c5a116fe-470e-414c-b210-ba97f1a10159","epithelia"
"7286","c5a9751c-4e81-4af3-9698-888c41678868","epithelia"
"7287","c5bbb535-6e5e-4347-b80d-7264bb7c5b7b","epithelia"
"7288","c5e07bf2-36c4-4956-9a02-300445089abc","epithelia"
"7289","c5e1649c-f3e9-40f0-a201-fe4e04875fe0","myeloid"
"7290","c5e2356e-2448-4646-bef2-37fa619b0879","epithelia"
"7291","c5e6662e-57a4-4403-aa53-bd58ee855c01","epithelia"
"7292","c5e77623-a345-4aef-b2ee-beafc56eaa52","epithelia"
"7293","c5ebd497-da57-482e-a587-879c5104ca33","epithelia"
"7294","c5f1c7d7-51f3-4f74-8c45-811120061368","epithelia"
"7295","c5f1e60d-9696-4427-b57b-aaa09fea5a95","epithelia"
"7296","c5f2b972-3fa1-4f03-9f65-666b8b011b4e","epithelia"
"7297","c5f5a042-83a2-478e-b59d-71aeb06c6fb1","epithelia"
"7298","c5f5b148-b36c-4be5-a66f-fda49cf2288a","epithelia"
"7299","c5f9dc48-282a-433e-837d-7935629fd128","epithelia"
"7300","c5fa2fb4-8654-41d1-bc72-206b6be9af47","epithelia"
"7301","c5fc1b5a-03a3-4b73-b896-0c802b58ae51","epithelia"
"7302","c5fd1d50-fb05-4127-b694-4cbd7fbe5457","Treg"
"7303","c601abf6-2cd7-4554-8803-77c09f9ff6aa","epithelia"
"7304","c60e1332-ea74-47b4-8267-a14334e32c4e","epithelia"
"7305","c6118b31-30ce-484c-924d-343821ea9655","epithelia"
"7306","c643fa61-ba14-4e3f-9a21-86af7198be3a","epithelia"
"7307","c6473770-5893-47ba-ae0d-6f51c2389714","epithelia"
"7308","c64a72af-a415-4f77-9d08-d10077d90520","epithelia"
"7309","c64bf073-2d4e-4d2e-a953-4d491d3a5dfd","epithelia"
"7310","c651f391-b48f-428a-b6f0-03a1e50c66ad","epithelia"
"7311","c653bf99-2157-4730-b42a-8c4d07523350","epithelia"
"7312","c6575c93-d651-4c6f-85db-4e72c23a4ee3","epithelia"
"7313","c6588e3c-242a-488a-ab3b-c3f0a3229694","epithelia"
"7314","c65e4015-9794-497c-812f-3469843e4ade","epithelia"
"7315","c662ae55-9778-4d20-b822-2ebb134865cd","epithelia"
"7316","c66d1e8d-c7cf-4f0f-a8e5-6dbfb9690e17","epithelia"
"7317","c670ca6f-44b4-417f-81af-bc4d05feb662","immune"
"7318","c675993d-6789-4396-821c-527926f18e30","epithelia"
"7319","c68ba17f-33f0-4ce0-a9d7-4804af68cd7a","immune"
"7320","c690c808-110b-4827-b538-2b36dff0cb0c","epithelia"
"7321","c696b78c-2c30-43e7-92ea-3848842a4895","stroma"
"7322","c69bcd7f-d8b8-401f-ab3a-ff35a88f1ca3","epithelia"
"7323","c69ec877-c608-4444-bdd1-539deeb0dfb6","epithelia"
"7324","c6a0475e-c7d0-43a3-91c3-af304514158c","epithelia"
"7325","c6a08d90-7780-4c22-82fa-0ccd85702f50","epithelia"
"7326","c6b4bc7f-c6bc-4e8f-ac58-f7a73849013c","epithelia"
"7327","c6b6093e-b2d7-4d18-93da-5e50e8b69a03","epithelia"
"7328","c6bd17c5-e9bc-4500-b88b-9bd218db0d12","epithelia"
"7329","c6be6d66-a6f5-42fe-92ef-298131f8398a","epithelia"
"7330","c6c16936-348d-4a68-8f1a-54f2b77dbb95","epithelia"
"7331","c6c5f2c3-2ebb-4e1d-9d6d-036c1cde20d0","epithelia"
"7332","c6c67dcb-54cd-400a-ab5f-2e4aa9fadc0d","epithelia"
"7333","c6c7cf1f-bd80-4b62-8799-c280591b1528","epithelia"
"7334","c6cc88c9-b225-4e3d-b22b-2eb1c74bf1bb","CD8_T"
"7335","c6dfe9f5-572d-4b12-85c1-27e4196fa749","epithelia"
"7336","c6eb749c-cb5a-4258-8cec-1e8fb07c2a67","endothelia"
"7337","c6ed52c3-f58d-42ae-a372-49b4c1eadd53","epithelia"
"7338","c6f7859f-3633-4364-aca1-06324d4edec9","NKcells"
"7339","c6f8a3ab-b1eb-41a6-8f2d-6a9b4c932d0e","immune"
"7340","c70010ac-448c-4da0-875b-b33b37ba91fa","epithelia"
"7341","c704bf8c-eff4-4dca-9b87-0543b984414d","epithelia"
"7342","c70cd914-2081-458a-827b-b1aa81d67c1e","epithelia"
"7343","c711a1e1-cc3e-4110-b571-6ef106af8461","epithelia"
"7344","c7249cdd-155e-427b-80cf-28e8490c0fa5","epithelia"
"7345","c7300191-6f8e-48dc-ad8e-28fdbc7c3181","stroma"
"7346","c732ffde-eede-42fe-8274-991134a3010f","epithelia"
"7347","c73b2adb-ebb8-4a2e-8f46-da28c19c60d5","epithelia"
"7348","c73da565-e27d-4161-af85-ffe91295b79e","epithelia"
"7349","c7419748-dce5-4c4b-8cde-5ba8bbad5b38","myeloid"
"7350","c748825b-6ced-49e8-a5bc-42520a0d13f5","myeloid"
"7351","c74ce9b8-9c1b-4d43-85ba-62101dc05948","epithelia"
"7352","c74ed0c2-85fe-4b0c-a925-e87d6607f3cc","epithelia"
"7353","c74fe255-8559-4a86-b1bb-1e2498bc5f8a","epithelia"
"7354","c7505c9e-f5b3-43d0-bf54-7ebcffb228ba","epithelia"
"7355","c7517346-c342-4d25-a89a-ffb7458c5845","stroma"
"7356","c751d666-8536-48b6-ae32-d20770a942d2","epithelia"
"7357","c7532fe7-a593-4f4a-bff0-22505a83479d","epithelia"
"7358","c7565d6c-c6f8-4045-8963-61c7d01a4a51","epithelia"
"7359","c75a9bfe-4e63-4bd2-9061-73c27a54ffbe","epithelia"
"7360","c75f1e0b-98d6-4edf-ba56-ace81f3ea8e3","epithelia"
"7361","c76350ec-cead-4821-993d-e7c79073b502","myeloid"
"7362","c7672798-52d6-4c35-a97e-d40fa97db4db","epithelia"
"7363","c7708774-3a03-4feb-9153-5b92bfffa8c1","epithelia"
"7364","c7730df0-76ea-46de-aa6a-30c41bf7854c","epithelia"
"7365","c77395d8-1aff-4b53-8606-eb66e710f7da","epithelia"
"7366","c7850e43-df90-41ee-9caa-37b161337880","epithelia"
"7367","c786df7b-ef49-4d7e-b17b-14a94647c72c","epithelia"
"7368","c7a28aef-7484-4b99-adde-c424a0c74b43","epithelia"
"7369","c7a5e12f-ddd6-4bc4-b167-eabb81af6ea4","Treg"
"7370","c7aff273-4f1b-4abb-9438-de911a4bc909","CD8_T"
"7371","c7b42024-b346-4a8a-bf7c-40baf99d8592","epithelia"
"7372","c7ba2008-6835-4a4d-a8f8-b4a7da8245c3","epithelia"
"7373","c7bf5cc0-34a7-4f77-94c1-a2fbf8876007","epithelia"
"7374","c7bf612f-2433-41ed-b107-25a50707c52a","epithelia"
"7375","c7c3457d-4760-470d-a427-50bfea62cdba","epithelia"
"7376","c7cb4889-756c-4d94-9618-dcc0d38a61ca","epithelia"
"7377","c7db1109-bb89-478d-a888-7bf56ab3860e","epithelia"
"7378","c7dfcdb6-8970-4d72-b9ab-029cede116f7","epithelia"
"7379","c7e625b3-c045-4856-8d00-141d05070b24","epithelia"
"7380","c7e7cf8d-2756-4856-814d-28937e885c48","epithelia"
"7381","c7eb592e-05e2-4781-94fe-abeb2bbd7463","epithelia"
"7382","c7ee5daa-3b77-4ccb-acb1-24689fdcbef7","epithelia"
"7383","c7eeaa0c-1c4b-4e2e-ab8c-42d033701e0b","epithelia"
"7384","c7efa7eb-5a61-41b0-8f31-6e88d8e7a50a","epithelia"
"7385","c800703e-cef1-4aa6-8e17-20f93b708138","epithelia"
"7386","c801b13c-334b-4159-967d-79fbdf969af1","epithelia"
"7387","c808e4e0-043f-41f5-b785-be59070d938e","epithelia"
"7388","c814aa8f-355c-4649-9a88-15df670b7f84","epithelia"
"7389","c82298dd-39dd-48e1-ab38-1f0afe481474","epithelia"
"7390","c829ee00-3c18-4107-81c8-6735daa5dfb5","epithelia"
"7391","c82bb5f7-66ef-4554-83e7-92388f3cbc47","epithelia"
"7392","c8349da4-69fd-4fbf-9a90-fba143b4127c","epithelia"
"7393","c84bff84-0c38-4226-97f3-87bf29ba86f1","epithelia"
"7394","c84cfb2f-ef18-4a87-a1b4-17675e455a46","NKcells"
"7395","c84f436b-b3ed-4218-9b77-eebe8f7bd679","epithelia"
"7396","c8589882-364e-40b7-9b13-9d020e6add6c","epithelia"
"7397","c8610c45-b225-4111-9f50-569baa6fa867","epithelia"
"7398","c8709909-52da-4b0e-8a03-459d80057590","epithelia"
"7399","c871d79c-bb13-4ac6-a591-d060a6036dc9","epithelia"
"7400","c87496f8-a210-43d2-8ef8-90255ca1e838","epithelia"
"7401","c882d177-1c97-450f-b31d-d9437c054a01","epithelia"
"7402","c88401f7-ab90-4ec1-b154-06b0691934af","endothelia"
"7403","c886d6f5-00b0-4fea-8a31-26cf8d908023","epithelia"
"7404","c88b0d34-66fc-4439-8f88-ed0fd0947b8e","epithelia"
"7405","c8953c00-1368-4912-8830-ea3c53ccccc7","epithelia"
"7406","c8a2e2a2-0844-468a-94ce-3f9ab01a0d9f","epithelia"
"7407","c8b90593-d7dd-452e-98f2-c3f7b7a0f4ea","epithelia"
"7408","c8be8f03-a1af-4091-aa4b-5fcbb940a54e","epithelia"
"7409","c8c7fd7d-53df-49ed-a476-eca07dd194bf","epithelia"
"7410","c8cf69dc-ccbc-4e9e-ab84-86448e657e07","epithelia"
"7411","c8d3d14c-e9a7-469b-8cdb-a5a9c7c297f3","epithelia"
"7412","c8d57613-1384-4456-aead-5ffb7625fde4","epithelia"
"7413","c8d62973-afa6-4c36-9d93-b331ed5dc933","epithelia"
"7414","c8d9c4d2-c413-428c-bd52-66f2986bf7ca","epithelia"
"7415","c8dd38df-eeb4-44ab-b920-a1a8ec24889f","epithelia"
"7416","c8edf5bd-bd1b-43f8-a4f9-710028a4b670","epithelia"
"7417","c8fbcf0f-9e0b-4f7c-9fdf-891dbee6ceef","epithelia"
"7418","c8fc6ab5-b4ad-4e90-b9d2-668b71693267","epithelia"
"7419","c91a4867-5eae-4cb6-a3f7-9a426d59347e","epithelia"
"7420","c91b89ae-151f-46b1-a212-82095c4f2f2c","epithelia"
"7421","c91e7897-1e96-4921-be65-1a6888d3b9b7","epithelia"
"7422","c925cec2-5bff-4f46-b775-07bb39ade094","epithelia"
"7423","c93aa78e-8d4d-48e6-9945-6b764a4fe6bc","epithelia"
"7424","c93f43d0-337c-4b56-b421-54735a1c503d","epithelia"
"7425","c93fd48f-94ef-4627-8e4a-13b3cce1cf1c","epithelia"
"7426","c9538a9b-209e-4edd-b779-c7649d3a0d9b","epithelia"
"7427","c957132e-041a-4550-ad09-bc49b96adf20","epithelia"
"7428","c9597a94-f25e-49c6-a60f-fc516d71cfea","epithelia"
"7429","c95ca051-416b-44ca-82e8-a43fc2feb24a","epithelia"
"7430","c95d88ed-be90-4f29-9f9d-e2d710f9065e","epithelia"
"7431","c9779bd6-5c52-4818-b523-a6e2cb42d9d9","epithelia"
"7432","c9785f8c-fe84-4d9c-82a5-7a877c0ebf4f","Unknown"
"7433","c97d68b5-edea-428a-a703-6e0b34203122","epithelia"
"7434","c97e66ef-0e4b-4d58-ad61-1704a1831e51","epithelia"
"7435","c982f13f-afd2-483e-b648-40ead96af26f","epithelia"
"7436","c98453d6-2a28-4ce7-aa80-ac7e330d7ecb","epithelia"
"7437","c98513f7-fc26-4b94-91f1-2f0fc8216616","epithelia"
"7438","c9899697-970f-4c47-beba-e23e18d776ca","epithelia"
"7439","c98fc8a2-e215-4f69-82ad-3c52ea804def","epithelia"
"7440","c9936471-85d4-44b6-b005-378003b27c8d","epithelia"
"7441","c9aa4a20-7aa3-484f-9281-fd467353706b","NKcells"
"7442","c9b5a4cf-e68f-4f77-846d-ada08b87a50b","epithelia"
"7443","c9b8a0ce-e84f-47d4-ac5c-06b6de93a2b2","epithelia"
"7444","c9bbdf59-d014-4c06-8b31-d5e8ae66b63c","epithelia"
"7445","c9bebee3-3680-4fa2-927a-80db29493de4","epithelia"
"7446","c9c42e74-961d-45a4-9ff7-26fd22acd47e","epithelia"
"7447","c9c4c6d6-4f5a-4503-a13a-9cc2bc72ebec","epithelia"
"7448","c9c530c8-5615-4403-8542-e10e778f6e7c","epithelia"
"7449","c9c73f4e-391c-40f9-8d3f-1549a78bc622","Unknown"
"7450","c9cd1272-8370-42b9-a81c-06e531a84707","epithelia"
"7451","c9d5f129-79df-4f7f-9a93-92f9f1f9c205","epithelia"
"7452","c9e825ee-0e69-48e0-a7a0-4ae9daad7349","epithelia"
"7453","c9e934eb-f906-480c-b297-f4727f047d2b","epithelia"
"7454","c9f2c5a1-44d5-401b-abe1-06727b0766b7","epithelia"
"7455","c9f344af-0140-4fc7-bf10-e136f7219960","epithelia"
"7456","c9fb6801-8fc2-4d14-b1a9-8f54fbadf4ac","epithelia"
"7457","c9fbd69b-f6a3-4a98-b9e1-f4f6be91d98c","epithelia"
"7458","ca0046f6-0e3d-4dad-9306-3844d8959ce8","epithelia"
"7459","ca0058f0-2079-479d-821a-56695d655e23","immune"
"7460","ca0c6a20-1364-4162-8981-0e3fef435ef8","epithelia"
"7461","ca0cb3f3-2b4b-4b00-9ab2-a49d7f9fdbf2","epithelia"
"7462","ca0f80aa-0e25-42bd-8862-a645ea9dc627","epithelia"
"7463","ca1744ca-3aa2-46fa-96bc-b31aabf77fde","epithelia"
"7464","ca2559bf-5b3d-4da7-a8bf-c1caa70e6400","epithelia"
"7465","ca2cfa97-507a-41ee-9ba9-348aeed2b181","epithelia"
"7466","ca2d7356-6bc6-4df8-b725-6dda7e26f143","epithelia"
"7467","ca36122e-93b1-44a9-9acc-a15ee47a7eb4","epithelia"
"7468","ca4582db-e0eb-428a-9831-6c2511ac2619","epithelia"
"7469","ca54be7c-ee2b-4931-99da-258406f5eb4a","epithelia"
"7470","ca54c72d-1580-425b-be88-67e66d6ea189","epithelia"
"7471","ca6d19a0-a5ab-41cd-8d96-b70af6b9c305","epithelia"
"7472","ca740463-fff1-42f1-ba9e-ae317bb226ad","Unknown"
"7473","ca7f3415-4c46-4dc5-a493-c1aef6d8008a","epithelia"
"7474","ca860c9a-f5cb-4cf6-9171-fc56fbed2ed7","epithelia"
"7475","ca8627e0-2e82-4d42-8c71-d8d18d633cda","epithelia"
"7476","ca86532f-8c58-4a50-8cdd-fc53d88d115a","epithelia"
"7477","ca8b06a6-86e6-4160-8797-2c1ec748b62b","epithelia"
"7478","ca8cbbaf-7f1c-49eb-87e2-a6349a27792b","epithelia"
"7479","ca93eea8-aa0f-43b2-8104-913ed4a2ceb7","epithelia"
"7480","ca951bd0-09e3-4b7f-8f1a-ad9a46a29c58","epithelia"
"7481","ca9a577d-4c4d-4d35-975a-998d67b219d2","stroma"
"7482","caa096b4-265d-4759-888b-61c56ac36555","epithelia"
"7483","caa72ae9-8480-4258-bec9-068d056423f4","epithelia"
"7484","cac6cf82-62d2-4395-a381-4ca0a092c1a8","epithelia"
"7485","cac7901d-1ddf-4127-95f9-a398ee9dbb96","epithelia"
"7486","cacace58-329e-4f63-9b8d-c60f62ac66f5","epithelia"
"7487","cacc680a-11ee-4012-a918-97b722f4b46f","epithelia"
"7488","cacf8d82-d6ba-4c93-895b-27d54ec88771","immune"
"7489","cad7ce09-3c1d-40bb-88a0-5edeaacde902","epithelia"
"7490","cae3216d-0123-4969-b427-1e0bff3ca94f","epithelia"
"7491","cae41475-18d3-4506-b296-9ec974ed9633","epithelia"
"7492","cae74345-926e-422e-81ea-4e62fc69905b","NKcells"
"7493","cb0225c5-b79a-4dd0-adba-42a2d6ea064e","immune"
"7494","cb05001d-bfdd-4839-bf91-5fc16cd81975","epithelia"
"7495","cb13cd37-0dfd-4322-89e8-7c963e411de4","epithelia"
"7496","cb1ea5db-bf08-42d1-bf61-34a0eef77e92","epithelia"
"7497","cb2b6471-41c5-4dfc-97a8-2982016b10fa","epithelia"
"7498","cb30590f-e5a3-4103-806f-dffc7519a035","epithelia"
"7499","cb39dc4e-d903-46f7-a19f-b4f59803eae5","epithelia"
"7500","cb41e5a1-7a54-4a0f-aa0a-b38cf42ea764","epithelia"
"7501","cb43a16b-3133-45ca-82b9-b50429004ae7","epithelia"
"7502","cb4bd8be-fff3-4da0-99ca-90443ab17277","epithelia"
"7503","cb4c75fd-a1f5-4b1f-ac11-759ef43ebcc5","epithelia"
"7504","cb521e9f-efcc-4bf7-9703-43e711222863","epithelia"
"7505","cb5588fb-9905-4969-a577-680ff7807433","epithelia"
"7506","cb58bce0-98c5-410e-8563-46b24ee71700","CD8_T"
"7507","cb5bd025-2f28-46b3-9844-9631554dc5a7","endothelia"
"7508","cb60ed7c-4e0b-4b54-8ca3-809babc20f5a","epithelia"
"7509","cb6b0798-e4d0-4ab4-8240-b8ef58cda13f","epithelia"
"7510","cb6ca798-6b7e-4376-9ec5-a9b07a0febed","myeloid"
"7511","cb728fa8-31dd-4e83-b918-05cddbe71995","epithelia"
"7512","cb799293-c3b5-4f24-b61c-119213d60b10","NKcells"
"7513","cb7f0a39-0eca-4be4-afe7-c9d94c242d4b","epithelia"
"7514","cb8774ec-3196-44f9-b345-113beac5be42","epithelia"
"7515","cb938914-4d89-42fc-8a89-9055df7d6f57","epithelia"
"7516","cb9da175-1eff-42f5-b906-73cd72c8aa53","epithelia"
"7517","cba5d4ce-abec-408d-a000-b41b397a5671","stroma"
"7518","cbb3c326-a15a-4521-b756-497c495161a2","Treg"
"7519","cbb98820-e088-4f9c-b9e7-dca423acefc1","epithelia"
"7520","cbbe6955-8be5-431e-b393-e040b29fde28","NKcells"
"7521","cbbf16a2-7d77-4809-ba20-15caf6c06205","epithelia"
"7522","cbc37e09-b2a8-4183-a49e-1cf517f41fe4","epithelia"
"7523","cbcc916a-fa28-4421-8267-f6bf00148cc0","epithelia"
"7524","cbd49f54-05de-4fb9-880c-26240c6f5a71","Unknown"
"7525","cbdc5f11-960d-49a5-a55a-d96049ce7670","epithelia"
"7526","cbe089bd-1b5d-4d79-a7cc-393f07e622d0","CD8_T"
"7527","cbe3898a-8fb1-4e34-8da6-2ec5d2803677","epithelia"
"7528","cbe4e8a0-4a1a-4365-9feb-186df1a3493a","epithelia"
"7529","cbf58344-eaef-4314-9494-3f3f062d73a2","epithelia"
"7530","cbfb6267-02aa-4354-8bc0-d5333f81d8de","immune"
"7531","cbfcf613-5da7-4272-9e11-cd7055ad2879","epithelia"
"7532","cc030069-2ab0-4adc-8249-4a85a87194d3","epithelia"
"7533","cc093821-ce9c-427a-a25f-00677d90f15d","epithelia"
"7534","cc0f3903-2ed2-40c5-9c70-e87933ac1406","epithelia"
"7535","cc157957-1f89-47cc-ae6c-61a6e09ac8e8","epithelia"
"7536","cc1937fa-9435-4eec-a2f3-1adbbb699d25","epithelia"
"7537","cc1b685a-202e-442e-a5e8-3bba83c6154d","epithelia"
"7538","cc1cc2fb-b64e-4cbd-8c4b-748b2b2e4258","epithelia"
"7539","cc2cbc6d-462f-4668-bb6f-7ccd2bfe99da","epithelia"
"7540","cc32aae2-d5bb-427a-a863-889813258bac","epithelia"
"7541","cc32c354-4d7b-4feb-b6d3-b81d34028a7f","stroma"
"7542","cc32f1cf-b507-4793-8b05-8dda0da4c0bf","epithelia"
"7543","cc389a18-ab01-4622-93e1-e1213fd7c5f9","epithelia"
"7544","cc3a3bb9-aee4-4e21-8e42-5d93ff954747","epithelia"
"7545","cc43d8a7-0abc-48f5-936f-b8332c440ca6","epithelia"
"7546","cc453ed9-fc5b-4cc0-9c09-88ee1a9cdc3f","epithelia"
"7547","cc4c8e25-45db-4b86-9251-a6d3a1fa4208","epithelia"
"7548","cc5276f6-3a57-4235-89ff-8fbce781a949","epithelia"
"7549","cc54621b-a856-4f48-ac7b-3592dde35148","Unknown"
"7550","cc561d1d-a350-42e3-a0db-64234d8eb4f0","epithelia"
"7551","cc59e477-44dd-4ac0-8af5-b1ec12c02fec","epithelia"
"7552","cc61e8e4-15c6-4bbd-bb4b-705323eac5c8","epithelia"
"7553","cc65b197-86ab-4ab9-8e1e-5c9ae7c66ff9","epithelia"
"7554","cc668f1b-3ca3-460b-9ff4-0c62c0cfb07f","epithelia"
"7555","cc6e6b3c-0090-42ca-ac78-f0adbcdcfb5f","epithelia"
"7556","cc73f2d9-7670-4002-8d3d-67a39fa219f1","epithelia"
"7557","cc8194b6-d204-42ba-9aaf-f9fb13341410","epithelia"
"7558","cc81dbd0-51a3-4839-847b-74686823130f","epithelia"
"7559","cc8ec15b-e313-495f-8d1f-62abfc2de5d0","epithelia"
"7560","cc93c233-9bbf-4e4d-8fbe-6f91e96d06a8","epithelia"
"7561","cc94fb03-a6be-4f7d-93ef-9f83af31ee11","epithelia"
"7562","cc95c50a-163f-4f19-841d-f669806d6840","epithelia"
"7563","cca1bdbe-3434-420a-93df-7d1cc5b7f9eb","epithelia"
"7564","ccb0a41f-f95c-4e57-95d1-f88f48de90ae","epithelia"
"7565","ccb4fbd6-ac27-4868-9cd3-f573bf412a7d","epithelia"
"7566","ccba4048-73e5-4b71-a5d7-e0f712db88c3","epithelia"
"7567","ccc4c2aa-0309-4692-9a91-c6c98ec66517","epithelia"
"7568","ccdd1bfa-9199-4eac-9cdf-aa8bd59284f8","epithelia"
"7569","cce00857-a208-46e5-b692-d22e272e2a10","epithelia"
"7570","cce8f9da-0b64-4dba-85ab-1f95771f393b","Unknown"
"7571","ccfba36e-9d76-4805-afe8-be723075917f","epithelia"
"7572","ccfd21d0-455e-48d4-8548-467e82c0a295","epithelia"
"7573","cd09dad8-9b4c-4a8b-8951-da3a29d42b40","epithelia"
"7574","cd0a31d2-b885-4720-a54a-5e219ace0dc1","epithelia"
"7575","cd0ca444-592a-4922-9c79-69da097da16b","epithelia"
"7576","cd0cf80b-55e6-43a8-828e-0667017327ee","epithelia"
"7577","cd101446-0ec8-4453-82b9-52c657879564","epithelia"
"7578","cd10428c-13a7-40ae-a8a1-2458c0e2b3bd","epithelia"
"7579","cd1bb43f-5719-4956-b891-965d08fcf30b","epithelia"
"7580","cd1d5145-2919-4328-a4c1-4d5d005dbd66","epithelia"
"7581","cd26e059-0fbc-469a-b022-4cff4cff7844","immune"
"7582","cd29dd04-8e4f-467e-a9f7-bfb9a6584711","epithelia"
"7583","cd2d7e8b-e431-4ee5-9e4a-0663a785dde0","epithelia"
"7584","cd3e8f22-a511-47a3-8924-cc1e026e3718","epithelia"
"7585","cd3f3d49-d98d-4aef-a0a1-19ac17f237b9","epithelia"
"7586","cd4b4daf-4682-4ae7-a52f-443ff6018963","epithelia"
"7587","cd4df4d2-8574-42c6-9c2c-089831e650dc","epithelia"
"7588","cd55652e-3fcf-4d1c-98f6-51eed3353c2f","epithelia"
"7589","cd62d181-851a-4b6e-b29c-1c8a8f7c069e","NKcells"
"7590","cd66203a-e517-4033-8294-0eb9344b197a","epithelia"
"7591","cd676c47-6f88-4b08-ab32-880888bdcd84","NKcells"
"7592","cd6c88b1-7e6c-402f-99ac-28496d7639b3","epithelia"
"7593","cd7398b9-2939-4045-9553-ef6b24e53f7e","epithelia"
"7594","cd772d8f-23d9-49fd-89e5-2341289b5e42","epithelia"
"7595","cd78391d-f8a5-48dd-877a-a1d4a7d5f5ca","epithelia"
"7596","cd7dce78-fc83-4dc6-bf46-3d1a5b648469","epithelia"
"7597","cd82bb6c-bb32-4c19-8c02-b09831bf7338","epithelia"
"7598","cd886c4a-7807-4119-88ff-c965fbd857d3","epithelia"
"7599","cd8982c1-79ad-4bef-94a1-01f934f76213","epithelia"
"7600","cd8dbeb5-3825-4d1e-b814-5852ec49cf9f","epithelia"
"7601","cd91bb2c-be25-4d93-bc72-a10a0b67fead","epithelia"
"7602","cda1eb67-97f6-4885-ab5b-a7829574d15c","epithelia"
"7603","cdac7b91-46c1-466f-b488-bb60fae84e80","epithelia"
"7604","cdb38b7a-428b-45bd-8213-7227db37049e","epithelia"
"7605","cdc6e091-dead-42f7-b70d-1fe9b407671c","NKcells"
"7606","cdc8c183-9d02-4e59-92eb-7f3a99c8eed6","epithelia"
"7607","cde38ba4-0f16-47b2-9064-312fcdb50961","epithelia"
"7608","cde80935-60d2-4407-808b-93b0075f8ccb","Unknown"
"7609","cdfb424e-01dd-492f-baeb-8658c4f81b62","epithelia"
"7610","ce008278-e973-4e1e-815c-a33285e4a8cd","endothelia"
"7611","ce01b084-6c01-40fb-89bf-2ccb49d92931","Treg"
"7612","ce02badd-a32f-44ef-8b17-2a157e149a2a","epithelia"
"7613","ce1a548c-eb51-4694-a178-960154ff39ed","epithelia"
"7614","ce1d9097-f345-4d06-8f97-c210fe4f3f8a","epithelia"
"7615","ce232e90-abec-4a68-b409-585d71c25836","epithelia"
"7616","ce251f81-2e6d-45df-9e4f-8223a3c06b55","epithelia"
"7617","ce2698e6-34d1-48d9-99e9-d462db72e5c4","epithelia"
"7618","ce2a21e7-9f0e-47b9-a7b8-75212898e8b0","NKcells"
"7619","ce2dfb80-47c2-492c-b40c-0c0fd2373def","epithelia"
"7620","ce2e4787-d8a1-492b-b8c0-b546a1da1367","Unknown"
"7621","ce31a7b5-8fc4-4c04-8206-edd0bd685a1c","immune"
"7622","ce35bd7d-f1c2-4680-afb7-2f2203c84c09","epithelia"
"7623","ce36b0a4-37af-4d62-8b2d-293785b8330c","epithelia"
"7624","ce3abaf9-ea3e-415c-a5d7-0460881ca8e6","Unknown"
"7625","ce4cf3c5-2c9f-40bc-8100-dcbd62b99dde","epithelia"
"7626","ce51530f-ed73-442a-987e-aec044154ae3","epithelia"
"7627","ce5598b0-ce1a-4558-8746-191163e23e1b","epithelia"
"7628","ce63b95c-ea84-4e1e-ad64-1499100f35bf","epithelia"
"7629","ce675f4f-3224-47f6-a490-797a9e978d88","epithelia"
"7630","ce67a577-cf3f-4526-a303-b5aec9be3193","epithelia"
"7631","ce681939-646e-4bf4-80df-38a088bfbb01","epithelia"
"7632","ce72a97e-0344-4cf7-b259-6b455d901e82","epithelia"
"7633","ce7abf58-00c1-4400-9574-e01fe263b6ab","epithelia"
"7634","ce84840d-e38e-4eb1-950f-114a2c2517f8","epithelia"
"7635","ce86b32f-8f67-4072-8c5b-492aee62cb1f","epithelia"
"7636","ce9248cb-c0e8-4fcd-bda1-001d577513a8","myeloid"
"7637","ce928d28-fe2d-4101-8b63-5881c6819458","epithelia"
"7638","ce92e157-f4e4-4e8b-9fa3-818625d2eadf","epithelia"
"7639","ce956cd4-8348-4fa0-ae45-22a442fe602a","endothelia"
"7640","ce95932f-776a-4a48-9cad-a9e31a2b8429","epithelia"
"7641","cea288ea-ad34-40a1-a23c-4f428a4b349f","epithelia"
"7642","ceb12e5f-830a-4f22-8d26-82649d7c17f3","epithelia"
"7643","ceb20496-4a62-4d27-a86e-e7462daf6e5f","epithelia"
"7644","ceb5df85-0fda-46ab-aad5-0fed17361778","epithelia"
"7645","ceb7b58b-c58d-464c-9120-4fdecf02f98b","epithelia"
"7646","ced14318-ac8d-4dfe-a184-7dd489aa661a","epithelia"
"7647","ced1fcd9-44cb-45c7-9f2d-b6932de0801b","epithelia"
"7648","cedf4558-6329-4129-8fda-162514568652","epithelia"
"7649","cf0243df-bf23-4ef3-8881-d8402398b72e","epithelia"
"7650","cf096718-9739-4a30-a548-f7c8a0ce88a9","epithelia"
"7651","cf1a6a0e-1ad3-42ed-bb67-4d27c08c0d87","epithelia"
"7652","cf24f762-6dd8-4ab4-ac2f-10360eadaaa8","epithelia"
"7653","cf342aea-399c-49f4-8c41-704fdc05c6c7","epithelia"
"7654","cf3a0e8b-cbca-49a0-a69d-962bbd7e3ebf","epithelia"
"7655","cf3e6c37-b240-4ce5-a772-8deb5c9c8d17","epithelia"
"7656","cf4cef27-fee8-446b-9983-602658cf7a7e","epithelia"
"7657","cf5b1251-726a-4e28-9c1f-7dc10e2e90ef","epithelia"
"7658","cf615362-f083-4608-8991-1c30d3a8f9fb","epithelia"
"7659","cf76e6a6-7e37-4b56-9589-f3a56ba09f36","epithelia"
"7660","cf886cd3-e4ce-4efa-b604-0eb50e402574","epithelia"
"7661","cf8a3660-f715-44ff-bed6-7e838380ecab","epithelia"
"7662","cf8e68da-9ed1-4cb5-85b6-4a1de3eb5408","epithelia"
"7663","cf9353d0-bd3c-485a-98d0-8ae5741051f8","CD8_T"
"7664","cf9b1e40-f593-4862-8f0e-9c615a2f1e15","epithelia"
"7665","cfa09b07-8daf-4cb7-96e5-e9c5ad44f4b2","epithelia"
"7666","cfa906d8-2772-4c5a-aa67-7df3698091c9","Unknown"
"7667","cfae5337-82b5-4c3c-8f97-0992e1faa911","stroma"
"7668","cfb27f86-1283-4e73-b857-2ddba4c80c2e","epithelia"
"7669","cfc18988-6d0d-4776-b1d2-a4f03588f93c","stroma"
"7670","cfc24b3a-2355-4fbb-bdc4-1d00397060bc","epithelia"
"7671","cfda8850-679c-478c-b8e2-20744d1173b4","epithelia"
"7672","cfee577e-d465-4ba3-a90e-cac0f64ffff2","endothelia"
"7673","cff743e4-9721-464c-80f0-27c95d4d0a61","epithelia"
"7674","cff81c6b-e697-42ef-a42c-1dc59ed5e17a","NKcells"
"7675","d00066fd-2ace-4ed5-a98c-7565d86d31d6","epithelia"
"7676","d0021aa9-7df0-4892-a37f-ccd05e8b9774","epithelia"
"7677","d0069428-8395-4740-a20b-90690756612c","epithelia"
"7678","d0091d1b-57ec-4acd-80cb-8f7deee2a261","epithelia"
"7679","d0122567-9161-4a9a-a9cf-da7db6df08b0","epithelia"
"7680","d01dfaa3-378f-4d31-a889-421eea22ed56","epithelia"
"7681","d025d46c-3454-471c-a41d-061aaa316fa8","epithelia"
"7682","d027e854-05e5-4161-9574-908458a4c7e5","epithelia"
"7683","d02bce71-768a-4ce8-bcab-895b47fd7104","epithelia"
"7684","d02ca483-0884-49a6-9665-fc34f3fc53ff","immune"
"7685","d0309970-6030-4f6f-8bb4-7e7df86889bf","epithelia"
"7686","d034c986-0e78-4e4f-a956-11928118e87c","epithelia"
"7687","d0449be4-92ee-490b-952c-7aca4a3cca8b","stroma"
"7688","d0476d81-6818-43fe-823e-c5ad9ead5d63","epithelia"
"7689","d04ae807-a6ce-4491-8133-70563a753d98","epithelia"
"7690","d0584bb5-2fa7-4599-ad99-85bbc8ea21f1","epithelia"
"7691","d0594e2d-4033-40c7-8161-ddae1414aa36","epithelia"
"7692","d0595a00-b9c3-47b3-8000-f76e90aa871f","epithelia"
"7693","d06184e4-7ea7-48e6-9543-62a529856241","epithelia"
"7694","d063fdb5-af51-4e4e-ad1e-ea7f88ebeaca","epithelia"
"7695","d06c77c4-7313-44d7-8af0-77dd24df80a0","epithelia"
"7696","d0702f5d-c893-4f3c-9e12-036d00f8455a","Bcells"
"7697","d070a531-b980-4898-a91b-a04313cf0954","epithelia"
"7698","d088c8a3-5246-41bf-bda9-e1710bfe6a7c","epithelia"
"7699","d08e373a-3fd4-4011-889c-0dbf49a72cbb","epithelia"
"7700","d0916dc4-dbd4-46df-aba0-617e961ab297","epithelia"
"7701","d092afdc-eb38-4cdb-9d55-e6105d26c9b4","epithelia"
"7702","d09a9e4e-e6ef-4829-aad4-f84e256ae0bf","epithelia"
"7703","d09fedae-99e7-413e-9d6d-acf637264549","epithelia"
"7704","d0a685d5-51bd-4c9a-ac18-56ee1d36e9c6","myeloid"
"7705","d0a9537a-0dd3-4db5-93e9-bff9d2263021","immune"
"7706","d0a9a5e4-4257-4c21-9aad-cc67d79bfa61","epithelia"
"7707","d0b083fe-344a-4992-8875-950246e7a379","stroma"
"7708","d0b425f4-db5c-4484-afa8-ad9837494d0a","epithelia"
"7709","d0b8a82d-0a3a-4aff-862a-7947c6b12d98","epithelia"
"7710","d0c0c62a-8ee3-4a29-9bb9-346f50e975af","epithelia"
"7711","d0c2bcab-9278-47df-9072-4acf05ee58d3","endothelia"
"7712","d0c354b0-4934-41a4-b74a-24de25fc0990","epithelia"
"7713","d0d2843e-0fb1-4edd-9046-35f0873d84c6","epithelia"
"7714","d0dfd34a-41e9-49db-8ade-5ba9dbdc4626","epithelia"
"7715","d0e60eb4-b24f-4274-8fcc-01d0ffdac5dd","epithelia"
"7716","d0f0ad01-ed9b-4496-99b7-86edea760770","Unknown"
"7717","d0f13773-c500-4fce-873b-cb1d74464448","epithelia"
"7718","d0f528bd-b96d-49c8-87c4-437e0a5b8753","epithelia"
"7719","d0f55107-058a-43ae-8376-b705aa372f4c","epithelia"
"7720","d0fb94f6-ced8-4b1c-b7fc-e4aff352e219","epithelia"
"7721","d1089527-6d57-4ad1-9e65-cba496aaeda9","epithelia"
"7722","d10a9070-4292-4ae3-9e27-2f462986c054","epithelia"
"7723","d10d6586-5c01-4d9b-9b10-a61b7891e29c","epithelia"
"7724","d1174c51-bc8f-4587-926d-578068fb8a04","epithelia"
"7725","d11dba1c-7296-46b2-9c10-c46eca3e6286","epithelia"
"7726","d123eac6-3c27-44d0-88fb-bcc752608115","epithelia"
"7727","d135fdd9-07f4-44ff-a323-a40375648deb","epithelia"
"7728","d136e55e-47b6-438b-ad53-e5990d673bdb","epithelia"
"7729","d13dfc64-cdae-40f2-b856-705c74392951","epithelia"
"7730","d141d589-58f4-4b9b-b222-f064fac93139","epithelia"
"7731","d14e0361-f308-4270-8ecc-8a4c870e2412","epithelia"
"7732","d1567102-6551-4a05-9a26-005f413769ab","epithelia"
"7733","d1588f8a-369e-4e61-9d43-f0b3f6cdcbd2","epithelia"
"7734","d1673a69-f6ad-4816-9d07-4e90e0f3b52f","epithelia"
"7735","d16d91d4-4c93-44a1-9791-ccf4c8a936da","epithelia"
"7736","d174ce18-c5b9-4f94-aa0d-7fb4af8396b2","epithelia"
"7737","d17b97ed-18e2-4878-9526-daf80ad8b312","epithelia"
"7738","d17c7f4d-c01d-488f-9fa8-c3937c7011bd","epithelia"
"7739","d17d8a16-c951-4efb-b9d1-6192614b5b00","epithelia"
"7740","d1911bce-df83-47f8-abbb-387d923018ac","epithelia"
"7741","d191634c-b5a4-43d6-a29a-7946d946582d","epithelia"
"7742","d192fc6d-aed4-47db-810c-180179d9a4f0","epithelia"
"7743","d1973368-f43f-421b-914c-a86b90eafb58","epithelia"
"7744","d1989ada-6236-4e6f-93ef-0ae4ee2ac1a4","epithelia"
"7745","d1a0fd96-6b75-4252-8251-adb5a5414842","epithelia"
"7746","d1a11dde-f39f-409b-af2e-f45467be8728","epithelia"
"7747","d1b5b70d-f16a-4504-a4bc-c73c06bbae0a","epithelia"
"7748","d1b62369-b0fa-4a3a-ae1e-a2834b1e416b","epithelia"
"7749","d1b87158-df5b-4db8-b0b7-6e2825aad8ae","epithelia"
"7750","d1b92d6f-e57e-428a-a32d-b7a714934a9d","myeloid"
"7751","d1bdc028-cde5-41b7-9e9b-226aaf86850c","epithelia"
"7752","d1c1c0cb-1141-4c00-a127-c33a621cf151","epithelia"
"7753","d1c90f47-0516-40ae-8f0e-6651a79aac81","Unknown"
"7754","d1db860c-ebc0-4b67-8d5b-128847a64f38","epithelia"
"7755","d1df797f-5f2c-4d01-88b6-19bad5b7a802","epithelia"
"7756","d1e81232-9ee9-4c3e-b242-6d5ff63c2138","epithelia"
"7757","d1fb739f-d05d-4b2d-95a0-f0ea1beeba85","NKcells"
"7758","d204c3bf-5ae9-4743-a057-7e8519b56682","immune"
"7759","d20d80c9-6c8e-4578-b2b3-38ab127716c1","epithelia"
"7760","d222a1c9-9cfc-4935-a619-3850eee68a93","epithelia"
"7761","d226ef11-ae1b-49aa-84d4-2ede302159a6","epithelia"
"7762","d22ad526-bbb8-49dc-b3ff-b4cd61be9c94","epithelia"
"7763","d2351578-f38d-4e4f-be3c-dd5422bdbfee","epithelia"
"7764","d2462018-2a70-4496-b256-d5d01c3581b1","epithelia"
"7765","d248330f-13b8-4314-8075-f8eeae206696","epithelia"
"7766","d24fdcff-9cb4-4c17-be6b-0fe02bcdaaf9","epithelia"
"7767","d255536e-e897-4f2e-87a9-cb3da8af1110","myeloid"
"7768","d25da254-bd08-4464-859d-955f9b7b0810","epithelia"
"7769","d2603ed2-9c21-4827-a446-71c524797408","epithelia"
"7770","d26067d4-c418-49a8-aad7-b3a904b69c23","epithelia"
"7771","d26464d2-6878-4414-adae-139f30f21761","epithelia"
"7772","d2765aa9-1d0d-4436-88fe-6af6c4c4ebb2","epithelia"
"7773","d282fbf8-f496-4bbf-a798-5614e9f95de3","epithelia"
"7774","d29f800f-4b30-4e48-9f2b-388593728b2d","epithelia"
"7775","d2a5d1b0-106a-4936-9f91-4013b449f539","epithelia"
"7776","d2a70305-9e2a-4151-b95c-44f76f2cb734","epithelia"
"7777","d2aa1869-a968-44fe-8bf6-75ca44c35a57","epithelia"
"7778","d2b54aff-7a5c-4f05-99a1-4d6cf4f35327","epithelia"
"7779","d2c0f596-8a6a-43b7-9be8-998ab9fc348a","epithelia"
"7780","d2c836cf-a141-4ea6-a0a0-996c3d7ae8c0","epithelia"
"7781","d2c92836-052b-4bb2-b8ca-11e1a1433e25","epithelia"
"7782","d2eb522e-b20b-4731-8261-6f2397b4cab9","epithelia"
"7783","d2efd5b2-31a7-4b39-ae23-3a830e5d8489","epithelia"
"7784","d2f4419b-ee6b-4415-a546-1e365864f8f6","epithelia"
"7785","d3051fcf-463e-42b8-bac3-c5ba9c2fe946","epithelia"
"7786","d30640f9-e330-459c-ab3b-63000f9a0d15","immune"
"7787","d307e004-1ba3-4233-a2b8-33c44f3eac18","epithelia"
"7788","d30aee94-6bb5-4537-a485-487d47fbd46c","epithelia"
"7789","d30c2089-2350-4a1d-8a59-1d39ca335117","epithelia"
"7790","d3191b92-48f9-489f-8547-f40e97591471","epithelia"
"7791","d33104ab-cac3-4907-b2b5-7ee66ec261a0","epithelia"
"7792","d33559fb-aa37-40cd-a9fb-ed5cf432d93d","myeloid"
"7793","d33a10b1-e088-422d-828a-7066e2ee14d2","epithelia"
"7794","d33b16fa-c935-48e3-aa37-b5dbd7b18423","epithelia"
"7795","d34588c5-54d6-4757-b9f0-0ffa33c8e744","epithelia"
"7796","d34bfdbb-e5eb-483b-a87e-153bab07e899","stroma"
"7797","d3554870-14c3-42ff-bccc-ac08cf6a7325","CD8_T"
"7798","d356156f-edc2-4427-9012-eca21d070d22","epithelia"
"7799","d35ddc84-8452-4b78-ac2b-92d776070964","epithelia"
"7800","d368c1e0-8ad3-4259-9d06-a215395cd365","epithelia"
"7801","d36b0a7f-1a9f-417e-af17-dcf7bb936e77","epithelia"
"7802","d3745de3-743f-4282-b1cd-feaa211ffc9d","epithelia"
"7803","d37ed32a-8b1d-4625-922a-00fb411edaa9","epithelia"
"7804","d3830194-20d1-49f8-b755-db48ec3db9f6","epithelia"
"7805","d39b0c2f-672c-48d3-a9c6-e93ab9c72c0f","epithelia"
"7806","d3a35636-9eef-42ad-a5f6-12ab7c13f85f","epithelia"
"7807","d3a368ef-08e4-4ca1-9b2f-4417a97b9394","epithelia"
"7808","d3a896ca-5f1d-4ea9-a139-aff664bfc33c","epithelia"
"7809","d3b9f724-38a2-4ee0-b8f2-9741834d75a1","epithelia"
"7810","d3ba2dae-bdef-4972-854f-89c39828f3ff","epithelia"
"7811","d3c86cb1-0d88-433d-a495-b9e337c9aae6","epithelia"
"7812","d3cfd19e-966e-465f-8b03-fc1c9d495baa","epithelia"
"7813","d3d1e978-4749-4c5f-bca9-47cd8a8b4c96","epithelia"
"7814","d3d31e4a-86d8-466c-a29b-59fdfa6a0b7a","epithelia"
"7815","d3d83125-6c8e-45e4-8a0d-54da4525d497","epithelia"
"7816","d3de0898-233c-4847-a32d-f6dc97c3e49e","epithelia"
"7817","d3e7bfe6-cafd-4210-b788-ffbc18ee89c5","epithelia"
"7818","d3ebedfe-a7fa-4456-9412-43066f55c966","myeloid"
"7819","d3ef6024-9e00-46a3-ae46-174d20654ca0","epithelia"
"7820","d3faf023-fe8b-429d-848f-b474ca206bd8","epithelia"
"7821","d3fec5ed-f2fb-4149-ad1e-475b5e2cdaeb","epithelia"
"7822","d400e664-987d-4b1e-9dca-c3beb028c689","epithelia"
"7823","d401f110-6d09-4d76-9f10-0b7467a7c0da","epithelia"
"7824","d402ebc7-3d09-4ffe-bc2d-f7b3c7646a16","immune"
"7825","d40b2b42-1327-4e01-ba9f-ab547ec87a3f","epithelia"
"7826","d40b9cd6-31e8-4b4b-a68d-a4832d381f03","CD4_T"
"7827","d40ed709-ff02-4a98-b6ae-5e58e6b30913","epithelia"
"7828","d4149b79-ae22-4b8f-838e-e8d4b3c8a529","epithelia"
"7829","d4199831-6194-4a0e-a100-8bfa0a7bf7fd","epithelia"
"7830","d41a558a-b5b0-4e23-9067-ea83a8a57567","epithelia"
"7831","d4226bb8-65a4-461e-a5d3-082c83c7d55a","epithelia"
"7832","d4282613-69a9-4655-ad06-f9b6f2ac6898","epithelia"
"7833","d4315794-a300-4eab-8d13-71d5b1001d95","epithelia"
"7834","d432a422-17af-4bd6-9128-72c455dec38c","epithelia"
"7835","d4359061-95b8-4786-b16e-8c382ad7c8ce","epithelia"
"7836","d45e8681-601b-4e4b-bc77-7ad0d329eec6","epithelia"
"7837","d4643fd4-ad76-4cf3-aad7-f5d8806a35f0","epithelia"
"7838","d46693d4-851a-4ede-98c9-9f42799f5ef6","epithelia"
"7839","d46743bc-3a59-4666-9a8b-e9776c85cd20","epithelia"
"7840","d472bc70-2881-4193-88c5-3aeffb0d38a1","stroma"
"7841","d49b4087-6fc6-4e9b-aa96-67ca54c1aa13","epithelia"
"7842","d4a9cd92-d098-4b72-a16f-02b4e2918ce1","myeloid"
"7843","d4aab793-7acc-4b63-8d80-8f79c943b79c","epithelia"
"7844","d4ac1f9c-03b3-41ee-8714-9c729cfb8a1e","myeloid"
"7845","d4adc1a6-064b-43d4-a96d-3846f391a6fc","epithelia"
"7846","d4b31513-6a52-4c0d-b1e0-371aaa452366","epithelia"
"7847","d4b3e0da-d302-40c7-95ab-441ad9680fd5","epithelia"
"7848","d4bbc673-e2c2-4a3d-a2fb-c822655a0049","epithelia"
"7849","d4c0c3d7-3854-4e31-9d26-a3b1b56b70cf","epithelia"
"7850","d4c9969d-4714-4fab-80a3-13573bd554eb","epithelia"
"7851","d4de1ed2-559a-4503-a90d-4e16f3f0562b","epithelia"
"7852","d4e5e524-9a03-4eee-a816-00027c6b7313","Unknown"
"7853","d4ef60a5-6844-4915-baa7-5b824a3a9856","epithelia"
"7854","d4f419e3-6e49-4d36-a6c6-e3deab3012ae","epithelia"
"7855","d50123ed-bd66-4cea-8319-d9e4eea254ef","epithelia"
"7856","d5013e95-e6d9-4231-80e4-7690c93eea02","epithelia"
"7857","d51eaf8f-8fc1-42b2-bbb6-be92c49b2072","epithelia"
"7858","d5286f07-6a20-4c40-8a19-88e8a543abd8","epithelia"
"7859","d52c860d-9cb5-4bde-8db9-583796f1f8c1","epithelia"
"7860","d531ea39-889b-4551-bf4f-af12a116a77f","epithelia"
"7861","d534050f-027f-41e5-ad80-93ab0412a76e","epithelia"
"7862","d535d07e-7703-4160-b46f-9fac5353daa2","endothelia"
"7863","d54fe350-4a8c-4a2b-a2ea-4ff805a2bf7a","epithelia"
"7864","d55164cf-1c1d-45f2-ab04-6d7422cbdb2f","epithelia"
"7865","d551acd3-4446-4f93-a2f6-07ebde87fefa","epithelia"
"7866","d55a5df6-102e-4525-8903-96cea9ce543d","epithelia"
"7867","d55acfdf-6a2b-41fe-a56b-a2a2e8d59a8c","epithelia"
"7868","d55b1a7d-d7fe-43fa-b818-648278ddc9ef","epithelia"
"7869","d56fd4ee-58d5-474a-a6c9-ea1c8856db5b","epithelia"
"7870","d579d272-8b68-425d-b5ca-572f27446851","epithelia"
"7871","d57f5313-2ce7-4b9f-a170-ba201129d77f","epithelia"
"7872","d586b0c3-2529-421b-94ff-bbf583cb7739","epithelia"
"7873","d58ff5b4-1749-48c0-ac5d-06a30960465f","epithelia"
"7874","d594187d-b675-4919-8448-4546eded0f21","epithelia"
"7875","d59bf2dc-5bf5-48ef-9e38-8a9761291277","epithelia"
"7876","d5a65271-3f09-45e2-8587-04b2449a1d3a","endothelia"
"7877","d5a7abe0-ac19-4652-9330-88aa9fd1d035","epithelia"
"7878","d5aabe75-43b2-49ed-ade6-00133d46e92f","epithelia"
"7879","d5b2cead-09a8-40b2-891e-af593a228dfc","epithelia"
"7880","d5bb87e6-02fa-4022-9cdb-9a220197518a","epithelia"
"7881","d5c54f15-1859-47bd-89d0-6edfb84b332a","epithelia"
"7882","d5dae39d-397f-45cc-8a85-7be2869b71c0","epithelia"
"7883","d5f68ce7-6c65-4f79-bcdd-77ccb6b95279","epithelia"
"7884","d5fb966f-c8fd-42a0-bf35-98f8ced423c4","epithelia"
"7885","d5fc48c5-1c87-47fc-adbb-12d2088c550c","myeloid"
"7886","d5fcd74d-0ecc-49e2-862a-023b58f47149","epithelia"
"7887","d60498de-f010-4b7f-b38c-7bf1766b6c73","epithelia"
"7888","d60cb2dc-9da5-4a5c-866c-57c345016252","Unknown"
"7889","d610777b-9eba-4a18-a436-d4c31ba607f7","epithelia"
"7890","d632dd4c-4a31-407e-82ed-90db9eaa34da","stroma"
"7891","d63a4cb8-a7ad-467c-a7d5-ad2b09652806","epithelia"
"7892","d6450157-9f56-422b-ac51-4365c320dee7","epithelia"
"7893","d653ff69-1e9f-4ee4-8672-c41e2fe8cf9c","epithelia"
"7894","d6600453-0118-43b9-aede-7d0924326586","epithelia"
"7895","d6685842-fe14-43df-a82b-dbcd17b4c274","epithelia"
"7896","d66c02c4-b22b-4f26-bb0f-5760ace4d685","epithelia"
"7897","d6731e96-9ca1-4885-84c7-ccb1d18e3a60","epithelia"
"7898","d676b065-8cce-4fb9-ae4c-631cce5cc911","epithelia"
"7899","d6884565-7a2c-4e2a-b24a-6c036143f126","epithelia"
"7900","d68b7441-3676-4d2d-a523-634924eadc8d","epithelia"
"7901","d68f4e4c-f571-441e-86b6-62e7228c5d5b","endothelia"
"7902","d6946c95-3bc4-4027-b2c6-f7f0d39cf523","epithelia"
"7903","d69b792d-d84c-4b40-8bf9-737fd0177074","myeloid"
"7904","d6a0c37c-3598-48d9-a9ed-204dd8bfbdfb","epithelia"
"7905","d6a5046e-6bb9-4762-b984-9f5099660b56","Unknown"
"7906","d6a5a056-84cb-4f29-97a5-9b465f21662e","epithelia"
"7907","d6a653d8-8131-444f-b46c-cd8c9ae9b55f","epithelia"
"7908","d6acb08b-6254-40e5-89e1-d965d465ec40","NKcells"
"7909","d6afe021-9c35-49d6-821d-2ee29f4b32b3","epithelia"
"7910","d6b26ffa-ccde-4c33-a355-d66e68ab5ec2","immune"
"7911","d6c929de-f18e-4a33-8566-78745cda0040","epithelia"
"7912","d6d14f5e-39c0-4f58-9b16-56b9900ec2ce","epithelia"
"7913","d6d5bccb-de89-4573-8ded-bac4087c2a00","epithelia"
"7914","d6dd541e-2702-42aa-89fe-af2d40adb206","epithelia"
"7915","d6e42329-256e-4dfb-9a3d-df1c445f69a7","epithelia"
"7916","d6e5a706-cd53-4a32-ba61-576526c14cac","epithelia"
"7917","d6e90775-32e6-4229-add5-f835916262e4","epithelia"
"7918","d6f1efeb-ce7c-4274-a1fd-2143da1992e4","epithelia"
"7919","d6f80e5c-cd57-4cf8-a761-e0ec5d72964e","epithelia"
"7920","d710776d-1ff9-4a7b-8eb8-23fee9b5bbbb","epithelia"
"7921","d7125d07-413f-413e-8c8a-6a64cc5eeaee","epithelia"
"7922","d71dcfe5-1fb6-4660-8ec7-ff394fd3ba9e","epithelia"
"7923","d723cb4b-1dac-43df-a1f1-bee4b7099e89","epithelia"
"7924","d72a2288-a522-4b20-bb67-e9a36d2e4c52","epithelia"
"7925","d72b8434-b873-4f83-9ded-2ee2b4907416","epithelia"
"7926","d7448271-d5ab-4c0c-a512-88c36f28d151","epithelia"
"7927","d74ac43c-a5ac-4975-b2db-485c7c58fd1b","epithelia"
"7928","d7653cf8-b141-4fc9-ab99-8bab3b1eaa77","epithelia"
"7929","d76a29c1-da12-4780-8a81-da1b44fed81e","epithelia"
"7930","d76ea065-8d7a-477e-bc7d-f4c607f88ca1","epithelia"
"7931","d77ad3fd-ab73-4d37-b6cd-bfe37dc0d8f4","epithelia"
"7932","d789e72c-2bfa-4f58-8655-511027d55069","epithelia"
"7933","d78f5d13-f333-4cf4-8a9e-91e7d6cd3e45","epithelia"
"7934","d7940a1c-ff47-4301-ad5f-bd52d772b931","Treg"
"7935","d7af0048-84b5-4f45-b0b4-91b1b51e67a3","epithelia"
"7936","d7c4e32c-2c5b-403d-95db-d11d90884587","epithelia"
"7937","d7c85ae8-7a0f-4abd-a6e9-1395336c5f11","epithelia"
"7938","d7ca12a5-3845-4d83-85b9-4b98cc381973","epithelia"
"7939","d7caaf19-0ada-4ff3-b191-f5a5fbe91ea4","epithelia"
"7940","d7d36b60-254c-4f57-8296-ee2467d0bc31","epithelia"
"7941","d7d776cc-1d15-4972-bea8-3ee3cfdfe13c","epithelia"
"7942","d7da765a-b17c-406e-9c11-d747023c6208","epithelia"
"7943","d7dd677e-67f9-49e0-a36d-b95f2cf60278","epithelia"
"7944","d7e16a5b-3b27-438e-bd6f-0306aa1988f2","epithelia"
"7945","d7e3e855-ea1f-4225-9057-1157e2ee051f","epithelia"
"7946","d7eeaddd-7a4e-4e08-9a60-4ac6b1b69eea","epithelia"
"7947","d7f2931b-eaa6-428f-a3ca-756e29439ed7","CD8_T"
"7948","d7f33c86-ad4f-4883-ad40-5528c93a34d8","epithelia"
"7949","d7fb9331-604e-4470-abdd-1f10b024ff7b","epithelia"
"7950","d7fcf1d2-e356-48b7-9ce9-70f7b4fdd6b1","epithelia"
"7951","d7fee099-656f-4fcf-9a1f-9b9ba13eea3c","epithelia"
"7952","d80fb8ff-6cd2-431f-9120-55d131f9c45e","epithelia"
"7953","d814e2cb-9298-42a8-a466-fe2b464adbeb","epithelia"
"7954","d81b56a1-13dd-48ca-a8ed-0d427159ae14","epithelia"
"7955","d81e9b96-65b1-421c-885e-00aeca44186c","epithelia"
"7956","d81ff457-f2a6-4ef5-b63a-ca201a883bc9","epithelia"
"7957","d82c1141-da82-4a7a-b2f0-df4e1384c390","epithelia"
"7958","d834fd79-6d7d-4d4b-b826-28b9be224919","epithelia"
"7959","d837c9b5-b2e5-4515-b385-026486bc195b","epithelia"
"7960","d838964e-e5d2-4ae3-ab5d-53073449aec1","epithelia"
"7961","d8440298-8d00-4d62-9ad1-46ad04e15f45","epithelia"
"7962","d84aed01-5861-4d59-abe9-471e7aa87ed1","epithelia"
"7963","d84c49dc-3a97-41d5-916d-2d1c56346746","epithelia"
"7964","d84f8acb-9b45-47c4-a574-475b665d6257","stroma"
"7965","d85030e1-e1d6-4a8c-b6df-f8eb60babf16","epithelia"
"7966","d85461de-20d7-4e31-a61b-04538ad9c050","epithelia"
"7967","d854a829-8467-455e-b9bb-18389a391ff5","epithelia"
"7968","d85b9d76-6aa0-462a-88e7-554c005a9aec","epithelia"
"7969","d85bdd75-028f-40ad-827f-4d9b528443bc","epithelia"
"7970","d87f9a8a-6364-4378-b942-0bf2b75ce215","epithelia"
"7971","d885b3c7-539b-4b74-b38f-8ce7d93701c1","epithelia"
"7972","d8891b8a-b0a0-4cd8-b6f4-f42bed2f65fa","epithelia"
"7973","d88aad7a-c70e-427f-bd1a-cec250bec821","epithelia"
"7974","d88f5ca8-b34e-4a23-bb99-192acb57421d","epithelia"
"7975","d88f8398-e603-4419-a23d-250a50eacee9","epithelia"
"7976","d8923bbd-d97c-4e25-997e-cece6bf98c22","epithelia"
"7977","d8937d66-05d6-4b22-aee3-99b3a8add0b3","epithelia"
"7978","d89e84b5-7dd2-4eda-9248-eaecb27204aa","epithelia"
"7979","d8d0e691-30fc-4832-99a5-b0b631de21e0","epithelia"
"7980","d8e72383-8f90-4e6b-bc56-1964a436daa6","epithelia"
"7981","d8ff9197-8bc3-4329-8927-f450c627aa01","epithelia"
"7982","d9005926-75ab-4b70-80c4-8d89b3d63be3","epithelia"
"7983","d902bdbc-f924-466b-9788-92959a30525f","epithelia"
"7984","d909a63c-e17b-49cc-99dc-17d283293455","epithelia"
"7985","d90da0b8-c856-4ded-a527-d2c9cf79b902","epithelia"
"7986","d90fec2c-0241-41cc-96fc-076f72eae148","Treg"
"7987","d91bbfe1-0732-49fa-bac9-79c6eec551b2","epithelia"
"7988","d9256fce-d690-41de-9ac6-289888aa1ee9","epithelia"
"7989","d934a30b-3d02-4f30-86d2-e716b65714ca","epithelia"
"7990","d93520da-4bba-4438-bece-830cc680f92f","immune"
"7991","d944fcfc-e737-4255-bfdb-7e93265543e9","NKcells"
"7992","d9454111-213a-4d8e-8329-f6da1b4c1231","epithelia"
"7993","d9487fda-b5e4-4ca0-8c34-f8daf00f1111","epithelia"
"7994","d949ba02-354a-4aca-9c06-9ad50c5b12cc","epithelia"
"7995","d94d6d58-31b0-42cc-8585-6e2c522dd716","epithelia"
"7996","d95246c1-da58-4aea-95f1-5c875589ceb7","epithelia"
"7997","d954cb7f-cf0b-472c-b212-3b26f84b0313","myeloid"
"7998","d959aeed-36bb-4fb7-b09c-2d08c31adb43","epithelia"
"7999","d967395e-42ba-4c65-9be8-3c9b0509f8cc","epithelia"
"8000","d9689152-9a96-4c0c-bf53-10bc5093d119","epithelia"
"8001","d97429ed-9bcd-473a-bedd-f33e1cc8faf8","epithelia"
"8002","d976d9be-f878-4f7d-a4f8-9c3b637ccf4a","epithelia"
"8003","d97c6f1c-4119-4cac-b6d7-7c596df8c544","epithelia"
"8004","d97d65cf-5b69-43bb-add5-12c1bfe715e1","epithelia"
"8005","d9877895-6097-45d9-b628-f2ce1c512558","epithelia"
"8006","d99a51f4-14d9-48c8-a5bf-3bb53eafc01d","epithelia"
"8007","d9a4ede8-abf8-4283-a1ba-8360046e11d1","epithelia"
"8008","d9a86c86-aca1-4480-be44-4c1da3fb2825","epithelia"
"8009","d9a9f26c-452a-48de-b640-19de5de30543","epithelia"
"8010","d9b23e20-5892-45a5-a3a8-b66437136fbd","epithelia"
"8011","d9b26e1e-3197-4bf0-b6ed-afb2ae4a0a60","epithelia"
"8012","d9b48fb5-b861-4a05-8fa3-9fdacc9cd1e9","epithelia"
"8013","d9bef5f2-873b-4238-96c9-57e563f44a28","epithelia"
"8014","d9c0098c-23a0-4ed9-ab4e-77a18a8d7d67","epithelia"
"8015","d9c1422f-e020-40a4-8a5d-e12da6a08c3d","epithelia"
"8016","d9c20c26-a710-462d-bed8-ec578855fa80","epithelia"
"8017","d9c4f10b-5382-47de-9fb4-1a572691172c","epithelia"
"8018","d9c822b7-e6e7-44a8-8a9e-3da38677b008","epithelia"
"8019","d9ce852f-e53d-4131-b63f-803a8938ab9c","epithelia"
"8020","d9d0af6e-6779-44a6-a02a-871a5c632d73","epithelia"
"8021","d9d0ed68-74f6-4ed7-8d7c-4b7378b146e3","NKcells"
"8022","d9d7a013-2578-4708-89ef-f91158416f7b","epithelia"
"8023","d9d9e20a-5983-47f6-9b2a-1420218bc52b","epithelia"
"8024","d9e81d5f-2d1e-4e83-a6e5-d48468a28c4c","NKcells"
"8025","d9ed5471-b1bb-43e0-a4f7-669324dc1f51","epithelia"
"8026","d9f33c39-cfc9-4de4-8dc7-4777ce36ad86","epithelia"
"8027","d9fb2461-e65e-494e-a2db-1caac693c6ca","epithelia"
"8028","d9fd7a5d-e4af-4627-bf43-e0cce8f88f95","epithelia"
"8029","da14ca6f-9ea4-4c7b-8717-c9e85a045f17","epithelia"
"8030","da16c8bd-6cd6-48ee-84d7-57045582cfab","epithelia"
"8031","da266fc4-1785-4bdc-9da9-4dc2ba3a1040","epithelia"
"8032","da33739d-e302-4794-8617-35da9b87ba05","epithelia"
"8033","da36fe1d-9c53-4234-8fda-3fabbf6d6d99","epithelia"
"8034","da3f3859-cf29-4ef8-8ec4-682ce39a3b0e","epithelia"
"8035","da4d2d17-5f0c-4d1e-8e0d-32c537f892a9","epithelia"
"8036","da4d4e6f-6f96-4e6d-9a84-5c3d54eb45ea","epithelia"
"8037","da537222-42f4-4216-9ae8-88e1ec31163f","epithelia"
"8038","da5d8d8d-7004-4e95-a857-8f86d1c62c89","epithelia"
"8039","da5dbe54-ac21-4b49-9304-21ba2ae6e024","epithelia"
"8040","da5f4471-d602-401e-b49c-c38d5e7ee312","epithelia"
"8041","da64f51c-0589-44d8-bfbc-ba6e5aaecfd6","epithelia"
"8042","da658f9c-a5b1-46f8-889a-31a9a4ab1862","CD8_T"
"8043","da6e668a-6a4e-403d-99a9-c2dcf3af3b09","epithelia"
"8044","da6e824f-2668-41ff-b221-6f1ef1f89005","epithelia"
"8045","da8913dd-d38e-4572-8ee0-b6525e2333d5","epithelia"
"8046","da8a6ad0-708f-4e8f-b40f-149549ba3f6d","epithelia"
"8047","da9079b4-afa1-46c5-8422-987159dd6eaa","immune"
"8048","daa1bb9e-9716-418a-9f2c-81109bd5ca2d","epithelia"
"8049","daa20dd8-29a8-4519-97b6-04618e454445","epithelia"
"8050","daa338c6-2764-49e5-970d-ccea7c1444a6","epithelia"
"8051","daa6130d-b76f-47b0-8a0d-ca209c81dae9","epithelia"
"8052","dab25e39-af05-4a38-b61c-005f0260d768","epithelia"
"8053","dab84ead-6744-4907-a0b5-242e0a2da078","NKcells"
"8054","dab85818-9936-40c7-874d-03ae5db7e5f0","epithelia"
"8055","dac11c19-5046-4c63-b79e-49f52e50cb29","epithelia"
"8056","dacbec18-ac80-437a-a011-3e5b58e28961","epithelia"
"8057","dacc321f-ce79-455e-b6e4-acfb1cd6887a","epithelia"
"8058","dad40433-326d-4e26-a895-096a2c5e6a20","epithelia"
"8059","dad585fd-ef45-4765-a3fe-09aa36584a98","epithelia"
"8060","dad638a4-46f9-44d2-8cc4-4b686ed33693","epithelia"
"8061","dad6ad14-f109-4653-a695-d0c12792fb31","epithelia"
"8062","dae2068a-b83f-4e10-9a67-b46515503f85","epithelia"
"8063","dae3161e-7c3d-4706-9bc5-d90fdfb9e3d6","epithelia"
"8064","daeb7b66-497e-4cf3-b43e-818099365ebc","epithelia"
"8065","daf599a4-b041-46a2-a237-d504951cb871","myeloid"
"8066","dafaba87-a29d-465e-ace7-65d2df51d7aa","myeloid"
"8067","dafbb129-12b3-43ce-827b-d524c490b8b8","epithelia"
"8068","db06f433-e7f1-4470-8972-39df4ca0ea07","epithelia"
"8069","db0c5ce4-4d91-49dd-bece-9c7d368a265f","epithelia"
"8070","db1323e1-278e-4ba2-b8e6-21378f2f5871","epithelia"
"8071","db1746bc-542f-4ad1-bf50-2705667bc721","epithelia"
"8072","db1b3562-959a-456c-8dec-1a4e879d2a67","epithelia"
"8073","db27fc61-555f-4aca-b331-0f27f18ae20f","epithelia"
"8074","db2dc200-071b-4559-9cb4-2a7a52d990c1","epithelia"
"8075","db30a78d-cd9e-47a0-a850-7c476de9c785","epithelia"
"8076","db31553a-4d73-4c7e-82cb-dbf4278eaa5b","epithelia"
"8077","db32fd11-3ffd-44f6-83ae-e4a78490fd69","epithelia"
"8078","db406de8-8e02-47e8-bba4-3e5afd80b019","epithelia"
"8079","db51a8c1-f1ca-48ad-bacd-672a29eacffb","epithelia"
"8080","db52acba-e750-4ca9-a4b6-0b37b13d2619","epithelia"
"8081","db7ae9b3-69a6-4372-85ba-c13efb583c1d","epithelia"
"8082","db7c7bad-f63b-40c9-aa68-d914a07c88ce","epithelia"
"8083","db7e0932-d43a-4bef-9292-962a077f282d","epithelia"
"8084","db7e26a9-8ee0-473a-b42a-f524cdeb3ad5","epithelia"
"8085","db83bb52-fdfd-4482-879f-be55a8f5ab29","epithelia"
"8086","db86bef0-f147-4f24-b173-3a77364ec6a3","epithelia"
"8087","db872575-5c32-4780-bf87-faee6117f382","epithelia"
"8088","db89590e-9f98-443b-9c33-76a1ab9ebbec","epithelia"
"8089","db9b5eae-0ebe-4626-9e6f-5690f7ab3dcf","epithelia"
"8090","dba109bf-1c0e-4747-b59e-1e05441696a2","Treg"
"8091","dbab6e92-02ac-4de5-b56e-64e36b555946","epithelia"
"8092","dbb27fc3-81be-429a-9fca-5a57cc9c2d28","epithelia"
"8093","dbb519aa-84ec-46b9-a682-f96d184b9332","epithelia"
"8094","dbc27a8d-c57e-44be-9673-e47936a37cda","epithelia"
"8095","dbc71717-f134-4ee5-952c-baa45b512f05","epithelia"
"8096","dbcde808-3631-44d0-b0bd-c9bd498e35f7","epithelia"
"8097","dbd55e0d-b4bb-4266-a39d-4cb911fe2bda","epithelia"
"8098","dbeb9abd-5ac0-48a3-847d-ac14de70cd99","epithelia"
"8099","dbed6eaf-f380-401f-b1b4-3457d19e188b","epithelia"
"8100","dbf40af1-20b5-4dee-be42-12ef64d1bf13","epithelia"
"8101","dbfd12e6-f896-4695-b38d-264dcb0b5083","endothelia"
"8102","dc05d626-7135-44d7-81cc-42da94e209ab","epithelia"
"8103","dc1102c0-f75d-4cf6-8b58-50cb49e786e6","epithelia"
"8104","dc220743-44bd-4484-aff3-c1b3324d51a7","epithelia"
"8105","dc3a0b41-e4fc-4954-b624-7913c17ab380","epithelia"
"8106","dc3bab2b-8624-4906-8296-f27fe69b342d","NKcells"
"8107","dc3bfcf4-004f-4e23-a0a3-4bc30912fe77","epithelia"
"8108","dc4e19ee-c332-4c0e-b501-815fcd5c2e5b","epithelia"
"8109","dc5d8f87-9f03-4fa2-bf44-005517b46a90","epithelia"
"8110","dc648da9-1f5e-468b-8c11-52138355f015","epithelia"
"8111","dc6d0cd2-69c0-4819-ade2-146ba83f40a8","immune"
"8112","dc7106b9-6196-44dd-8084-5df45222946d","epithelia"
"8113","dc715251-30d1-4f89-8e0b-fc7beaaa1593","NKcells"
"8114","dc7a6caa-3c01-4515-9cb3-20a6a8c39dcb","epithelia"
"8115","dc7c0a14-e96d-436e-b9e4-df05f154376b","endothelia"
"8116","dc7e4c44-d7e9-49bb-a73a-c0ee72929cb6","epithelia"
"8117","dc8246b4-20b5-4eec-bf96-8c754040b2ee","immune"
"8118","dc938b65-0f76-4f54-b156-30d991ba3649","epithelia"
"8119","dc9aa557-0ab2-4f53-8041-bb8811c162d6","epithelia"
"8120","dc9c29f1-b228-41fc-b941-ce13214124cc","epithelia"
"8121","dca007df-8e40-487a-a054-4fa38525216d","NKcells"
"8122","dca18ba9-c0ea-4006-ac1d-9c860a70da24","epithelia"
"8123","dca684c4-92c6-4bc2-a90b-8ef6b6ea7de6","epithelia"
"8124","dcab2ff7-d9de-4808-b68a-060906b1749e","epithelia"
"8125","dcaf60fa-95ad-4fb3-9888-e9f73d33229f","epithelia"
"8126","dcb846af-c38e-4b25-b43f-745551a76102","epithelia"
"8127","dcc37be7-e919-48ab-b1d3-feef9ca97e8a","epithelia"
"8128","dcc58158-13cf-4476-8915-790bc4fa5892","epithelia"
"8129","dcc5b241-ad50-4a2f-a709-598d66b040ee","epithelia"
"8130","dcc92a30-3996-4736-97b0-f09c049e959f","epithelia"
"8131","dcccf550-bad0-4ecf-8536-6707ed42e4c4","epithelia"
"8132","dcd864ad-3058-4d27-9417-c09929005806","epithelia"
"8133","dcf1ead2-80e6-4ff8-a862-f75b6fe39847","epithelia"
"8134","dcf5a452-4fd2-4312-9d5e-e20e91674e23","epithelia"
"8135","dd028864-d9b6-4213-90d2-ca08f6d41c86","epithelia"
"8136","dd0357b4-d52d-494d-b201-4b8abcfe6006","epithelia"
"8137","dd13522a-5a2f-4335-9a61-a479156ffbea","epithelia"
"8138","dd200eef-7f80-4e68-942d-fe09d6c05590","epithelia"
"8139","dd2284b2-6122-4f84-b9f0-27b64fd29834","NKcells"
"8140","dd321d50-ec8c-4f01-8e49-9cf72227aca3","epithelia"
"8141","dd3da7dc-bb02-4e27-9605-566d00cf0ff6","epithelia"
"8142","dd4069b7-4b78-4ef2-a391-cdc8ce7e95b3","epithelia"
"8143","dd408ce4-d846-4aef-966f-e381902e393b","endothelia"
"8144","dd415bf6-c0eb-4541-8848-a5713fe4a7f4","epithelia"
"8145","dd484a2a-5414-4b4f-8866-1e96534af3d0","epithelia"
"8146","dd501335-542f-44b1-b074-0c352369553c","epithelia"
"8147","dd506765-d39d-45df-bacd-cfc4af2be509","epithelia"
"8148","dd5402d8-b666-49ea-95b3-9b2ef7b89ed7","epithelia"
"8149","dd5da9fb-2a84-495f-8a75-7e30f5817d8f","Unknown"
"8150","dd6e5917-632a-4011-bbcb-30975349ef2e","epithelia"
"8151","dd887a5e-620d-4bf6-8aab-ac6c3b0f8b53","epithelia"
"8152","dd95ab86-41a1-4b17-96d9-98df23544d95","epithelia"
"8153","dd9fc90e-59ce-44ab-9806-0c98afcda0c6","epithelia"
"8154","dda394e0-60d3-434e-b94f-6ddaeb7df88c","epithelia"
"8155","dda4f7fe-33e8-4dcd-b871-4966128f6eed","epithelia"
"8156","dda5af16-8d37-4651-b9c4-2b662ad1dfae","endothelia"
"8157","dda81e20-68b4-4bf2-8490-def03d234ac1","epithelia"
"8158","ddaa91c2-1bad-445b-8a04-487d44f2aee4","epithelia"
"8159","ddad66be-3953-4806-b646-c063fb122081","epithelia"
"8160","ddadfb28-9e17-4602-a47b-249c5f0fa053","epithelia"
"8161","ddae10e0-e515-457b-a9f0-ce72059715a1","epithelia"
"8162","ddaeb4be-e286-420e-b5ea-277ba40459dc","epithelia"
"8163","ddb29204-8c55-4531-967c-88bc7a40a368","epithelia"
"8164","ddb9b399-b79c-424c-ba9a-76b2aef04941","epithelia"
"8165","ddc97c8d-60ed-42bb-9727-47037babbd3e","epithelia"
"8166","ddcda500-f0f5-49b3-ad44-f238270bd2f6","epithelia"
"8167","ddd18e70-9b2e-48fe-ab82-d66600abd3c4","epithelia"
"8168","ddd52233-765d-45cb-9e19-55b331238908","epithelia"
"8169","dde5c8dc-a3d7-4d96-be88-71e66a3ce3d5","epithelia"
"8170","dde89215-3749-402a-95cc-f005225f4cc7","epithelia"
"8171","ddec7aa0-7c55-405f-83f0-2af96dab03eb","epithelia"
"8172","de04683c-fdfa-441b-95c8-52c5b9cb83cf","CD8_T"
"8173","de0c6a1f-47d2-4e21-b278-61ff4b8751fb","Unknown"
"8174","de1838c8-3e1f-4b51-b421-12d4e1625508","epithelia"
"8175","de1cc3a3-cc3f-476e-97dc-be370e1ab112","epithelia"
"8176","de1ee603-c788-4f0e-b524-4ca6d91ca04b","epithelia"
"8177","de1f6e36-8b53-4483-b6ab-f2298d75de98","epithelia"
"8178","de225391-a727-46b7-bafd-d501582e2694","epithelia"
"8179","de22d85c-b093-4c9f-a535-6bee4bd59280","epithelia"
"8180","de2663e0-ba3b-4c30-a4a4-398efcc2716b","epithelia"
"8181","de2b4e2b-0bce-4b91-9ca8-f1442d12e00a","epithelia"
"8182","de3c047a-c415-4f68-b8b1-afb13e8c7324","epithelia"
"8183","de41b8f7-890b-4c42-9052-f200efe95f96","Unknown"
"8184","de48932e-237e-4e46-811b-d3c67d3d079f","epithelia"
"8185","de526b06-eaa1-4fec-acf2-ec1ce2c012c4","NKcells"
"8186","de568f2e-40e6-4415-8934-9b1b71c52bf4","epithelia"
"8187","de5953d5-bde0-4707-8db7-84b1c1b671ca","epithelia"
"8188","de5c7723-1864-4e1f-b132-b62f05ee4270","stroma"
"8189","de618183-70d4-4a29-9363-7aa642111bcc","myeloid"
"8190","de6bd9aa-26e3-47f0-be34-47dc47174fe3","epithelia"
"8191","de761a12-c6df-4650-bab7-aa1f50049aaf","epithelia"
"8192","de7ab021-3f95-4d4a-b504-10bd44582e29","epithelia"
"8193","de92ffcb-e4d8-4f36-bd75-8cd6c314fdf2","epithelia"
"8194","de973d56-629f-40ad-9f9f-14819de9fc64","Unknown"
"8195","deade7aa-aedd-444b-8f81-ccb90eb215a6","epithelia"
"8196","deb07a2d-54f3-46e3-bd72-526a42e94c84","epithelia"
"8197","dec0acec-cb4e-49a4-8b59-100c745d17b8","epithelia"
"8198","dec6e424-e67c-4334-8023-c2c5a817c210","immune"
"8199","decc1564-a5b1-4cf5-93f6-154fcb3c69ae","epithelia"
"8200","dece5f7e-76ab-4a77-b0be-6841082f082f","epithelia"
"8201","ded6e76c-6fc9-429f-8512-b2b63b34b2c4","epithelia"
"8202","ded8c82d-ebe3-4837-9e01-b291fde9814f","epithelia"
"8203","ded91065-bd79-4291-9306-9b670bdbc02a","epithelia"
"8204","dee15e44-704d-4529-a34e-6490f33ef4ef","epithelia"
"8205","deee4363-5fa4-4853-80c0-6b9760bbcdb5","epithelia"
"8206","def46cbd-f91b-43dd-a936-946a55a3cbce","epithelia"
"8207","df065ab4-3ffc-4b4c-ba2a-72b5b83c03de","epithelia"
"8208","df09b9d2-38d1-4d43-b72f-9248bfc5200e","NKcells"
"8209","df0c56a8-16ff-45ac-9945-c5540709d18c","epithelia"
"8210","df0fd0f6-7fe5-4bdc-9f9b-462ab4abdec1","epithelia"
"8211","df104f40-d94e-45db-bc1f-f7b6bac38477","epithelia"
"8212","df14239c-e0b0-4698-96c8-742ba3317e44","epithelia"
"8213","df1767c5-d6c8-4cc9-882b-64b41ac8b1be","epithelia"
"8214","df188c7a-92fa-4797-8043-f6842192a848","epithelia"
"8215","df1af83a-0509-40c4-8346-bcda717aa9a9","epithelia"
"8216","df238e3c-748e-4d79-993c-bda664368ffd","epithelia"
"8217","df2fa875-75b3-48bd-a910-d1260791d96e","epithelia"
"8218","df39381c-4bdb-44af-b66c-565fb1787dcf","myeloid"
"8219","df448a94-3964-45a2-b8b1-fe1735709699","myeloid"
"8220","df4719f4-59de-42aa-b32c-72415122bf60","myeloid"
"8221","df50e50c-589f-4362-8ffa-9e5412d269eb","epithelia"
"8222","df5bc92d-a68c-4bac-a2e7-4ed2fb6f5968","myeloid"
"8223","df6c83a8-6d7e-44f3-a658-e7278b6a562c","epithelia"
"8224","df768e41-62f8-4491-bd26-5717f308c507","epithelia"
"8225","df76dc72-1310-4f7b-aed0-3d484391c343","epithelia"
"8226","df791b79-3f8f-489d-8823-b31583728ae9","epithelia"
"8227","df7b3b1b-248b-40e1-8bda-0dc25b4a70cd","epithelia"
"8228","df811b4a-6e07-40bb-af84-9ca1c869d814","epithelia"
"8229","df9a6dd3-bc07-4928-a70d-74f5ab8480d1","epithelia"
"8230","df9e3607-3281-441d-a1b8-66725db6e678","epithelia"
"8231","dfa05882-8b54-4b4a-b1eb-c563e85d42f2","epithelia"
"8232","dfa429cb-a846-4ded-b4c5-107b7470b8a9","epithelia"
"8233","dfa66a4a-4cf5-4759-861b-be8c8d3c0842","epithelia"
"8234","dfa9e8ad-e7af-41b7-81f1-807f680c858c","epithelia"
"8235","dfaae3b6-1b5b-4a5e-8ec5-66a12391673b","epithelia"
"8236","dfac8d84-09d9-4931-91b1-c10ce905ab1d","NKcells"
"8237","dfafcb3a-3faa-414e-b188-f62165f8dc2f","epithelia"
"8238","dfb0a342-7d4d-44f9-9803-4486d082a072","epithelia"
"8239","dfbf0719-77b2-448c-a9b8-25647c614918","epithelia"
"8240","dfc731ea-720b-47e7-87f1-867270390a5c","Unknown"
"8241","dfd0df50-6fa4-4dc4-945d-afb0d64fced9","epithelia"
"8242","dfd94b3a-5bf8-4366-85a9-dbcdb7ffdc28","epithelia"
"8243","dfdb6d9e-82e4-4556-a923-0d4b826bb370","epithelia"
"8244","dfddf7ce-d6e4-43c3-a4ac-28c42b0b7917","epithelia"
"8245","dfe91c99-2b2d-4838-bcd7-5223b3e52b81","epithelia"
"8246","dfea1d70-de69-49c1-b349-e4fd2c747ff8","endothelia"
"8247","dff0a8c9-3acf-4de6-b5a1-1a21fdbd83dc","NKcells"
"8248","dff5f83b-1203-43b9-a7c9-6909739c8a91","epithelia"
"8249","dffb37f2-e59b-443b-90e0-4a629ea893ef","epithelia"
"8250","e0013a8b-8b36-47eb-9ea5-71b9643b0c70","NKcells"
"8251","e010beaa-27ac-47c5-ac42-be0265df2d5e","epithelia"
"8252","e017adec-9861-4f65-9602-8b49506f8689","epithelia"
"8253","e01c6b7a-5275-4c47-9e81-55b8cec5db46","myeloid"
"8254","e0219d4f-0d78-4855-918e-9bb7684824c1","epithelia"
"8255","e02440ce-0f59-4161-8b7c-830056ecb1b6","epithelia"
"8256","e02bd120-ae4b-4220-8960-667c223f5a97","epithelia"
"8257","e02d609f-7735-43f2-ae95-91f1913a7d8f","epithelia"
"8258","e0393c58-21a5-4c30-ac2a-c7f907fa891d","epithelia"
"8259","e0416fdc-3429-490e-936d-71fd5250ed98","epithelia"
"8260","e043ff44-1d58-4231-82ec-dd3b2471d27c","epithelia"
"8261","e0492d34-43fc-4db0-8e52-122b80277e33","epithelia"
"8262","e053af9c-4c72-4541-81dd-68d368cffc20","epithelia"
"8263","e05caae5-4d50-4299-a2c7-1103fd548be9","immune"
"8264","e05e8cdf-e90c-450f-bd8e-8e81cc239cee","epithelia"
"8265","e06f3557-374a-4ff2-8bf0-a589b28958ae","epithelia"
"8266","e06f773a-740d-4e42-a5aa-ccf394571f79","myeloid"
"8267","e071abc3-7389-419f-8ba0-8fbf7ad795a1","epithelia"
"8268","e0774c59-1ac6-4f06-ad3f-cb13d1892ec3","epithelia"
"8269","e0834e31-74df-41ac-8d3a-c765729d30d7","epithelia"
"8270","e08cced3-b0d9-4d0f-beff-0caa0ae53fa8","epithelia"
"8271","e08fa6a8-0d46-44a2-b8c0-5e9125953547","CD8_T"
"8272","e095ba39-6145-420a-ae7d-dc33fc5104cf","epithelia"
"8273","e09e80b2-159d-4872-8cd9-930c8910f300","epithelia"
"8274","e0b02855-f331-41e1-b969-01d9be0c9556","epithelia"
"8275","e0c4866d-0743-4aef-9a8a-fd1370fac7d7","Unknown"
"8276","e0cef8cc-3e81-4848-a14d-09a42b318204","epithelia"
"8277","e0df4f05-74a5-41d2-9373-33281d28e637","epithelia"
"8278","e0e1f7b6-b532-45a0-8ee1-d0ceacf7678b","epithelia"
"8279","e0e350c5-fb2d-44dc-8e59-f4593f6628f5","Unknown"
"8280","e0e43362-2a79-43c5-a845-82ae05e787a6","epithelia"
"8281","e0e7de4b-ccec-4db1-a81b-ddb31dbd6e57","epithelia"
"8282","e0eca2ca-eb78-4dd4-a690-e2640798ebcf","epithelia"
"8283","e0ecc2ed-21d2-4f18-8e1e-e5cf10c31ce2","epithelia"
"8284","e0f00bd5-c4fc-41d2-9fb3-41458be9d25a","epithelia"
"8285","e0f6146f-1c99-4327-80d9-613e2faa5a76","epithelia"
"8286","e0f9929f-d072-41e1-91f2-4344864c83e8","endothelia"
"8287","e101ba49-308e-4ccf-89ff-575425d5d750","epithelia"
"8288","e1037f8f-d7a9-4074-9e6b-b9066ef2407f","epithelia"
"8289","e10d5b52-5fda-44d0-8985-f4743990f721","endothelia"
"8290","e1138bb8-37f1-4ba4-9775-2b181e4b66ca","immune"
"8291","e1179f3c-0169-4b04-8ab1-4219a65a97f3","myeloid"
"8292","e11c5476-512f-4449-aa9d-710e16b408fc","epithelia"
"8293","e1222148-773c-427a-837b-739b2503a676","epithelia"
"8294","e1227360-c5e6-47d9-8c45-15936c29ee7a","stroma"
"8295","e12db7f3-eda5-46e2-8d11-c2f26ea04159","epithelia"
"8296","e146f90a-460f-4084-84ac-26d89028ce33","epithelia"
"8297","e14a53c7-837e-4142-a2ec-d8cff83ab4f2","epithelia"
"8298","e14d9ab3-519e-44dc-ac05-99fa3c579d3f","epithelia"
"8299","e155aa85-2a89-49dd-a7b1-e74f06288a32","epithelia"
"8300","e159bb76-46e4-461c-92b5-9d9e439fedea","epithelia"
"8301","e15ca4e0-13c4-40e2-b3d2-a8dac4373112","epithelia"
"8302","e15ea1a0-e936-4f2a-9a0d-f8756df6bce0","epithelia"
"8303","e15ead79-6f79-48c4-974d-8c6d6efe1822","epithelia"
"8304","e15fa178-58a0-47c6-9c76-04e9736d2387","epithelia"
"8305","e161ff81-62f0-41f4-af2c-ab297b2e6b10","epithelia"
"8306","e16259f1-5152-4d16-9ff8-a3993f084842","epithelia"
"8307","e162797b-1e86-4f76-b8ca-ed2d7961f453","epithelia"
"8308","e1671d6f-172b-4c74-bb5a-4e4803634e63","epithelia"
"8309","e1699691-f034-4a91-adc2-114095e8e4b2","epithelia"
"8310","e169ad6c-42b2-4f07-8a00-7defdd8dc0f6","epithelia"
"8311","e16aaa7d-7a29-463d-8912-a9a8b3137cb3","myeloid"
"8312","e16c1b3d-a6cf-4d60-8b71-cd711e5956ba","epithelia"
"8313","e16c54f6-0862-4ea4-84cf-846a93d12315","epithelia"
"8314","e1719cdb-6ac3-43ca-b68f-859cd2c6ba30","myeloid"
"8315","e17294f6-c92e-4b07-9891-56e723f47ff8","Unknown"
"8316","e177d693-871e-4c26-a0b2-bac3c0894cc0","epithelia"
"8317","e17e00f5-140c-4e4c-9d0a-d5ec4bb30de5","epithelia"
"8318","e180e493-ffaf-4ef2-b184-aadb7c8f9620","epithelia"
"8319","e183c7e7-65ba-4cc7-aa6c-56a5e5a983f6","epithelia"
"8320","e1876f70-5e2f-428c-b187-5df3f5ea4b16","epithelia"
"8321","e187725a-0158-45d3-be3a-0079f6773791","epithelia"
"8322","e189c1d8-689a-4607-9031-5035cbcaf598","immune"
"8323","e18d99ee-7763-4adc-a4a9-0e286ffd6a7f","Unknown"
"8324","e191e016-d9cf-4666-aa79-19e06a52d46d","epithelia"
"8325","e195af3f-0d13-4963-8eef-bc310d257bd7","epithelia"
"8326","e1a143e2-7e1d-4d28-b729-b707d61204b4","epithelia"
"8327","e1ace67b-4460-44e1-a6c5-04cf21d1c190","epithelia"
"8328","e1b48f64-1929-41ad-b6ab-ef34a82a0c8d","epithelia"
"8329","e1b8cb4b-b01a-44ef-ada9-2dcfdfd9f5da","epithelia"
"8330","e1bd7c49-bc47-4867-9e0e-02949a4c150e","epithelia"
"8331","e1c9352e-423d-409d-8a54-19f287027990","epithelia"
"8332","e1cd554e-d8fc-4898-8fe5-ff7d62fb739d","epithelia"
"8333","e1daf720-3df6-49e4-997e-be458f1d22dd","epithelia"
"8334","e1e7868c-c66d-45e2-9522-ec747d2309a0","epithelia"
"8335","e1fb0ca2-298d-47d4-8e61-6ce4dc943972","Treg"
"8336","e2001744-e12c-4a25-90e7-9b290d41e0c0","epithelia"
"8337","e204c5bf-0f67-4083-8ec7-56a83ca9179a","epithelia"
"8338","e2060527-cf33-41e6-92ca-49a69aadfec6","epithelia"
"8339","e20e9016-ed94-4648-8840-1cfa22ed11d5","epithelia"
"8340","e212f433-9018-4344-a0d2-a74ed7312f85","epithelia"
"8341","e21981ea-7143-4768-9761-efa9d5a22e55","epithelia"
"8342","e2199843-40cc-4488-8d87-fef528b5355b","epithelia"
"8343","e21d9b69-594e-4f24-bf18-7ac70a664bbd","epithelia"
"8344","e2201032-9590-41a7-8bec-6858bb599307","epithelia"
"8345","e224110d-24ea-41bc-8397-901053145038","epithelia"
"8346","e2250227-6bd3-4083-8ccc-e07543c5b6d1","epithelia"
"8347","e22b536d-0473-4e91-9401-b0bd499b1d4b","epithelia"
"8348","e22c888a-13b7-4660-9fbe-fa318e15e8fe","epithelia"
"8349","e2500439-868e-4552-9d7e-bbf81c04864d","epithelia"
"8350","e259fb8d-a4d2-4fb2-9c48-72caabc05c2e","epithelia"
"8351","e25dbd56-2d43-4d97-b4af-d6b5d1505566","CD4_T"
"8352","e269a937-aa51-4a71-8faf-b24b29b57ccc","epithelia"
"8353","e2763796-4934-4ef8-a4f0-bbeac5184103","epithelia"
"8354","e27aa243-625c-4a7a-b7c0-a943a99b30ca","epithelia"
"8355","e2886be4-7c5a-4a2b-9ae6-8e387e03dad5","myeloid"
"8356","e28e3247-61f3-4087-809e-c8b6c6abbf5e","epithelia"
"8357","e2bacd32-9aea-42a3-89df-97f001461fa1","epithelia"
"8358","e2c2b337-fd12-4e72-ab9e-7f533dc1cbf4","epithelia"
"8359","e2c710fb-b9d9-4af3-ad15-5df13c9fb84c","epithelia"
"8360","e2c9a9d9-0ce6-4939-81b1-e61eee1c2a20","epithelia"
"8361","e2d6f908-0799-48f3-b1a9-401524286e97","epithelia"
"8362","e2df2f9c-f261-4bb7-acc5-09de402da878","epithelia"
"8363","e2eb1e7b-beb9-4ed0-a81e-a8fa7363ec61","epithelia"
"8364","e2f84c0f-c2bb-4dcf-81fc-66fc4ecad52e","epithelia"
"8365","e3039f6c-a577-4fdb-b64d-607298442a28","epithelia"
"8366","e30ba989-3949-47d9-95c3-3a281bd750f5","epithelia"
"8367","e30c8ec5-75db-4fea-ae87-721902b43749","epithelia"
"8368","e31d3091-6d83-44e4-b7b8-badc661384fb","Unknown"
"8369","e31df0de-2d23-4839-8789-f7e2833e71fd","epithelia"
"8370","e31e4a6c-5b26-4d83-9c82-b7df92b7f4c6","epithelia"
"8371","e31fde95-c848-40a6-82c7-bc2a56776d48","NKcells"
"8372","e3203b3d-c55d-42fe-92d4-6edf8529d971","epithelia"
"8373","e333e019-abc8-4b82-a73b-68aeae42bf0a","epithelia"
"8374","e34f3e21-9cfb-4476-bafb-f8710a5ff651","Unknown"
"8375","e35ef5cc-4262-4a7d-b81f-771de8f76172","epithelia"
"8376","e3640e44-7266-4007-a0cc-4ee7de58b1c8","endothelia"
"8377","e36a55a3-7f67-43cb-b965-1ad9e452d140","epithelia"
"8378","e36b3c90-5185-45bc-ac34-755f74e0819e","Unknown"
"8379","e36b81d4-27c0-45bc-9ca6-f54361c15b8e","epithelia"
"8380","e36e2397-508b-4055-b8a0-cb6889343822","epithelia"
"8381","e3758b7a-5657-433f-a2b1-8ab7012ee1a2","epithelia"
"8382","e377dc68-bd9e-4f7a-ab34-69c58c1afaf0","epithelia"
"8383","e37cb877-b89e-41f6-8dec-936a35132d16","epithelia"
"8384","e384f341-7ff9-4b01-84a0-a58260b90a46","epithelia"
"8385","e3966bbc-59bd-4732-a3a0-41b367c35536","epithelia"
"8386","e39f006e-d3c2-45f1-809a-e845d2bc4478","epithelia"
"8387","e3a9b71c-ee3b-48e0-aba6-593ac12708c8","epithelia"
"8388","e3b00cb1-0168-4344-832f-7126b62f1a24","epithelia"
"8389","e3c832e6-44a7-4ed1-8064-f2e1071ae785","epithelia"
"8390","e3cc3b4e-2d5c-43cf-bfda-d49087fefadb","epithelia"
"8391","e3df2015-5e5e-4490-81fa-0ff74a131b28","epithelia"
"8392","e3ea18f9-b4ad-4ed7-b336-9c888cb5be5f","epithelia"
"8393","e3ee1ffe-a632-4d39-b5f4-3474e8f94422","epithelia"
"8394","e40256be-3079-43ee-9001-9694aea6a31d","epithelia"
"8395","e4028a58-e344-4f21-908b-a22330fae81e","epithelia"
"8396","e40c4426-7492-43b0-8f1a-78fcea05c627","epithelia"
"8397","e40f4afc-0978-4c81-8d43-4e04c2a2288d","epithelia"
"8398","e4268a1f-5418-42da-898e-454954d3f11f","epithelia"
"8399","e42d6055-c837-4c44-a399-78b0d559a976","Unknown"
"8400","e42db391-d24d-4060-a2f6-d6b8e7befb2d","epithelia"
"8401","e42ea772-7772-482f-b072-a42117528c0b","epithelia"
"8402","e4308929-b6c6-4a59-bafa-aaac3e934151","epithelia"
"8403","e4376f46-5d45-4432-8af2-fa0b804b7171","epithelia"
"8404","e43bf009-9e5e-4372-9cfb-77f84b0aacd8","Unknown"
"8405","e44b3594-67c8-499f-b7d2-3f988f3c40c2","epithelia"
"8406","e452c1d7-6483-415b-bf74-7a65c749c7e7","epithelia"
"8407","e4594993-2c02-433e-b2c3-ed997bbb90fd","epithelia"
"8408","e45ff1ad-b4c2-49a2-97b3-c24afbe2b91f","epithelia"
"8409","e46469ca-9281-4c1a-9548-7762c1c83b64","epithelia"
"8410","e476660e-ce63-4d31-9cda-c7a30a806a9a","epithelia"
"8411","e47ce965-ba52-4575-bf40-bd248f2ad9c2","epithelia"
"8412","e480ef21-69e8-4226-9900-8189a971fafe","epithelia"
"8413","e48a20da-c89b-436b-ab06-1df3c0dde01c","epithelia"
"8414","e48e68df-5e64-46c3-a72e-bc8a80c7022a","epithelia"
"8415","e49342b0-0b0b-49d9-b025-feccf1f25268","epithelia"
"8416","e49526f5-eec3-42c5-9243-fc5b159c8937","epithelia"
"8417","e49912da-b2f9-42c8-bac7-dc1d67c34101","epithelia"
"8418","e49b2210-4ba5-47ec-b2f2-13d793dde3c2","epithelia"
"8419","e49ecc9e-85ec-4793-a4b2-b315b01ea12e","epithelia"
"8420","e4ada5af-17dc-4158-b755-2882f6d4793f","epithelia"
"8421","e4b14ae0-3160-430f-9097-06cb01455ebf","epithelia"
"8422","e4b4427c-3641-4fbb-b446-f0681ae8afc5","Unknown"
"8423","e4b9caec-4f16-4ba4-965b-92434d037aa0","epithelia"
"8424","e4badbef-84f2-4c39-8c0f-a96349942afe","epithelia"
"8425","e4bb742b-ad6b-463b-b5d9-ccaefa835c6b","Unknown"
"8426","e4c4643b-8974-495d-9953-c9a039386252","epithelia"
"8427","e4c4ae50-c5d6-414b-8cf0-5e5afea79b9c","epithelia"
"8428","e4c69837-e2bb-41f5-9cf0-9ae24d1459d5","epithelia"
"8429","e4d1fa85-2f2a-4de4-af6d-372c1c4cae5f","epithelia"
"8430","e4dc3d5a-ea80-4100-b87a-374fb79e9e9d","epithelia"
"8431","e4e5c934-e84f-44fa-a71f-5c35398ac7ff","epithelia"
"8432","e4eaeb13-800a-401e-aba2-5a0d603470d0","epithelia"
"8433","e4f2b73c-5e50-4751-aa9c-55d78789e1a9","epithelia"
"8434","e4f35e4f-e2e5-44c0-a88d-e18469cbd328","epithelia"
"8435","e501a031-224e-4dfc-97bd-42da389e0eba","epithelia"
"8436","e515971a-fabb-4bde-baa0-2d8448eb847d","endothelia"
"8437","e515cc98-25f5-4caf-a2d7-80ee3e8fb36c","epithelia"
"8438","e5287d79-cb13-44e8-891b-853d6aa1e0f1","epithelia"
"8439","e52e2f52-9e38-4ba4-bd25-e178c47a525d","epithelia"
"8440","e53efac6-d69c-4f75-a4a7-254535233d82","epithelia"
"8441","e541151e-5fea-4649-a8ab-813424d5f25a","epithelia"
"8442","e551c82a-0793-44b4-9b9c-3cfff2f6120a","epithelia"
"8443","e55629db-28fb-4e51-994c-3124c6db5be8","epithelia"
"8444","e55a71c6-0251-4a98-a558-3f2d06be7ae6","epithelia"
"8445","e55c88b1-61bd-47ac-8190-b3c738833e62","epithelia"
"8446","e55fcf80-8419-47e7-83ab-8da6bab3caaa","epithelia"
"8447","e5608395-5ddb-4b0b-bfe2-042212bf2f81","epithelia"
"8448","e565c81f-e6ca-415e-a74a-43f0ee2d3a06","epithelia"
"8449","e567b8c6-c7d9-4161-b2f6-962783343c93","epithelia"
"8450","e56f7cc6-d6c1-402e-a426-80ff5d2d83d9","epithelia"
"8451","e5708807-c2a1-4e8f-93e1-4cd1f08cbac1","epithelia"
"8452","e57358fb-29e6-4f75-a777-cf6161e8e930","epithelia"
"8453","e5749795-280a-42a0-a65b-e019e877e48c","epithelia"
"8454","e5796c06-169a-4bb1-a4f4-a11ef1d96396","epithelia"
"8455","e596b7a2-1b0f-4c50-8e09-5fd775266213","Treg"
"8456","e5983d9d-9985-4081-8955-def2b86d1d24","epithelia"
"8457","e59ac8f6-cdda-4e3f-b837-8736243aaead","epithelia"
"8458","e59ad00e-ca4f-4ef7-938e-b3941e918686","Unknown"
"8459","e5a2f4eb-c6c9-4b36-947d-77b046ec4513","epithelia"
"8460","e5a9ef7f-cbbc-4561-9876-045b5f9b4510","epithelia"
"8461","e5ac1e27-584e-4dc9-892a-b4b1c405fcec","epithelia"
"8462","e5adbd80-436b-4c54-962b-4b3e005fec9d","epithelia"
"8463","e5b99781-e6e5-4a42-b640-12882ffa53c3","epithelia"
"8464","e5c1d48b-21d1-4068-bc2d-e88b268696f1","epithelia"
"8465","e5c8a0d5-6e4c-4339-a135-c8135bb99b02","epithelia"
"8466","e5d09b12-18f7-4c35-9b1a-846a5870b67c","epithelia"
"8467","e5d75101-c0a5-4e93-b29c-bb620168c26c","epithelia"
"8468","e5d848da-e071-4c51-8233-c51167f2b8b3","epithelia"
"8469","e5eb9393-df43-4c6f-88a1-7a9b68a79486","epithelia"
"8470","e5fb78ed-cd32-49dc-97e0-f2cfa6ef78cb","epithelia"
"8471","e603f9e3-46e4-468e-970a-716939dc61cf","epithelia"
"8472","e6074e56-0ea7-4577-908d-22f5a70091c3","epithelia"
"8473","e60f6b1c-ec1a-4566-832f-013a755ebcbc","epithelia"
"8474","e6118156-3c44-4276-a40f-6007c28d8f24","epithelia"
"8475","e61423f9-e388-49f9-9415-7bafe5f8e8d3","epithelia"
"8476","e615cb49-395c-41a1-9e05-765b896d3d5d","immune"
"8477","e616e637-f6e2-49c5-99ad-4a460829f4db","epithelia"
"8478","e618b060-a99c-4989-87c6-045d7ca2a8be","epithelia"
"8479","e61cd338-8ea1-4793-8abf-12cc22810d0c","epithelia"
"8480","e61d85fa-b263-47ad-bff1-1405373ffeab","epithelia"
"8481","e6203a04-31b5-4f70-8226-103d5fc5554e","epithelia"
"8482","e621626d-2fbf-40b7-833b-e57f2f71b7de","epithelia"
"8483","e62a1fc1-5d30-4f3e-8cd6-8b6272ef915c","epithelia"
"8484","e62a2e2d-b4fe-4e11-ae2a-a1e1b0848559","epithelia"
"8485","e635b582-a230-435d-b1ad-a011ae2409d1","epithelia"
"8486","e63bbbcf-0278-4631-8b93-dafc05ca9e2f","CD8_T"
"8487","e6480ac9-c572-4a7f-aa50-394f589f54d8","epithelia"
"8488","e64c273f-7257-4032-9387-86193ef55195","epithelia"
"8489","e65577dc-4548-45cf-9977-e20cb5b519c9","epithelia"
"8490","e655cfcc-2bdb-401c-8164-62111b44d6dc","epithelia"
"8491","e655fd4b-adc8-4209-a4a2-70f66fbdeea8","epithelia"
"8492","e6640cc8-d5a3-4bb2-ba26-8dcd43c3a7d6","epithelia"
"8493","e6664645-cba1-445e-ae4c-2b49a9100af6","epithelia"
"8494","e66d4b75-7ce2-4906-a15c-d037aa965000","epithelia"
"8495","e66e774d-b70c-412f-89ce-aa5e75691aa3","epithelia"
"8496","e6763402-5180-428f-bed5-ccd388297a77","epithelia"
"8497","e6806567-81ab-4884-b8e8-e9c7966c3dc3","Unknown"
"8498","e68d69da-5464-42e6-8b3b-90f935b17446","epithelia"
"8499","e68ee2bd-773f-452d-ad79-613a5fd8017d","epithelia"
"8500","e6932f5a-f1a4-4e79-b826-85cc44b3fb47","epithelia"
"8501","e697ff58-4565-45d6-b0f0-86e00f9ab767","epithelia"
"8502","e6a313e1-8a93-4029-813e-6276111985a3","epithelia"
"8503","e6a91ce8-ad73-4001-9ade-e9b52442f2a5","epithelia"
"8504","e6aecd6f-1daf-44e7-8e2c-bacfbb3d139d","epithelia"
"8505","e6bedf20-c448-4117-bc87-a8b736341a47","epithelia"
"8506","e6bf6d6a-6f86-43b6-8664-f4880c825045","epithelia"
"8507","e6ca9e6d-af92-4360-9e5a-e4fff23667c9","epithelia"
"8508","e6dc79d2-6f2f-466b-b71d-3f1686a6bbf8","epithelia"
"8509","e6dde3f5-de84-44a8-8ae9-4ebe61a7f94d","epithelia"
"8510","e6e10c75-239a-4b39-8bdb-cc5c55312f9d","epithelia"
"8511","e6f3511e-1400-48f3-99b5-9e1ae46aa8da","epithelia"
"8512","e6f6cd8b-43de-4946-8bfc-7c60a2c9878a","epithelia"
"8513","e6fb2d1a-dd50-46dd-bbe3-b8e6d5841af2","epithelia"
"8514","e6fbb609-b6ac-4a15-9f6f-7ca3a2eb85af","epithelia"
"8515","e7010d9c-981f-4bb5-98f8-ccca49b7160a","epithelia"
"8516","e70939d4-a2ee-49ec-bd07-8f559311a757","epithelia"
"8517","e70a491b-d201-41b4-a940-d34aa700f5f3","Unknown"
"8518","e70ae00e-fcf0-4967-b044-d77ad3585e44","epithelia"
"8519","e71b3ab5-50c3-4915-b54d-377febecfa80","NKcells"
"8520","e71d00a5-af59-4dbc-9abd-6bd473e867a0","epithelia"
"8521","e71ff6c0-df22-4890-a3c2-6bd94ad07ea8","epithelia"
"8522","e7229618-6efa-4c1d-a6ca-a9b2200914c8","epithelia"
"8523","e72a5de4-ff67-4cad-bfe1-936a19aaf0d3","epithelia"
"8524","e72d86ea-fc24-4887-abf7-d0bcf4f97fd9","endothelia"
"8525","e72e6175-c6ae-4afa-ad11-8fc80903dec0","epithelia"
"8526","e7321efa-179e-4a66-a008-5cdfb4f9626c","epithelia"
"8527","e737612b-7aa7-4423-a174-c51658d42bdc","epithelia"
"8528","e73debc5-1497-4473-b970-8216703c905a","epithelia"
"8529","e7403c93-c22c-490a-b3a7-effdbd6733b2","epithelia"
"8530","e74294db-fdb5-4e8e-95cc-160af89a7132","myeloid"
"8531","e748074e-73e8-46ed-bf56-ea2d06a90d4a","Bcells"
"8532","e7490a54-9ccb-471e-a0f6-576138528016","epithelia"
"8533","e753d3df-e466-46b6-b852-8c05f7841a85","epithelia"
"8534","e75a5b78-b720-42d2-968d-5e25e4a2b062","Treg"
"8535","e7647397-5734-4794-90c9-325084f245d5","epithelia"
"8536","e76f8a05-7d2f-45ad-bc0c-0b0344da023c","epithelia"
"8537","e773ea42-5afe-4dad-80e0-579bf59f32c5","epithelia"
"8538","e776f97e-6bf3-4bee-b355-3d77f5183892","epithelia"
"8539","e786a0d5-7a51-4061-b9ef-68fe7a98fd61","immune"
"8540","e795fc9f-bfda-426d-899b-88cfca839932","epithelia"
"8541","e7b30a08-54fc-48fd-9a09-058a9ff3e06c","epithelia"
"8542","e7b7e360-0e64-4e0e-83ca-99289499dff5","epithelia"
"8543","e7b898fc-c8d9-4838-b76f-ff9bc5c2458f","epithelia"
"8544","e7ba14ed-1f83-4d97-95b1-8266b4e36b93","epithelia"
"8545","e7bdf51a-fdc6-4efc-9985-e7852349e986","epithelia"
"8546","e7d22063-f7c5-4090-bb68-e44d2d00dd13","epithelia"
"8547","e7d93c07-d0ec-4929-94a6-f22aceeda092","epithelia"
"8548","e7f21557-f38b-44d1-92bd-512f5faeeca1","epithelia"
"8549","e7fd2122-532b-4bef-9b08-acffe78eaa57","epithelia"
"8550","e7ff81b2-ab40-4844-abc1-75ede1ffced2","Unknown"
"8551","e8121377-61a9-461e-b9f0-29e5a729ca2a","epithelia"
"8552","e817aa8a-0d93-4798-8899-400d05580384","epithelia"
"8553","e8266686-6dab-48ec-9c59-c28b58adf7fa","epithelia"
"8554","e8300e15-a333-4b54-b7bf-e0ef4f936190","epithelia"
"8555","e832f336-3bd3-4a3d-9582-2dc42b74b837","epithelia"
"8556","e835ecd8-9b2d-4105-b45d-c80c9193f73c","epithelia"
"8557","e835f0dc-29a3-4b71-873b-2e344988b673","epithelia"
"8558","e836e2bb-9b9f-4239-9911-4ab4fb99c023","epithelia"
"8559","e83866a3-b353-488d-876f-2ed8fc3b3530","myeloid"
"8560","e8437f6a-e7d9-4e8a-b31e-312285b3d42e","epithelia"
"8561","e84e36e6-9bbd-4e39-ac36-1f507b7df11e","epithelia"
"8562","e858369b-7ce9-4c0e-a7d3-dce064a23f5c","epithelia"
"8563","e8683817-7483-4c6c-823c-27cbf567cf31","epithelia"
"8564","e86ce141-8fd2-4a33-81cd-fdbc42e984e4","epithelia"
"8565","e872e1d0-2282-4363-8c24-136f63a694b2","epithelia"
"8566","e87313a5-5eb3-4218-97a4-60c7376863fa","epithelia"
"8567","e8735085-21fa-40ea-8965-bad38cca39ef","epithelia"
"8568","e877ca0a-a357-4322-a933-f76ab850a3a9","epithelia"
"8569","e8791228-7a26-49e2-bae1-5722043e1f7e","epithelia"
"8570","e880d004-2350-4679-90b2-eb070a4abc4e","epithelia"
"8571","e8830d31-a938-419f-a863-2ef1981e3a5e","epithelia"
"8572","e885e366-f434-4ab5-a65f-012f80f1c74a","Unknown"
"8573","e88810fb-92b3-4cd3-b5a8-efd4005566b7","epithelia"
"8574","e88936c9-1d01-4b21-a992-72205fe03247","epithelia"
"8575","e8893d9b-2985-4306-bd40-e471638c77ae","epithelia"
"8576","e8911f57-d264-4ede-a2ff-f0acefc7ace6","epithelia"
"8577","e8a2fd8b-557f-4193-905c-1ada35707f79","epithelia"
"8578","e8b84839-4b5f-436f-b29b-aaef11693e92","immune"
"8579","e8c19777-aea8-4312-b5ff-409ef3f1caea","epithelia"
"8580","e8cbf424-dc22-4654-b8d7-ab64aa712d35","epithelia"
"8581","e8cd0eee-91c3-47d7-9e5b-7af26be8bc6d","epithelia"
"8582","e8d7baf3-ee40-4321-a837-c81efc485391","epithelia"
"8583","e8e0b420-2cc8-468b-b1f1-f501e811ea4a","Unknown"
"8584","e8f64d11-52b6-4e73-9c7d-28115c2bbdb2","epithelia"
"8585","e8fed1d9-f755-491c-ac63-8c0c80766fa3","epithelia"
"8586","e9138b58-6de9-43b6-af4f-979541e20c27","epithelia"
"8587","e926c772-a796-4e6e-bec0-d0a93c82dbe1","epithelia"
"8588","e92843df-7df9-484b-b80f-61d1763a3ef9","epithelia"
"8589","e92a9b02-2d6f-4866-bffc-019e627242e7","epithelia"
"8590","e92cfc18-9799-4a05-a0e5-aaf172dc29a2","epithelia"
"8591","e92fe3de-d7e5-4057-994f-0c1fde604e73","epithelia"
"8592","e930518e-a570-4250-bcd5-cc2d0fad48d8","epithelia"
"8593","e939a398-0f93-48c9-bb44-47e5747240af","epithelia"
"8594","e93a7fa4-2e5e-4264-abc0-9a98694f708b","epithelia"
"8595","e93bfe02-0586-417b-9726-372661a96777","epithelia"
"8596","e9425888-0bea-4b42-8b93-10652d1c5acb","epithelia"
"8597","e943ca98-57e8-4a02-b2f5-a19eda17c8ed","epithelia"
"8598","e94468c3-32cf-4baa-a9a2-9086b82c89d4","epithelia"
"8599","e94501cb-9d8d-4374-a9ad-1f627b43f162","epithelia"
"8600","e94e8287-01fe-4592-ba84-2da423fc7670","epithelia"
"8601","e955a81d-8d8c-459b-a29b-40f5ca845a4d","stroma"
"8602","e97489d8-9b9c-43ae-935b-77d1c13396c0","epithelia"
"8603","e9777ca3-81c6-487f-bff4-054d604b8a67","epithelia"
"8604","e97836a9-228c-42e6-af44-13b5b98d820d","epithelia"
"8605","e97afbbc-70f2-422b-971a-bbb19ef82c4c","epithelia"
"8606","e9820160-a7e2-4968-89ec-41eeef635170","epithelia"
"8607","e984d3ee-f5f3-4d39-8763-47dbfe574090","epithelia"
"8608","e9894da9-00fb-4ca7-9333-549440cd136c","epithelia"
"8609","e98d71be-1c59-4e1e-8b53-2095894617bd","epithelia"
"8610","e9ad9d97-a37d-4705-8237-123e8f923993","epithelia"
"8611","e9bb61c5-2745-4856-8556-992fb2caf46f","epithelia"
"8612","e9c724f5-99c7-4165-b12f-391afb6752f2","epithelia"
"8613","e9d5cd90-7858-4bbf-81d7-d59dc3d30eb4","epithelia"
"8614","e9e0af86-ad24-40e5-913d-c47c6807e027","epithelia"
"8615","e9e27b42-9c7c-40d8-a395-deccf8dcd132","myeloid"
"8616","e9e7142e-cdd1-4c93-b0ab-d96ee3e57b4b","epithelia"
"8617","e9ea3626-f004-43ce-8393-e0a24f3cd788","Unknown"
"8618","ea000c48-eb6b-4232-9219-01c0094b66eb","epithelia"
"8619","ea016baf-0171-43a4-b8c9-de6f0f0d3148","immune"
"8620","ea046c2c-ba45-4b36-b859-b9e65d66cd41","epithelia"
"8621","ea11505c-d99e-475a-b094-9712fcd28bff","epithelia"
"8622","ea187043-d5ff-40e9-9e1c-f31c2d6baaf7","epithelia"
"8623","ea23bcc0-f5a0-428f-a56f-923e1e75139d","epithelia"
"8624","ea3583fe-ef85-48e5-9984-bc87f83eceed","epithelia"
"8625","ea35ca40-9c0f-430c-ba10-6d8fc5a6ec64","epithelia"
"8626","ea3841fb-4a12-4fb5-afa4-68d5103d34a4","epithelia"
"8627","ea444dd9-a869-440f-8779-b046f67b6c34","endothelia"
"8628","ea51aea0-9389-43b4-921e-98418ac511a9","stroma"
"8629","ea5b49a5-89b3-4a60-a6cb-9bbba308d5a7","epithelia"
"8630","ea658e0a-5295-4771-b6da-9cf8e0ea8baa","epithelia"
"8631","ea66e6ed-9792-4489-aac7-909d46e97664","epithelia"
"8632","ea693ef2-a728-4425-aa79-d5bc634b4a31","epithelia"
"8633","ea7120a1-4d47-45cd-8b1e-3d1ad1d33e3c","epithelia"
"8634","ea798c2b-e9ec-4c43-9b20-b65d223048cd","epithelia"
"8635","ea798ef7-1802-4077-97b2-fe763828714b","epithelia"
"8636","ea7a5d56-3c0a-4f71-9c00-abaafae6163e","epithelia"
"8637","ea7d5dbd-6d11-468c-bb3e-5099091db912","epithelia"
"8638","ea7eb15e-c412-400a-8539-7413e68a020c","epithelia"
"8639","ea809637-5364-4319-ac30-c190447fbbbc","epithelia"
"8640","ea80aec6-7c8a-446f-9011-a16e4e372e62","epithelia"
"8641","ea8f460e-1994-49f9-95cc-0c60907a429a","epithelia"
"8642","ea948b38-6d44-4fd6-bb03-9ee144df3187","epithelia"
"8643","ea99a586-cea2-4340-bd1d-d62f29c890ee","epithelia"
"8644","ea9fff4d-0793-45ac-990b-4bfa173e0c99","epithelia"
"8645","eaa21d27-6395-4fde-879a-a4df4f11e75f","immune"
"8646","eaa25187-9125-4abb-997b-b637a724e485","epithelia"
"8647","eaae438b-d841-4d2c-b6db-e5e942dc3cf7","epithelia"
"8648","eac03dc8-47fe-4599-b324-1d8ceb22acad","epithelia"
"8649","eacd903f-19e4-4caa-909c-c4cd804634d0","epithelia"
"8650","eacf7ed8-04f9-451d-b67e-bceb5747bc57","epithelia"
"8651","eacfb4ee-151f-4268-9f80-1ec5252ded0b","epithelia"
"8652","ead02c98-10cf-4a3b-807d-6f8c094129ac","epithelia"
"8653","eadeca74-3c18-442f-8e8b-6b317792bd72","epithelia"
"8654","eadf6356-dc7a-47dd-8f3f-d680b1b58d35","epithelia"
"8655","eae4eb17-fc0b-4707-b992-424f455233f1","Unknown"
"8656","eae4f671-c12f-4462-9dc3-07c77f749072","myeloid"
"8657","eae8b0ba-27bf-4942-8faf-cce8424915bb","epithelia"
"8658","eae95bd6-1fd8-4f09-a1f1-f51d7d75490f","immune"
"8659","eaef7e10-e7de-4abb-ba2d-13a428f995e6","epithelia"
"8660","eaf3502c-e987-4461-9b66-cf676f98bf10","epithelia"
"8661","eaf661f5-5a7e-4a4a-859c-34ac25516497","epithelia"
"8662","eafba403-a731-49e7-8bd2-aa3e2cb8b33f","epithelia"
"8663","eb012317-ad6a-4f4c-8e75-dfd3bd157743","Unknown"
"8664","eb049cbf-5aee-4d43-bdb0-24031e5166ae","epithelia"
"8665","eb1c5eae-5d0d-42fc-bbcb-da7df4fdfb23","epithelia"
"8666","eb50bde8-8f04-4a8c-b25d-95ce0dafb591","epithelia"
"8667","eb672509-25e2-49d4-a97c-f138b7bca4aa","epithelia"
"8668","eb67d5cd-5f96-4f1c-a853-905097ad45bd","epithelia"
"8669","eb7602e5-8e46-41eb-aa13-88f0e39540fd","epithelia"
"8670","eb854ba5-d928-4b08-aecd-9c6c018acad7","epithelia"
"8671","eb85c8f9-9423-4fe5-b195-1e7e61cd4d6a","epithelia"
"8672","eb8acbf1-345e-4786-af1f-aafb5551186a","epithelia"
"8673","eb90319c-3d09-41cd-b1a7-7d0f62066aeb","epithelia"
"8674","eba1f31c-2e88-4281-a2bf-a4b72d988f59","epithelia"
"8675","eba81d24-5fb2-4030-8801-df3a7d91993d","myeloid"
"8676","ebad4b6e-cdfa-43e9-b40e-56c40dbf351a","epithelia"
"8677","ebba04cb-5bc1-4cc6-82df-e4c6d6935243","immune"
"8678","ebbdd420-91d8-4d6d-be0c-22adc9b7a791","epithelia"
"8679","ebc6864f-c892-4126-a820-3c5b71a4ccc5","stroma"
"8680","ebcc9876-cfe4-44f0-bb19-5ceeca3d3e03","epithelia"
"8681","ebcd920a-26ad-419d-b422-22d714882cb1","epithelia"
"8682","ebd061ca-6687-4b60-9ad4-2b3edcfeb30a","epithelia"
"8683","ebd2947b-83de-434c-845a-7fc9d8209612","epithelia"
"8684","ebd4c480-615c-4582-85b5-83bfd280283c","epithelia"
"8685","ebf25e68-d5a7-47ec-9460-9489c17290db","epithelia"
"8686","ebf3c199-83f2-49a4-bce2-17258dc9741e","epithelia"
"8687","ebf3db51-e10f-451e-8c90-6579724f9cbb","epithelia"
"8688","ec0653fd-00c4-4416-bd50-2704792ce97a","epithelia"
"8689","ec067d0f-55a6-462d-bc06-777f91cff5d5","epithelia"
"8690","ec0bdd21-8849-44ae-8119-72683e3c550e","epithelia"
"8691","ec0dcfaa-8b08-496a-abe5-33eb26c0c338","epithelia"
"8692","ec0de8ca-2d66-43e3-9aab-6f60e3cc3189","epithelia"
"8693","ec0fae95-9df5-43b7-a707-f9b5f6515b67","epithelia"
"8694","ec16a9ea-6786-47d1-bc19-5fc36bcb78e3","epithelia"
"8695","ec1746d8-b2de-4526-9860-d818a3330d60","immune"
"8696","ec1a0eb3-ab24-42ec-96f1-3fd118f2e06e","epithelia"
"8697","ec1eac69-2d94-4f3e-8883-b2c300be4a40","epithelia"
"8698","ec240b87-dd5f-4f82-af55-7fdfd2fd6070","epithelia"
"8699","ec292885-aaf3-4f84-b8bf-3085324fe6a7","epithelia"
"8700","ec2e0912-d434-4573-bb13-a05a5eb1a70c","epithelia"
"8701","ec39c839-a794-4c2d-943a-3a9d581698cf","stroma"
"8702","ec3cf5d3-601d-4a9f-97c7-b3eb8d93f0b4","epithelia"
"8703","ec3ddec1-5d46-4c47-a936-b29247e7d928","epithelia"
"8704","ec4c74ac-2703-42ab-9bdc-d77ffd8922b7","epithelia"
"8705","ec4d544f-6e4f-4e47-8457-610de07796cf","epithelia"
"8706","ec52905d-b721-4ba1-8998-d6a942e67196","epithelia"
"8707","ec554724-0c09-4861-ac71-c60b5e64f757","epithelia"
"8708","ec55f923-8f9c-4582-80d3-6bd3dd58296c","epithelia"
"8709","ec7a3aa3-176f-4481-8aa2-eba2979cd383","epithelia"
"8710","ec7a715d-08eb-4378-ab54-60acf4543f39","epithelia"
"8711","ec7e4205-b59f-4449-9162-4f9a86ca2365","epithelia"
"8712","ec86c22b-746e-4876-b79f-cd7b23024bf0","stroma"
"8713","ec90620b-c17f-487b-af17-43c05ca0fe3d","epithelia"
"8714","ec91a68c-b27f-41d8-94cf-0ce7e606fdf2","epithelia"
"8715","ec9630fc-76e0-4fd2-aee3-821aed018903","epithelia"
"8716","ec9e1d85-3198-4d49-9853-b8a9597c7139","myeloid"
"8717","eca72506-9a19-4bf9-a4e7-2fa136a9d268","immune"
"8718","ecb4d6e8-aed8-48b7-a2d0-e13b53c28e43","epithelia"
"8719","ecb8c047-5ac6-4484-a8bf-522017b2db36","epithelia"
"8720","ecb9fd80-76c8-4f7c-8e20-9945552276ce","epithelia"
"8721","ecc0ce6a-747c-43d3-adfd-ae067bd1375c","Unknown"
"8722","eccf6dc5-e8e4-4c40-a858-6f82f2f660f0","epithelia"
"8723","ecdb22a2-25c8-461e-8a7c-e4da97f36d11","epithelia"
"8724","ecdda70c-b694-45af-b679-0cbc422c9881","epithelia"
"8725","ecf3983c-0d6d-4d37-b663-444c0ba8e58f","epithelia"
"8726","ecf7a7a9-904f-4a13-9a75-9442df449519","epithelia"
"8727","ecfb4850-bd0c-446c-bc2f-10cebe95b2fd","epithelia"
"8728","ed02a6b5-4309-4dbd-b7a8-b2cf20e731b0","epithelia"
"8729","ed0c6f5d-9083-4d1c-bc64-660339f41621","epithelia"
"8730","ed127c26-8b60-475d-b799-5b68ca2be1a3","epithelia"
"8731","ed2b0766-4e5a-44f1-af81-21802ba406a8","epithelia"
"8732","ed42a441-a6af-484b-881f-d2410504bed4","epithelia"
"8733","ed44fae7-d6b4-48dc-be75-22b50affea8c","epithelia"
"8734","ed45a741-7fb6-4d5b-b7af-1cd2362a15cc","epithelia"
"8735","ed484e31-6da7-4e9e-b997-f9b3f3175cd8","epithelia"
"8736","ed4b8bdb-089e-47e1-8e59-4392e7ac6794","epithelia"
"8737","ed59425e-b5e8-4d9b-b77c-8e8d3ea7f648","CD8_T"
"8738","ed5b941b-0d29-464b-8c6d-02dbfdd23790","epithelia"
"8739","ed5d03d7-530d-4361-9428-22a8b421208d","epithelia"
"8740","ed5f3b9f-f11a-4037-a67e-e5c08c92522c","epithelia"
"8741","ed695da3-00d2-4d13-93d2-f851928a34e2","endothelia"
"8742","ed6e099a-06ce-4282-b1ce-f06a4b35b4bb","epithelia"
"8743","ed770e5f-670e-4780-8a4e-d4989c17e722","NKcells"
"8744","ed839add-c777-4e1e-986a-279c984d21d7","epithelia"
"8745","ed842939-6620-4db8-a6e1-5466c901b394","epithelia"
"8746","ed852ae1-2566-4d86-9120-5a5697bdd2a2","epithelia"
"8747","ed8d948e-23d8-4ccd-adbf-d22fdce647fb","epithelia"
"8748","eda275d8-05df-4183-8eba-f613cfb35784","epithelia"
"8749","eda5f350-2579-4b77-a1f5-ade148f8c604","epithelia"
"8750","eda7ace0-152a-4f96-bc62-d246d6543ad4","epithelia"
"8751","eda8795d-539d-4361-bfb2-005a422dc907","epithelia"
"8752","edbc2ac5-d988-4683-9a4e-0f234b8c98fb","Unknown"
"8753","edbeb772-068b-4c9c-ae33-a81deec76d9e","epithelia"
"8754","edcaf3f1-746c-4d34-9a6f-5347c6aa0ac9","epithelia"
"8755","edd91052-765c-4db9-b9a4-ef16952df1ce","epithelia"
"8756","ede833fe-e768-4143-8489-184db247c14c","epithelia"
"8757","edf6fda9-1689-4aec-b190-43af135b435f","epithelia"
"8758","edf7bed8-05ea-41d7-8bc8-7a91d6d12a8a","epithelia"
"8759","ee00e9e3-7516-448b-8246-4033978d601e","epithelia"
"8760","ee02dcf6-46fe-446b-aa05-ad4b9c4d3315","epithelia"
"8761","ee06c1eb-327e-48f9-8c9b-4149082e0574","epithelia"
"8762","ee097f4f-331c-4166-8589-6c24d77e1b3c","epithelia"
"8763","ee1b8a99-5742-455e-a2c7-db1f11edf102","epithelia"
"8764","ee2082ef-87bd-44ac-821b-56e61d26536b","epithelia"
"8765","ee32f0ef-5407-4ec8-a037-ca3686d94de9","epithelia"
"8766","ee3951e2-7edf-4607-b113-e8ce972b2b42","epithelia"
"8767","ee3d50ff-0510-4984-b7aa-11fea13e9ad5","epithelia"
"8768","ee40ec09-1a64-4036-ba1b-46bd8934c7d2","epithelia"
"8769","ee44ac3a-f631-4c40-bb6a-4b313fe73a31","immune"
"8770","ee452995-560e-4fff-b6ad-ea1289873502","epithelia"
"8771","ee52a5cb-83e4-4f14-a53b-d81257b06dfc","epithelia"
"8772","ee5870f6-2538-44ea-af01-f0753065d502","epithelia"
"8773","ee5f6c20-2b18-44a5-a6db-43705f803415","epithelia"
"8774","ee60ca43-0b62-47c6-8176-b12b7ee9610d","epithelia"
"8775","ee638fa3-c0c9-410a-bf01-9d3614193721","epithelia"
"8776","ee64a1b8-01b8-4a9b-b62b-2c180b3948db","epithelia"
"8777","ee66c478-b0da-458b-a1b4-0e3e734b55de","epithelia"
"8778","ee6887e2-5dec-4db1-a610-d47e9ce4230b","epithelia"
"8779","ee7027fd-c20f-4797-9fe2-c04a4cd70d0f","epithelia"
"8780","ee76d954-e3e8-4c0d-8b0e-079af5773a2b","epithelia"
"8781","ee79e65b-3023-4dea-a4de-04fe9bf68aa9","epithelia"
"8782","ee7b301a-2fe3-46f7-9906-a80443f5c487","epithelia"
"8783","ee7d1c27-b663-4891-8fd8-03dfe4319ddf","epithelia"
"8784","ee830870-bfde-49fe-8c5c-052d343ec082","epithelia"
"8785","ee8cddba-9071-4088-8967-2b612c8de455","epithelia"
"8786","ee8f1611-7b7f-45c7-abb4-761c354dd02f","Unknown"
"8787","ee8f5054-28d2-4419-9c39-1b814b092e9c","epithelia"
"8788","eea4a984-cd91-4ff9-9b24-db489a79ff3f","epithelia"
"8789","eeaf30c0-686d-496a-8a57-fccbfec84993","epithelia"
"8790","eeaf8045-14f5-425a-8e4f-f6b8dcd162ce","epithelia"
"8791","eeb5f61e-3e63-4d3b-8866-8b11af737cbd","epithelia"
"8792","eecc4df9-2113-4983-b427-56a5e30634d8","epithelia"
"8793","eed70765-4745-4b2b-b7c1-75ff01468aaa","epithelia"
"8794","eed90bfa-4fd8-4085-a5af-4f96451fde90","epithelia"
"8795","eed9cf9d-65b8-426e-8195-c3878aec4b5c","epithelia"
"8796","eee2ec62-3946-4e9e-80a4-69b1a7b7912a","epithelia"
"8797","eeec8d6b-bab8-4ca9-920d-e4c39d8f0aed","epithelia"
"8798","eeed3bd9-4996-4f8d-839d-96dc93c4c862","epithelia"
"8799","eef6826f-df53-479d-91e4-64b219a70c6c","myeloid"
"8800","ef0305c4-1aab-423b-b908-9432f2c7171e","epithelia"
"8801","ef04a301-fba7-43a0-93d5-3b6cef32bbc3","epithelia"
"8802","ef0cb072-c84d-4e16-b70d-461aed2854f3","epithelia"
"8803","ef0f7013-ba38-437d-a90b-e63eff579a44","epithelia"
"8804","ef0fada2-f988-4671-b4d4-53c60754b987","epithelia"
"8805","ef24b880-5ffe-445a-a46e-244ca8847c27","epithelia"
"8806","ef25cf4c-9eb6-449c-9200-f8117343c10d","epithelia"
"8807","ef2aa976-1aba-46fe-bf18-46938a95d3ca","epithelia"
"8808","ef31261f-9226-4bf8-928e-54855ac1ef96","epithelia"
"8809","ef39ff5d-7445-4da2-97dc-f6e4453f8def","epithelia"
"8810","ef3ad32c-7d9e-419b-8175-b16e6462b6c8","epithelia"
"8811","ef478054-b4f3-4fae-a40b-afdf00a4ba5c","epithelia"
"8812","ef51ad7f-3c6a-4eb2-bb17-281ae2a50a52","epithelia"
"8813","ef51ffcf-c1e4-4d19-b6a7-eb59290779a6","epithelia"
"8814","ef555825-aad1-47b3-96da-10f87259b897","epithelia"
"8815","ef57cf9e-1707-4784-9a3a-de293dc871f9","stroma"
"8816","ef5d7197-c81b-4336-b830-6434fae5af29","epithelia"
"8817","ef6e198e-dc49-404f-beb0-fc17f01f4ce4","NKcells"
"8818","ef6e5f80-a175-45e0-91e8-be95619baece","epithelia"
"8819","ef772f86-e99c-4a05-90d6-4beef8320504","epithelia"
"8820","ef7a3f11-1c95-4d03-a79e-1d9d958486ca","epithelia"
"8821","ef81bc34-0b86-43fc-9f2f-ad8eee664655","epithelia"
"8822","ef853145-91cb-48a0-987a-d5aa728e6ad3","epithelia"
"8823","ef8bac6c-c449-4bc6-898a-1d8613642ab8","epithelia"
"8824","ef954ecf-9325-4fc7-9a2e-6876a8c0d107","epithelia"
"8825","ef978793-06d2-405e-884e-0c51b8db340f","epithelia"
"8826","efa060b9-db0e-4e71-98e5-496a808ffc29","epithelia"
"8827","efa25f07-88e1-4ca8-be77-5361dce0831a","Unknown"
"8828","efa4dba6-aacf-4d5c-aabc-621db968a5f4","epithelia"
"8829","efa5833a-6086-4e0f-869d-d245511533f6","epithelia"
"8830","efaa6976-2b73-47d9-a01b-8ca3bb574c29","epithelia"
"8831","efb22d98-8f54-4668-8775-753652aa7e1b","epithelia"
"8832","efbe2ac0-61ab-459c-8517-e2bf93cb41aa","epithelia"
"8833","efc3c9d8-e38e-4393-aed6-23d18403b3d8","immune"
"8834","efc44220-5e97-49ad-b4e8-d1fff189aed0","epithelia"
"8835","efc5b1dc-e363-488a-b79c-b526b53ebe27","epithelia"
"8836","efd0c40c-9d33-4189-aa18-fdc7a69526bd","epithelia"
"8837","efd3d398-5c39-4857-ac39-5fb00cb6f52e","epithelia"
"8838","efdba95d-6181-4edc-be98-35b9f9708031","Unknown"
"8839","efdfde12-8a32-45b8-973d-1f55e10745f2","epithelia"
"8840","effa3804-98d9-437f-975e-8b467573d8b6","epithelia"
"8841","effc5e23-c43a-4bf2-ad83-d219b4e7f118","epithelia"
"8842","f002fcfd-339d-40c2-9fdd-ac7f71ea4dfb","immune"
"8843","f0101153-b534-4f0a-9eff-540005db8e99","epithelia"
"8844","f037f444-da5e-4470-afa7-8497a1f296ac","epithelia"
"8845","f0409fd5-a69a-4371-992e-d2aa911a9da4","epithelia"
"8846","f0454246-1fbc-426e-b8c8-ed46b333b611","epithelia"
"8847","f0481f9e-4de9-4401-a621-47629252e7ee","epithelia"
"8848","f04881b3-6d1c-4fd7-854a-7061a38304df","epithelia"
"8849","f04a79ad-9b7e-44e3-b23e-2eee69ecebaf","epithelia"
"8850","f04f0e8c-63af-4f94-9243-c31aba5a5083","epithelia"
"8851","f0591ccd-416f-47b9-90c2-77d40bfa65bb","epithelia"
"8852","f05c49c3-b603-4622-a5d7-50c437c2262c","epithelia"
"8853","f0764f52-69d8-4ea5-a06a-4f11aacf7daf","endothelia"
"8854","f07f670d-fded-45cd-80c1-f3889c0970b7","epithelia"
"8855","f07fac29-bba6-482d-8258-981c3b96be5a","epithelia"
"8856","f0824a60-44f5-47e1-88b9-da31a71697d9","epithelia"
"8857","f08a103e-80e8-4f72-8474-34c4eceff5e7","Bcells"
"8858","f0a30bba-8b92-4360-9cd7-530ca9e12297","epithelia"
"8859","f0a5d3a7-d27a-4412-9c58-6f2d8833f81d","epithelia"
"8860","f0a6ddb8-18a0-4e24-b985-af598dd0e70f","epithelia"
"8861","f0b0174d-6c8f-4bca-a814-6b0d8a48401c","epithelia"
"8862","f0b4239c-d62c-435e-9193-7f7b58c0ed9e","epithelia"
"8863","f0b6d717-49fa-467c-a362-5ba0a9b0757a","epithelia"
"8864","f0c80848-fcbc-44d8-833b-8738a362eeef","epithelia"
"8865","f0ce0510-7121-44d9-8f21-eed4345ba658","epithelia"
"8866","f0d2ef9e-2cf6-4705-be3c-32b6e9e21010","epithelia"
"8867","f0d7af29-598a-477c-9b2c-477fc0e348b0","epithelia"
"8868","f0eae9e4-38f2-4712-92bf-a661462c79c7","CD8_T"
"8869","f0eee48d-f803-4275-a4c3-6b7c7a692db1","epithelia"
"8870","f0ef4c88-7e45-4018-bb46-c99c5b34f9aa","epithelia"
"8871","f0ef5a7a-6e05-4d4c-93ab-0dce337817a9","epithelia"
"8872","f0ef7561-9e5c-4fed-b35a-f94625ceb633","epithelia"
"8873","f0f759a8-1ad9-4124-9af4-b99348f10d59","epithelia"
"8874","f0faa9bd-2410-4cab-aeeb-e19464990ab1","epithelia"
"8875","f0ff1be0-4e98-48f8-aa94-2825f41c20e7","epithelia"
"8876","f105e4ca-8c12-4b08-b114-8c4831177f62","epithelia"
"8877","f10f5297-3c27-466d-a822-f8c7cd20247b","epithelia"
"8878","f1158892-cfc1-4b08-845c-ec2b518dbad2","epithelia"
"8879","f11c824f-6aba-4e7a-b061-9df7c12e413f","epithelia"
"8880","f1342783-263d-47f1-9447-6c7082c18787","epithelia"
"8881","f134e471-aefb-457c-907d-a185eeb4546c","epithelia"
"8882","f138f60b-b0c4-40ae-89b7-6ffd949e5dd5","epithelia"
"8883","f148c4fe-f6b8-47f5-a44a-6c84965a083d","epithelia"
"8884","f14dd274-b595-4084-9015-75dfda019106","epithelia"
"8885","f1554111-726e-4b0c-bd17-9b3d98bad3e3","epithelia"
"8886","f1606f3d-58b7-49f8-abbe-ff37a806aa40","CD8_T"
"8887","f164211a-672c-4c95-b463-563489b0018c","epithelia"
"8888","f1697d55-ee88-42f9-98f0-ddd72e3e5aec","epithelia"
"8889","f174388b-2450-4e1d-a504-f73e8f694382","epithelia"
"8890","f175c569-a0bb-4912-9b9e-bb952cc18d0b","epithelia"
"8891","f178c74f-0733-4ffe-8b97-5302676a45f5","epithelia"
"8892","f17d5072-741e-4893-9276-939652670415","epithelia"
"8893","f184fa2a-8242-4e1b-b571-7a5b2261b9c2","epithelia"
"8894","f18706c7-9093-43df-9636-7e7855417a72","epithelia"
"8895","f18aa759-80b7-4f62-b08a-aaba010a594b","epithelia"
"8896","f192aa33-045b-40da-8ce9-e8cfef8d3cf4","epithelia"
"8897","f199b3bf-d5a0-4088-974f-f21cb94c06c6","epithelia"
"8898","f19caa0d-8ad3-4ef8-befc-7b4bd9c9fedc","epithelia"
"8899","f19efb48-fedf-4d69-aa1e-32b31f673df6","epithelia"
"8900","f1a11d0f-909b-41ee-b4ad-47a6e816877e","epithelia"
"8901","f1a17013-9f17-44c4-836b-bafa8ccafc83","epithelia"
"8902","f1b16c79-7576-4cf8-893b-ba9b8517d2be","epithelia"
"8903","f1b17b25-bb06-4cb5-98eb-5128b2764cda","epithelia"
"8904","f1b2cfca-1aff-40da-bac0-68b4e7b72b54","epithelia"
"8905","f1bca8fb-f986-4a9c-8a11-c9c0e155de8a","epithelia"
"8906","f1be4e56-b7e4-47c1-9064-f73d3ce81c91","epithelia"
"8907","f1be86b3-43a7-4b9d-a09f-017176eab8cb","epithelia"
"8908","f1bedcee-11b4-4990-8c7d-a066790f24d9","epithelia"
"8909","f1c3b67b-3b6e-407c-a2e0-194258ec881d","epithelia"
"8910","f1cc2ed8-8c2e-49ca-82a4-0244888edc0f","epithelia"
"8911","f1cc5da9-8136-4c99-9bb6-d9577ab68891","epithelia"
"8912","f1d0f5f7-51cb-4ba5-b018-39af2aba8379","endothelia"
"8913","f1d270ef-706a-454f-9f0e-bc2a16d95aae","epithelia"
"8914","f1d28c1c-5a05-485d-a309-91d536e1be3b","epithelia"
"8915","f1d37d55-7392-4c6e-8251-b84eac9ec6d1","epithelia"
"8916","f1d62836-bb8c-44a7-8eab-2bb1a6ecca17","epithelia"
"8917","f1e1671b-f279-4ae2-ad9e-727baad87a39","epithelia"
"8918","f1ed6625-a47f-49bb-963f-1ab7222cbf09","epithelia"
"8919","f1ee4463-e61f-4f24-9e46-9c7cfb42e8dd","Unknown"
"8920","f1f0a4ec-8717-4d9a-9d2b-a9041576c6b6","epithelia"
"8921","f1f5479e-3e42-49cb-83e8-756503e53f6e","epithelia"
"8922","f203621c-9ff4-4d83-b424-ff5a472f231e","epithelia"
"8923","f20c1ddc-f6bf-41ea-a642-732af6123a8c","epithelia"
"8924","f20ee48f-0990-4859-8e55-92fadd894cfa","epithelia"
"8925","f212e012-6938-4ee0-8f0a-6ff5dc0b19c9","epithelia"
"8926","f214df0e-9647-4a37-b602-a2f51436931c","epithelia"
"8927","f215fd06-80f8-4c7b-897d-c8d884c4ad6f","myeloid"
"8928","f218c398-cc9c-48c9-8ecc-4eb0ce767bb8","epithelia"
"8929","f21aaf9d-02e3-48a8-aa2e-606875f3f330","epithelia"
"8930","f21e5695-b61a-40a2-8d48-db65d4056a27","epithelia"
"8931","f2393ad3-baf4-4dda-b17d-efc055697da5","myeloid"
"8932","f24016e4-d752-4aa5-b612-161debb1a48a","epithelia"
"8933","f24f1e0e-78d5-4210-85ac-140e7aeea4a3","epithelia"
"8934","f27ed6f5-1746-4a5b-8c52-5b057ad290cf","stroma"
"8935","f27fd8f5-a09c-420d-a08d-dfa4835d029c","epithelia"
"8936","f2a88471-9ef9-47ec-bafd-ab35ac63e9b2","epithelia"
"8937","f2ab6bf7-87fb-4e3f-ab2f-5a212e415670","epithelia"
"8938","f2ae8c22-0f8b-4965-9ce8-0565e1c14abc","epithelia"
"8939","f2b34662-f5f5-4685-915d-7579b4aae91c","epithelia"
"8940","f2b557a5-ad30-455a-abcb-78ca34a8e13c","epithelia"
"8941","f2b87078-856e-4feb-8169-dfa48194784e","epithelia"
"8942","f2c24a34-bee7-4d06-840c-24991f79f0a8","epithelia"
"8943","f2ca20ae-cf0b-4641-ae84-ae871fac826d","epithelia"
"8944","f2cc9a20-bd15-4635-bc94-dbe8b65d4fcd","epithelia"
"8945","f2d1b420-0fc0-4c3b-8779-16f91f1192b0","epithelia"
"8946","f2d398db-ef1d-4133-9533-3c24d56ae681","epithelia"
"8947","f2d981f8-8cd9-4fa2-80c7-07c1636eea28","epithelia"
"8948","f2dd829a-edbc-44f8-b557-59cd212509d3","epithelia"
"8949","f2de2ee7-a0cd-49e5-946f-ddf6842a188c","epithelia"
"8950","f2eefbb3-76ae-49ae-81f7-6b8ab5176705","epithelia"
"8951","f2f8c29d-78ae-4de0-aed2-0e7f98faaf2c","Unknown"
"8952","f301b2e0-b38e-4521-89b0-df3e007f5838","epithelia"
"8953","f3036b37-a260-47f7-88c8-cc2d4c73e6d6","epithelia"
"8954","f303ff43-8323-450d-b891-dbb47eab76ba","epithelia"
"8955","f3053cc2-aa85-4860-8c88-3768d812b393","epithelia"
"8956","f30d9cb3-18de-42d0-af60-62da12ad20fd","epithelia"
"8957","f30dd5a2-3c04-4051-a73e-c77d60bc2179","stroma"
"8958","f310e0e0-4e07-4fec-b6b1-68d3c4fee0de","epithelia"
"8959","f31820dc-c97d-44d8-90b2-0b2bf4f00221","Treg"
"8960","f3197ff6-e82e-4c30-bfcc-584c8cfb0700","epithelia"
"8961","f31e3432-b442-4114-a6bd-1b05d1b019dd","epithelia"
"8962","f3250c61-d786-4133-9f3c-d46ef41673d9","epithelia"
"8963","f33276b6-861d-4a36-a2e8-1473a502444e","epithelia"
"8964","f335b510-1256-4d39-92da-4a6864b5339f","epithelia"
"8965","f33b02eb-b8ad-4f0a-9a47-df05e6078fa3","epithelia"
"8966","f34beda1-af2b-487c-98f8-7fb245811e5f","epithelia"
"8967","f34cc226-0761-4cbd-aaec-be45cd4066bb","epithelia"
"8968","f3538b8d-eed3-4ddb-a603-14ddf07f00dd","epithelia"
"8969","f36714fe-173f-4844-8297-e12b7cef191f","epithelia"
"8970","f37cafef-a91f-4806-ba00-66789842f421","epithelia"
"8971","f38ef576-e21b-47c9-a691-b6a231a77c7f","epithelia"
"8972","f39e767d-6b2b-4e90-8198-5abf4781cd4c","epithelia"
"8973","f39edfbd-954e-40a9-b901-62c1d519cf26","epithelia"
"8974","f39ef283-fc01-4ac2-927c-f2f10f7b221a","stroma"
"8975","f3afd8c5-c0ca-43bf-96fc-baa478defc5a","epithelia"
"8976","f3b5a444-19c4-46ba-81cc-fbf8e4b6c683","epithelia"
"8977","f3c04052-413f-47b2-baf3-efbe00474677","epithelia"
"8978","f3c10464-f18a-46dc-a4f7-e72d7c34be4f","epithelia"
"8979","f3c6377f-bae8-44c2-88f0-12de42c98e18","epithelia"
"8980","f3c66526-d62f-4dd8-984c-767caa7f34a3","endothelia"
"8981","f3c72915-cfe4-4d30-a9cb-93f8ea77f0e0","epithelia"
"8982","f3e016cb-7ac7-49ab-ade5-b9a57047b907","epithelia"
"8983","f401df94-19b4-4bfa-be21-ecf39a86fe7a","epithelia"
"8984","f404decd-2f5f-413c-9ef6-ef39d8db6b0d","epithelia"
"8985","f40bbe81-ceff-440f-beb3-6c531a1d6679","epithelia"
"8986","f410e44d-3e16-46a1-926c-86e3953dc3c7","epithelia"
"8987","f411715d-f7cb-42b4-a360-3aebf10a0f30","epithelia"
"8988","f41759d6-4d40-46e5-8075-51af45b2a4d8","T_cells"
"8989","f4247d48-cc80-4c0a-b853-c807daeb76b0","epithelia"
"8990","f4379e26-b369-4b46-a7f3-3c81abfaa941","epithelia"
"8991","f43b21a4-28f4-420f-82ab-fba678482199","stroma"
"8992","f440f992-bfcd-4524-8b9c-c66bea268474","epithelia"
"8993","f44144d6-3b41-4145-9207-3e530f7800d0","epithelia"
"8994","f443f6af-29ab-4d32-a9f1-2fd467347844","epithelia"
"8995","f452973e-aa0f-4317-b583-e322aa97c563","epithelia"
"8996","f4594483-ca67-4ee3-ac3a-577b8d0e7721","epithelia"
"8997","f45cd82d-2562-4e86-8c1a-18b4e3ea5d27","epithelia"
"8998","f45e1aa4-5223-480c-883b-abc50e552900","epithelia"
"8999","f45f3098-0c46-4ca4-8acb-e3d8d6266920","Unknown"
"9000","f47bb851-2113-4674-bea9-92bd51da954c","epithelia"
"9001","f4831473-e0d0-4495-b685-7846184982b8","epithelia"
"9002","f4857d7d-4144-43d5-91e0-6d3df5970130","epithelia"
"9003","f48a174b-2cb5-42a2-bafb-54645ffa1d7c","epithelia"
"9004","f48bb8bb-20f8-4800-bb48-12d2ef12ece9","epithelia"
"9005","f49a8009-642c-4063-843c-fbd866af84c2","epithelia"
"9006","f4a0101c-fe18-4fb5-a0c2-ee183e77c6a9","epithelia"
"9007","f4a2a489-7689-41f3-82fe-c2587318b7e9","epithelia"
"9008","f4a4a3e3-fbab-4fa6-823f-d813b9826e12","epithelia"
"9009","f4b51d0e-4f21-453c-a869-6e96fb5d37c3","epithelia"
"9010","f4ba3249-432b-4b34-91ea-a326a5c06630","epithelia"
"9011","f4c2919b-9db6-4f93-a42f-595eb1e04d67","epithelia"
"9012","f4ce3122-521f-4d98-86e8-88890581d21b","epithelia"
"9013","f4ecebf8-45f7-4dc1-a8bd-97780243b194","epithelia"
"9014","f4f289ec-ba06-4351-ad39-0859c9ce937f","epithelia"
"9015","f502ff06-e041-4741-a197-0d13b63fdc1c","epithelia"
"9016","f50429a1-f0e5-4931-9c8b-e5c8d0e5f011","Unknown"
"9017","f5060efa-4e76-4236-8b75-a9255e6ce09b","epithelia"
"9018","f511b468-c039-47a0-83be-11a36405d11d","epithelia"
"9019","f515c051-b80f-4114-b936-413f1da86758","CD8_T"
"9020","f51d544d-da39-4ec5-bb43-74d9354b021d","epithelia"
"9021","f5237db7-7101-478d-9f83-b1b71c803317","epithelia"
"9022","f528503e-aa70-43a0-a13c-f3d5b11635c6","epithelia"
"9023","f5296da1-8cba-4943-bf7b-4bfd949aded9","epithelia"
"9024","f52c98d0-d6c7-4535-b482-a77715c46427","epithelia"
"9025","f52ee3df-29e6-41dc-afb8-6a38383f908c","Treg"
"9026","f52f7efb-962e-4b25-a9f0-6c043dcfd0b3","epithelia"
"9027","f52fada7-f97b-476e-b660-7fd27f9c9766","epithelia"
"9028","f52fc4ce-1af9-4f2b-8fa9-9fb6b93218c0","epithelia"
"9029","f542d302-6232-431e-8b44-b4966ec7c6b5","epithelia"
"9030","f545a753-7f76-4a24-a5ba-32cfe94304f4","endothelia"
"9031","f5518bdd-9790-4012-bb7c-db87286f39ae","epithelia"
"9032","f554de76-1cf0-4f70-9c7b-d47c39698788","epithelia"
"9033","f55efb53-9c5f-495b-ad21-21eb54fad8a6","epithelia"
"9034","f566c873-04b3-40bb-bda6-2f5724c67f86","epithelia"
"9035","f5694117-e3ae-47c1-bdf2-7629a8188626","epithelia"
"9036","f56e704c-345c-4c98-8647-c7d8da526f63","NKcells"
"9037","f5706725-c00b-4a4b-a6ce-d496027f3239","epithelia"
"9038","f57c0edf-f15c-480b-955d-79b6dbf228fc","epithelia"
"9039","f582000c-3cea-4029-8053-9fef4619a8cf","epithelia"
"9040","f5906bf1-ed72-4f55-bb7b-8c13fdaec071","epithelia"
"9041","f59a82d0-47fa-4823-841b-fb01f4cf8c79","epithelia"
"9042","f5a1d55e-4a47-4629-8d41-50c691996454","epithelia"
"9043","f5a4fb11-ceb7-4494-ad59-1584e005dfba","epithelia"
"9044","f5a6259e-26cc-4470-adc3-e431016410dd","epithelia"
"9045","f5b52c56-fb70-4f0e-a06c-5812aa5d663a","epithelia"
"9046","f5b71259-d359-4533-87fe-76d5570f4622","epithelia"
"9047","f5b8be3e-146d-4a68-ac84-e083d589395f","epithelia"
"9048","f5c9f2eb-6de0-4c4d-9097-dd52deac9a83","epithelia"
"9049","f5d221ec-a769-477c-a271-44de1703a2f0","epithelia"
"9050","f5e2060b-9f48-4421-ba09-f9c828681577","epithelia"
"9051","f5e50c2d-c4e2-4618-b734-0f76c22290a2","epithelia"
"9052","f5e777fc-e079-4335-99b3-a3fdfe29b3f9","epithelia"
"9053","f5e7ad7c-0f0d-44e1-b092-fabf06f759cb","epithelia"
"9054","f5e885c1-f63b-4107-95d2-d88ab874fc17","epithelia"
"9055","f5f9509f-e18b-4284-b51f-8aa01665b7d6","endothelia"
"9056","f5f9c795-5383-4f5c-bdf8-f78342114d9a","epithelia"
"9057","f5fc030e-7c94-4b37-a9d5-871f5b5ae629","stroma"
"9058","f615dbd7-0824-4450-ae25-0938ada80d66","epithelia"
"9059","f61f504b-79b8-4348-a41e-ae419b20164b","epithelia"
"9060","f6373a37-5d0b-48a1-8fda-df9bc40a9ca2","epithelia"
"9061","f6383728-1dd6-45b6-8445-afe5e5a5086b","epithelia"
"9062","f64c4131-9520-4ebf-bfdf-1dd042dd59dd","epithelia"
"9063","f64dd115-5f32-4203-93b3-9c869af99398","epithelia"
"9064","f64e3b41-adb2-4828-8c69-f17e8de07493","epithelia"
"9065","f6534d49-0c49-4ffd-bbab-bb7a5b012042","epithelia"
"9066","f65f59fe-e112-417d-8551-8c2dc5d6941a","epithelia"
"9067","f66df1d8-0f6b-49ac-a321-a0c855ccad56","epithelia"
"9068","f6904b9e-7343-44ad-a8e3-81bf3c8e9780","epithelia"
"9069","f691237a-6b3d-480b-806b-818cea8ec99a","epithelia"
"9070","f695162a-0719-4980-a695-a99e28fde993","epithelia"
"9071","f6994528-7dee-41c9-a110-e63eead26a04","immune"
"9072","f6a614e3-1527-4378-84f6-0d2c23033d24","epithelia"
"9073","f6a896c5-df6a-4200-8191-c32287852501","epithelia"
"9074","f6b47639-d536-44c7-8f38-de8a6be1789a","epithelia"
"9075","f6cbe3de-b84e-4093-8972-8099c8f79f96","Treg"
"9076","f6d006ad-4703-4be3-9875-367775c14277","epithelia"
"9077","f6d9b0ff-c9c0-47bc-97b0-371a2bf65004","CD8_T"
"9078","f6db5122-c033-4f48-bf86-219b14594f62","epithelia"
"9079","f6e02b89-6fd3-4319-b30b-133d5a48cbef","epithelia"
"9080","f702a281-14df-43f3-8dc0-516db1dbf359","epithelia"
"9081","f7120c52-fdd5-49f6-867d-ede1a3ee4840","epithelia"
"9082","f7175bd0-7aae-426d-90b5-35f9e73fb3ac","epithelia"
"9083","f71e486e-bbef-4ccd-a1af-0fa8b9041af8","endothelia"
"9084","f7227d9a-eee6-460d-9b8e-b957b4ac9868","epithelia"
"9085","f722be38-4bf1-4920-a411-e390340fd34f","epithelia"
"9086","f7258f5b-018b-4d9f-884e-8f311d95bbf3","epithelia"
"9087","f7288322-4a79-4b8b-93fc-66df89e7ecf1","epithelia"
"9088","f730db78-e14a-442b-ace1-3214479a115e","epithelia"
"9089","f7394468-b057-45ea-97ac-d934254acd9c","epithelia"
"9090","f73adb07-010a-422a-a155-0ef76bb6ab89","epithelia"
"9091","f73d9588-1d07-40d6-8ae7-aa1662aaa869","epithelia"
"9092","f74a9ea8-e434-43c6-8c8d-2d130dd47e87","endothelia"
"9093","f759e42c-b82b-4320-804a-7fbd19cfa40c","epithelia"
"9094","f760a758-4c4d-4568-924e-947883575a16","epithelia"
"9095","f760fd7a-5f1c-4134-a302-ac491984775f","NKcells"
"9096","f7737ed2-5ea5-4ceb-a2d4-24ceeec46123","epithelia"
"9097","f77afd24-b68f-4d12-b6ae-d15f62c432ee","epithelia"
"9098","f77d119d-29ae-4eb5-834b-4ec0a9cd62b9","epithelia"
"9099","f7927a91-e92d-4c1f-b42e-c927a5c883ce","epithelia"
"9100","f793bf2f-5824-4d04-a738-3a86e6a38a3d","epithelia"
"9101","f7a69cf6-695b-4ca4-bab1-5e2bffe30872","epithelia"
"9102","f7aa5458-f3a2-4fa0-ab68-231008b04cd7","epithelia"
"9103","f7b874c3-3482-46a3-8540-c9535f0c6b29","epithelia"
"9104","f7c10414-f04c-4b70-83f0-302d3306eaa7","epithelia"
"9105","f7c7da51-7ba8-49b4-a11a-ed731eba60b9","Unknown"
"9106","f7ca52bc-4903-4689-a058-9b95b7fd6c81","epithelia"
"9107","f7d58cde-1089-40fd-85d2-88a660a665a7","epithelia"
"9108","f7d61916-ccc3-4c9c-9540-2357079ab1e8","epithelia"
"9109","f7e6323f-d1fb-44cc-bb3e-c5930a9cb8dc","epithelia"
"9110","f7edc325-a7b6-4644-913f-f4e3fd78aacb","epithelia"
"9111","f7ee7436-4ef9-4998-af2b-a5cf5399949f","epithelia"
"9112","f7f2b9af-0b5d-498b-9228-78798dcbd4da","epithelia"
"9113","f80780f9-a769-4a6e-affe-ea7f5805c5e7","epithelia"
"9114","f80c7ae6-c8b9-485a-98c0-868954053555","epithelia"
"9115","f811e7b6-4e2c-42bc-8013-19d0dfc25cd8","epithelia"
"9116","f819e422-8231-4036-9856-5cdf5597faf2","epithelia"
"9117","f81adf9e-7db4-4279-9cbe-eabd9ae5d8d3","epithelia"
"9118","f82fcfee-7338-4af9-96e7-728e29528012","Unknown"
"9119","f830b4e0-fd14-4b61-bcf6-d9986719c2da","immune"
"9120","f838430e-c12c-467a-b769-47be90f45b0a","epithelia"
"9121","f839be2c-a9ad-4f00-8af7-eec44ab69be8","epithelia"
"9122","f84782ec-bef3-4022-8459-3cbebc40e96b","epithelia"
"9123","f84c5a94-4d0e-4201-be40-7b1b579eb910","myeloid"
"9124","f854718b-016d-48d9-bf81-dbbca7c924c6","epithelia"
"9125","f85c39e9-44c6-4f63-b0e0-bbc339bca59a","Treg"
"9126","f86040dd-cd77-4aef-b787-80a2c52f0491","epithelia"
"9127","f86cfbac-6471-4ae3-8236-a8cba90a93a2","Unknown"
"9128","f879a789-275f-42ad-8e6e-82ad248414f5","epithelia"
"9129","f87cb620-4f38-4186-8302-ecd2ba90b28d","myeloid"
"9130","f8822788-f9d2-4578-bd23-a6c34fa26762","epithelia"
"9131","f8854806-c3dd-44b4-9d19-7fcaea5b1458","epithelia"
"9132","f88eea19-eff5-464d-8ff5-b1bfe296a1c7","epithelia"
"9133","f8929004-0603-4175-aa42-2f8ba38e5e58","epithelia"
"9134","f892d941-9beb-49ac-a231-fd2d0a30be22","epithelia"
"9135","f89f31a4-76be-48ca-95dd-16943eed3455","myeloid"
"9136","f8ae1587-9947-4819-822b-ea159c06f825","epithelia"
"9137","f8aed4f7-4370-4965-a0d0-5c53d6d6f8fd","Unknown"
"9138","f8b6ba2c-0945-42ba-894c-b1769265d163","epithelia"
"9139","f8b83f78-5473-4020-a12b-6a3ff31f3e83","epithelia"
"9140","f8baceec-9946-4935-87ce-c8700420cd06","epithelia"
"9141","f8c018a4-0368-41c3-832a-413dfd94a0ab","epithelia"
"9142","f8c23609-97ca-4021-bfa6-cf066d5a91ca","epithelia"
"9143","f8c64d7b-41b2-48ca-af8d-8cb53e7b8b10","epithelia"
"9144","f8d0e148-d460-44c9-9fa6-f4c5913f7c78","epithelia"
"9145","f8d3aa04-4f4a-4fa2-8149-5209163cf68e","epithelia"
"9146","f8d7d8fa-0064-4548-a5d4-9ba6e414829b","epithelia"
"9147","f8e0c87c-a3e6-473b-9bb7-f8d998b672aa","Unknown"
"9148","f8e4e6b7-f8ee-4600-8b1d-779380bf675f","epithelia"
"9149","f8e677a7-86c4-4ca6-bda0-f5fc8dc10de1","Unknown"
"9150","f8f98c14-1312-4921-bdb0-e36c2d7c9db9","epithelia"
"9151","f8fed0f6-e0e3-4329-be6c-6e348a1f9586","epithelia"
"9152","f905fd28-103c-4882-ab12-bb0ea424eaec","epithelia"
"9153","f90853a4-ed7a-4a5d-895c-aacfb427e0f2","epithelia"
"9154","f908ab62-2b67-423a-8c4c-2f532fb3e245","endothelia"
"9155","f91346f4-dc0e-4ab3-8294-88dd3458e9fe","epithelia"
"9156","f918f01c-5032-4721-8dcf-540da972bdca","epithelia"
"9157","f9214875-3348-43e2-94e2-a388857c700a","epithelia"
"9158","f9282f80-1373-434d-b70c-c4fe664e9e8c","immune"
"9159","f92a6839-85d2-46e8-98a7-b65bad073cb0","epithelia"
"9160","f92c4bcf-b8df-4188-bd48-8b09d11093fd","epithelia"
"9161","f92f9f50-c7d1-44b5-b924-c7c6b6981287","Treg"
"9162","f936ed33-3c59-4ab9-9efa-f2c89879e26b","myeloid"
"9163","f94484b9-4fa5-4faf-85cf-5df3a4512d7a","CD8_T"
"9164","f946ec23-fe88-4f77-bd98-d30cca7ce318","epithelia"
"9165","f94c7d0c-1f14-479b-81d6-94c5b4b90400","epithelia"
"9166","f95694e7-56bb-4258-8ae7-181cbbaefc20","epithelia"
"9167","f96b2530-a2cc-43dc-872f-7b8f60e97d14","epithelia"
"9168","f96b39e6-f427-446e-abca-70b4e758b099","stroma"
"9169","f9748df3-1193-4f63-b4b5-932fb577ee45","epithelia"
"9170","f975300f-3da1-40de-b56a-a19b3fa146f4","epithelia"
"9171","f9786180-e020-47da-b7a7-161babebad2e","epithelia"
"9172","f98ac600-8d0d-4aed-97aa-aab1dfb6540c","epithelia"
"9173","f995d10f-45a2-4fc3-a3f7-326c4da84a76","epithelia"
"9174","f997c8ed-5f64-43a0-bfd6-34da9263b6f4","epithelia"
"9175","f99f9a25-199d-47cf-8e33-5fdec419384b","endothelia"
"9176","f9a08a46-b6ac-4778-8751-8991991cf64e","epithelia"
"9177","f9a42c20-57c0-477a-886c-c9938a2d20b7","epithelia"
"9178","f9a54e86-7477-47ca-a882-58c6f28c9364","epithelia"
"9179","f9b27794-b749-41fd-914d-744a89ecf976","epithelia"
"9180","f9b42c9b-c338-46c8-a41c-ed73ef4f12dd","epithelia"
"9181","f9b64d6a-07e7-42f5-9370-517308430bd6","epithelia"
"9182","f9b99ff7-0bdc-494a-a624-cd8b1464794d","epithelia"
"9183","f9bd5c26-3443-431d-b65d-e86b98081437","epithelia"
"9184","f9c5475b-2145-4709-89e4-e0c0dc91f3bc","epithelia"
"9185","f9d09b3a-8642-49ea-8dee-26c7763d9ce1","epithelia"
"9186","f9d294ba-d609-4abb-9798-fd068ed471d3","epithelia"
"9187","f9d37bdf-0a84-4a55-9e0b-8abe7aa487cd","epithelia"
"9188","f9dc6f6a-6c26-4e73-baba-b4746a57c4d0","epithelia"
"9189","f9e25781-21df-408a-afdf-e976bb818f39","immune"
"9190","f9efec71-5c2b-4676-9877-bd555a452974","epithelia"
"9191","f9f9b2f1-7a3d-4415-a20d-a1f91652707b","epithelia"
"9192","f9fe9bdb-0c7f-4b55-ad6f-c24814d2cf34","epithelia"
"9193","fa06dd56-67d4-4753-a76e-5f222137cfee","epithelia"
"9194","fa0b70d9-44c4-4835-85c3-3d5022f4bac8","epithelia"
"9195","fa1f9b2f-d995-419d-b5f7-e66bf781437d","epithelia"
"9196","fa21e5c9-3a52-4ab0-9150-b3d1ef6507b8","epithelia"
"9197","fa24f9d0-41e2-4605-b2ac-f2a2176a3c1d","epithelia"
"9198","fa33a7f9-e3b6-4776-a725-faff2231d723","epithelia"
"9199","fa48286f-31be-428e-a203-14991941d8d2","epithelia"
"9200","fa485119-f960-49dc-a976-fc2ac142ee63","epithelia"
"9201","fa4f8867-1087-4b1b-9b71-92a2bb426efd","epithelia"
"9202","fa59d6f5-e01c-4c1f-a25f-49bbf064a964","epithelia"
"9203","fa5bcd97-b95a-4e9b-8168-e8af262c24c7","epithelia"
"9204","fa5dc7d4-3a1b-40c2-b51a-76183e8d3822","epithelia"
"9205","fa61acce-2ffd-4fdf-9101-d3a124aa91c9","epithelia"
"9206","fa7116ec-0e76-4b2e-9b98-8d3b180d7811","Treg"
"9207","fa740927-78c1-4944-9abe-e953178b236f","epithelia"
"9208","fa75f0d6-fd2b-4e35-9b1f-39f984dee1d2","epithelia"
"9209","fa7989cf-f692-46f3-8c41-9aea44fe6359","CD8_T"
"9210","fa79ebf3-0c24-45bc-ad12-3b70362e9192","epithelia"
"9211","fa7de0f0-e92e-4252-94cc-9883837a3f5e","epithelia"
"9212","fa7f7672-b6f8-41d7-a9b6-e9a0f92e3ee4","epithelia"
"9213","fa8d7610-ff42-4e79-b8fd-dcbc4f4e4cdc","epithelia"
"9214","fa8e9c29-8275-49db-8745-715a80405ebb","epithelia"
"9215","fa992e33-e372-4bf5-a976-6ca8ec2344ee","epithelia"
"9216","fa9a6c28-1d70-44b0-9650-a584b4288143","epithelia"
"9217","fa9bbf65-34d2-4b46-af72-e17dff3e7b9e","epithelia"
"9218","faa9fa65-6f81-419d-be9e-bf4b4867fdf5","epithelia"
"9219","faaf22d8-2af3-44da-a97a-61d9d3516ce8","epithelia"
"9220","fab13b15-8a0f-4a43-874e-5312adf341ed","epithelia"
"9221","fab2d8ca-217b-40b0-9638-e63f28707780","Unknown"
"9222","fab6da85-7006-419d-8581-b295fcbd0331","epithelia"
"9223","fabc04f2-71f5-495e-b289-f20ac1a5c880","epithelia"
"9224","fabc5bdd-a680-41fe-90de-182c76e8d897","epithelia"
"9225","facefcb2-b87b-400d-a6f0-7f68ed07308c","epithelia"
"9226","facf7b21-ea86-4d81-ba15-1c368929a69b","epithelia"
"9227","fad2e031-cc0c-44d5-a042-32fb4e787665","epithelia"
"9228","fad4b510-e092-49ce-a2db-63d3ba6390af","epithelia"
"9229","fae124e9-feb1-4443-aa48-d74b1ee2a914","epithelia"
"9230","fae35065-6eaa-4a3c-a36c-19a43c9162a9","epithelia"
"9231","fae55a96-47c5-4112-afbe-342b19b32d50","epithelia"
"9232","faef156b-4e0f-4e5d-80de-94549903a240","Treg"
"9233","faf02ad8-7832-4162-a202-629cccd4b347","epithelia"
"9234","faf0a490-f84b-4f5b-be99-674614ffb366","epithelia"
"9235","faf83ff8-a749-4e75-864a-8097ebaaf7ac","endothelia"
"9236","fb01aeb7-28bb-48d2-a633-14f837bb2f05","NKcells"
"9237","fb025ac7-fb7c-435d-a845-a36801d1d67f","epithelia"
"9238","fb0a3c2a-0d23-40f2-8c65-7a0b02c67742","stroma"
"9239","fb10c8e9-9ac2-4d32-be92-c77638694336","epithelia"
"9240","fb1615d7-e91c-4149-ac5b-c3a1422440cb","epithelia"
"9241","fb178b5e-896f-438e-baa8-3495eed1915a","epithelia"
"9242","fb213cc0-5e51-4c2b-a7b3-4f01ce57ee89","epithelia"
"9243","fb225c3e-f8c1-4f73-9f33-db255087ac50","myeloid"
"9244","fb2db4f5-ccca-423a-814b-0b63b5146c94","epithelia"
"9245","fb2e4177-2cbf-4fdc-ace8-10ef29242c25","epithelia"
"9246","fb31d207-e3fa-412c-b0f5-3f050944e364","epithelia"
"9247","fb33545f-99da-4111-954b-186330e1ea38","epithelia"
"9248","fb3456f3-b6d7-4a5d-92c0-0abd836242aa","epithelia"
"9249","fb364704-8df3-4716-b67a-ddc73e74b6ca","epithelia"
"9250","fb3ce154-864a-48ce-a150-0a3f8a2ed68e","epithelia"
"9251","fb450766-b3c7-4f29-907b-35ba4496005d","epithelia"
"9252","fb48bd7f-f97f-4d01-bdbd-d5035d518e26","epithelia"
"9253","fb4d9e0f-4fc8-47a3-85ef-986867eabb25","epithelia"
"9254","fb514895-c087-42c8-9100-c1c3f372233d","epithelia"
"9255","fb5daa1e-13f8-4eca-bbb4-c3594abed0e1","endothelia"
"9256","fb605e52-1947-403a-ad15-94a0f96b64bf","epithelia"
"9257","fb615737-cff0-4e48-b06d-49ec8cfeff51","epithelia"
"9258","fb68f96b-d7c9-4f8e-9380-65f1d824f40e","epithelia"
"9259","fb6f47ae-df81-4d55-b1f0-2f260a9b8703","epithelia"
"9260","fb6f7686-8f37-4b36-9fa3-16405f9e2f69","epithelia"
"9261","fb72df8d-4bab-4617-ad38-2668dc8a83f7","epithelia"
"9262","fb7611c6-fbc6-4b27-b5df-14d7e0df7e65","epithelia"
"9263","fb7aae7b-9fda-421b-87c5-f58e9c3c6168","epithelia"
"9264","fb7b10f8-e765-4254-97ad-2daf33de8d4d","Unknown"
"9265","fb834591-1a62-4987-a7e5-eb96e72a39fd","epithelia"
"9266","fb94fdf2-1e80-42b8-bed0-6dfba71499d4","stroma"
"9267","fba1c4df-7e57-4908-a003-bb35fd18ae40","epithelia"
"9268","fbaa0fcc-ea9a-45b3-b67c-a7d446d5f082","epithelia"
"9269","fbab6bb3-e64f-46bd-859c-39bc24507935","epithelia"
"9270","fbb15e82-b07b-4489-bd01-4862430ae6c9","epithelia"
"9271","fbbdbf51-e415-4782-a2ee-7ae9ec1fe24c","epithelia"
"9272","fbbf4e8e-19c7-4263-a51f-365cacd238dc","epithelia"
"9273","fbc45977-5095-4b77-83c1-608567372d44","epithelia"
"9274","fbc4c0b5-7eb3-4d82-ae9c-84c3594df057","epithelia"
"9275","fbcddd22-db21-48f5-947f-f57e5d34cb71","epithelia"
"9276","fbda22d8-fe20-4049-a974-98e40a3c9392","T_cells"
"9277","fbe06bf6-5b2e-4b0a-abd3-e0205c6bc011","epithelia"
"9278","fbe23d5d-bda9-4e56-a0ff-ed75352bd564","epithelia"
"9279","fbea300b-19e7-4997-830e-cdb6271de86f","epithelia"
"9280","fbeae15d-eff0-422f-9c39-3e4931f57017","NKcells"
"9281","fbeff64f-2dd4-455d-8256-08d2399ce7ff","CD8_T"
"9282","fc0f0524-6d89-4e87-93bc-548ae745978c","epithelia"
"9283","fc19db41-b4c3-4927-b991-b10f992fbf13","epithelia"
"9284","fc29255f-9879-4ef3-9bdf-952a23711424","stroma"
"9285","fc336a81-e3ae-4907-a315-3e7ebf39ebac","immune"
"9286","fc4208f1-4f9e-42f2-8511-62454eb147be","NKcells"
"9287","fc441334-5e48-45a7-b6fb-60c0a918f4e7","epithelia"
"9288","fc4616f6-0e05-48a7-8138-e0627d41d146","epithelia"
"9289","fc47b2cd-037a-4e23-901d-12e034e82d70","epithelia"
"9290","fc51a098-4016-4677-a708-343149f1f16e","Unknown"
"9291","fc5639f3-ae81-49e1-b8f1-ae80cefd5af6","epithelia"
"9292","fc56a73e-e8dd-420c-a084-bb5cb695e115","epithelia"
"9293","fc58665c-1c2d-4868-933c-fa350a9d2a4f","epithelia"
"9294","fc65b0da-bc16-486d-906e-f66a9f962524","epithelia"
"9295","fc6b7a8c-3e60-43f4-9e34-54d551745de0","epithelia"
"9296","fc722842-34aa-4673-ba4e-9eb17a6e75d0","epithelia"
"9297","fc72d684-b056-4301-9aec-fe5ae2bf106a","epithelia"
"9298","fc77a86c-cf16-4a52-81bb-fb58c2bf3715","epithelia"
"9299","fc78fc10-8c02-440f-8e7d-9c7ad07de9fd","epithelia"
"9300","fc8b6f8f-d9de-4beb-9a6c-349850a02d93","Treg"
"9301","fc909e1f-2d82-4f15-9117-1ae5e7eaa789","epithelia"
"9302","fca5b162-0ca7-4a42-95cb-438561e4d07e","epithelia"
"9303","fca6098c-0a23-4df1-947c-bd5ea0583124","epithelia"
"9304","fca86cf1-3320-40d0-b965-63b93b5eb600","epithelia"
"9305","fca8b078-bc47-4b5b-80df-68023e9c7822","epithelia"
"9306","fcb08023-7465-4dde-b26a-30bade80a88a","epithelia"
"9307","fcb2c6e6-c909-4bc7-994b-70aebf6df9c1","epithelia"
"9308","fcb8def3-51dd-4f45-8497-4252f39709d9","epithelia"
"9309","fcc08cd1-7085-4a05-89f0-e6a633f06d48","epithelia"
"9310","fcc869c1-613c-40a1-8c69-ba9bee682303","epithelia"
"9311","fccba845-a2ba-4ecd-b989-e3fc31bd6dfb","NKcells"
"9312","fccc4966-6a4d-4e84-9446-cec8cf410172","epithelia"
"9313","fcd29e96-d8ec-44f8-8161-735662c36a55","epithelia"
"9314","fce053eb-84fa-4368-8163-22877837279a","endothelia"
"9315","fce29c0d-62be-4d1d-b645-2da7f1ac87b3","epithelia"
"9316","fce35a67-3241-4c26-b4a2-d154cd06267d","epithelia"
"9317","fce45568-7706-4e37-be1b-09e3c7280b0a","epithelia"
"9318","fcec74aa-63ed-45cd-b584-e1b8cb6cf70b","epithelia"
"9319","fcec9818-a45a-43f6-8248-e00c5a89f0b8","epithelia"
"9320","fcf0cf64-4e5a-4d4f-a739-461681c7195d","epithelia"
"9321","fcf6bb8f-deb7-4fd3-9f0a-5c31e5e83a68","epithelia"
"9322","fcf87cd6-21ef-4dae-b225-074acf79eaaa","epithelia"
"9323","fcfbcd46-2835-4d11-a5af-40c052d74ee5","epithelia"
"9324","fcfda249-f72b-4dfa-bbc9-25afbb685bd7","epithelia"
"9325","fcfe5f29-1f06-4b8b-838f-18083b803cbc","epithelia"
"9326","fd137849-53d7-471b-ba2d-0467dad77c5e","immune"
"9327","fd1b73fc-b4e8-42df-9d3a-15f3c7a3df4c","epithelia"
"9328","fd2db7fe-2db9-432f-8274-0cd9aa8d28da","epithelia"
"9329","fd3d8ac9-ac59-4a9d-aea3-7b5a49f5d116","epithelia"
"9330","fd40cc77-bf0e-4fc5-913f-0fe2316ff3a8","epithelia"
"9331","fd4586da-8bfd-47bb-b4bf-6392a7b12130","epithelia"
"9332","fd4ea4de-c726-4ec1-9338-f61871264237","epithelia"
"9333","fd50fd98-bf37-4bb2-87f3-087ad9712d41","CD4_T"
"9334","fd52e34a-31b1-4cb4-a65a-67b1568707e8","epithelia"
"9335","fd5ab190-8fa7-4f14-afab-cbc60c0a524a","epithelia"
"9336","fd7f656e-96f7-471e-a6ef-eda44b4940be","epithelia"
"9337","fd8326b0-5daa-4b86-ac6b-a0107c608036","Unknown"
"9338","fd9156cc-595b-493e-8f7b-90a6b973e4fa","epithelia"
"9339","fd923f36-665b-4522-8e25-c5bb9b5e5c15","epithelia"
"9340","fd925967-598a-44a4-b094-768fec6b598a","epithelia"
"9341","fda06198-82c6-4555-b60a-42c4a2aaf093","epithelia"
"9342","fda72e6d-6206-42da-9f16-2d991a6c708a","epithelia"
"9343","fdaf5d9d-24bd-4cd5-8395-d12144ed926d","epithelia"
"9344","fdb0be68-a6cc-49bf-ae3d-e8471c9fd0b4","epithelia"
"9345","fdbcea1f-99c3-4822-97e8-0874c1d91773","epithelia"
"9346","fdc289f7-e561-4b7d-878b-9a72d2437b7e","epithelia"
"9347","fdc7b5ec-4134-4cec-8cc2-d5766e2855d7","epithelia"
"9348","fdcc85d8-f01f-455d-a551-de7542e8276e","epithelia"
"9349","fdccb13c-7bf6-4f94-ab09-704a83dfd350","epithelia"
"9350","fde7438a-b50b-48a7-94b1-584121ce832c","epithelia"
"9351","fdf58112-f37a-467c-bf01-ffe50c20a492","epithelia"
"9352","fdf9f486-42d2-465d-8883-94a9545af6b2","epithelia"
"9353","fe0d889f-4c35-40fe-b423-d1a477230987","epithelia"
"9354","fe173acb-1802-4636-b2c0-e48cff30c649","epithelia"
"9355","fe28f52e-3013-42c5-b589-ca29d5c4b46b","epithelia"
"9356","fe2dd99c-aa81-4b46-b1c3-774435f9fe3e","epithelia"
"9357","fe30b49d-96d6-4897-a41d-3e400e32a0ef","epithelia"
"9358","fe399473-aa4e-4329-9c45-f2ba4c027061","epithelia"
"9359","fe44c63d-7a7c-41d3-8365-0d3bc7e9ce36","epithelia"
"9360","fe4b61b4-e388-4220-ad70-8d15193e8472","epithelia"
"9361","fe527369-ae66-4b4b-8d57-5e20074ea619","epithelia"
"9362","fe59b74a-d7d0-4a46-8473-dfbe81165bd3","epithelia"
"9363","fe644753-3044-4663-a53f-fac660b2b909","epithelia"
"9364","fe676f71-3696-40d4-aa49-e657ad55856e","epithelia"
"9365","fe6dc1bc-bbca-41bb-8cf7-6ae71c47a865","epithelia"
"9366","fe6f5831-4e94-4fea-b79d-9942e662b4f8","epithelia"
"9367","fe72e3dc-443a-4377-bc7f-b66c390b3a16","Unknown"
"9368","fe788c02-d00f-4cc8-8c42-9b416b59e276","epithelia"
"9369","fe83f18c-6fd1-4b79-ba98-6de6b9f85382","epithelia"
"9370","fe937e85-cef7-4301-bb04-36993cf4c8bc","Unknown"
"9371","fe9fb9fe-cad8-408a-b253-28b176dc2449","epithelia"
"9372","feac6b2b-3ad8-4c32-b8a6-39cacf0cfcc2","epithelia"
"9373","fead1e39-1a2c-42ef-9e52-88313c79ec3b","epithelia"
"9374","feb6c919-e981-44aa-acc3-db60b0071b90","epithelia"
"9375","febac796-feb8-4384-a0b6-41c2ee14251d","epithelia"
"9376","febc4f25-e0c4-4e61-8a15-afc0458c7f0c","epithelia"
"9377","fec370d5-8be4-4319-9815-16b252be270d","epithelia"
"9378","fec58e3e-c3d0-4ab6-b083-bd6c6eac01f2","NKcells"
"9379","fed6a8f9-cf49-45ec-ab5a-58e4b3c2688b","epithelia"
"9380","fed74f6d-b537-4559-8285-0eb5ffa1f38b","epithelia"
"9381","feede221-c721-4c67-8a61-40fcfedda463","epithelia"
"9382","ff0d60ac-d48e-4ee1-9a1d-1656f8d11d2b","epithelia"
"9383","ff1665a9-8cee-4ae5-a1fe-9b093e9819f7","epithelia"
"9384","ff198cd8-b00f-4ea4-9277-13850e4b032a","epithelia"
"9385","ff1dada9-a727-4901-a55c-506664607191","CD8_T"
"9386","ff1f5a64-6ded-4a2b-beaa-2eea6a2450fc","epithelia"
"9387","ff255d20-3604-4ca9-898a-2e81039358c8","epithelia"
"9388","ff271826-46fd-41b5-a10d-2a36dac5a8d4","CD8_T"
"9389","ff325011-ab01-4045-8802-f66e40bf38e8","epithelia"
"9390","ff48e3e8-3c52-4358-a380-9621d0ba0a24","epithelia"
"9391","ff5c8342-e006-4ee2-9137-db065c3f4491","epithelia"
"9392","ff6615ba-83df-4343-9517-2953b8acdeeb","epithelia"
"9393","ff72724a-a3d7-43ad-a715-612925e44299","epithelia"
"9394","ff748da1-ecfc-4d3b-87f8-fb355cdd8901","epithelia"
"9395","ff749995-b90d-4f6a-922f-0a36297b6911","epithelia"
"9396","ff75ad07-aa06-4545-b0a1-e7f9d14b3dff","epithelia"
"9397","ff78db5d-6d4f-40b4-b0bf-d4edaf2e3c59","epithelia"
"9398","ff80e9a7-dfde-46df-b784-bad6664cc3a7","epithelia"
"9399","ff93ee24-6a56-422a-a7d7-1b8454f606cf","epithelia"
"9400","ffa20ffd-e9dc-411c-bd33-108a3bec9ea0","epithelia"
"9401","ffa7257c-e6bf-444d-bfee-47b3348af971","epithelia"
"9402","ffad4274-9957-40c5-a335-cd37278254a9","epithelia"
"9403","ffb0e18d-bf3d-4306-99fe-70faf62fda6d","immune"
"9404","ffb84ed6-11f0-4be5-bb59-bf67c4f43620","epithelia"
"9405","ffbabb74-c4ed-4b80-bad7-ad0e46facc95","epithelia"
"9406","ffc35d95-318b-4e26-b295-2000447f0be5","epithelia"
"9407","ffc529a6-da66-4ce7-85fc-3922f64ca0f6","epithelia"
"9408","ffcc127a-0d87-4026-8397-43ffee07b82d","endothelia"
"9409","ffcfcc0b-e13e-415f-9f75-4c5d02ed58bb","endothelia"
"9410","ffdca25e-fbe4-4203-94c0-e238ffa5208c","epithelia"
"9411","ffde5c25-0078-452a-b17d-78045c0cb3fe","endothelia"
"9412","ffe2b354-05f6-43ae-9b26-130e4897b21b","epithelia"
"9413","ffefe4c6-790d-41db-9cf3-2f0aa148593d","epithelia"
"9414","fff1b5f5-47ae-405b-9df9-bd9f5501b763","epithelia"
"9415","fffd3593-1cc5-475a-bd4a-ff5d808281fc","epithelia"
